DATE,BXM
03/22/2002,584.300000
03/25/2002,578.480000
03/26/2002,581.430000
03/27/2002,583.950000
03/28/2002,585.550000
04/01/2002,585.140000
04/02/2002,581.450000
04/03/2002,576.800000
04/04/2002,577.420000
04/05/2002,576.160000
04/08/2002,577.550000
04/09/2002,574.070000
04/10/2002,580.430000
04/11/2002,566.950000
04/12/2002,570.760000
04/15/2002,566.560000
04/16/2002,579.690000
04/17/2002,578.580000
04/18/2002,577.870000
04/19/2002,578.150000
04/22/2002,572.770000
04/23/2002,570.640000
04/24/2002,567.890000
04/25/2002,567.500000
04/26/2002,560.930000
04/29/2002,555.980000
04/30/2002,561.910000
05/01/2002,566.690000
05/02/2002,566.120000
05/03/2002,560.970000
05/06/2002,550.650000
05/07/2002,548.940000
05/08/2002,568.740000
05/09/2002,561.360000
05/10/2002,552.160000
05/13/2002,562.440000
05/14/2002,574.010000
05/15/2002,571.080000
05/16/2002,575.110000
05/17/2002,577.350000
05/20/2002,573.600000
05/21/2002,569.650000
05/22/2002,572.330000
05/23/2002,576.480000
05/24/2002,572.420000
05/28/2002,569.370000
05/29/2002,566.920000
05/30/2002,566.180000
05/31/2002,567.630000
06/03/2002,555.420000
06/04/2002,555.390000
06/05/2002,560.380000
06/06/2002,549.920000
06/07/2002,549.240000
06/10/2002,550.960000
06/11/2002,541.950000
06/12/2002,545.650000
06/13/2002,539.990000
06/14/2002,538.780000
06/17/2002,554.270000
06/18/2002,554.800000
06/19/2002,545.700000
06/20/2002,538.380000
06/21/2002,532.060000
06/24/2002,533.980000
06/25/2002,528.750000
06/26/2002,528.520000
06/27/2002,534.940000
06/28/2002,535.600000
07/01/2002,528.110000
07/02/2002,518.900000
07/03/2002,521.800000
07/05/2002,537.580000
07/08/2002,533.210000
07/09/2002,522.480000
07/10/2002,505.470000
07/11/2002,509.250000
07/12/2002,506.280000
07/15/2002,504.320000
07/16/2002,495.080000
07/17/2002,498.070000
07/18/2002,484.630000
07/19/2002,469.680000
07/22/2002,457.940000
07/23/2002,447.950000
07/24/2002,468.670000
07/25/2002,467.480000
07/26/2002,473.970000
07/29/2002,488.510000
07/30/2002,488.590000
07/31/2002,490.950000
08/01/2002,485.100000
08/02/2002,478.340000
08/05/2002,467.900000
08/06/2002,478.320000
08/07/2002,485.380000
08/08/2002,491.740000
08/09/2002,493.140000
08/12/2002,493.600000
08/13/2002,492.450000
08/14/2002,496.290000
08/15/2002,496.700000
08/16/2002,497.420000
08/19/2002,502.510000
08/20/2002,499.290000
08/21/2002,502.890000
08/22/2002,504.930000
08/23/2002,501.260000
08/26/2002,503.440000
08/27/2002,501.190000
08/28/2002,496.060000
08/29/2002,496.400000
08/30/2002,496.700000
09/03/2002,482.020000
09/04/2002,489.460000
09/05/2002,483.750000
09/06/2002,491.130000
09/09/2002,495.430000
09/10/2002,498.330000
09/11/2002,498.950000
09/12/2002,490.080000
09/13/2002,492.360000
09/16/2002,493.540000
09/17/2002,484.430000
09/18/2002,482.410000
09/19/2002,467.930000
09/20/2002,469.060000
09/23/2002,466.310000
09/24/2002,461.870000
09/25/2002,469.830000
09/26/2002,475.180000
09/27/2002,467.290000
09/30/2002,463.110000
10/01/2002,475.370000
10/02/2002,468.370000
10/03/2002,465.350000
10/04/2002,457.620000
10/07/2002,450.280000
10/08/2002,457.610000
10/09/2002,446.500000
10/10/2002,461.340000
10/11/2002,476.130000
10/14/2002,479.540000
10/15/2002,488.540000
10/16/2002,485.590000
10/17/2002,490.020000
10/18/2002,494.920000
10/21/2002,499.500000
10/22/2002,496.880000
10/23/2002,499.600000
10/24/2002,495.510000
10/25/2002,502.310000
10/28/2002,500.280000
10/29/2002,497.880000
10/30/2002,501.320000
10/31/2002,500.880000
11/01/2002,506.150000
11/04/2002,508.450000
11/05/2002,509.950000
11/06/2002,511.800000
11/07/2002,508.950000
11/08/2002,507.860000
11/11/2002,501.220000
11/12/2002,505.500000
11/13/2002,506.180000
11/14/2002,515.980000
11/15/2002,519.930000
11/18/2002,517.860000
11/19/2002,517.350000
11/20/2002,522.700000
11/21/2002,526.830000
11/22/2002,526.740000
11/25/2002,527.840000
11/26/2002,523.990000
11/27/2002,527.870000
11/29/2002,528.260000
12/02/2002,528.890000
12/03/2002,526.420000
12/04/2002,525.450000
12/05/2002,523.270000
12/06/2002,525.950000
12/09/2002,520.720000
12/10/2002,525.930000
12/11/2002,526.540000
12/12/2002,527.160000
12/13/2002,523.530000
12/16/2002,530.980000
12/17/2002,529.910000
12/18/2002,527.000000
12/19/2002,519.750000
12/20/2002,531.520000
12/23/2002,532.980000
12/24/2002,531.430000
12/26/2002,531.300000
12/27/2002,525.720000
12/30/2002,528.310000
12/31/2002,529.180000
01/02/2003,540.190000
01/03/2003,540.780000
01/06/2003,544.250000
01/07/2003,543.830000
01/08/2003,542.520000
01/09/2003,545.640000
01/10/2003,546.100000
01/13/2003,546.200000
01/14/2003,547.170000
01/15/2003,546.840000
01/16/2003,547.110000
01/17/2003,544.810000
01/21/2003,540.480000
01/22/2003,536.990000
01/23/2003,541.010000
01/24/2003,529.600000
01/27/2003,522.400000
01/28/2003,529.050000
01/29/2003,532.180000
01/30/2003,523.190000
01/31/2003,529.090000
02/03/2003,531.970000
02/04/2003,525.520000
02/05/2003,523.350000
02/06/2003,520.660000
02/07/2003,516.080000
02/10/2003,520.130000
02/11/2003,516.240000
02/12/2003,510.630000
02/13/2003,509.380000
02/14/2003,520.370000
02/18/2003,530.580000
02/19/2003,526.940000
02/20/2003,522.020000
02/21/2003,524.810000
02/24/2003,520.580000
02/25/2003,522.860000
02/26/2003,519.600000
02/27/2003,524.090000
02/28/2003,525.850000
03/03/2003,524.610000
03/04/2003,519.690000
03/05/2003,523.760000
03/06/2003,520.850000
03/07/2003,524.070000
03/10/2003,506.470000
03/11/2003,503.320000
03/12/2003,505.520000
03/13/2003,518.840000
03/14/2003,520.350000
03/17/2003,527.810000
03/18/2003,529.530000
03/19/2003,530.840000
03/20/2003,531.280000
03/21/2003,531.600000
03/24/2003,521.690000
03/25/2003,526.700000
03/26/2003,525.560000
03/27/2003,525.350000
03/28/2003,523.740000
03/31/2003,517.200000
04/01/2003,522.640000
04/02/2003,531.650000
04/03/2003,530.650000
04/04/2003,531.020000
04/07/2003,533.050000
04/08/2003,533.800000
04/09/2003,529.070000
04/10/2003,532.530000
04/11/2003,531.950000
04/14/2003,540.350000
04/15/2003,543.330000
04/16/2003,540.330000
04/17/2003,545.750000
04/21/2003,545.670000
04/22/2003,550.460000
04/23/2003,552.260000
04/24/2003,551.390000
04/25/2003,549.070000
04/28/2003,552.420000
04/29/2003,553.390000
04/30/2003,554.320000
05/01/2003,553.770000
05/02/2003,555.640000
05/05/2003,555.830000
05/06/2003,556.230000
05/07/2003,556.400000
05/08/2003,556.130000
05/09/2003,557.230000
05/12/2003,557.430000
05/13/2003,557.570000
05/14/2003,557.910000
05/15/2003,557.790000
05/16/2003,557.480000
05/19/2003,548.890000
05/20/2003,548.330000
05/21/2003,550.090000
05/22/2003,554.100000
05/23/2003,555.340000
05/27/2003,560.800000
05/28/2003,561.360000
05/29/2003,560.870000
05/30/2003,563.760000
06/02/2003,564.810000
06/03/2003,565.450000
06/04/2003,567.540000
06/05/2003,568.000000
06/06/2003,568.230000
06/09/2003,567.500000
06/10/2003,568.660000
06/11/2003,569.430000
06/12/2003,569.350000
06/13/2003,569.600000
06/16/2003,570.130000
06/17/2003,570.390000
06/18/2003,570.440000
06/19/2003,570.510000
06/20/2003,567.790000
06/23/2003,562.600000
06/24/2003,563.120000
06/25/2003,559.950000
06/26/2003,565.260000
06/27/2003,561.810000
06/30/2003,561.310000
07/01/2003,565.230000
07/02/2003,569.730000
07/03/2003,566.720000
07/07/2003,574.110000
07/08/2003,575.720000
07/09/2003,574.610000
07/10/2003,569.950000
07/11/2003,574.600000
07/14/2003,577.050000
07/15/2003,576.510000
07/16/2003,574.560000
07/17/2003,568.450000
07/18/2003,573.250000
07/21/2003,569.000000
07/22/2003,572.300000
07/23/2003,573.190000
07/24/2003,570.980000
07/25/2003,576.450000
07/28/2003,576.000000
07/29/2003,574.530000
07/30/2003,574.270000
07/31/2003,575.150000
08/01/2003,571.560000
08/04/2003,573.320000
08/05/2003,566.330000
08/06/2003,568.000000
08/07/2003,571.850000
08/08/2003,573.930000
08/11/2003,575.720000
08/12/2003,579.950000
08/13/2003,578.860000
08/14/2003,582.480000
08/15/2003,584.290000
08/18/2003,587.330000
08/19/2003,588.080000
08/20/2003,587.960000
08/21/2003,588.690000
08/22/2003,586.140000
08/25/2003,586.710000
08/26/2003,587.690000
08/27/2003,588.340000
08/28/2003,590.330000
08/29/2003,591.630000
09/02/2003,594.110000
09/03/2003,594.930000
09/04/2003,595.700000
09/05/2003,596.010000
09/08/2003,596.760000
09/09/2003,596.000000
09/10/2003,594.890000
09/11/2003,596.270000
09/12/2003,596.920000
09/15/2003,597.040000
09/16/2003,598.250000
09/17/2003,598.150000
09/18/2003,597.890000
09/19/2003,595.470000
09/22/2003,590.960000
09/23/2003,593.330000
09/24/2003,585.640000
09/25/2003,582.940000
09/26/2003,580.380000
09/29/2003,585.700000
09/30/2003,580.580000
10/01/2003,591.220000
10/02/2003,592.180000
10/03/2003,596.370000
10/06/2003,598.710000
10/07/2003,600.290000
10/08/2003,599.100000
10/09/2003,601.240000
10/10/2003,601.510000
10/13/2003,603.930000
10/14/2003,605.060000
10/15/2003,605.640000
10/16/2003,606.300000
10/17/2003,600.010000
10/20/2003,602.690000
10/21/2003,603.480000
10/22/2003,598.100000
10/23/2003,599.820000
10/24/2003,598.200000
10/27/2003,599.620000
10/28/2003,605.120000
10/29/2003,605.860000
10/30/2003,605.950000
10/31/2003,607.460000
11/03/2003,609.230000
11/04/2003,608.230000
11/05/2003,607.880000
11/06/2003,609.720000
11/07/2003,609.010000
11/10/2003,608.320000
11/11/2003,608.620000
11/12/2003,612.000000
11/13/2003,612.180000
11/14/2003,608.110000
11/17/2003,609.810000
11/18/2003,606.010000
11/19/2003,611.060000
11/20/2003,607.760000
11/21/2003,608.090000
11/24/2003,613.570000
11/25/2003,613.880000
11/26/2003,615.460000
11/28/2003,614.810000
12/01/2003,617.030000
12/02/2003,616.920000
12/03/2003,616.570000
12/04/2003,617.200000
12/05/2003,616.480000
12/08/2003,618.520000
12/09/2003,617.700000
12/10/2003,617.980000
12/11/2003,618.570000
12/12/2003,619.070000
12/15/2003,618.970000
12/16/2003,619.390000
12/17/2003,619.730000
12/18/2003,619.770000
12/19/2003,617.830000
12/22/2003,619.200000
12/23/2003,620.660000
12/24/2003,619.840000
12/26/2003,620.360000
12/29/2003,624.290000
12/30/2003,624.170000
12/31/2003,625.380000
01/02/2004,624.310000
01/05/2004,627.330000
01/06/2004,627.790000
01/07/2004,628.390000
01/08/2004,629.560000
01/09/2004,627.920000
01/12/2004,628.670000
01/13/2004,628.690000
01/14/2004,629.630000
01/15/2004,629.370000
01/16/2004,628.270000
01/20/2004,628.300000
01/21/2004,631.100000
01/22/2004,630.170000
01/23/2004,630.160000
01/26/2004,633.220000
01/27/2004,631.050000
01/28/2004,625.980000
01/29/2004,628.430000
01/30/2004,628.130000
02/02/2004,629.590000
02/03/2004,630.050000
02/04/2004,627.200000
02/05/2004,628.240000
02/06/2004,633.280000
02/09/2004,633.430000
02/10/2004,635.060000
02/11/2004,636.810000
02/12/2004,636.370000
02/13/2004,635.630000
02/17/2004,637.680000
02/18/2004,637.730000
02/19/2004,637.760000
02/20/2004,633.570000
02/23/2004,633.460000
02/24/2004,633.210000
02/25/2004,635.170000
02/26/2004,635.970000
02/27/2004,636.500000
03/01/2004,639.410000
03/02/2004,638.000000
03/03/2004,638.780000
03/04/2004,639.750000
03/05/2004,640.310000
03/08/2004,638.860000
03/09/2004,636.720000
03/10/2004,629.930000
03/11/2004,621.560000
03/12/2004,629.840000
03/15/2004,621.230000
03/16/2004,624.840000
03/17/2004,632.380000
03/18/2004,631.620000
03/19/2004,625.460000
03/22/2004,621.010000
03/23/2004,621.070000
03/24/2004,620.400000
03/25/2004,628.920000
03/26/2004,628.750000
03/29/2004,634.250000
03/30/2004,635.800000
03/31/2004,635.580000
04/01/2004,637.020000
04/02/2004,639.990000
04/05/2004,641.610000
04/06/2004,641.660000
04/07/2004,640.170000
04/08/2004,640.750000
04/12/2004,642.010000
04/13/2004,639.870000
04/14/2004,641.370000
04/15/2004,642.580000
04/16/2004,642.430000
04/19/2004,643.560000
04/20/2004,637.040000
04/21/2004,639.800000
04/22/2004,645.310000
04/23/2004,646.320000
04/26/2004,644.900000
04/27/2004,645.460000
04/28/2004,640.210000
04/29/2004,636.810000
04/30/2004,634.000000
05/03/2004,639.210000
05/04/2004,640.250000
05/05/2004,641.590000
05/06/2004,638.010000
05/07/2004,630.600000
05/10/2004,624.430000
05/11/2004,629.360000
05/12/2004,630.570000
05/13/2004,630.270000
05/14/2004,629.950000
05/17/2004,623.440000
05/18/2004,627.800000
05/19/2004,626.280000
05/20/2004,626.600000
05/21/2004,629.630000
05/24/2004,631.310000
05/25/2004,636.510000
05/26/2004,637.070000
05/27/2004,638.900000
05/28/2004,638.810000
06/01/2004,639.170000
06/02/2004,639.820000
06/03/2004,638.920000
06/04/2004,640.210000
06/07/2004,642.500000
06/08/2004,642.690000
06/09/2004,642.430000
06/10/2004,642.910000
06/14/2004,642.670000
06/15/2004,642.710000
06/16/2004,643.460000
06/17/2004,644.010000
06/18/2004,647.390000
06/21/2004,646.300000
06/22/2004,648.050000
06/23/2004,651.050000
06/24/2004,650.030000
06/25/2004,647.300000
06/28/2004,648.120000
06/29/2004,649.450000
06/30/2004,651.890000
07/01/2004,648.120000
07/02/2004,647.130000
07/06/2004,643.250000
07/07/2004,644.840000
07/08/2004,640.130000
07/09/2004,642.360000
07/12/2004,643.400000
07/13/2004,643.870000
07/14/2004,641.860000
07/15/2004,639.190000
07/16/2004,637.570000
07/19/2004,637.960000
07/20/2004,641.110000
07/21/2004,635.340000
07/22/2004,637.320000
07/23/2004,633.080000
07/26/2004,632.330000
07/27/2004,637.260000
07/28/2004,637.780000
07/29/2004,640.200000
07/30/2004,641.080000
08/02/2004,643.220000
08/03/2004,640.890000
08/04/2004,640.760000
08/05/2004,632.480000
08/06/2004,623.740000
08/09/2004,624.650000
08/10/2004,632.680000
08/11/2004,631.160000
08/12/2004,623.950000
08/13/2004,624.960000
08/16/2004,633.560000
08/17/2004,635.020000
08/18/2004,642.880000
08/19/2004,640.850000
08/20/2004,643.650000
08/23/2004,643.490000
08/24/2004,644.520000
08/25/2004,646.950000
08/26/2004,646.880000
08/27/2004,647.720000
08/30/2004,643.600000
08/31/2004,647.430000
09/01/2004,648.630000
09/02/2004,650.660000
09/03/2004,650.440000
09/07/2004,651.880000
09/08/2004,651.800000
09/09/2004,652.530000
09/10/2004,653.040000
09/13/2004,652.990000
09/14/2004,653.060000
09/15/2004,653.010000
09/16/2004,654.090000
09/17/2004,654.810000
09/20/2004,652.960000
09/21/2004,655.640000
09/22/2004,650.230000
09/23/2004,648.310000
09/24/2004,649.480000
09/27/2004,646.680000
09/28/2004,650.350000
09/29/2004,652.900000
09/30/2004,652.690000
10/01/2004,658.810000
10/04/2004,659.810000
10/05/2004,659.760000
10/06/2004,661.840000
10/07/2004,659.350000
10/08/2004,657.450000
10/11/2004,659.100000
10/12/2004,658.380000
10/13/2004,654.530000
10/14/2004,648.590000
10/15/2004,637.180000
10/18/2004,653.530000
10/19/2004,650.340000
10/20/2004,650.880000
10/21/2004,652.280000
10/22/2004,648.490000
10/25/2004,647.990000
10/26/2004,653.720000
10/27/2004,657.120000
10/28/2004,658.130000
10/29/2004,658.650000
11/01/2004,658.540000
11/02/2004,658.760000
11/03/2004,661.810000
11/04/2004,663.020000
11/05/2004,662.910000
11/08/2004,662.990000
11/09/2004,663.080000
11/10/2004,663.170000
11/11/2004,663.330000
11/12/2004,664.050000
11/15/2004,663.910000
11/16/2004,664.160000
11/17/2004,664.520000
11/18/2004,664.120000
11/19/2004,657.230000
11/22/2004,659.940000
11/23/2004,660.190000
11/24/2004,661.550000
11/26/2004,662.360000
11/29/2004,661.800000
11/30/2004,660.360000
12/01/2004,664.720000
12/02/2004,664.680000
12/03/2004,665.300000
12/06/2004,665.620000
12/07/2004,662.920000
12/08/2004,665.000000
12/09/2004,666.270000
12/10/2004,666.820000
12/13/2004,667.840000
12/14/2004,667.670000
12/15/2004,668.350000
12/16/2004,668.690000
12/17/2004,670.210000
12/20/2004,671.460000
12/21/2004,674.930000
12/22/2004,675.680000
12/23/2004,676.230000
12/27/2004,675.140000
12/28/2004,677.660000
12/29/2004,677.410000
12/30/2004,677.620000
12/31/2004,677.260000
01/03/2005,675.360000
01/04/2005,671.290000
01/05/2005,670.070000
01/06/2005,672.270000
01/07/2005,671.990000
01/10/2005,674.140000
01/11/2005,671.390000
01/12/2005,673.950000
01/13/2005,669.430000
01/14/2005,673.330000
01/18/2005,678.820000
01/19/2005,673.980000
01/20/2005,668.920000
01/21/2005,666.610000
01/24/2005,665.450000
01/25/2005,667.790000
01/26/2005,670.350000
01/27/2005,671.120000
01/28/2005,670.020000
01/31/2005,673.890000
02/01/2005,676.280000
02/02/2005,676.930000
02/03/2005,676.850000
02/04/2005,679.070000
02/07/2005,678.970000
02/08/2005,679.360000
02/09/2005,678.970000
02/10/2005,679.250000
02/11/2005,679.740000
02/14/2005,680.240000
02/15/2005,680.520000
02/16/2005,680.960000
02/17/2005,680.660000
02/18/2005,680.280000
02/22/2005,673.510000
02/23/2005,676.750000
02/24/2005,680.860000
02/25/2005,683.610000
02/28/2005,681.950000
03/01/2005,683.740000
03/02/2005,683.760000
03/03/2005,684.160000
03/04/2005,686.740000
03/07/2005,687.360000
03/08/2005,687.220000
03/09/2005,684.820000
03/10/2005,686.300000
03/11/2005,683.760000
03/14/2005,686.700000
03/15/2005,683.900000
03/16/2005,679.700000
03/17/2005,681.030000
03/18/2005,680.370000
03/21/2005,678.710000
03/22/2005,674.690000
03/23/2005,675.670000
03/24/2005,675.290000
03/28/2005,676.980000
03/29/2005,673.190000
03/30/2005,680.430000
03/31/2005,679.930000
04/01/2005,677.250000
04/04/2005,679.040000
04/05/2005,681.840000
04/06/2005,683.170000
04/07/2005,685.890000
04/08/2005,682.910000
04/11/2005,683.490000
04/12/2005,686.730000
04/13/2005,680.480000
04/14/2005,673.860000
04/15/2005,664.290000
04/18/2005,666.440000
04/19/2005,669.960000
04/20/2005,663.100000
04/21/2005,673.600000
04/22/2005,670.180000
04/25/2005,674.830000
04/26/2005,670.900000
04/27/2005,673.100000
04/28/2005,667.220000
04/29/2005,673.750000
05/02/2005,675.980000
05/03/2005,675.840000
05/04/2005,681.240000
05/05/2005,680.490000
05/06/2005,680.750000
05/09/2005,683.160000
05/10/2005,679.530000
05/11/2005,682.140000
05/12/2005,677.810000
05/13/2005,676.210000
05/16/2005,681.830000
05/17/2005,685.040000
05/18/2005,686.820000
05/19/2005,687.540000
05/20/2005,684.890000
05/23/2005,686.840000
05/24/2005,687.230000
05/25/2005,686.500000
05/26/2005,688.480000
05/27/2005,689.240000
05/31/2005,687.390000
06/01/2005,690.540000
06/02/2005,691.400000
06/03/2005,689.850000
06/06/2005,690.750000
06/07/2005,690.530000
06/08/2005,690.420000
06/09/2005,692.200000
06/10/2005,692.960000
06/13/2005,693.350000
06/14/2005,693.470000
06/15/2005,694.540000
06/16/2005,694.910000
06/17/2005,690.790000
06/20/2005,690.870000
06/21/2005,690.600000
06/22/2005,690.770000
06/23/2005,685.900000
06/24/2005,682.020000
06/27/2005,681.740000
06/28/2005,687.420000
06/29/2005,686.880000
06/30/2005,682.810000
07/01/2005,684.680000
07/05/2005,690.070000
07/06/2005,685.130000
07/07/2005,686.870000
07/08/2005,693.820000
07/11/2005,696.900000
07/12/2005,697.920000
07/13/2005,699.110000
07/14/2005,699.830000
07/15/2005,700.090000
07/18/2005,698.330000
07/19/2005,701.030000
07/20/2005,702.950000
07/21/2005,700.750000
07/22/2005,702.680000
07/25/2005,701.720000
07/26/2005,702.320000
07/27/2005,704.310000
07/28/2005,705.370000
07/29/2005,703.280000
08/01/2005,704.310000
08/02/2005,712.740000
08/03/2005,706.130000
08/04/2005,704.940000
08/05/2005,703.030000
08/08/2005,702.650000
08/09/2005,705.370000
08/10/2005,705.240000
08/11/2005,707.430000
08/12/2005,706.530000
08/15/2005,707.770000
08/16/2005,704.230000
08/17/2005,705.550000
08/18/2005,705.650000
08/19/2005,707.120000
08/22/2005,708.600000
08/23/2005,707.470000
08/24/2005,704.790000
08/25/2005,706.340000
08/26/2005,703.760000
08/29/2005,707.240000
08/30/2005,705.990000
08/31/2005,710.870000
09/01/2005,711.140000
09/02/2005,710.210000
09/06/2005,715.060000
09/07/2005,716.570000
09/08/2005,715.830000
09/09/2005,717.600000
09/12/2005,718.030000
09/13/2005,717.310000
09/14/2005,717.360000
09/15/2005,718.170000
09/16/2005,720.400000
09/19/2005,718.690000
09/20/2005,715.580000
09/21/2005,711.260000
09/22/2005,713.380000
09/23/2005,714.100000
09/26/2005,714.830000
09/27/2005,715.120000
09/28/2005,715.770000
09/29/2005,719.990000
09/30/2005,720.960000
10/03/2005,720.280000
10/04/2005,715.580000
10/05/2005,706.750000
10/06/2005,704.080000
10/07/2005,706.760000
10/10/2005,701.960000
10/11/2005,700.610000
10/12/2005,696.530000
10/13/2005,696.050000
10/14/2005,701.820000
10/17/2005,703.940000
10/18/2005,696.890000
10/19/2005,707.360000
10/20/2005,696.790000
10/21/2005,697.390000
10/24/2005,703.290000
10/25/2005,702.670000
10/26/2005,701.740000
10/27/2005,698.070000
10/28/2005,704.510000
10/31/2005,706.250000
11/01/2005,704.900000
11/02/2005,707.310000
11/03/2005,707.760000
11/04/2005,708.300000
11/07/2005,708.670000
11/08/2005,708.950000
11/09/2005,709.380000
11/10/2005,709.460000
11/11/2005,709.860000
11/14/2005,709.570000
11/15/2005,709.860000
11/16/2005,709.950000
11/17/2005,710.620000
11/18/2005,705.330000
11/21/2005,707.040000
11/22/2005,708.580000
11/23/2005,708.640000
11/25/2005,709.560000
11/28/2005,707.630000
11/29/2005,708.340000
11/30/2005,707.280000
12/01/2005,709.890000
12/02/2005,710.580000
12/05/2005,710.330000
12/06/2005,711.150000
12/07/2005,710.360000
12/08/2005,710.350000
12/09/2005,711.410000
12/12/2005,712.040000
12/13/2005,712.840000
12/14/2005,713.060000
12/15/2005,713.370000
12/16/2005,710.390000
12/19/2005,708.380000
12/20/2005,708.630000
12/21/2005,709.990000
12/22/2005,712.440000
12/23/2005,712.820000
12/27/2005,708.590000
12/28/2005,709.800000
12/29/2005,708.580000
12/30/2005,706.040000
01/03/2006,714.520000
01/04/2006,715.920000
01/05/2006,716.330000
01/06/2006,719.660000
01/09/2006,720.280000
01/10/2006,720.880000
01/11/2006,721.610000
01/12/2006,720.840000
01/13/2006,721.700000
01/17/2006,721.310000
01/18/2006,721.190000
01/19/2006,723.070000
01/20/2006,711.840000
01/23/2006,713.600000
01/24/2006,715.170000
01/25/2006,714.860000
01/26/2006,718.380000
01/27/2006,721.320000
01/30/2006,721.820000
01/31/2006,720.520000
02/01/2006,721.970000
02/02/2006,718.480000
02/03/2006,716.710000
02/06/2006,717.680000
02/07/2006,713.070000
02/08/2006,718.910000
02/09/2006,718.280000
02/10/2006,720.120000
02/13/2006,718.490000
02/14/2006,724.410000
02/15/2006,726.850000
02/16/2006,728.810000
02/17/2006,727.870000
02/21/2006,727.070000
02/22/2006,730.190000
02/23/2006,728.910000
02/24/2006,729.980000
02/27/2006,731.670000
02/28/2006,727.870000
03/01/2006,731.660000
03/02/2006,731.130000
03/03/2006,730.970000
03/06/2006,728.010000
03/07/2006,727.460000
03/08/2006,729.320000
03/09/2006,726.590000
03/10/2006,731.080000
03/13/2006,732.930000
03/14/2006,736.680000
03/15/2006,737.550000
03/16/2006,738.030000
03/17/2006,736.720000
03/20/2006,736.200000
03/21/2006,734.640000
03/22/2006,737.260000
03/23/2006,736.680000
03/24/2006,737.270000
03/27/2006,736.930000
03/28/2006,734.290000
03/29/2006,738.280000
03/30/2006,737.330000
03/31/2006,735.490000
04/03/2006,737.230000
04/04/2006,740.370000
04/05/2006,742.060000
04/06/2006,741.570000
04/07/2006,737.180000
04/10/2006,738.210000
04/11/2006,734.060000
04/12/2006,735.180000
04/13/2006,736.040000
04/17/2006,734.230000
04/18/2006,744.790000
04/19/2006,746.280000
04/20/2006,747.640000
04/21/2006,744.390000
04/24/2006,743.760000
04/25/2006,741.940000
04/26/2006,743.840000
04/27/2006,745.230000
04/28/2006,745.760000
05/01/2006,744.170000
05/02/2006,747.220000
05/03/2006,745.830000
05/04/2006,747.520000
05/05/2006,747.600000
05/08/2006,750.990000
05/09/2006,751.650000
05/10/2006,751.670000
05/11/2006,748.320000
05/12/2006,740.810000
05/15/2006,743.050000
05/16/2006,742.060000
05/17/2006,729.930000
05/18/2006,725.140000
05/19/2006,726.700000
05/22/2006,725.730000
05/23/2006,724.640000
05/24/2006,725.890000
05/25/2006,732.700000
05/26/2006,732.720000
05/30/2006,726.320000
05/31/2006,730.720000
06/01/2006,735.030000
06/02/2006,735.880000
06/05/2006,730.550000
06/06/2006,730.850000
06/07/2006,729.330000
06/08/2006,730.500000
06/09/2006,729.020000
06/12/2006,721.740000
06/13/2006,715.220000
06/14/2006,719.210000
06/15/2006,734.120000
06/16/2006,731.850000
06/19/2006,728.960000
06/20/2006,729.830000
06/21/2006,733.930000
06/22/2006,732.430000
06/23/2006,731.780000
06/26/2006,734.860000
06/27/2006,730.740000
06/28/2006,733.570000
06/29/2006,741.320000
06/30/2006,740.510000
07/03/2006,742.710000
07/05/2006,741.710000
07/06/2006,742.660000
07/07/2006,741.670000
07/10/2006,742.640000
07/11/2006,743.750000
07/12/2006,741.410000
07/13/2006,736.040000
07/14/2006,735.510000
07/17/2006,735.590000
07/18/2006,736.870000
07/19/2006,745.490000
07/20/2006,744.910000
07/21/2006,740.540000
07/24/2006,748.170000
07/25/2006,749.640000
07/26/2006,750.020000
07/27/2006,749.350000
07/28/2006,752.620000
07/31/2006,752.510000
08/01/2006,751.820000
08/02/2006,753.830000
08/03/2006,754.140000
08/04/2006,754.170000
08/07/2006,754.120000
08/08/2006,754.060000
08/09/2006,754.310000
08/10/2006,755.640000
08/11/2006,755.760000
08/14/2006,756.170000
08/15/2006,757.920000
08/16/2006,758.550000
08/17/2006,758.130000
08/18/2006,758.140000
08/21/2006,756.680000
08/22/2006,757.510000
08/23/2006,756.470000
08/24/2006,757.680000
08/25/2006,757.430000
08/28/2006,759.990000
08/29/2006,760.790000
08/30/2006,761.660000
08/31/2006,761.580000
09/01/2006,763.530000
09/05/2006,764.150000
09/06/2006,761.860000
09/07/2006,760.750000
09/08/2006,763.140000
09/11/2006,763.990000
09/12/2006,766.850000
09/13/2006,767.380000
09/14/2006,767.720000
09/15/2006,766.430000
09/18/2006,767.270000
09/19/2006,766.650000
09/20/2006,769.030000
09/21/2006,766.820000
09/22/2006,765.910000
09/25/2006,769.930000
09/26/2006,772.610000
09/27/2006,772.380000
09/28/2006,773.610000
09/29/2006,772.940000
10/02/2006,772.530000
10/03/2006,773.200000
10/04/2006,776.440000
10/05/2006,776.600000
10/06/2006,776.580000
10/09/2006,777.330000
10/10/2006,777.660000
10/11/2006,778.200000
10/12/2006,778.880000
10/13/2006,779.410000
10/16/2006,779.090000
10/17/2006,779.050000
10/18/2006,780.070000
10/19/2006,780.120000
10/20/2006,778.380000
10/23/2006,779.930000
10/24/2006,780.220000
10/25/2006,781.460000
10/26/2006,782.710000
10/27/2006,780.550000
10/30/2006,781.500000
10/31/2006,782.200000
11/01/2006,779.980000
11/02/2006,780.990000
11/03/2006,780.450000
11/06/2006,784.120000
11/07/2006,784.580000
11/08/2006,785.520000
11/09/2006,784.770000
11/10/2006,785.850000
11/13/2006,786.630000
11/14/2006,786.900000
11/15/2006,787.340000
11/16/2006,787.700000
11/17/2006,790.490000
11/20/2006,790.960000
11/21/2006,792.150000
11/22/2006,793.060000
11/24/2006,791.920000
11/27/2006,785.720000
11/28/2006,788.300000
11/29/2006,792.940000
11/30/2006,793.480000
12/01/2006,792.490000
12/04/2006,795.850000
12/05/2006,796.840000
12/06/2006,796.840000
12/07/2006,796.080000
12/08/2006,797.580000
12/11/2006,798.400000
12/12/2006,798.750000
12/13/2006,799.460000
12/14/2006,800.430000
12/15/2006,799.790000
12/18/2006,798.890000
12/19/2006,800.410000
12/20/2006,800.140000
12/21/2006,798.610000
12/22/2006,795.720000
12/26/2006,798.780000
12/27/2006,802.570000
12/28/2006,802.490000
12/29/2006,800.160000
01/03/2007,800.200000
01/04/2007,801.360000
01/05/2007,797.550000
01/08/2007,799.640000
01/09/2007,799.470000
01/10/2007,801.230000
01/11/2007,805.640000
01/12/2007,808.770000
01/16/2007,809.580000
01/17/2007,809.610000
01/18/2007,808.580000
01/19/2007,811.170000
01/22/2007,809.100000
01/23/2007,810.950000
01/24/2007,814.710000
01/25/2007,809.610000
01/26/2007,809.430000
01/29/2007,809.370000
01/30/2007,812.650000
01/31/2007,815.390000
02/01/2007,817.310000
02/02/2007,818.320000
02/05/2007,818.170000
02/06/2007,818.930000
02/07/2007,819.910000
02/08/2007,819.860000
02/09/2007,818.090000
02/12/2007,817.560000
02/13/2007,820.850000
02/14/2007,822.050000
02/15/2007,822.260000
02/16/2007,824.150000
02/20/2007,825.410000
02/21/2007,825.490000
02/22/2007,825.450000
02/23/2007,824.230000
02/26/2007,823.830000
02/27/2007,799.850000
02/28/2007,805.100000
03/01/2007,803.450000
03/02/2007,794.480000
03/05/2007,787.180000
03/06/2007,799.470000
03/07/2007,797.780000
03/08/2007,803.500000
03/09/2007,804.050000
03/12/2007,806.270000
03/13/2007,790.080000
03/14/2007,795.450000
03/15/2007,798.420000
03/16/2007,795.900000
03/19/2007,801.130000
03/20/2007,803.840000
03/21/2007,807.940000
03/22/2007,807.070000
03/23/2007,807.230000
03/26/2007,808.160000
03/27/2007,807.240000
03/28/2007,805.560000
03/29/2007,806.590000
03/30/2007,807.020000
04/02/2007,808.190000
04/03/2007,810.700000
04/04/2007,811.350000
04/05/2007,811.650000
04/09/2007,811.740000
04/10/2007,812.390000
04/11/2007,812.300000
04/12/2007,813.090000
04/13/2007,813.300000
04/16/2007,814.080000
04/17/2007,813.970000
04/18/2007,814.250000
04/19/2007,814.370000
04/20/2007,812.380000
04/23/2007,811.390000
04/24/2007,811.410000
04/25/2007,815.230000
04/26/2007,815.380000
04/27/2007,815.950000
04/30/2007,812.770000
05/01/2007,814.730000
05/02/2007,817.190000
05/03/2007,818.720000
05/04/2007,819.310000
05/07/2007,820.520000
05/08/2007,820.230000
05/09/2007,821.600000
05/10/2007,818.900000
05/11/2007,821.530000
05/14/2007,821.580000
05/15/2007,822.070000
05/16/2007,823.950000
05/17/2007,824.340000
05/18/2007,826.190000
05/21/2007,826.710000
05/22/2007,827.110000
05/23/2007,826.770000
05/24/2007,822.920000
05/25/2007,826.160000
05/29/2007,827.370000
05/30/2007,830.940000
05/31/2007,831.120000
06/01/2007,832.540000
06/04/2007,833.280000
06/05/2007,832.030000
06/06/2007,829.150000
06/07/2007,819.400000
06/08/2007,827.720000
06/11/2007,828.980000
06/12/2007,821.850000
06/13/2007,832.330000
06/14/2007,835.980000
06/15/2007,837.100000
06/18/2007,837.460000
06/19/2007,838.860000
06/20/2007,831.670000
06/21/2007,835.540000
06/22/2007,827.240000
06/25/2007,825.980000
06/26/2007,823.680000
06/27/2007,831.130000
06/28/2007,831.180000
06/29/2007,830.270000
07/02/2007,837.580000
07/03/2007,840.380000
07/05/2007,840.820000
07/06/2007,843.300000
07/09/2007,844.200000
07/10/2007,835.480000
07/11/2007,839.760000
07/12/2007,848.720000
07/13/2007,850.340000
07/16/2007,850.820000
07/17/2007,851.430000
07/18/2007,851.630000
07/19/2007,853.710000
07/20/2007,845.370000
07/23/2007,848.360000
07/24/2007,837.590000
07/25/2007,841.150000
07/26/2007,825.380000
07/27/2007,813.900000
07/30/2007,822.810000
07/31/2007,812.710000
08/01/2007,818.600000
08/02/2007,822.550000
08/03/2007,801.100000
08/06/2007,820.290000
08/07/2007,825.420000
08/08/2007,836.500000
08/09/2007,812.420000
08/10/2007,812.860000
08/13/2007,812.830000
08/14/2007,798.170000
08/15/2007,787.320000
08/16/2007,789.900000
08/17/2007,806.600000
08/20/2007,809.690000
08/21/2007,811.010000
08/22/2007,816.670000
08/23/2007,816.470000
08/24/2007,820.960000
08/27/2007,818.880000
08/28/2007,810.300000
08/29/2007,819.240000
08/30/2007,817.240000
08/31/2007,821.760000
09/04/2007,824.640000
09/05/2007,822.690000
09/06/2007,824.680000
09/07/2007,820.660000
09/10/2007,821.420000
09/11/2007,826.010000
09/12/2007,826.990000
09/13/2007,828.610000
09/14/2007,829.310000
09/17/2007,829.370000
09/18/2007,832.480000
09/19/2007,832.540000
09/20/2007,832.110000
09/21/2007,829.510000
09/24/2007,827.620000
09/25/2007,828.290000
09/26/2007,831.830000
09/27/2007,834.080000
09/28/2007,833.070000
10/01/2007,837.680000
10/02/2007,838.200000
10/03/2007,837.410000
10/04/2007,838.620000
10/05/2007,841.990000
10/08/2007,841.650000
10/09/2007,844.020000
10/10/2007,844.830000
10/11/2007,843.070000
10/12/2007,845.170000
10/15/2007,843.970000
10/16/2007,843.370000
10/17/2007,845.390000
10/18/2007,847.180000
10/19/2007,834.390000
10/22/2007,838.200000
10/23/2007,842.840000
10/24/2007,842.000000
10/25/2007,841.260000
10/26/2007,847.610000
10/29/2007,849.430000
10/30/2007,847.040000
10/31/2007,853.260000
11/01/2007,841.480000
11/02/2007,843.390000
11/05/2007,842.080000
11/06/2007,849.500000
11/07/2007,831.670000
11/08/2007,832.950000
11/09/2007,822.610000
11/12/2007,814.670000
11/13/2007,838.060000
11/14/2007,832.270000
11/15/2007,822.040000
11/16/2007,825.800000
11/19/2007,819.860000
11/20/2007,823.170000
11/21/2007,815.090000
11/23/2007,824.010000
11/26/2007,811.600000
11/27/2007,820.760000
11/28/2007,832.650000
11/29/2007,834.000000
11/30/2007,837.410000
12/03/2007,836.670000
12/04/2007,835.370000
12/05/2007,840.940000
12/06/2007,844.730000
12/07/2007,845.280000
12/10/2007,846.370000
12/11/2007,842.210000
12/12/2007,844.980000
12/13/2007,845.960000
12/14/2007,843.970000
12/17/2007,839.910000
12/18/2007,845.010000
12/19/2007,846.520000
12/20/2007,849.450000
12/21/2007,854.470000
12/24/2007,858.680000
12/26/2007,859.350000
12/27/2007,854.350000
12/28/2007,855.500000
12/31/2007,852.880000
01/02/2008,845.660000
01/03/2008,846.400000
01/04/2008,829.830000
01/07/2008,832.960000
01/08/2008,819.100000
01/09/2008,830.030000
01/10/2008,836.470000
01/11/2008,825.680000
01/14/2008,834.690000
01/15/2008,814.040000
01/16/2008,809.530000
01/17/2008,786.080000
01/18/2008,781.190000
01/22/2008,776.060000
01/23/2008,786.930000
01/24/2008,791.830000
01/25/2008,784.920000
01/28/2008,793.180000
01/29/2008,795.840000
01/30/2008,795.410000
01/31/2008,802.380000
02/01/2008,804.570000
02/04/2008,803.380000
02/05/2008,793.250000
02/06/2008,791.460000
02/07/2008,796.530000
02/08/2008,796.160000
02/11/2008,800.980000
02/12/2008,804.870000
02/13/2008,810.300000
02/14/2008,809.240000
02/15/2008,809.860000
02/19/2008,810.480000
02/20/2008,814.930000
02/21/2008,810.350000
02/22/2008,814.450000
02/25/2008,820.970000
02/26/2008,823.700000
02/27/2008,823.920000
02/28/2008,821.450000
02/29/2008,809.970000
03/03/2008,811.550000
03/04/2008,811.250000
03/05/2008,815.010000
03/06/2008,802.750000
03/07/2008,798.780000
03/10/2008,788.450000
03/11/2008,813.660000
03/12/2008,808.880000
03/13/2008,812.520000
03/14/2008,796.500000
03/17/2008,792.000000
03/18/2008,823.060000
03/19/2008,806.230000
03/20/2008,819.350000
03/24/2008,825.490000
03/25/2008,826.780000
03/26/2008,824.990000
03/27/2008,821.800000
03/28/2008,819.640000
03/31/2008,823.410000
04/01/2008,833.560000
04/02/2008,833.830000
04/03/2008,834.400000
04/04/2008,835.360000
04/07/2008,836.740000
04/08/2008,836.720000
04/09/2008,836.120000
04/10/2008,838.120000
04/11/2008,834.080000
04/14/2008,834.850000
04/15/2008,836.460000
04/16/2008,841.340000
04/17/2008,840.690000
04/18/2008,839.810000
04/21/2008,839.890000
04/22/2008,836.080000
04/23/2008,838.560000
04/24/2008,841.890000
04/25/2008,844.720000
04/28/2008,845.390000
04/29/2008,843.880000
04/30/2008,843.240000
05/01/2008,850.560000
05/02/2008,852.880000
05/05/2008,851.900000
05/06/2008,854.170000
05/07/2008,849.440000
05/08/2008,851.860000
05/09/2008,850.280000
05/12/2008,855.550000
05/13/2008,856.220000
05/14/2008,857.810000
05/15/2008,859.150000
05/16/2008,857.090000
05/19/2008,857.500000
05/20/2008,853.460000
05/21/2008,845.820000
05/22/2008,848.310000
05/23/2008,840.050000
05/27/2008,845.170000
05/28/2008,847.880000
05/29/2008,851.980000
05/30/2008,853.760000
06/02/2008,847.200000
06/03/2008,843.630000
06/04/2008,843.650000
06/05/2008,856.880000
06/06/2008,835.130000
06/09/2008,836.410000
06/10/2008,834.840000
06/11/2008,821.240000
06/12/2008,824.100000
06/13/2008,836.510000
06/16/2008,836.640000
06/17/2008,831.030000
06/18/2008,823.000000
06/19/2008,826.310000
06/20/2008,814.210000
06/23/2008,815.480000
06/24/2008,814.700000
06/25/2008,818.380000
06/26/2008,802.340000
06/27/2008,800.690000
06/30/2008,802.620000
07/01/2008,805.390000
07/02/2008,792.660000
07/03/2008,794.050000
07/07/2008,788.350000
07/08/2008,801.800000
07/09/2008,784.170000
07/10/2008,789.760000
07/11/2008,781.010000
07/14/2008,774.110000
07/15/2008,765.780000
07/16/2008,785.090000
07/17/2008,794.580000
07/18/2008,794.650000
07/21/2008,796.100000
07/22/2008,802.390000
07/23/2008,803.640000
07/24/2008,794.450000
07/25/2008,797.640000
07/28/2008,789.210000
07/29/2008,801.610000
07/30/2008,807.000000
07/31/2008,802.950000
08/01/2008,801.970000
08/04/2008,798.460000
08/05/2008,810.130000
08/06/2008,811.740000
08/07/2008,807.340000
08/08/2008,813.840000
08/11/2008,814.820000
08/12/2008,813.550000
08/13/2008,814.330000
08/14/2008,815.690000
08/15/2008,818.240000
08/18/2008,811.150000
08/19/2008,806.680000
08/20/2008,811.050000
08/21/2008,813.470000
08/22/2008,819.830000
08/25/2008,809.110000
08/26/2008,811.990000
08/27/2008,817.440000
08/28/2008,824.930000
08/29/2008,818.050000
09/02/2008,815.990000
09/03/2008,816.080000
09/04/2008,795.240000
09/05/2008,799.020000
09/08/2008,813.140000
09/09/2008,788.320000
09/10/2008,793.370000
09/11/2008,803.990000
09/12/2008,805.050000
09/15/2008,768.720000
09/16/2008,782.190000
09/17/2008,745.440000
09/18/2008,777.910000
09/19/2008,808.600000
09/22/2008,791.390000
09/23/2008,783.060000
09/24/2008,785.310000
09/25/2008,792.080000
09/26/2008,792.790000
09/29/2008,735.090000
09/30/2008,770.790000
10/01/2008,769.920000
10/02/2008,742.140000
10/03/2008,734.370000
10/06/2008,706.620000
10/07/2008,666.780000
10/08/2008,659.410000
10/09/2008,609.410000
10/10/2008,602.340000
10/13/2008,672.200000
10/14/2008,668.580000
10/15/2008,608.290000
10/16/2008,634.190000
10/17/2008,632.960000
10/20/2008,656.550000
10/21/2008,648.400000
10/22/2008,618.740000
10/23/2008,625.130000
10/24/2008,608.300000
10/27/2008,598.240000
10/28/2008,641.620000
10/29/2008,636.650000
10/30/2008,647.640000
10/31/2008,655.080000
11/03/2008,661.010000
11/04/2008,672.740000
11/05/2008,658.420000
11/06/2008,636.550000
11/07/2008,652.540000
11/10/2008,649.320000
11/11/2008,639.990000
11/12/2008,612.560000
11/13/2008,648.030000
11/14/2008,627.210000
11/17/2008,613.610000
11/18/2008,620.550000
11/19/2008,583.370000
11/20/2008,544.390000
11/21/2008,560.390000
11/24/2008,578.700000
11/25/2008,578.640000
11/26/2008,584.550000
11/28/2008,585.210000
12/01/2008,571.520000
12/02/2008,578.740000
12/03/2008,584.530000
12/04/2008,581.110000
12/05/2008,586.370000
12/08/2008,590.730000
12/09/2008,588.880000
12/10/2008,591.690000
12/11/2008,590.110000
12/12/2008,590.660000
12/15/2008,590.250000
12/16/2008,591.650000
12/17/2008,592.190000
12/18/2008,591.410000
12/19/2008,592.390000
12/22/2008,587.610000
12/23/2008,584.230000
12/24/2008,585.410000
12/26/2008,591.510000
12/29/2008,591.340000
12/30/2008,601.390000
12/31/2008,608.490000
01/02/2009,617.080000
01/05/2009,616.030000
01/06/2009,619.000000
01/07/2009,611.170000
01/08/2009,614.020000
01/09/2009,608.640000
01/12/2009,599.480000
01/13/2009,601.930000
01/14/2009,582.890000
01/15/2009,583.840000
01/16/2009,586.800000
01/20/2009,565.350000
01/21/2009,585.800000
01/22/2009,581.620000
01/23/2009,584.230000
01/26/2009,588.020000
01/27/2009,592.910000
01/28/2009,602.720000
01/29/2009,593.050000
01/30/2009,585.070000
02/02/2009,586.530000
02/03/2009,593.990000
02/04/2009,592.100000
02/05/2009,597.520000
02/06/2009,604.780000
02/09/2009,606.650000
02/10/2009,591.290000
02/11/2009,597.100000
02/12/2009,599.920000
02/13/2009,596.390000
02/17/2009,572.720000
02/18/2009,572.800000
02/19/2009,566.550000
02/20/2009,557.930000
02/23/2009,546.370000
02/24/2009,562.810000
02/25/2009,560.260000
02/26/2009,556.450000
02/27/2009,547.990000
03/02/2009,528.160000
03/03/2009,526.800000
03/04/2009,538.370000
03/05/2009,517.570000
03/06/2009,518.690000
03/09/2009,514.370000
03/10/2009,545.210000
03/11/2009,546.810000
03/12/2009,565.600000
03/13/2009,569.050000
03/16/2009,568.600000
03/17/2009,580.790000
03/18/2009,584.600000
03/19/2009,585.660000
03/20/2009,575.100000
03/23/2009,597.310000
03/24/2009,590.850000
03/25/2009,593.660000
03/26/2009,599.480000
03/27/2009,595.940000
03/30/2009,587.160000
03/31/2009,592.750000
04/01/2009,598.050000
04/02/2009,602.990000
04/03/2009,605.490000
04/06/2009,606.090000
04/07/2009,603.850000
04/08/2009,606.740000
04/09/2009,609.490000
04/13/2009,610.720000
04/14/2009,609.940000
04/15/2009,610.700000
04/16/2009,611.260000
04/17/2009,609.110000
04/20/2009,592.680000
04/21/2009,602.340000
04/22/2009,599.580000
04/23/2009,603.710000
04/24/2009,609.970000
04/27/2009,607.050000
04/28/2009,607.260000
04/29/2009,614.880000
04/30/2009,615.120000
05/01/2009,617.570000
05/04/2009,624.130000
05/05/2009,625.350000
05/06/2009,627.350000
05/07/2009,626.850000
05/08/2009,628.920000
05/11/2009,627.570000
05/12/2009,628.850000
05/13/2009,627.100000
05/14/2009,630.450000
05/15/2009,624.880000
05/18/2009,636.700000
05/19/2009,637.420000
05/20/2009,636.550000
05/21/2009,630.330000
05/22/2009,630.030000
05/26/2009,639.790000
05/27/2009,634.140000
05/28/2009,639.410000
05/29/2009,642.670000
06/01/2009,647.350000
06/02/2009,648.970000
06/03/2009,647.040000
06/04/2009,649.840000
06/05/2009,649.140000
06/08/2009,650.890000
06/09/2009,652.050000
06/10/2009,651.840000
06/11/2009,652.920000
06/12/2009,652.850000
06/15/2009,651.250000
06/16/2009,650.520000
06/17/2009,651.510000
06/18/2009,654.350000
06/19/2009,651.780000
06/22/2009,639.140000
06/23/2009,639.880000
06/24/2009,643.610000
06/25/2009,653.700000
06/26/2009,654.450000
06/29/2009,658.400000
06/30/2009,655.380000
07/01/2009,657.700000
07/02/2009,644.910000
07/06/2009,646.490000
07/07/2009,635.330000
07/08/2009,634.830000
07/09/2009,637.580000
07/10/2009,635.450000
07/13/2009,650.660000
07/14/2009,654.230000
07/15/2009,668.640000
07/16/2009,671.640000
07/17/2009,671.670000
07/20/2009,676.480000
07/21/2009,677.520000
07/22/2009,678.120000
07/23/2009,683.680000
07/24/2009,684.320000
07/27/2009,684.850000
07/28/2009,684.660000
07/29/2009,683.750000
07/30/2009,686.480000
07/31/2009,686.540000
08/03/2009,688.420000
08/04/2009,689.330000
08/05/2009,689.340000
08/06/2009,688.900000
08/07/2009,690.270000
08/10/2009,690.010000
08/11/2009,689.890000
08/12/2009,690.900000
08/13/2009,690.890000
08/14/2009,690.870000
08/17/2009,690.210000
08/18/2009,691.620000
08/19/2009,690.970000
08/20/2009,691.830000
08/21/2009,694.480000
08/24/2009,695.170000
08/25/2009,696.100000
08/26/2009,696.880000
08/27/2009,698.390000
08/28/2009,698.110000
08/31/2009,695.880000
09/01/2009,685.350000
09/02/2009,684.870000
09/03/2009,690.050000
09/04/2009,697.450000
09/08/2009,701.960000
09/09/2009,705.200000
09/10/2009,708.520000
09/11/2009,708.280000
09/14/2009,710.070000
09/15/2009,710.380000
09/16/2009,711.390000
09/17/2009,710.510000
09/18/2009,708.980000
09/21/2009,708.580000
09/22/2009,711.920000
09/23/2009,708.200000
09/24/2009,704.160000
09/25/2009,701.410000
09/28/2009,710.120000
09/29/2009,709.960000
09/30/2009,708.990000
10/01/2009,695.140000
10/02/2009,692.940000
10/05/2009,702.830000
10/06/2009,710.280000
10/07/2009,712.560000
10/08/2009,716.470000
10/09/2009,720.030000
10/12/2009,721.730000
10/13/2009,721.100000
10/14/2009,724.990000
10/15/2009,727.050000
10/16/2009,725.940000
10/19/2009,729.930000
10/20/2009,728.370000
10/21/2009,725.260000
10/22/2009,730.410000
10/23/2009,725.000000
10/26/2009,719.870000
10/27/2009,718.680000
10/28/2009,708.090000
10/29/2009,721.340000
10/30/2009,704.970000
11/02/2009,709.590000
11/03/2009,711.630000
11/04/2009,712.590000
11/05/2009,723.810000
11/06/2009,726.180000
11/09/2009,735.460000
11/10/2009,736.490000
11/11/2009,738.610000
11/12/2009,735.650000
11/13/2009,738.560000
11/16/2009,742.190000
11/17/2009,743.050000
11/18/2009,743.430000
11/19/2009,743.060000
11/20/2009,743.450000
11/23/2009,749.410000
11/24/2009,749.850000
11/25/2009,751.470000
11/27/2009,743.020000
11/30/2009,746.920000
12/01/2009,752.100000
12/02/2009,752.820000
12/03/2009,750.500000
12/04/2009,753.160000
12/07/2009,753.200000
12/08/2009,750.050000
12/09/2009,752.540000
12/10/2009,754.910000
12/11/2009,756.200000
12/14/2009,758.670000
12/15/2009,757.850000
12/16/2009,757.930000
12/17/2009,757.860000
12/18/2009,757.480000
12/21/2009,762.450000
12/22/2009,764.370000
12/23/2009,765.190000
12/24/2009,766.660000
12/28/2009,767.570000
12/29/2009,767.750000
12/30/2009,768.610000
12/31/2009,766.180000
01/04/2010,770.460000
01/05/2010,771.290000
01/06/2010,771.690000
01/07/2010,771.910000
01/08/2010,772.570000
01/11/2010,772.820000
01/12/2010,772.460000
01/13/2010,772.550000
01/14/2010,772.450000
01/15/2010,765.550000
01/19/2010,771.270000
01/20/2010,767.420000
01/21/2010,757.600000
01/22/2010,743.530000
01/25/2010,747.940000
01/26/2010,745.360000
01/27/2010,748.870000
01/28/2010,741.440000
01/29/2010,734.770000
02/01/2010,745.270000
02/02/2010,754.270000
02/03/2010,750.810000
02/04/2010,728.350000
02/05/2010,730.620000
02/08/2010,724.450000
02/09/2010,733.940000
02/10/2010,732.580000
02/11/2010,739.730000
02/12/2010,737.920000
02/16/2010,751.260000
02/17/2010,754.630000
02/18/2010,759.690000
02/19/2010,761.920000
02/22/2010,762.170000
02/23/2010,756.370000
02/24/2010,761.930000
02/25/2010,761.250000
02/26/2010,762.780000
03/01/2010,767.660000
03/02/2010,768.570000
03/03/2010,769.020000
03/04/2010,770.560000
03/05/2010,774.000000
03/08/2010,774.630000
03/09/2010,775.230000
03/10/2010,775.720000
03/11/2010,776.430000
03/12/2010,776.680000
03/15/2010,776.740000
03/16/2010,776.890000
03/17/2010,776.830000
03/18/2010,777.100000
03/19/2010,768.340000
03/22/2010,771.380000
03/23/2010,774.100000
03/24/2010,771.660000
03/25/2010,770.560000
03/26/2010,772.010000
03/29/2010,774.920000
03/30/2010,775.410000
03/31/2010,774.490000
04/01/2010,777.290000
04/05/2010,779.800000
04/06/2010,780.370000
04/07/2010,779.690000
04/08/2010,780.850000
04/09/2010,781.880000
04/12/2010,782.000000
04/13/2010,782.240000
04/14/2010,782.790000
04/15/2010,782.470000
04/16/2010,773.410000
04/19/2010,776.770000
04/20/2010,780.690000
04/21/2010,780.610000
04/22/2010,780.870000
04/23/2010,783.210000
04/26/2010,781.680000
04/27/2010,769.970000
04/28/2010,774.820000
04/29/2010,781.110000
04/30/2010,772.730000
05/03/2010,780.020000
05/04/2010,767.640000
05/05/2010,764.190000
05/06/2010,741.620000
05/07/2010,730.620000
05/10/2010,761.880000
05/11/2010,759.700000
05/12/2010,769.730000
05/13/2010,761.990000
05/14/2010,748.190000
05/17/2010,749.390000
05/18/2010,738.910000
05/19/2010,735.230000
05/20/2010,706.700000
05/21/2010,717.220000
05/24/2010,715.620000
05/25/2010,717.470000
05/26/2010,716.700000
05/27/2010,728.370000
05/28/2010,725.230000
06/01/2010,718.790000
06/02/2010,729.800000
06/03/2010,731.660000
06/04/2010,719.180000
06/07/2010,714.800000
06/08/2010,722.130000
06/09/2010,719.790000
06/10/2010,732.100000
06/11/2010,735.410000
06/14/2010,736.000000
06/15/2010,740.590000
06/16/2010,740.870000
06/17/2010,741.480000
06/18/2010,740.430000
06/21/2010,738.680000
06/22/2010,731.100000
06/23/2010,730.300000
06/24/2010,720.450000
06/25/2010,722.720000
06/28/2010,722.290000
06/29/2010,701.650000
06/30/2010,695.030000
07/01/2010,692.900000
07/02/2010,689.910000
07/06/2010,693.690000
07/07/2010,715.520000
07/08/2010,722.300000
07/09/2010,727.450000
07/12/2010,728.020000
07/13/2010,738.980000
07/14/2010,739.350000
07/15/2010,740.400000
07/16/2010,723.140000
07/19/2010,727.120000
07/20/2010,732.570000
07/21/2010,727.030000
07/22/2010,735.570000
07/23/2010,738.690000
07/26/2010,742.480000
07/27/2010,742.050000
07/28/2010,740.670000
07/29/2010,740.620000
07/30/2010,741.150000
08/02/2010,746.440000
08/03/2010,746.030000
08/04/2010,746.980000
08/05/2010,747.130000
08/06/2010,747.590000
08/09/2010,748.540000
08/10/2010,747.880000
08/11/2010,742.330000
08/12/2010,741.870000
08/13/2010,740.740000
08/16/2010,743.480000
08/17/2010,748.360000
08/18/2010,749.040000
08/19/2010,746.390000
08/20/2010,743.880000
08/23/2010,743.770000
08/24/2010,737.280000
08/25/2010,739.220000
08/26/2010,735.990000
08/27/2010,745.140000
08/30/2010,738.800000
08/31/2010,739.550000
09/01/2010,752.450000
09/02/2010,755.440000
09/03/2010,759.320000
09/07/2010,757.680000
09/08/2010,759.370000
09/09/2010,760.590000
09/10/2010,761.230000
09/13/2010,762.400000
09/14/2010,762.400000
09/15/2010,762.150000
09/16/2010,762.200000
09/17/2010,758.990000
09/20/2010,764.790000
09/21/2010,763.410000
09/22/2010,762.780000
09/23/2010,759.490000
09/24/2010,767.650000
09/27/2010,765.930000
09/28/2010,767.850000
09/29/2010,767.690000
09/30/2010,767.230000
10/01/2010,769.270000
10/04/2010,767.870000
10/05/2010,773.410000
10/06/2010,774.170000
10/07/2010,774.060000
10/08/2010,775.500000
10/11/2010,775.360000
10/12/2010,775.900000
10/13/2010,776.350000
10/14/2010,776.360000
10/15/2010,772.100000
10/18/2010,775.780000
10/19/2010,769.230000
10/20/2010,774.160000
10/21/2010,775.740000
10/22/2010,776.890000
10/25/2010,777.190000
10/26/2010,777.340000
10/27/2010,776.750000
10/28/2010,777.230000
10/29/2010,776.790000
11/01/2010,778.350000
11/02/2010,780.730000
11/03/2010,783.220000
11/04/2010,787.090000
11/05/2010,788.110000
11/08/2010,788.690000
11/09/2010,787.510000
11/10/2010,788.920000
11/11/2010,788.370000
11/12/2010,786.510000
11/15/2010,787.630000
11/16/2010,784.180000
11/17/2010,786.260000
11/18/2010,789.460000
11/19/2010,791.320000
11/22/2010,791.230000
11/23/2010,784.410000
11/24/2010,791.110000
11/26/2010,788.580000
11/29/2010,787.940000
11/30/2010,784.580000
12/01/2010,794.190000
12/02/2010,798.650000
12/03/2010,800.360000
12/06/2010,801.000000
12/07/2010,801.370000
12/08/2010,802.470000
12/09/2010,803.030000
12/10/2010,803.640000
12/13/2010,803.610000
12/14/2010,803.810000
12/15/2010,803.480000
12/16/2010,804.070000
12/17/2010,804.770000
12/20/2010,806.740000
12/21/2010,808.780000
12/22/2010,810.700000
12/23/2010,809.790000
12/27/2010,810.300000
12/28/2010,810.650000
12/29/2010,811.570000
12/30/2010,811.460000
12/31/2010,811.070000
01/03/2011,815.660000
01/04/2011,815.370000
01/05/2011,816.570000
01/06/2011,816.420000
01/07/2011,816.780000
01/10/2011,817.080000
01/11/2011,818.290000
01/12/2011,819.230000
01/13/2011,819.430000
01/14/2011,820.030000
01/18/2011,819.770000
01/19/2011,819.690000
01/20/2011,819.920000
01/21/2011,816.640000
01/24/2011,820.020000
01/25/2011,820.620000
01/26/2011,822.490000
01/27/2011,824.310000
01/28/2011,815.020000
01/31/2011,819.710000
02/01/2011,826.560000
02/02/2011,825.970000
02/03/2011,827.430000
02/04/2011,828.780000
02/07/2011,830.330000
02/08/2011,831.250000
02/09/2011,830.780000
02/10/2011,831.370000
02/11/2011,831.700000
02/14/2011,832.530000
02/15/2011,832.500000
02/16/2011,832.950000
02/17/2011,832.900000
02/18/2011,833.930000
02/22/2011,821.180000
02/23/2011,817.390000
02/24/2011,817.520000
02/25/2011,825.270000
02/28/2011,829.130000
03/01/2011,818.830000
03/02/2011,820.420000
03/03/2011,831.820000
03/04/2011,827.970000
03/07/2011,822.200000
03/08/2011,828.830000
03/09/2011,828.390000
03/10/2011,814.090000
03/11/2011,820.310000
03/14/2011,815.670000
03/15/2011,806.580000
03/16/2011,790.910000
03/17/2011,801.540000
03/18/2011,805.990000
03/21/2011,814.600000
03/22/2011,813.540000
03/23/2011,815.810000
03/24/2011,819.320000
03/25/2011,819.990000
03/28/2011,819.530000
03/29/2011,822.400000
03/30/2011,824.050000
03/31/2011,823.100000
04/01/2011,825.630000
04/04/2011,825.810000
04/05/2011,826.600000
04/06/2011,826.800000
04/07/2011,827.100000
04/08/2011,826.720000
04/11/2011,827.150000
04/12/2011,826.580000
04/13/2011,827.660000
04/14/2011,827.550000
04/15/2011,828.770000
04/18/2011,824.480000
04/19/2011,828.130000
04/20/2011,833.350000
04/21/2011,835.650000
04/25/2011,835.220000
04/26/2011,837.480000
04/27/2011,839.010000
04/28/2011,840.460000
04/29/2011,840.740000
05/02/2011,840.460000
05/03/2011,840.110000
05/04/2011,839.050000
05/05/2011,836.170000
05/06/2011,837.480000
05/09/2011,840.000000
05/10/2011,841.820000
05/11/2011,840.130000
05/12/2011,841.840000
05/13/2011,840.410000
05/16/2011,839.320000
05/17/2011,840.600000
05/18/2011,843.210000
05/19/2011,843.930000
05/20/2011,838.620000
05/23/2011,833.080000
05/24/2011,833.190000
05/25/2011,835.440000
05/26/2011,838.300000
05/27/2011,840.520000
05/31/2011,845.960000
06/01/2011,834.310000
06/02/2011,833.940000
06/03/2011,828.280000
06/06/2011,820.400000
06/07/2011,819.890000
06/08/2011,816.800000
06/09/2011,822.830000
06/10/2011,811.530000
06/13/2011,812.380000
06/14/2011,822.670000
06/15/2011,808.440000
06/16/2011,810.000000
06/17/2011,812.950000
06/20/2011,816.830000
06/21/2011,822.160000
06/22/2011,820.780000
06/23/2011,819.390000
06/24/2011,814.450000
06/27/2011,819.130000
06/28/2011,824.690000
06/29/2011,827.950000
06/30/2011,830.710000
07/01/2011,831.720000
07/05/2011,831.980000
07/06/2011,832.200000
07/07/2011,832.770000
07/08/2011,832.950000
07/11/2011,831.920000
07/12/2011,831.570000
07/13/2011,832.610000
07/14/2011,832.980000
07/15/2011,832.620000
07/18/2011,829.770000
07/19/2011,836.530000
07/20/2011,836.530000
07/21/2011,840.750000
07/22/2011,841.690000
07/25/2011,839.500000
07/26/2011,838.210000
07/27/2011,829.900000
07/28/2011,828.580000
07/29/2011,824.640000
08/01/2011,825.000000
08/02/2011,809.340000
08/03/2011,814.090000
08/04/2011,776.640000
08/05/2011,776.700000
08/08/2011,725.170000
08/09/2011,759.600000
08/10/2011,726.380000
08/11/2011,760.060000
08/12/2011,764.140000
08/15/2011,780.900000
08/16/2011,773.480000
08/17/2011,774.430000
08/18/2011,739.950000
08/19/2011,733.130000
08/22/2011,735.000000
08/23/2011,751.330000
08/24/2011,755.030000
08/25/2011,747.040000
08/26/2011,755.230000
08/29/2011,763.910000
08/30/2011,764.870000
08/31/2011,765.890000
09/01/2011,764.840000
09/02/2011,760.210000
09/06/2011,758.660000
09/07/2011,767.700000
09/08/2011,765.730000
09/09/2011,757.130000
09/12/2011,763.690000
09/13/2011,768.570000
09/14/2011,771.740000
09/15/2011,772.910000
09/16/2011,771.800000
09/19/2011,767.680000
09/20/2011,767.340000
09/21/2011,754.450000
09/22/2011,735.470000
09/23/2011,739.500000
09/26/2011,753.140000
09/27/2011,758.630000
09/28/2011,747.750000
09/29/2011,753.410000
09/30/2011,738.320000
10/03/2011,720.820000
10/04/2011,736.600000
10/05/2011,748.500000
10/06/2011,760.050000
10/07/2011,756.370000
10/10/2011,776.710000
10/11/2011,778.270000
10/12/2011,784.060000
10/13/2011,784.140000
10/14/2011,790.940000
10/17/2011,784.530000
10/18/2011,792.780000
10/19/2011,790.200000
10/20/2011,795.440000
10/21/2011,803.530000
10/24/2011,810.170000
10/25/2011,801.210000
10/26/2011,807.150000
10/27/2011,818.860000
10/28/2011,820.180000
10/31/2011,812.260000
11/01/2011,798.740000
11/02/2011,807.230000
11/03/2011,815.570000
11/04/2011,814.400000
11/07/2011,818.430000
11/08/2011,822.940000
11/09/2011,807.490000
11/10/2011,814.380000
11/11/2011,822.390000
11/14/2011,821.450000
11/15/2011,823.860000
11/16/2011,820.360000
11/17/2011,812.540000
11/18/2011,812.670000
11/21/2011,805.100000
11/22/2011,804.350000
11/23/2011,791.570000
11/25/2011,789.790000
11/28/2011,809.600000
11/29/2011,811.570000
11/30/2011,831.020000
12/01/2011,830.370000
12/02/2011,830.580000
12/05/2011,834.260000
12/06/2011,835.440000
12/07/2011,835.920000
12/08/2011,830.150000
12/09/2011,838.330000
12/12/2011,836.570000
12/13/2011,835.570000
12/14/2011,831.080000
12/15/2011,835.460000
12/16/2011,839.710000
12/19/2011,835.280000
12/20/2011,849.250000
12/21/2011,851.400000
12/22/2011,854.030000
12/23/2011,857.440000
12/27/2011,857.950000
12/28/2011,854.250000
12/29/2011,858.450000
12/30/2011,857.460000
01/03/2012,862.460000
01/04/2012,863.140000
01/05/2012,864.350000
01/06/2012,864.620000
01/09/2012,865.970000
01/10/2012,866.600000
01/11/2012,867.080000
01/12/2012,867.080000
01/13/2012,866.860000
01/17/2012,867.200000
01/18/2012,867.750000
01/19/2012,867.890000
01/20/2012,868.260000
01/23/2012,868.550000
01/24/2012,868.730000
01/25/2012,871.980000
01/26/2012,870.000000
01/27/2012,869.590000
01/30/2012,869.550000
01/31/2012,869.310000
02/01/2012,874.080000
02/02/2012,875.130000
02/03/2012,879.510000
02/06/2012,880.220000
02/07/2012,880.690000
02/08/2012,881.020000
02/09/2012,881.430000
02/10/2012,880.330000
02/13/2012,882.500000
02/14/2012,882.730000
02/15/2012,882.350000
02/16/2012,883.360000
02/17/2012,881.010000
02/21/2012,882.370000
02/22/2012,881.650000
02/23/2012,884.350000
02/24/2012,885.470000
02/27/2012,885.920000
02/28/2012,887.670000
02/29/2012,886.400000
03/01/2012,889.560000
03/02/2012,889.130000
03/05/2012,888.520000
03/06/2012,879.950000
03/07/2012,884.870000
03/08/2012,889.390000
03/09/2012,891.770000
03/12/2012,893.290000
03/13/2012,895.270000
03/14/2012,895.310000
03/15/2012,896.000000
03/16/2012,895.430000
03/19/2012,897.170000
03/20/2012,896.260000
03/21/2012,895.790000
03/22/2012,892.400000
03/23/2012,894.650000
03/26/2012,901.070000
03/27/2012,899.650000
03/28/2012,898.680000
03/29/2012,898.530000
03/30/2012,900.280000
04/02/2012,903.460000
04/03/2012,902.840000
04/04/2012,898.360000
04/05/2012,898.820000
04/09/2012,892.470000
04/10/2012,879.220000
04/11/2012,885.850000
04/12/2012,896.750000
04/13/2012,887.180000
04/16/2012,887.090000
04/17/2012,899.530000
04/18/2012,897.370000
04/19/2012,892.360000
04/20/2012,895.380000
04/23/2012,890.870000
04/24/2012,893.500000
04/25/2012,901.300000
04/26/2012,904.790000
04/27/2012,905.910000
04/30/2012,904.910000
05/01/2012,907.580000
05/02/2012,906.820000
05/03/2012,904.090000
05/04/2012,895.420000
05/07/2012,896.440000
05/08/2012,894.430000
05/09/2012,889.020000
05/10/2012,891.910000
05/11/2012,889.480000
05/14/2012,880.430000
05/15/2012,875.690000
05/16/2012,872.200000
05/17/2012,859.190000
05/18/2012,854.990000
05/21/2012,864.970000
05/22/2012,864.980000
05/23/2012,866.540000
05/24/2012,868.070000
05/25/2012,867.460000
05/29/2012,872.900000
05/30/2012,867.160000
05/31/2012,866.760000
06/01/2012,852.550000
06/04/2012,854.450000
06/05/2012,858.580000
06/06/2012,873.030000
06/07/2012,873.620000
06/08/2012,877.070000
06/11/2012,872.900000
06/12/2012,879.590000
06/13/2012,877.400000
06/14/2012,881.690000
06/15/2012,885.970000
06/18/2012,889.220000
06/19/2012,892.780000
06/20/2012,893.500000
06/21/2012,883.290000
06/22/2012,887.960000
06/25/2012,879.630000
06/26/2012,882.790000
06/27/2012,887.630000
06/28/2012,887.300000
06/29/2012,898.440000
07/02/2012,900.220000
07/03/2012,901.660000
07/05/2012,900.930000
07/06/2012,900.550000
07/09/2012,899.570000
07/10/2012,897.250000
07/11/2012,898.120000
07/12/2012,896.170000
07/13/2012,904.180000
07/16/2012,903.750000
07/17/2012,905.530000
07/18/2012,905.980000
07/19/2012,906.810000
07/20/2012,902.760000
07/23/2012,897.660000
07/24/2012,891.520000
07/25/2012,892.260000
07/26/2012,902.760000
07/27/2012,911.130000
07/30/2012,910.510000
07/31/2012,908.920000
08/01/2012,908.200000
08/02/2012,906.890000
08/03/2012,915.240000
08/06/2012,916.330000
08/07/2012,917.970000
08/08/2012,918.510000
08/09/2012,919.180000
08/10/2012,920.090000
08/13/2012,919.790000
08/14/2012,920.040000
08/15/2012,920.650000
08/16/2012,920.300000
08/17/2012,919.390000
08/20/2012,920.540000
08/21/2012,918.200000
08/22/2012,918.270000
08/23/2012,913.840000
08/24/2012,918.280000
08/27/2012,918.000000
08/28/2012,917.570000
08/29/2012,918.310000
08/30/2012,913.860000
08/31/2012,917.530000
09/04/2012,917.390000
09/05/2012,917.100000
09/06/2012,928.230000
09/07/2012,930.810000
09/10/2012,927.910000
09/11/2012,929.320000
09/12/2012,930.360000
09/13/2012,933.470000
09/14/2012,934.180000
09/17/2012,934.500000
09/18/2012,934.310000
09/19/2012,935.000000
09/20/2012,934.690000
09/21/2012,932.180000
09/24/2012,931.110000
09/25/2012,924.420000
09/26/2012,920.340000
09/27/2012,928.120000
09/28/2012,925.170000
10/01/2012,927.300000
10/02/2012,928.300000
10/03/2012,930.990000
10/04/2012,935.040000
10/05/2012,936.190000
10/08/2012,934.540000
10/09/2012,927.950000
10/10/2012,923.470000
10/11/2012,924.190000
10/12/2012,921.720000
10/15/2012,929.140000
10/16/2012,937.690000
10/17/2012,941.170000
10/18/2012,940.610000
10/19/2012,927.140000
10/22/2012,927.730000
10/23/2012,917.420000
10/24/2012,915.560000
10/25/2012,918.100000
10/26/2012,918.020000
10/31/2012,918.430000
11/01/2012,927.260000
11/02/2012,920.270000
11/05/2012,922.160000
11/06/2012,928.310000
11/07/2012,910.460000
11/08/2012,899.730000
11/09/2012,901.400000
11/12/2012,901.530000
11/13/2012,898.280000
11/14/2012,886.160000
11/15/2012,884.800000
11/16/2012,888.070000
11/19/2012,895.920000
11/20/2012,896.210000
11/21/2012,896.840000
11/23/2012,900.560000
11/26/2012,899.640000
11/27/2012,898.530000
11/28/2012,900.380000
11/29/2012,901.050000
11/30/2012,900.900000
12/03/2012,900.770000
12/04/2012,900.610000
12/05/2012,901.520000
12/06/2012,902.240000
12/07/2012,902.900000
12/10/2012,903.180000
12/11/2012,903.170000
12/12/2012,903.340000
12/13/2012,902.970000
12/14/2012,902.820000
12/17/2012,903.560000
12/18/2012,903.930000
12/19/2012,903.840000
12/20/2012,904.130000
12/21/2012,901.260000
12/24/2012,900.870000
12/26/2012,898.200000
12/27/2012,897.990000
12/28/2012,890.700000
12/31/2012,902.090000
01/02/2013,913.240000
01/03/2013,913.620000
01/04/2013,915.450000
01/07/2013,915.340000
01/08/2013,915.510000
01/09/2013,915.830000
01/10/2013,916.660000
01/11/2013,916.460000
01/14/2013,916.540000
01/15/2013,917.420000
01/16/2013,917.690000
01/17/2013,917.000000
01/18/2013,917.870000
01/22/2013,920.120000
01/23/2013,920.710000
01/24/2013,920.800000
01/25/2013,922.200000
01/28/2013,921.800000
01/29/2013,923.010000
01/30/2013,922.450000
01/31/2013,921.910000
02/01/2013,925.440000
02/04/2013,922.390000
02/05/2013,925.400000
02/06/2013,925.970000
02/07/2013,926.240000
02/08/2013,927.170000
02/11/2013,927.050000
02/12/2013,927.520000
02/13/2013,927.490000
02/14/2013,927.420000
02/15/2013,926.010000
02/19/2013,929.910000
02/20/2013,922.370000
02/21/2013,918.480000
02/22/2013,924.560000
02/25/2013,910.460000
02/26/2013,916.830000
02/27/2013,925.660000
02/28/2013,925.630000
03/01/2013,927.440000
03/04/2013,931.170000
03/05/2013,934.640000
03/06/2013,935.510000
03/07/2013,936.310000
03/08/2013,937.800000
03/11/2013,937.920000
03/12/2013,937.870000
03/13/2013,938.460000
03/14/2013,939.380000
03/15/2013,941.150000
03/18/2013,937.250000
03/19/2013,935.700000
03/20/2013,940.360000
03/21/2013,935.550000
03/22/2013,939.300000
03/25/2013,938.260000
03/26/2013,943.080000
03/27/2013,942.850000
03/28/2013,945.600000
04/01/2013,943.810000
04/02/2013,946.550000
04/03/2013,941.320000
04/04/2013,943.540000
04/05/2013,942.170000
04/08/2013,946.230000
04/09/2013,948.150000
04/10/2013,951.340000
04/11/2013,952.520000
04/12/2013,952.250000
04/15/2013,943.210000
04/16/2013,951.370000
04/17/2013,945.930000
04/18/2013,941.760000
04/19/2013,936.220000
04/22/2013,952.260000
04/23/2013,955.870000
04/24/2013,956.000000
04/25/2013,956.880000
04/26/2013,956.850000
04/29/2013,959.140000
04/30/2013,959.990000
05/01/2013,957.570000
05/02/2013,960.250000
05/03/2013,960.850000
05/06/2013,961.890000
05/07/2013,962.260000
05/08/2013,962.530000
05/09/2013,961.990000
05/10/2013,963.040000
05/13/2013,962.630000
05/14/2013,962.490000
05/15/2013,962.830000
05/16/2013,962.870000
05/17/2013,966.180000
05/20/2013,966.600000
05/21/2013,966.990000
05/22/2013,963.300000
05/23/2013,961.940000
05/24/2013,962.130000
05/28/2013,965.690000
05/29/2013,962.250000
05/30/2013,964.950000
05/31/2013,955.980000
06/03/2013,960.810000
06/04/2013,957.140000
06/05/2013,946.750000
06/06/2013,954.080000
06/07/2013,964.420000
06/10/2013,964.700000
06/11/2013,956.790000
06/12/2013,950.030000
06/13/2013,962.950000
06/14/2013,958.590000
06/17/2013,965.180000
06/18/2013,970.740000
06/19/2013,960.550000
06/20/2013,936.970000
06/21/2013,937.800000
06/24/2013,931.960000
06/25/2013,938.070000
06/26/2013,943.560000
06/27/2013,946.540000
06/28/2013,946.000000
07/01/2013,948.920000
07/02/2013,949.440000
07/03/2013,949.520000
07/05/2013,953.980000
07/08/2013,955.030000
07/09/2013,956.160000
07/10/2013,956.110000
07/11/2013,956.810000
07/12/2013,958.530000
07/15/2013,956.980000
07/16/2013,957.020000
07/17/2013,957.580000
07/18/2013,957.190000
07/19/2013,958.080000
07/22/2013,960.100000
07/23/2013,959.070000
07/24/2013,957.450000
07/25/2013,959.160000
07/26/2013,960.200000
07/29/2013,958.550000
07/30/2013,958.540000
07/31/2013,958.330000
08/01/2013,964.700000
08/02/2013,966.720000
08/05/2013,967.200000
08/06/2013,965.100000
08/07/2013,963.940000
08/08/2013,966.270000
08/09/2013,965.070000
08/12/2013,965.650000
08/13/2013,967.750000
08/14/2013,966.040000
08/15/2013,953.830000
08/16/2013,951.580000
08/19/2013,948.840000
08/20/2013,951.140000
08/21/2013,948.040000
08/22/2013,953.500000
08/23/2013,956.490000
08/26/2013,954.510000
08/27/2013,944.350000
08/28/2013,946.700000
08/29/2013,948.040000
08/30/2013,946.290000
09/03/2013,950.160000
09/04/2013,955.890000
09/05/2013,957.110000
09/06/2013,957.520000
09/09/2013,963.070000
09/10/2013,966.710000
09/11/2013,969.370000
09/12/2013,967.630000
09/13/2013,968.760000
09/16/2013,969.500000
09/17/2013,970.050000
09/18/2013,970.560000
09/19/2013,970.730000
09/20/2013,964.460000
09/23/2013,961.660000
09/24/2013,960.170000
09/25/2013,958.610000
09/26/2013,961.670000
09/27/2013,958.420000
09/30/2013,953.720000
10/01/2013,960.610000
10/02/2013,960.210000
10/03/2013,953.000000
10/04/2013,959.210000
10/07/2013,951.860000
10/08/2013,941.310000
10/09/2013,942.000000
10/10/2013,961.850000
10/11/2013,967.470000
10/14/2013,970.450000
10/15/2013,964.870000
10/16/2013,977.300000
10/17/2013,981.140000
10/18/2013,983.430000
10/21/2013,983.990000
10/22/2013,985.790000
10/23/2013,984.410000
10/24/2013,985.990000
10/25/2013,987.760000
10/28/2013,988.360000
10/29/2013,989.860000
10/30/2013,988.750000
10/31/2013,987.900000
11/01/2013,989.580000
11/04/2013,991.410000
11/05/2013,991.140000
11/06/2013,992.450000
11/07/2013,988.690000
11/08/2013,992.940000
11/11/2013,993.730000
11/12/2013,993.320000
11/13/2013,994.420000
11/14/2013,993.450000
11/15/2013,996.790000
11/18/2013,995.210000
11/19/2013,994.240000
11/20/2013,992.630000
11/21/2013,997.290000
11/22/2013,1000.410000
11/25/2013,1000.020000
11/26/2013,1000.220000
11/27/2013,1001.770000
11/29/2013,1001.120000
12/02/2013,1000.540000
12/03/2013,999.560000
12/04/2013,998.870000
12/05/2013,996.580000
12/06/2013,1003.190000
12/09/2013,1004.180000
12/10/2013,1003.230000
12/11/2013,997.320000
12/12/2013,995.220000
12/13/2013,995.310000
12/16/2013,1000.260000
12/17/2013,998.870000
12/18/2013,1008.710000
12/19/2013,1009.130000
12/20/2013,1013.390000
12/23/2013,1017.060000
12/24/2013,1018.240000
12/26/2013,1020.580000
12/27/2013,1020.790000
12/30/2013,1020.770000
12/31/2013,1021.680000
01/02/2014,1019.700000
01/03/2014,1021.020000
01/06/2014,1021.150000
01/07/2014,1023.850000
01/08/2014,1023.910000
01/09/2014,1024.270000
01/10/2014,1025.340000
01/13/2014,1021.800000
01/14/2014,1026.390000
01/15/2014,1026.870000
01/16/2014,1027.040000
01/17/2014,1024.550000
01/21/2014,1026.650000
01/22/2014,1027.120000
01/23/2014,1021.730000
01/24/2014,1004.740000
01/27/2014,1000.750000
01/28/2014,1006.630000
01/29/2014,997.250000
01/30/2014,1007.640000
01/31/2014,1001.590000
02/03/2014,979.990000
02/04/2014,987.510000
02/05/2014,985.820000
02/06/2014,998.410000
02/07/2014,1011.350000
02/10/2014,1013.210000
02/11/2014,1023.550000
02/12/2014,1023.940000
02/13/2014,1029.440000
02/14/2014,1033.450000
02/18/2014,1035.180000
02/19/2014,1030.600000
02/20/2014,1036.890000
02/21/2014,1037.640000
02/24/2014,1041.300000
02/25/2014,1040.730000
02/26/2014,1041.210000
02/27/2014,1042.750000
02/28/2014,1043.940000
03/03/2014,1041.190000
03/04/2014,1048.300000
03/05/2014,1048.880000
03/06/2014,1049.000000
03/07/2014,1050.250000
03/10/2014,1050.620000
03/11/2014,1049.470000
03/12/2014,1050.300000
03/13/2014,1044.370000
03/14/2014,1042.940000
03/17/2014,1050.540000
03/18/2014,1053.120000
03/19/2014,1052.360000
03/20/2014,1053.690000
03/21/2014,1041.610000
03/24/2014,1038.570000
03/25/2014,1042.430000
03/26/2014,1037.090000
03/27/2014,1036.190000
03/28/2014,1040.300000
03/31/2014,1046.660000
04/01/2014,1051.330000
04/02/2014,1052.830000
04/03/2014,1052.350000
04/04/2014,1045.080000
04/07/2014,1036.290000
04/08/2014,1040.620000
04/09/2014,1050.360000
04/10/2014,1031.040000
04/11/2014,1021.520000
04/14/2014,1030.000000
04/15/2014,1036.960000
04/16/2014,1047.820000
04/17/2014,1048.910000
04/21/2014,1052.020000
04/22/2014,1053.820000
04/23/2014,1053.040000
04/24/2014,1054.020000
04/25/2014,1050.110000
04/28/2014,1052.530000
04/29/2014,1055.170000
04/30/2014,1057.220000
05/01/2014,1057.330000
05/02/2014,1057.930000
05/05/2014,1059.330000
05/06/2014,1055.320000
05/07/2014,1058.390000
05/08/2014,1059.100000
05/09/2014,1060.490000
05/12/2014,1062.930000
05/13/2014,1063.310000
05/14/2014,1063.450000
05/15/2014,1061.840000
05/16/2014,1065.900000
05/19/2014,1068.240000
05/20/2014,1065.370000
05/21/2014,1069.760000
05/22/2014,1070.410000
05/23/2014,1072.960000
05/27/2014,1075.210000
05/28/2014,1074.910000
05/29/2014,1076.550000
05/30/2014,1077.180000
06/02/2014,1077.540000
06/03/2014,1077.610000
06/04/2014,1077.780000
06/05/2014,1078.740000
06/06/2014,1079.320000
06/09/2014,1079.330000
06/10/2014,1079.750000
06/11/2014,1079.040000
06/12/2014,1079.080000
06/13/2014,1079.510000
06/16/2014,1079.670000
06/17/2014,1078.950000
06/18/2014,1079.680000
06/19/2014,1080.040000
06/20/2014,1078.550000
06/23/2014,1078.740000
06/24/2014,1074.060000
06/25/2014,1077.710000
06/26/2014,1077.420000
06/27/2014,1079.130000
06/30/2014,1079.550000
07/01/2014,1083.200000
07/02/2014,1084.090000
07/03/2014,1086.430000
07/07/2014,1085.340000
07/08/2014,1081.590000
07/09/2014,1085.070000
07/10/2014,1083.020000
07/11/2014,1084.700000
07/14/2014,1087.190000
07/15/2014,1086.680000
07/16/2014,1089.020000
07/17/2014,1084.580000
07/18/2014,1094.310000
07/21/2014,1093.090000
07/22/2014,1096.110000
07/23/2014,1097.090000
07/24/2014,1097.620000
07/25/2014,1095.050000
07/28/2014,1096.400000
07/29/2014,1093.480000
07/30/2014,1093.870000
07/31/2014,1077.250000
08/01/2014,1075.200000
08/04/2014,1083.130000
08/05/2014,1073.300000
08/06/2014,1073.780000
08/07/2014,1068.240000
08/08/2014,1080.470000
08/11/2014,1083.790000
08/12/2014,1082.130000
08/13/2014,1089.690000
08/14/2014,1094.470000
08/15/2014,1093.150000
08/18/2014,1098.730000
08/19/2014,1100.660000
08/20/2014,1101.620000
08/21/2014,1102.680000
08/22/2014,1102.470000
08/25/2014,1103.890000
08/26/2014,1104.780000
08/27/2014,1105.440000
08/28/2014,1104.720000
08/29/2014,1105.740000
09/02/2014,1106.500000
09/03/2014,1106.110000
09/04/2014,1106.080000
09/05/2014,1107.610000
09/08/2014,1107.260000
09/09/2014,1105.770000
09/10/2014,1106.680000
09/11/2014,1107.540000
09/12/2014,1106.370000
09/15/2014,1106.570000
09/16/2014,1108.230000
09/17/2014,1108.680000
09/18/2014,1108.940000
09/19/2014,1102.920000
09/22/2014,1096.950000
09/23/2014,1092.050000
09/24/2014,1099.130000
09/25/2014,1084.260000
09/26/2014,1092.980000
09/29/2014,1090.890000
09/30/2014,1088.240000
10/01/2014,1075.080000
10/02/2014,1075.440000
10/03/2014,1087.110000
10/06/2014,1085.770000
10/07/2014,1069.550000
10/08/2014,1088.290000
10/09/2014,1066.210000
10/10/2014,1054.190000
10/13/2014,1036.860000
10/14/2014,1038.530000
10/15/2014,1030.200000
10/16/2014,1030.400000
10/17/2014,1044.510000
10/20/2014,1051.440000
10/21/2014,1060.540000
10/22/2014,1056.200000
10/23/2014,1061.760000
10/24/2014,1063.410000
10/27/2014,1063.980000
10/28/2014,1067.740000
10/29/2014,1067.290000
10/30/2014,1068.070000
10/31/2014,1069.600000
11/03/2014,1069.500000
11/04/2014,1069.420000
11/05/2014,1070.250000
11/06/2014,1070.340000
11/07/2014,1070.530000
11/10/2014,1070.790000
11/11/2014,1070.410000
11/12/2014,1070.580000
11/13/2014,1070.580000
11/14/2014,1070.540000
11/17/2014,1070.830000
11/18/2014,1070.400000
11/19/2014,1070.790000
11/20/2014,1070.940000
11/21/2014,1065.610000
11/24/2014,1067.770000
11/25/2014,1067.090000
11/26/2014,1069.370000
11/28/2014,1067.060000
12/01/2014,1062.930000
12/02/2014,1068.070000
12/03/2014,1070.480000
12/04/2014,1070.710000
12/05/2014,1072.180000
12/08/2014,1067.950000
12/09/2014,1068.020000
12/10/2014,1053.970000
12/11/2014,1058.430000
12/12/2014,1043.540000
12/15/2014,1037.550000
12/16/2014,1028.750000
12/17/2014,1049.790000
12/18/2014,1074.220000
12/19/2014,1077.890000
12/22/2014,1082.080000
12/23/2014,1083.290000
12/24/2014,1083.690000
12/26/2014,1085.700000
12/29/2014,1086.940000
12/30/2014,1085.370000
12/31/2014,1079.290000
01/02/2015,1081.210000
01/05/2015,1067.330000
01/06/2015,1058.810000
01/07/2015,1070.860000
01/08/2015,1085.290000
01/09/2015,1080.070000
01/12/2015,1072.780000
01/13/2015,1070.510000
01/14/2015,1064.610000
01/15/2015,1054.910000
01/16/2015,1065.570000
01/20/2015,1067.790000
01/21/2015,1070.610000
01/22/2015,1077.860000
01/23/2015,1076.900000
01/26/2015,1079.110000
01/27/2015,1073.360000
01/28/2015,1066.100000
01/29/2015,1072.310000
01/30/2015,1064.100000
02/02/2015,1073.600000
02/03/2015,1080.350000
02/04/2015,1079.320000
02/05/2015,1082.550000
02/06/2015,1081.930000
02/09/2015,1081.940000
02/10/2015,1084.970000
02/11/2015,1085.270000
02/12/2015,1087.140000
02/13/2015,1087.160000
02/17/2015,1087.250000
02/18/2015,1087.300000
02/19/2015,1087.060000
02/20/2015,1091.630000
02/23/2015,1092.510000
02/24/2015,1094.130000
02/25/2015,1094.280000
02/26/2015,1094.270000
02/27/2015,1093.680000
03/02/2015,1097.160000
03/03/2015,1094.880000
03/04/2015,1093.260000
03/05/2015,1094.260000
03/06/2015,1085.700000
03/09/2015,1089.480000
03/10/2015,1074.940000
03/11/2015,1073.260000
03/12/2015,1085.450000
03/13/2015,1080.510000
03/16/2015,1092.540000
03/17/2015,1090.130000
03/18/2015,1100.120000
03/19/2015,1098.890000
03/20/2015,1108.670000
03/23/2015,1108.600000
03/24/2015,1105.010000
03/25/2015,1092.930000
03/26/2015,1091.120000
03/27/2015,1093.950000
03/30/2015,1104.840000
03/31/2015,1097.550000
04/01/2015,1094.650000
04/02/2015,1098.220000
04/06/2015,1104.480000
04/07/2015,1103.410000
04/08/2015,1106.770000
04/09/2015,1111.420000
04/10/2015,1116.230000
04/13/2015,1112.520000
04/14/2015,1114.830000
04/15/2015,1119.910000
04/16/2015,1120.080000
04/17/2015,1109.110000
04/20/2015,1114.890000
04/21/2015,1114.310000
04/22/2015,1117.000000
04/23/2015,1117.690000
04/24/2015,1119.450000
04/27/2015,1118.090000
04/28/2015,1119.750000
04/29/2015,1118.550000
04/30/2015,1113.320000
05/01/2015,1119.950000
05/04/2015,1121.590000
05/05/2015,1116.390000
05/06/2015,1114.080000
05/07/2015,1116.630000
05/08/2015,1124.160000
05/11/2015,1123.540000
05/12/2015,1122.790000
05/13/2015,1124.180000
05/14/2015,1126.100000
05/15/2015,1124.970000
05/18/2015,1127.080000
05/19/2015,1127.200000
05/20/2015,1126.820000
05/21/2015,1129.030000
05/22/2015,1128.040000
05/26/2015,1121.480000
05/27/2015,1128.120000
05/28/2015,1127.570000
05/29/2015,1123.710000
06/01/2015,1125.990000
06/02/2015,1125.420000
06/03/2015,1127.490000
06/04/2015,1120.890000
06/05/2015,1120.770000
06/08/2015,1115.120000
06/09/2015,1116.060000
06/10/2015,1127.680000
06/11/2015,1129.840000
06/12/2015,1123.820000
06/15/2015,1119.310000
06/16/2015,1125.450000
06/17/2015,1128.190000
06/18/2015,1138.940000
06/19/2015,1134.690000
06/22/2015,1140.060000
06/23/2015,1141.160000
06/24/2015,1136.400000
06/25/2015,1134.500000
06/26/2015,1134.270000
06/29/2015,1115.680000
06/30/2015,1118.860000
07/01/2015,1126.170000
07/02/2015,1126.070000
07/06/2015,1123.510000
07/07/2015,1129.410000
07/08/2015,1112.220000
07/09/2015,1114.770000
07/10/2015,1128.260000
07/13/2015,1140.680000
07/14/2015,1145.510000
07/15/2015,1145.410000
07/16/2015,1152.040000
07/17/2015,1152.920000
07/20/2015,1153.550000
07/21/2015,1151.550000
07/22/2015,1151.090000
07/23/2015,1146.750000
07/24/2015,1137.460000
07/27/2015,1131.640000
07/28/2015,1144.440000
07/29/2015,1151.210000
07/30/2015,1152.020000
07/31/2015,1150.160000
08/03/2015,1148.660000
08/04/2015,1146.730000
08/05/2015,1150.170000
08/06/2015,1142.630000
08/07/2015,1140.140000
08/10/2015,1153.560000
08/11/2015,1143.950000
08/12/2015,1145.320000
08/13/2015,1144.390000
08/14/2015,1148.990000
08/17/2015,1155.200000
08/18/2015,1152.570000
08/19/2015,1143.240000
08/20/2015,1119.150000
08/21/2015,1088.530000
08/24/2015,1053.280000
08/25/2015,1043.100000
08/26/2015,1078.530000
08/27/2015,1097.020000
08/28/2015,1098.170000
08/31/2015,1094.460000
09/01/2015,1068.490000
09/02/2015,1088.440000
09/03/2015,1089.130000
09/04/2015,1075.100000
09/08/2015,1099.210000
09/09/2015,1086.740000
09/10/2015,1092.580000
09/11/2015,1098.100000
09/14/2015,1094.510000
09/15/2015,1107.110000
09/16/2015,1114.230000
09/17/2015,1115.810000
09/18/2015,1101.220000
09/21/2015,1106.250000
09/22/2015,1097.490000
09/23/2015,1097.470000
09/24/2015,1094.690000
09/25/2015,1094.980000
09/28/2015,1071.950000
09/29/2015,1074.110000
09/30/2015,1092.200000
10/01/2015,1094.500000
10/02/2015,1106.780000
10/05/2015,1118.980000
10/06/2015,1118.250000
10/07/2015,1123.040000
10/08/2015,1126.130000
10/09/2015,1127.740000
10/12/2015,1128.840000
10/13/2015,1127.850000
10/14/2015,1128.230000
10/15/2015,1129.700000
10/16/2015,1128.400000
10/19/2015,1129.150000
10/20/2015,1127.980000
10/21/2015,1123.970000
10/22/2015,1133.400000
10/23/2015,1137.430000
10/26/2015,1137.120000
10/27/2015,1135.940000
10/28/2015,1140.540000
10/29/2015,1140.510000
10/30/2015,1138.790000
11/02/2015,1143.180000
11/03/2015,1143.450000
11/04/2015,1142.300000
11/05/2015,1143.180000
11/06/2015,1144.090000
11/09/2015,1142.180000
11/10/2015,1143.300000
11/11/2015,1143.350000
11/12/2015,1138.750000
11/13/2015,1133.130000
11/16/2015,1143.660000
11/17/2015,1143.450000
11/18/2015,1146.560000
11/19/2015,1146.390000
11/20/2015,1145.640000
11/23/2015,1146.140000
11/24/2015,1146.920000
11/25/2015,1147.830000
11/27/2015,1148.390000
11/30/2015,1145.170000
12/01/2015,1153.240000
12/02/2015,1146.200000
12/03/2015,1133.670000
12/04/2015,1151.910000
12/07/2015,1146.790000
12/08/2015,1142.210000
12/09/2015,1134.800000
12/10/2015,1137.790000
12/11/2015,1117.330000
12/14/2015,1122.980000
12/15/2015,1134.520000
12/16/2015,1150.890000
12/17/2015,1135.220000
12/18/2015,1117.560000
12/21/2015,1124.920000
12/22/2015,1131.270000
12/23/2015,1136.960000
12/24/2015,1136.910000
12/28/2015,1137.030000
12/29/2015,1140.650000
12/30/2015,1139.220000
12/31/2015,1135.870000
01/04/2016,1127.400000
01/05/2016,1130.260000
01/06/2016,1121.810000
01/07/2016,1098.630000
01/08/2016,1087.650000
01/11/2016,1088.790000
01/12/2016,1097.380000
01/13/2016,1070.180000
01/14/2016,1088.070000
01/15/2016,1063.510000
01/19/2016,1065.660000
01/20/2016,1058.710000
01/21/2016,1062.610000
01/22/2016,1076.150000
01/25/2016,1068.250000
01/26/2016,1077.280000
01/27/2016,1071.350000
01/28/2016,1075.660000
01/29/2016,1087.550000
02/01/2016,1086.970000
02/02/2016,1080.090000
02/03/2016,1082.440000
02/04/2016,1083.810000
02/05/2016,1075.710000
02/08/2016,1067.280000
02/09/2016,1067.080000
02/10/2016,1069.010000
02/11/2016,1060.060000
02/12/2016,1078.210000
02/16/2016,1090.790000
02/17/2016,1094.620000
02/18/2016,1094.600000
02/19/2016,1098.000000
02/22/2016,1106.370000
02/23/2016,1099.240000
02/24/2016,1102.000000
02/25/2016,1108.200000
02/26/2016,1107.720000
02/29/2016,1105.600000
03/01/2016,1114.920000
03/02/2016,1116.450000
03/03/2016,1117.510000
03/04/2016,1117.740000
03/07/2016,1118.940000
03/08/2016,1116.960000
03/09/2016,1118.420000
03/10/2016,1118.940000
03/11/2016,1120.770000
03/14/2016,1120.730000
03/15/2016,1120.450000
03/16/2016,1120.260000
03/17/2016,1120.520000
03/18/2016,1120.210000
03/21/2016,1122.230000
03/22/2016,1121.380000
03/23/2016,1117.600000
03/24/2016,1117.980000
03/28/2016,1119.240000
03/29/2016,1125.590000
03/30/2016,1128.170000
03/31/2016,1127.390000
04/01/2016,1130.550000
04/04/2016,1130.190000
04/05/2016,1124.510000
04/06/2016,1131.090000
04/07/2016,1124.510000
04/08/2016,1128.170000
04/11/2016,1126.920000
04/12/2016,1134.310000
04/13/2016,1135.890000
04/14/2016,1136.090000
04/15/2016,1134.460000
04/18/2016,1138.680000
04/19/2016,1140.230000
04/20/2016,1140.680000
04/21/2016,1138.350000
04/22/2016,1139.210000
04/25/2016,1138.500000
04/26/2016,1139.610000
04/27/2016,1140.850000
04/28/2016,1135.110000
04/29/2016,1132.380000
05/02/2016,1138.950000
05/03/2016,1133.120000
05/04/2016,1128.530000
05/05/2016,1129.110000
05/06/2016,1132.800000
05/09/2016,1134.280000
05/10/2016,1143.940000
05/11/2016,1137.950000
05/12/2016,1138.400000
05/13/2016,1130.760000
05/16/2016,1141.310000
05/17/2016,1132.070000
05/18/2016,1132.650000
05/19/2016,1128.570000
05/20/2016,1136.980000
05/23/2016,1136.380000
05/24/2016,1144.500000
05/25/2016,1147.700000
05/26/2016,1148.070000
05/27/2016,1150.110000
05/31/2016,1150.230000
06/01/2016,1150.650000
06/02/2016,1151.950000
06/03/2016,1152.150000
06/06/2016,1153.040000
06/07/2016,1153.190000
06/08/2016,1154.130000
06/09/2016,1153.930000
06/10/2016,1152.590000
06/13/2016,1151.080000
06/14/2016,1152.120000
06/15/2016,1152.900000
06/16/2016,1154.320000
06/17/2016,1149.430000
06/20/2016,1153.780000
06/21/2016,1154.990000
06/22/2016,1151.890000
06/23/2016,1160.900000
06/24/2016,1139.510000
06/27/2016,1126.910000
06/28/2016,1144.470000
06/29/2016,1157.010000
06/30/2016,1163.510000
07/01/2016,1165.810000
07/05/2016,1164.450000
07/06/2016,1166.750000
07/07/2016,1167.280000
07/08/2016,1170.570000
07/11/2016,1170.910000
07/12/2016,1170.650000
07/13/2016,1170.870000
07/14/2016,1170.820000
07/15/2016,1164.860000
07/18/2016,1167.060000
07/19/2016,1166.780000
07/20/2016,1169.560000
07/21/2016,1167.240000
07/22/2016,1170.920000
07/25/2016,1169.100000
07/26/2016,1169.330000
07/27/2016,1169.130000
07/28/2016,1170.450000
07/29/2016,1172.740000
08/01/2016,1172.410000
08/02/2016,1167.920000
08/03/2016,1171.360000
08/04/2016,1171.910000
08/05/2016,1178.100000
08/08/2016,1178.250000
08/09/2016,1178.490000
08/10/2016,1177.700000
08/11/2016,1180.330000
08/12/2016,1181.160000
08/15/2016,1182.280000
08/16/2016,1180.960000
08/17/2016,1182.520000
08/18/2016,1183.390000
08/19/2016,1185.220000
08/22/2016,1185.140000
08/23/2016,1186.140000
08/24/2016,1182.230000
08/25/2016,1181.390000
08/26/2016,1180.930000
08/29/2016,1185.850000
08/30/2016,1185.190000
08/31/2016,1183.870000
09/01/2016,1184.030000
09/02/2016,1188.760000
09/06/2016,1191.200000
09/07/2016,1191.960000
09/08/2016,1191.130000
09/09/2016,1165.290000
09/12/2016,1182.150000
09/13/2016,1165.660000
09/14/2016,1165.210000
09/15/2016,1177.170000
09/16/2016,1172.740000
09/19/2016,1173.100000
09/20/2016,1173.190000
09/21/2016,1180.560000
09/22/2016,1184.730000
09/23/2016,1182.680000
09/26/2016,1177.530000
09/27/2016,1182.360000
09/28/2016,1185.350000
09/29/2016,1179.900000
09/30/2016,1184.830000
10/03/2016,1184.220000
10/04/2016,1182.180000
10/05/2016,1185.370000
10/06/2016,1186.260000
10/07/2016,1185.730000
10/10/2016,1188.670000
10/11/2016,1182.200000
10/12/2016,1183.570000
10/13/2016,1182.070000
10/14/2016,1183.480000
10/17/2016,1182.460000
10/18/2016,1188.260000
10/19/2016,1190.270000
10/20/2016,1191.750000
10/21/2016,1192.840000
10/24/2016,1196.670000
10/25/2016,1193.850000
10/26/2016,1192.500000
10/27/2016,1190.210000
10/28/2016,1187.640000
10/31/2016,1187.410000
11/01/2016,1182.220000
11/02/2016,1177.190000
11/03/2016,1172.840000
11/04/2016,1171.270000
11/07/2016,1190.220000
11/08/2016,1193.440000
11/09/2016,1203.400000
11/10/2016,1205.020000
11/11/2016,1206.250000
11/14/2016,1207.270000
11/15/2016,1208.990000
11/16/2016,1209.670000
11/17/2016,1210.070000
11/18/2016,1208.130000
11/21/2016,1213.230000
11/22/2016,1214.470000
11/23/2016,1215.230000
11/25/2016,1217.340000
11/28/2016,1214.850000
11/29/2016,1215.810000
11/30/2016,1214.790000
12/01/2016,1213.000000
12/02/2016,1213.880000
12/05/2016,1219.440000
12/06/2016,1221.640000
12/07/2016,1223.570000
12/08/2016,1223.810000
12/09/2016,1223.760000
12/12/2016,1223.870000
12/13/2016,1224.070000
12/14/2016,1223.980000
12/15/2016,1224.180000
12/16/2016,1219.760000
12/19/2016,1222.000000
12/20/2016,1224.290000
12/21/2016,1223.500000
12/22/2016,1222.830000
12/23/2016,1224.040000
12/27/2016,1226.040000
12/28/2016,1220.460000
12/29/2016,1220.240000
12/30/2016,1216.130000
01/03/2017,1225.160000
01/04/2017,1230.170000
01/05/2017,1230.210000
01/06/2017,1232.760000
01/09/2017,1231.820000
01/10/2017,1232.890000
01/11/2017,1234.980000
01/12/2017,1234.470000
01/13/2017,1236.520000
01/17/2017,1235.730000
01/18/2017,1237.540000
01/19/2017,1235.800000
01/20/2017,1239.320000
01/23/2017,1237.540000
01/24/2017,1242.250000
01/25/2017,1245.640000
01/26/2017,1245.750000
01/27/2017,1246.620000
01/30/2017,1243.470000
01/31/2017,1243.100000
02/01/2017,1244.500000
02/02/2017,1245.290000
02/03/2017,1249.680000
02/06/2017,1249.650000
02/07/2017,1250.300000
02/08/2017,1250.810000
02/09/2017,1252.470000
02/10/2017,1252.780000
02/13/2017,1253.130000
02/14/2017,1253.210000
02/15/2017,1253.600000
02/16/2017,1253.520000
02/17/2017,1257.300000
02/21/2017,1260.280000
02/22/2017,1259.820000
02/23/2017,1260.150000
02/24/2017,1261.740000
02/27/2017,1261.670000
02/28/2017,1260.360000
03/01/2017,1265.390000
03/02/2017,1265.200000
03/03/2017,1266.430000
03/06/2017,1266.020000
03/07/2017,1265.610000
03/08/2017,1265.090000
03/09/2017,1265.230000
03/10/2017,1266.520000
03/13/2017,1267.520000
03/14/2017,1267.220000
03/15/2017,1268.970000
03/16/2017,1269.520000
03/17/2017,1266.000000
03/20/2017,1265.050000
03/21/2017,1254.290000
03/22/2017,1255.990000
03/23/2017,1254.750000
03/24/2017,1254.330000
03/27/2017,1254.440000
03/28/2017,1261.990000
03/29/2017,1263.650000
03/30/2017,1266.610000
03/31/2017,1264.930000
04/03/2017,1263.930000
04/04/2017,1265.360000
04/05/2017,1262.120000
04/06/2017,1264.720000
04/07/2017,1264.270000
04/10/2017,1265.640000
04/11/2017,1264.350000
04/12/2017,1260.270000
04/13/2017,1251.920000
04/17/2017,1262.770000
04/18/2017,1259.180000
04/19/2017,1257.310000
04/20/2017,1266.840000
04/21/2017,1263.720000
04/24/2017,1273.570000
04/25/2017,1276.190000
04/26/2017,1276.390000
04/27/2017,1276.940000
04/28/2017,1276.480000
05/01/2017,1277.430000
05/02/2017,1278.320000
05/03/2017,1278.420000
05/04/2017,1278.600000
05/05/2017,1279.530000
05/08/2017,1281.370000
05/09/2017,1281.070000
05/10/2017,1281.520000
05/11/2017,1281.150000
05/12/2017,1282.030000
05/15/2017,1282.170000
05/16/2017,1282.480000
05/17/2017,1277.290000
05/18/2017,1282.100000
05/19/2017,1289.110000
05/22/2017,1293.470000
05/23/2017,1294.460000
05/24/2017,1296.790000
05/25/2017,1298.220000
05/26/2017,1299.020000
05/30/2017,1299.110000
05/31/2017,1299.250000
06/01/2017,1300.970000
06/02/2017,1302.640000
06/05/2017,1302.190000
06/06/2017,1301.800000
06/07/2017,1302.710000
06/08/2017,1303.100000
06/09/2017,1303.530000
06/12/2017,1303.120000
06/13/2017,1303.990000
06/14/2017,1304.590000
06/15/2017,1304.720000
06/16/2017,1303.240000
06/19/2017,1307.160000
06/20/2017,1303.420000
06/21/2017,1303.630000
06/22/2017,1304.240000
06/23/2017,1306.080000
06/26/2017,1306.890000
06/27/2017,1301.450000
06/28/2017,1307.650000
06/29/2017,1302.060000
06/30/2017,1303.810000
07/03/2017,1305.830000
07/05/2017,1307.520000
07/06/2017,1301.140000
07/07/2017,1307.280000
07/10/2017,1308.770000
07/11/2017,1308.770000
07/12/2017,1313.370000
07/13/2017,1313.990000
07/14/2017,1314.880000
07/17/2017,1315.310000
07/18/2017,1315.490000
07/19/2017,1316.190000
07/20/2017,1315.670000
07/21/2017,1319.840000
07/24/2017,1319.230000
07/25/2017,1321.530000
07/26/2017,1322.120000
07/27/2017,1321.560000
07/28/2017,1321.030000
07/31/2017,1321.060000
08/01/2017,1323.510000
08/02/2017,1324.370000
08/03/2017,1323.110000
08/04/2017,1325.050000
08/07/2017,1326.390000
08/08/2017,1324.650000
08/09/2017,1324.730000
08/10/2017,1310.860000
08/11/2017,1313.650000
08/14/2017,1324.580000
08/15/2017,1325.250000
08/16/2017,1327.540000
08/17/2017,1309.370000
08/18/2017,1309.100000
08/21/2017,1311.500000
08/22/2017,1318.200000
08/23/2017,1316.700000
08/24/2017,1315.650000
08/25/2017,1317.810000
08/28/2017,1319.200000
08/29/2017,1319.800000
08/30/2017,1322.430000
08/31/2017,1324.730000
09/01/2017,1325.750000
09/05/2017,1323.240000
09/06/2017,1324.880000
09/07/2017,1325.600000
09/08/2017,1324.880000
09/11/2017,1327.590000
09/12/2017,1327.510000
09/13/2017,1328.100000
09/14/2017,1327.640000
09/15/2017,1329.520000
09/18/2017,1330.370000
09/19/2017,1331.070000
09/20/2017,1331.900000
09/21/2017,1330.440000
09/22/2017,1331.870000
09/25/2017,1330.280000
09/26/2017,1330.400000
09/27/2017,1333.030000
09/28/2017,1334.660000
09/29/2017,1336.920000
10/02/2017,1338.220000
10/03/2017,1339.110000
10/04/2017,1338.990000
10/05/2017,1340.800000
10/06/2017,1341.210000
10/09/2017,1340.590000
10/10/2017,1340.520000
10/11/2017,1341.560000
10/12/2017,1341.570000
10/13/2017,1341.340000
10/16/2017,1341.540000
10/17/2017,1342.090000
10/18/2017,1342.220000
10/19/2017,1342.680000
10/20/2017,1343.170000
10/23/2017,1339.930000
10/24/2017,1341.020000
10/25/2017,1337.460000
10/26/2017,1338.850000
10/27/2017,1345.120000
10/30/2017,1343.990000
10/31/2017,1344.810000
11/01/2017,1346.020000
11/02/2017,1346.550000
11/03/2017,1348.840000
11/06/2017,1350.030000
11/07/2017,1349.990000
11/08/2017,1350.780000
11/09/2017,1349.050000
11/10/2017,1349.420000
11/13/2017,1350.890000
11/14/2017,1350.490000
11/15/2017,1347.880000
11/16/2017,1353.910000
11/17/2017,1353.830000
11/20/2017,1355.670000
11/21/2017,1360.100000
11/22/2017,1360.330000
11/24/2017,1361.500000
11/27/2017,1361.840000
11/28/2017,1364.340000
11/29/2017,1364.090000
11/30/2017,1365.320000
12/01/2017,1365.210000
12/04/2017,1365.300000
12/05/2017,1365.270000
12/06/2017,1365.970000
12/07/2017,1367.090000
12/08/2017,1368.010000
12/11/2017,1368.200000
12/12/2017,1368.020000
12/13/2017,1367.690000
12/14/2017,1368.250000
12/15/2017,1372.340000
12/18/2017,1373.820000
12/19/2017,1372.680000
12/20/2017,1373.040000
12/21/2017,1374.010000
12/22/2017,1373.300000
12/26/2017,1373.060000
12/27/2017,1374.990000
12/28/2017,1377.780000
12/29/2017,1374.250000
01/02/2018,1380.190000
01/03/2018,1382.220000
01/04/2018,1383.050000
01/05/2018,1384.480000
01/08/2018,1384.720000
01/09/2018,1383.890000
01/10/2018,1384.830000
01/11/2018,1385.450000
01/12/2018,1385.150000
01/16/2018,1384.860000
01/17/2018,1385.580000
01/18/2018,1385.070000
01/19/2018,1385.330000
01/22/2018,1388.970000
01/23/2018,1390.050000
01/24/2018,1389.460000
01/25/2018,1390.290000
01/26/2018,1394.340000
01/29/2018,1390.460000
01/30/2018,1385.820000
01/31/2018,1387.350000
02/01/2018,1388.500000
02/02/2018,1371.660000
02/05/2018,1318.550000
02/06/2018,1339.400000
02/07/2018,1336.220000
02/08/2018,1286.700000
02/09/2018,1306.340000
02/12/2018,1324.740000
02/13/2018,1328.400000
02/14/2018,1346.580000
02/15/2018,1363.200000
02/16/2018,1367.130000
02/20/2018,1363.850000
02/21/2018,1359.780000
02/22/2018,1362.070000
02/23/2018,1376.390000
02/26/2018,1382.750000
02/27/2018,1374.640000
02/28/2018,1367.680000
03/01/2018,1354.920000
03/02/2018,1361.710000
03/05/2018,1372.760000
03/06/2018,1376.330000
03/07/2018,1376.850000
03/08/2018,1381.300000
03/09/2018,1389.870000
03/12/2018,1389.770000
03/13/2018,1390.280000
03/14/2018,1388.440000
03/15/2018,1391.250000
03/16/2018,1394.470000
03/19/2018,1381.630000
03/20/2018,1383.300000
03/21/2018,1382.650000
03/22/2018,1353.420000
03/23/2018,1326.970000
03/26/2018,1360.390000
03/27/2018,1339.050000
03/28/2018,1335.470000
03/29/2018,1352.790000
04/02/2018,1324.570000
04/03/2018,1341.220000
04/04/2018,1356.070000
04/05/2018,1365.690000
04/06/2018,1337.000000
04/09/2018,1341.940000
04/10/2018,1363.700000
04/11/2018,1356.860000
04/12/2018,1368.270000
04/13/2018,1364.710000
04/16/2018,1375.790000
04/17/2018,1390.340000
04/18/2018,1391.700000
04/19/2018,1383.990000
04/20/2018,1372.440000
04/23/2018,1373.640000
04/24/2018,1362.020000
04/25/2018,1363.580000
04/26/2018,1373.810000
04/27/2018,1376.430000
04/30/2018,1370.820000
05/01/2018,1373.870000
05/02/2018,1367.320000
05/03/2018,1365.630000
05/04/2018,1379.440000
05/07/2018,1383.250000
05/08/2018,1383.520000
05/09/2018,1390.980000
05/10/2018,1395.250000
05/11/2018,1396.140000
05/14/2018,1396.290000
05/15/2018,1395.820000
05/16/2018,1397.490000
05/17/2018,1397.860000
05/18/2018,1396.920000
05/21/2018,1402.240000
05/22/2018,1400.640000
05/23/2018,1404.020000
05/24/2018,1403.660000
05/25/2018,1402.430000
05/29/2018,1392.190000
05/30/2018,1403.430000
05/31/2018,1399.500000
06/01/2018,1407.710000
06/04/2018,1410.110000
06/05/2018,1410.660000
06/06/2018,1413.130000
06/07/2018,1413.290000
06/08/2018,1414.190000
06/11/2018,1414.650000
06/12/2018,1415.130000
06/13/2018,1415.100000
06/14/2018,1415.360000
06/15/2018,1414.600000
06/18/2018,1414.240000
06/19/2018,1410.980000
06/20/2018,1412.890000
06/21/2018,1407.430000
06/22/2018,1410.010000
06/25/2018,1396.190000
06/26/2018,1398.790000
06/27/2018,1389.240000
06/28/2018,1396.300000
06/29/2018,1398.710000
07/02/2018,1402.640000
07/03/2018,1396.820000
07/05/2018,1407.470000
07/06/2018,1417.040000
07/09/2018,1424.910000
07/10/2018,1427.070000
07/11/2018,1423.190000
07/12/2018,1428.810000
07/13/2018,1429.930000
07/16/2018,1429.960000
07/17/2018,1431.100000
07/18/2018,1431.940000
07/19/2018,1432.380000
07/20/2018,1433.250000
07/23/2018,1435.240000
07/24/2018,1438.390000
07/25/2018,1442.460000
07/26/2018,1441.620000
07/27/2018,1439.420000
07/30/2018,1435.190000
07/31/2018,1439.650000
08/01/2018,1439.430000
08/02/2018,1443.480000
08/03/2018,1446.400000
08/06/2018,1448.040000
08/07/2018,1448.900000
08/08/2018,1449.560000
08/09/2018,1450.160000
08/10/2018,1447.190000
08/13/2018,1445.820000
08/14/2018,1449.910000
08/15/2018,1447.990000
08/16/2018,1451.280000
08/17/2018,1455.530000
08/20/2018,1457.820000
08/21/2018,1459.020000
08/22/2018,1459.500000
08/23/2018,1458.690000
08/24/2018,1462.390000
08/27/2018,1465.380000
08/28/2018,1465.150000
08/29/2018,1467.620000
08/30/2018,1465.630000
08/31/2018,1466.940000
09/04/2018,1466.690000
09/05/2018,1466.300000
09/06/2018,1464.280000
09/07/2018,1464.440000
09/10/2018,1466.900000
09/11/2018,1469.230000
09/12/2018,1470.170000
09/13/2018,1471.680000
09/14/2018,1471.930000
09/17/2018,1470.770000
09/18/2018,1471.820000
09/19/2018,1472.160000
09/20/2018,1472.620000
09/21/2018,1469.160000
09/24/2018,1466.780000
09/25/2018,1466.000000
09/26/2018,1462.820000
09/27/2018,1466.700000
09/28/2018,1467.410000
10/01/2018,1471.370000
10/02/2018,1471.320000
10/03/2018,1472.170000
10/04/2018,1463.710000
10/05/2018,1457.840000
10/08/2018,1457.920000
10/09/2018,1456.680000
10/10/2018,1409.790000
10/11/2018,1380.800000
10/12/2018,1400.690000
10/15/2018,1392.500000
10/16/2018,1422.420000
10/17/2018,1422.140000
10/18/2018,1401.860000
10/19/2018,1403.520000
10/22/2018,1401.580000
10/23/2018,1395.980000
10/24/2018,1359.960000
10/25/2018,1381.620000
10/26/2018,1361.370000
10/29/2018,1354.000000
10/30/2018,1373.290000
10/31/2018,1387.310000
11/01/2018,1400.920000
11/02/2018,1394.670000
11/05/2018,1401.770000
11/06/2018,1408.430000
11/07/2018,1428.010000
11/08/2018,1428.260000
11/09/2018,1422.740000
11/12/2018,1400.500000
11/13/2018,1398.980000
11/14/2018,1389.050000
11/15/2018,1404.230000
11/16/2018,1406.650000
11/19/2018,1393.750000
11/20/2018,1376.300000
11/21/2018,1381.580000
11/23/2018,1374.630000
11/26/2018,1393.530000
11/27/2018,1396.220000
11/28/2018,1413.310100
11/29/2018,1411.980000
11/30/2018,1418.430100
12/04/2018,1402.760000
12/06/2018,1403.910000
12/07/2018,1379.030000
12/10/2018,1383.500000
12/11/2018,1383.420000
12/12/2018,1390.470000
12/13/2018,1391.580000
12/14/2018,1366.500000
12/17/2018,1338.439900
12/18/2018,1338.680100
12/19/2018,1318.310100
12/20/2018,1297.560100
12/21/2018,1276.550000
12/24/2018,1249.220000
12/26/2018,1292.300000
12/27/2018,1296.960000
12/28/2018,1299.569900
12/31/2018,1308.760000
01/02/2019,1315.620000
01/03/2019,1299.040000
01/04/2019,1322.290000
01/07/2019,1326.189900
01/08/2019,1329.590000
01/09/2019,1331.210000
01/10/2019,1333.030000
01/11/2019,1334.060100
01/14/2019,1334.939900
01/15/2019,1334.510000
01/16/2019,1334.920000
01/17/2019,1334.930100
01/18/2019,1341.200000
01/22/2019,1329.760000
01/23/2019,1332.470000
01/24/2019,1336.030000
01/25/2019,1342.860000
01/28/2019,1337.080000
01/29/2019,1336.150000
01/30/2019,1347.850000
01/31/2019,1353.660000
02/01/2019,1355.800000
02/04/2019,1359.319900
02/05/2019,1360.780000
02/06/2019,1360.410000
02/07/2019,1358.720000
02/08/2019,1359.890000
02/11/2019,1361.070000
02/12/2019,1362.970000
02/13/2019,1363.370000
02/14/2019,1363.710000
02/15/2019,1364.890000
02/19/2019,1367.090000
02/20/2019,1369.300000
02/21/2019,1367.960000
02/22/2019,1372.290000
02/25/2019,1373.050000
02/26/2019,1373.060000
02/27/2019,1373.660000
02/28/2019,1373.080000
03/01/2019,1377.550000
03/04/2019,1376.270000
03/05/2019,1376.610000
03/06/2019,1373.080000
03/07/2019,1367.520000
03/08/2019,1367.520000
03/11/2019,1379.890000
03/12/2019,1381.930000
03/13/2019,1383.630000
03/14/2019,1384.230000
03/15/2019,1390.320000
03/18/2019,1392.340000
03/19/2019,1391.700000
03/20/2019,1390.400000
03/21/2019,1395.600000
03/22/2019,1381.240000
03/25/2019,1382.470000
03/26/2019,1389.790000
03/27/2019,1386.860000
03/28/2019,1391.040000
03/29/2019,1397.300000
04/01/2019,1402.880000
04/02/2019,1403.510000
04/03/2019,1404.390000
04/04/2019,1405.660000
04/05/2019,1407.420000
04/08/2019,1408.260000
04/09/2019,1406.560000
04/10/2019,1408.060000
04/11/2019,1408.930000
04/12/2019,1409.470000
04/15/2019,1409.890000
04/16/2019,1409.680000
04/17/2019,1410.420000
04/18/2019,1409.590000
04/22/2019,1411.150000
04/23/2019,1415.670000
04/24/2019,1414.130000
04/25/2019,1414.680000
04/26/2019,1417.500000
04/29/2019,1418.280000
04/30/2019,1419.180000
05/01/2019,1415.480000
05/02/2019,1415.140000
05/03/2019,1421.010000
05/06/2019,1417.700000
05/07/2019,1403.650000
05/08/2019,1403.110000
05/09/2019,1402.150000
05/10/2019,1408.940000
05/13/2019,1382.320000
05/14/2019,1393.780000
05/15/2019,1402.330000
05/16/2019,1415.180000
05/17/2019,1410.150000
05/20/2019,1405.160000
05/21/2019,1413.650000
05/22/2019,1412.560000
05/23/2019,1400.660000
05/24/2019,1403.150000
05/28/2019,1394.710000
05/29/2019,1386.950000
05/30/2019,1390.250000
05/31/2019,1373.660000
06/03/2019,1370.250000
06/04/2019,1397.730000
06/05/2019,1407.660000
06/06/2019,1414.640000
06/07/2019,1423.920000
06/10/2019,1428.470000
06/11/2019,1428.910000
06/12/2019,1428.750000
06/13/2019,1432.580000
06/14/2019,1432.770000
06/17/2019,1435.530000
06/18/2019,1439.260000
06/19/2019,1441.900000
06/20/2019,1442.570000
06/21/2019,1441.330000
06/24/2019,1441.080000
06/25/2019,1433.390000
06/26/2019,1432.940000
06/27/2019,1437.590000
06/28/2019,1443.130000
07/01/2019,1451.700000
07/02/2019,1455.460000
07/03/2019,1459.560000
07/08/2019,1458.470000
07/09/2019,1459.540000
07/10/2019,1462.130000
07/11/2019,1463.100000
07/12/2019,1464.160000
07/15/2019,1464.450000
07/16/2019,1464.760000
07/17/2019,1464.770000
07/18/2019,1465.610000
07/19/2019,1454.370000
07/22/2019,1458.480000
07/23/2019,1464.090000
07/24/2019,1467.420000
07/25/2019,1463.690000
07/26/2019,1468.980000
07/29/2019,1469.680000
07/30/2019,1466.280000
07/31/2019,1458.360000
08/01/2019,1449.060000
08/02/2019,1442.560000
08/05/2019,1402.030000
08/06/2019,1420.390000
08/07/2019,1421.620000
08/08/2019,1447.750000
08/09/2019,1439.240000
08/12/2019,1422.010000
08/13/2019,1443.500000
08/14/2019,1401.800000
08/15/2019,1405.520000
08/16/2019,1425.800000
08/19/2019,1436.890000
08/20/2019,1431.890000
08/21/2019,1438.660000
08/22/2019,1438.310000
08/23/2019,1416.670000
08/26/2019,1427.460000
08/27/2019,1425.290000
08/28/2019,1432.010000
08/29/2019,1441.070000
08/30/2019,1441.790000
09/03/2019,1438.870000
09/04/2019,1447.190000
09/05/2019,1453.420000
09/06/2019,1455.040000
09/09/2019,1455.770000
09/10/2019,1457.360000
09/11/2019,1458.110000
09/12/2019,1458.260000
09/13/2019,1459.250000
09/16/2019,1459.480000
09/17/2019,1459.730000
09/18/2019,1459.680000
09/19/2019,1460.100000
09/20/2019,1451.690000
09/23/2019,1453.190000
09/24/2019,1444.520000
09/25/2019,1451.460000
09/26/2019,1450.010000
09/27/2019,1444.420000
09/30/2019,1451.160000
10/01/2019,1437.740000
10/02/2019,1414.280000
10/03/2019,1425.820000
10/04/2019,1443.790000
10/07/2019,1439.490000
10/08/2019,1418.060000
10/09/2019,1431.240000
10/10/2019,1439.730000
10/11/2019,1454.430000
10/14/2019,1454.480000
10/15/2019,1467.410000
10/16/2019,1465.970000
10/17/2019,1470.610000
10/18/2019,1465.420000
10/21/2019,1471.310000
10/22/2019,1469.080000
10/23/2019,1471.880000
10/24/2019,1474.430000
10/25/2019,1478.080000
10/28/2019,1480.400000
10/29/2019,1480.130000
10/30/2019,1482.360000
10/31/2019,1481.110000
11/01/2019,1485.410000
11/04/2019,1486.180000
11/05/2019,1486.210000
11/06/2019,1487.570000
11/07/2019,1488.180000
11/08/2019,1488.930000
11/11/2019,1488.920000
11/12/2019,1488.790000
11/13/2019,1488.820000
11/14/2019,1488.880000
11/15/2019,1492.860000
11/18/2019,1493.550000
11/19/2019,1492.940000
11/20/2019,1491.480000
11/21/2019,1490.200000
11/22/2019,1492.890000
11/25/2019,1499.040000
11/26/2019,1501.160000
11/27/2019,1502.390000
11/29/2019,1500.230000
12/02/2019,1494.330000
12/03/2019,1489.010000
12/04/2019,1494.710000
12/05/2019,1497.220000
12/06/2019,1503.760000
12/09/2019,1501.920000
12/10/2019,1501.880000
12/11/2019,1504.260000
12/12/2019,1509.060000
12/13/2019,1510.240000
12/16/2019,1511.520000
12/17/2019,1512.970000
12/18/2019,1512.330000
12/19/2019,1513.300000
12/20/2019,1509.430000
12/23/2019,1510.770000
12/24/2019,1510.890000
12/26/2019,1514.550000
12/27/2019,1513.840000
12/30/2019,1509.930000
12/31/2019,1514.000000
01/02/2020,1520.050000
01/03/2020,1515.050000
01/06/2020,1519.140000
01/07/2020,1518.580000
01/08/2020,1520.870000
01/09/2020,1524.780000
01/10/2020,1524.780000
01/13/2020,1526.930000
01/14/2020,1527.250000
01/15/2020,1527.250000
01/16/2020,1527.320000
01/17/2020,1528.700000
01/21/2020,1525.810000
01/22/2020,1526.620000
01/23/2020,1527.750000
01/24/2020,1519.250000
01/27/2020,1502.490000
01/28/2020,1513.710000
01/29/2020,1513.260000
01/30/2020,1517.770000
01/31/2020,1496.900000
02/03/2020,1507.010000
02/04/2020,1523.820000
02/05/2020,1533.710000
02/06/2020,1537.200000
02/07/2020,1533.780000
02/10/2020,1539.770000
02/11/2020,1540.910000
02/12/2020,1544.990000
02/13/2020,1544.260000
02/14/2020,1546.430000
02/18/2020,1546.540000
02/19/2020,1548.120000
02/20/2020,1548.810000
02/21/2020,1541.170000
02/24/2020,1504.010000
02/25/2020,1463.510000
02/26/2020,1458.350000
02/27/2020,1395.150000
02/28/2020,1383.790000
03/02/2020,1447.530000
03/03/2020,1407.090000
03/04/2020,1465.830000
03/05/2020,1417.040000
03/06/2020,1393.210000
03/09/2020,1287.600000
03/10/2020,1350.320000
03/11/2020,1285.340000
03/12/2020,1162.400000
03/13/2020,1271.660000
03/16/2020,1117.130000
03/17/2020,1177.250000
03/18/2020,1125.110000
03/19/2020,1130.500000
03/20/2020,1097.420000
03/23/2020,1080.180000
03/24/2020,1138.400000
03/25/2020,1136.670000
03/26/2020,1168.030000
03/27/2020,1152.050000
03/30/2020,1176.590000
03/31/2020,1177.550000
04/01/2020,1157.420000
04/02/2020,1174.740000
04/03/2020,1173.950000
04/06/2020,1200.130000
04/07/2020,1198.120000
04/08/2020,1206.100000
04/09/2020,1208.040000
04/13/2020,1209.010000
04/14/2020,1209.340000
04/15/2020,1208.620000
04/16/2020,1209.900000
04/17/2020,1211.050000
04/20/2020,1198.340000
04/21/2020,1177.420000
04/22/2020,1197.090000
04/23/2020,1199.580000
04/24/2020,1213.900000
04/27/2020,1225.730000
04/28/2020,1222.320000
04/29/2020,1235.970000
04/30/2020,1232.200000
05/01/2020,1216.630000
05/04/2020,1224.030000
05/05/2020,1231.260000
05/06/2020,1228.600000
05/07/2020,1237.530000
05/08/2020,1247.140000
05/11/2020,1249.130000
05/12/2020,1243.140000
05/13/2020,1234.710000
05/14/2020,1247.220000
05/15/2020,1255.220000
05/18/2020,1272.130000
05/19/2020,1267.500000
05/20/2020,1276.190000
05/21/2020,1273.020000
05/22/2020,1275.500000
05/26/2020,1280.850000
05/27/2020,1284.870000
05/28/2020,1283.340000
05/29/2020,1286.790000
06/01/2020,1287.680000
06/02/2020,1289.590000
06/03/2020,1292.080000
06/04/2020,1292.590000
06/05/2020,1294.810000
06/08/2020,1294.640000
06/09/2020,1293.320000
06/10/2020,1294.880000
06/11/2020,1283.910000
06/12/2020,1291.490000
06/15/2020,1293.240000
06/16/2020,1293.830000
06/17/2020,1295.410000
06/18/2020,1295.070000
06/19/2020,1272.420000
06/22/2020,1279.890000
06/23/2020,1283.420000
06/24/2020,1264.110000
06/25/2020,1275.620000
06/26/2020,1254.550000
06/29/2020,1271.870000
06/30/2020,1285.220000
07/01/2020,1290.970000
07/02/2020,1294.050000
07/06/2020,1305.560000
07/07/2020,1299.910000
07/08/2020,1306.100000
07/09/2020,1304.360000
07/10/2020,1311.490000
07/13/2020,1307.210000
07/14/2020,1315.080000
07/15/2020,1318.030000
07/16/2020,1318.810000
07/17/2020,1317.240000
07/20/2020,1324.500000
07/21/2020,1325.010000
07/22/2020,1329.180000
07/23/2020,1321.770000
07/24/2020,1319.580000
07/27/2020,1326.830000
07/28/2020,1322.560000
07/29/2020,1331.410000
07/30/2020,1329.040000
07/31/2020,1334.720000
08/03/2020,1338.680000
08/04/2020,1340.800000
08/05/2020,1344.120000
08/06/2020,1346.200000
08/07/2020,1347.460000
08/10/2020,1348.250000
08/11/2020,1346.250000
08/12/2020,1350.600000
08/13/2020,1350.080000
08/14/2020,1351.560000
08/17/2020,1351.550000
08/18/2020,1352.170000
08/19/2020,1351.990000
08/20/2020,1352.310000
08/21/2020,1355.140000
08/24/2020,1361.210000
08/25/2020,1363.460000
08/26/2020,1365.950000
08/27/2020,1365.760000
08/28/2020,1369.810000
08/31/2020,1369.310000
09/01/2020,1370.610000
09/02/2020,1374.250000
09/03/2020,1359.950000
09/04/2020,1358.420000
09/08/2020,1341.220000
09/09/2020,1359.350000
09/10/2020,1347.180000
09/11/2020,1351.020000
09/14/2020,1365.330000
09/15/2020,1371.200000
09/16/2020,1370.450000
09/17/2020,1365.290000
09/18/2020,1354.180000
09/21/2020,1345.650000
09/22/2020,1354.820000
09/23/2020,1334.490000
09/24/2020,1338.400000
09/25/2020,1353.960000
09/28/2020,1365.230000
09/29/2020,1362.330000
09/30/2020,1369.030000
10/01/2020,1371.780000
10/02/2020,1367.470000
10/05/2020,1379.950000
10/06/2020,1374.040000
10/07/2020,1383.840000
10/08/2020,1388.430000
10/09/2020,1390.370000
10/12/2020,1390.740000
10/13/2020,1390.850000
10/14/2020,1390.390000
10/15/2020,1390.350000
10/19/2020,1376.160000
10/20/2020,1380.150000
10/21/2020,1379.480000
10/22/2020,1384.860000
10/23/2020,1389.070000
10/26/2020,1369.430000
10/27/2020,1367.840000
10/28/2020,1327.480000
10/29/2020,1343.510000
10/30/2020,1319.180000
11/02/2020,1345.810000
11/03/2020,1365.270000
11/04/2020,1390.450000
11/05/2020,1407.670000
11/06/2020,1411.450000
11/09/2020,1421.430000
11/10/2020,1419.700000
11/11/2020,1426.540000
11/12/2020,1421.470000
11/13/2020,1429.200000
11/16/2020,1432.640000
11/17/2020,1433.390000
11/18/2020,1433.480000
11/19/2020,1435.100000
11/20/2020,1429.260000
11/23/2020,1435.990000
11/24/2020,1445.590000
11/25/2020,1446.050000
11/27/2020,1447.300000
11/30/2020,1446.620000
12/01/2020,1452.340000
12/02/2020,1454.270000
12/03/2020,1453.180000
12/04/2020,1457.320000
12/07/2020,1459.040000
12/08/2020,1460.710000
12/09/2020,1460.080000
12/10/2020,1459.670000
12/11/2020,1460.100000
12/14/2020,1460.400000
12/15/2020,1462.480000
12/16/2020,1463.880000
12/17/2020,1463.450000
12/18/2020,1455.500000
12/21/2020,1450.650000
12/22/2020,1453.340000
12/23/2020,1455.860000
12/24/2020,1460.620000
12/28/2020,1467.750000
12/29/2020,1465.240000
12/30/2020,1467.770000
12/31/2020,1472.290000
01/04/2021,1462.370000
01/05/2021,1469.620000
01/06/2021,1471.940000
01/07/2021,1481.700000
01/08/2021,1483.350000
01/11/2021,1482.940000
01/12/2021,1484.960000
01/13/2021,1485.670000
01/14/2021,1484.780000
01/15/2021,1483.070000
01/19/2021,1491.250000
01/20/2021,1498.940000
01/21/2021,1499.600000
01/22/2021,1499.520000
01/25/2021,1500.850000
01/26/2021,1500.180000
01/27/2021,1475.760000
01/28/2021,1487.590000
01/29/2021,1473.910000
02/01/2021,1490.510000
02/02/2021,1501.730000
02/03/2021,1504.390000
02/04/2021,1511.770000
02/05/2021,1513.080000
02/08/2021,1516.530000
02/09/2021,1515.300000
02/10/2021,1515.540000
02/11/2021,1516.850000
02/12/2021,1518.100000
02/16/2021,1519.270000
02/17/2021,1518.560000
02/18/2021,1519.000000
02/19/2021,1514.040000
02/22/2021,1507.280000
02/23/2021,1509.700000
02/24/2021,1520.650000
02/25/2021,1492.050000
02/26/2021,1489.200000
03/01/2021,1517.840000
03/02/2021,1509.790000
03/03/2021,1495.370000
03/04/2021,1479.050000
03/05/2021,1504.440000
03/08/2021,1498.070000
03/09/2021,1515.240000
03/10/2021,1523.770000
03/11/2021,1533.800000
03/12/2021,1536.880000
03/15/2021,1542.760000
03/16/2021,1542.080000
03/17/2021,1544.740000
03/18/2021,1538.410000
03/19/2021,1542.320000
03/22/2021,1549.710000
03/23/2021,1543.560000
03/24/2021,1539.250000
03/25/2021,1544.980000
03/26/2021,1556.200000
03/29/2021,1554.680000
03/30/2021,1555.290000
03/31/2021,1556.710000
04/01/2021,1564.260000
04/05/2021,1568.240000
04/06/2021,1567.260000
04/07/2021,1568.280000
04/08/2021,1568.410000
04/09/2021,1570.060000
04/12/2021,1569.500000
04/13/2021,1569.300000
04/14/2021,1568.930000
04/15/2021,1570.470000
04/16/2021,1566.620000
04/19/2021,1561.390000
04/20/2021,1555.690000
04/21/2021,1564.720000
04/22/2021,1556.140000
04/23/2021,1567.050000
04/26/2021,1569.100000
04/27/2021,1569.850000
04/28/2021,1569.600000
04/29/2021,1574.740000
04/30/2021,1569.390000
05/03/2021,1573.710000
05/04/2021,1568.270000
05/05/2021,1570.270000
05/06/2021,1577.510000
05/07/2021,1583.440000
05/10/2021,1576.030000
05/11/2021,1568.730000
05/12/2021,1542.740000
05/13/2021,1560.750000
05/14/2021,1579.160000
05/17/2021,1578.610000
05/18/2021,1569.930000
05/19/2021,1566.870000
05/20/2021,1583.220000
05/21/2021,1583.790000
05/24/2021,1594.240000
05/25/2021,1592.860000
05/26/2021,1596.280000
05/27/2021,1598.930000
05/28/2021,1599.800000
06/01/2021,1600.310000
06/02/2021,1602.620000
06/03/2021,1600.590000
06/04/2021,1607.440000
06/07/2021,1608.590000
06/08/2021,1608.410000
06/09/2021,1606.910000
06/10/2021,1611.690000
06/11/2021,1613.470000
06/14/2021,1613.510000
06/15/2021,1613.270000
06/16/2021,1612.210000
06/17/2021,1614.520000
06/18/2021,1610.000000
06/21/2021,1623.290000
06/22/2021,1628.050000
06/23/2021,1627.840000
06/24/2021,1631.040000
06/25/2021,1632.970000
06/28/2021,1634.480000
06/29/2021,1634.470000
06/30/2021,1635.770000
07/01/2021,1636.450000
07/02/2021,1638.350000
07/06/2021,1638.170000
07/07/2021,1638.420000
07/08/2021,1635.850000
07/09/2021,1640.280000
07/12/2021,1640.020000
07/13/2021,1639.370000
07/14/2021,1639.540000
07/15/2021,1641.000000
07/16/2021,1626.330000
07/19/2021,1608.910000
07/20/2021,1625.930000
07/21/2021,1634.750000
07/22/2021,1636.680000
07/23/2021,1643.950000
07/26/2021,1645.530000
07/27/2021,1642.020000
07/28/2021,1643.720000
07/29/2021,1647.230000
07/30/2021,1643.920000
08/02/2021,1643.700000
08/03/2021,1650.300000
08/04/2021,1648.950000
08/05/2021,1652.440000
08/06/2021,1655.140000
08/09/2021,1655.640000
08/10/2021,1656.070000
08/11/2021,1657.950000
08/12/2021,1659.150000
08/13/2021,1659.530000
08/16/2021,1660.120000
08/17/2021,1659.090000
08/18/2021,1656.410000
08/19/2021,1659.580000
08/20/2021,1671.530000
08/23/2021,1679.410000
08/24/2021,1680.460000
08/25/2021,1682.040000
08/26/2021,1677.960000
08/27/2021,1685.320000
08/30/2021,1687.790000
08/31/2021,1686.970000
09/01/2021,1688.070000
09/02/2021,1689.030000
09/03/2021,1689.640000
09/07/2021,1689.370000
09/08/2021,1689.880000
09/09/2021,1688.350000
09/10/2021,1683.310000
09/13/2021,1688.240000
09/14/2021,1687.060000
09/15/2021,1692.960000
09/16/2021,1693.950000
09/17/2021,1684.640000
09/20/2021,1665.680000
09/21/2021,1666.260000
09/22/2021,1679.370000
09/23/2021,1692.600000
09/24/2021,1695.120000
09/27/2021,1694.180000
09/28/2021,1669.670000
09/29/2021,1673.280000
09/30/2021,1657.930000
10/01/2021,1674.770000
10/04/2021,1656.620000
10/05/2021,1673.220000
10/06/2021,1679.180000
10/07/2021,1691.300000
10/08/2021,1690.970000
10/11/2021,1681.910000
10/12/2021,1678.480000
10/13/2021,1683.790000
10/14/2021,1710.980000
10/15/2021,1716.250000
10/18/2021,1719.830000
10/19/2021,1725.100000
10/20/2021,1727.400000
10/21/2021,1729.790000
10/22/2021,1728.990000
10/25/2021,1731.640000
10/26/2021,1732.270000
10/27/2021,1728.790000
10/28/2021,1734.450000
10/29/2021,1735.300000
11/01/2021,1736.540000
11/02/2021,1737.800000
11/03/2021,1740.440000
11/04/2021,1741.080000
11/05/2021,1741.800000
11/08/2021,1742.670000
11/09/2021,1742.080000
11/10/2021,1741.320000
11/11/2021,1742.880000
11/12/2021,1743.430000
11/15/2021,1743.760000
11/16/2021,1743.510000
11/17/2021,1743.780000
11/18/2021,1744.010000
11/19/2021,1741.770000
11/22/2021,1738.020000
11/23/2021,1740.790000
11/24/2021,1744.230000
11/26/2021,1714.350000
11/29/2021,1734.710000
11/30/2021,1709.320000
12/01/2021,1691.480000
12/02/2021,1713.120000
12/03/2021,1702.410000
12/06/2021,1721.100000
12/07/2021,1747.450000
12/08/2021,1753.320000
12/09/2021,1745.910000
12/10/2021,1758.180000
12/13/2021,1749.400000
12/14/2021,1740.390000
12/15/2021,1762.880000
12/16/2021,1754.700000
12/17/2021,1741.020000
12/20/2021,1729.360000
12/21/2021,1747.920000
12/22/2021,1759.560000
12/23/2021,1764.970000
12/27/2021,1772.600000
12/28/2021,1772.470000
12/29/2021,1774.720000
12/30/2021,1773.520000
12/31/2021,1773.720000
01/03/2022,1778.590000
01/04/2022,1778.630000
01/05/2022,1767.150000
01/06/2022,1768.300000
01/07/2022,1768.790000
01/10/2022,1768.320000
01/11/2022,1775.540000
01/12/2022,1777.900000
01/13/2022,1768.180000
01/14/2022,1772.720000
01/18/2022,1752.310000
01/19/2022,1738.140000
01/20/2022,1719.350000
01/21/2022,1694.220000
01/24/2022,1698.080000
01/25/2022,1684.870000
01/26/2022,1684.720000
01/27/2022,1679.360000
01/28/2022,1709.140000
01/31/2022,1729.580000
02/01/2022,1738.620000
02/02/2022,1745.220000
02/03/2022,1723.810000
02/04/2022,1732.880000
02/07/2022,1733.170000
02/08/2022,1742.030000
02/09/2022,1750.540000
02/10/2022,1738.280000
02/11/2022,1721.380000
02/14/2022,1720.300000
02/15/2022,1741.970000
02/16/2022,1746.510000
02/17/2022,1717.890000
02/18/2022,1705.910000
02/22/2022,1698.770000
02/23/2022,1679.280000
02/24/2022,1698.400000
02/25/2022,1719.570000
02/28/2022,1717.770000
03/01/2022,1700.050000
03/02/2022,1721.250000
03/03/2022,1717.960000
03/04/2022,1711.960000
03/07/2022,1679.330000
03/08/2022,1671.340000
03/09/2022,1706.200000
03/10/2022,1704.680000
03/11/2022,1687.520000
03/14/2022,1677.390000
03/15/2022,1711.080000
03/16/2022,1742.270000
03/17/2022,1752.760000
03/18/2022,1769.510000
03/21/2022,1770.540000
03/22/2022,1778.300000
03/23/2022,1772.300000
03/24/2022,1782.700000
03/25/2022,1786.200000
03/28/2022,1791.910000
03/29/2022,1795.140000
03/30/2022,1795.830000
03/31/2022,1788.310000
04/01/2022,1795.410000
04/04/2022,1798.230000
04/05/2022,1794.070000
04/06/2022,1791.520000
04/07/2022,1793.710000
04/08/2022,1794.920000
04/11/2022,1786.660000
04/12/2022,1788.070000
04/13/2022,1799.890000
04/14/2022,1781.000000
04/18/2022,1782.840000
04/19/2022,1798.070000
04/20/2022,1798.210000
04/21/2022,1785.140000
04/22/2022,1750.630000
04/25/2022,1760.030000
04/26/2022,1719.200000
04/27/2022,1723.500000
04/28/2022,1757.980000
04/29/2022,1703.870000
05/02/2022,1713.490000
05/03/2022,1722.400000
05/04/2022,1767.990000
05/05/2022,1712.240000
05/06/2022,1703.630000
05/09/2022,1649.980000
05/10/2022,1654.260000
05/11/2022,1627.210000
05/12/2022,1625.690000
05/13/2022,1664.730000
05/16/2022,1658.260000
05/17/2022,1691.800000
05/18/2022,1623.860000
05/19/2022,1614.560000
05/20/2022,1604.570000
05/23/2022,1618.740000
05/24/2022,1612.860000
05/25/2022,1620.860000
05/26/2022,1633.160000
05/27/2022,1642.140000
05/31/2022,1640.250000
06/01/2022,1642.310000
06/02/2022,1646.830000
06/03/2022,1644.760000
06/06/2022,1647.250000
06/07/2022,1649.410000
06/08/2022,1648.940000
06/09/2022,1643.840000
06/10/2022,1629.220000
06/13/2022,1586.670000
06/14/2022,1584.100000
06/15/2022,1607.160000
06/16/2022,1559.310000
06/17/2022,1563.530000
06/21/2022,1580.550000
06/22/2022,1582.120000
06/23/2022,1587.290000
06/24/2022,1596.850000
06/27/2022,1600.010000
06/28/2022,1594.580000
06/29/2022,1595.940000
06/30/2022,1592.960000
07/01/2022,1599.810000
07/05/2022,1601.540000
07/06/2022,1603.380000
07/07/2022,1607.680000
07/08/2022,1609.040000
07/11/2022,1608.710000
07/12/2022,1606.200000
07/13/2022,1609.660000
07/14/2022,1609.900000
07/15/2022,1617.070000
07/18/2022,1610.840000
07/19/2022,1630.180000
07/20/2022,1633.870000
07/21/2022,1640.580000
07/22/2022,1637.700000
07/25/2022,1640.400000
07/26/2022,1633.130000
07/27/2022,1647.710000
07/28/2022,1652.130000
07/29/2022,1655.000000
08/01/2022,1655.810000
08/02/2022,1653.800000
08/03/2022,1658.080000
08/04/2022,1659.370000
08/05/2022,1659.660000
08/08/2022,1659.770000
08/09/2022,1659.410000
08/10/2022,1662.280000
08/11/2022,1660.450000
08/12/2022,1662.640000
08/15/2022,1662.200000
08/16/2022,1661.800000
08/17/2022,1662.740000
08/18/2022,1662.410000
08/19/2022,1653.100000
08/22/2022,1631.450000
08/23/2022,1630.270000
08/24/2022,1635.100000
08/25/2022,1650.240000
08/26/2022,1610.470000
08/29/2022,1602.230000
08/30/2022,1586.800000
08/31/2022,1575.570000
09/01/2022,1580.760000
09/02/2022,1564.490000
09/06/2022,1558.320000
09/07/2022,1586.650000
09/08/2022,1597.520000
09/09/2022,1621.650000
09/12/2022,1637.280000
09/13/2022,1568.550000
09/14/2022,1574.570000
09/15/2022,1556.920000
09/16/2022,1542.730000
09/19/2022,1547.800000
09/20/2022,1539.570000
09/21/2022,1526.440000
09/22/2022,1521.600000
09/23/2022,1503.530000
09/26/2022,1491.280000
09/27/2022,1490.120000
09/28/2022,1513.890000
09/29/2022,1490.360000
09/30/2022,1472.090000
10/03/2022,1506.430000
10/04/2022,1539.540000
10/05/2022,1538.740000
10/06/2022,1528.650000
10/07/2022,1495.910000
10/10/2022,1486.250000
10/11/2022,1477.040000
10/12/2022,1472.810000
10/13/2022,1509.130000
10/14/2022,1476.610000
10/17/2022,1515.340000
10/18/2022,1532.330000
10/19/2022,1523.160000
10/20/2022,1511.410000
10/21/2022,1536.470000
10/24/2022,1544.960000
10/25/2022,1554.160000
10/26/2022,1553.240000
10/27/2022,1551.080000
10/28/2022,1562.650000
10/31/2022,1562.360000
11/01/2022,1562.220000
11/02/2022,1553.680000
11/03/2022,1549.650000
11/04/2022,1558.620000
11/07/2022,1565.070000
11/08/2022,1567.470000
11/09/2022,1560.090000
11/10/2022,1576.190000
11/11/2022,1575.300000
11/14/2022,1575.470000
11/15/2022,1576.430000
11/16/2022,1575.790000
11/17/2022,1576.310000
11/18/2022,1567.120000
11/21/2022,1567.040000
11/22/2022,1578.380000
11/23/2022,1583.450000
11/25/2022,1584.300000
11/28/2022,1574.650000
11/29/2022,1574.400000
11/30/2022,1592.680000
12/01/2022,1594.010000
12/02/2022,1595.450000
12/05/2022,1587.000000
12/06/2022,1575.740000
12/07/2022,1575.070000
12/08/2022,1582.440000
12/09/2022,1577.620000
12/12/2022,1586.460000
12/13/2022,1597.530000
12/14/2022,1602.200000
12/15/2022,1582.780000
12/16/2022,1563.220000
12/19/2022,1558.360000
12/20/2022,1560.610000
12/21/2022,1572.920000
12/22/2022,1561.430000
12/23/2022,1568.120000
12/27/2022,1566.470000
12/28/2022,1556.200000
12/29/2022,1572.940000
12/30/2022,1572.130000
01/03/2023,1570.640000
01/04/2023,1578.620000
01/05/2023,1569.790000
01/06/2023,1589.240000
01/09/2023,1589.650000
01/10/2023,1594.750000
01/11/2023,1599.550000
01/12/2023,1604.910000
01/13/2023,1606.250000
01/17/2023,1606.580000
01/18/2023,1606.570000
01/19/2023,1607.250000
01/20/2023,1621.610000
01/23/2023,1628.760000
01/24/2023,1629.070000
01/25/2023,1629.700000
01/26/2023,1634.460000
01/27/2023,1637.130000
01/30/2023,1631.490000
01/31/2023,1637.880000
02/01/2023,1641.790000
02/02/2023,1644.660000
02/03/2023,1644.930000
02/06/2023,1644.440000
02/07/2023,1646.770000
02/08/2023,1645.950000
02/09/2023,1644.270000
02/10/2023,1646.790000
02/13/2023,1648.420000
02/14/2023,1649.570000
02/15/2023,1650.000000
02/16/2023,1649.820000
02/17/2023,1650.980000
02/21/2023,1634.000000
02/22/2023,1635.110000
02/23/2023,1641.930000
02/24/2023,1631.840000
02/27/2023,1637.120000
02/28/2023,1635.300000
03/01/2023,1629.630000
03/02/2023,1640.110000
03/03/2023,1657.890000
03/06/2023,1659.710000
03/07/2023,1644.570000
03/08/2023,1647.640000
03/09/2023,1622.360000
03/10/2023,1601.420000
03/13/2023,1599.000000
03/14/2023,1626.780000
03/15/2023,1615.120000
03/16/2023,1643.780000
03/17/2023,1625.350000
03/20/2023,1634.280000
03/21/2023,1644.480000
03/22/2023,1635.520000
03/23/2023,1639.350000
03/24/2023,1643.000000
03/27/2023,1647.250000
03/28/2023,1648.720000
03/29/2023,1656.660000
03/30/2023,1660.230000
03/31/2023,1665.690000
04/03/2023,1667.720000
04/04/2023,1667.300000
04/05/2023,1668.410000
04/06/2023,1669.950000
04/10/2023,1670.470000
04/11/2023,1671.040000
04/12/2023,1671.270000
04/13/2023,1673.620000
04/14/2023,1673.800000
04/17/2023,1674.230000
04/18/2023,1674.980000
04/19/2023,1675.250000
04/20/2023,1676.900000
04/21/2023,1674.130000
04/24/2023,1675.990000
04/25/2023,1661.170000
04/26/2023,1659.430000
04/27/2023,1678.040000
04/28/2023,1684.860000
05/01/2023,1686.850000
05/02/2023,1677.940000
05/03/2023,1672.680000
05/04/2023,1665.840000
05/05/2023,1685.540000
05/08/2023,1688.310000
05/09/2023,1685.160000
05/10/2023,1691.500000
05/11/2023,1692.100000
05/12/2023,1692.780000
05/15/2023,1696.730000
05/16/2023,1693.130000
05/17/2023,1701.700000
05/18/2023,1703.370000
05/19/2023,1696.950000
05/22/2023,1697.720000
05/23/2023,1687.140000
05/24/2023,1678.760000
05/25/2023,1689.810000
05/26/2023,1702.670000
05/30/2023,1704.810000
05/31/2023,1700.980000
06/01/2023,1712.220000
06/02/2023,1721.280000
06/05/2023,1721.110000
06/06/2023,1723.250000
06/07/2023,1722.820000
06/08/2023,1725.650000
06/09/2023,1725.630000
06/12/2023,1727.220000
06/13/2023,1728.280000
06/14/2023,1729.940000
06/15/2023,1730.300000
06/16/2023,1719.010000
06/20/2023,1716.030000
06/21/2023,1712.730000
06/22/2023,1718.950000
06/23/2023,1710.130000
06/26/2023,1705.010000
06/27/2023,1719.380000
06/28/2023,1719.130000
06/29/2023,1725.010000
06/30/2023,1736.710000
07/03/2023,1737.870000
07/05/2023,1736.990000
07/06/2023,1730.830000
07/07/2023,1729.670000
07/10/2023,1732.940000
07/11/2023,1739.190000
07/12/2023,1745.060000
07/13/2023,1749.090000
07/14/2023,1749.790000
07/17/2023,1752.060000
07/18/2023,1751.600000
07/19/2023,1752.060000
07/20/2023,1752.870000
07/21/2023,1749.010000
07/24/2023,1752.610000
07/25/2023,1755.020000
07/26/2023,1756.130000
07/27/2023,1751.850000
07/28/2023,1760.720000
07/31/2023,1761.580000
08/01/2023,1760.950000
08/02/2023,1749.270000
08/03/2023,1747.760000
08/04/2023,1742.450000
08/07/2023,1755.060000
08/08/2023,1750.810000
08/09/2023,1741.690000
08/10/2023,1743.430000
08/11/2023,1743.080000
08/14/2023,1752.950000
08/15/2023,1734.580000
08/16/2023,1721.850000
08/17/2023,1708.940000
08/18/2023,1708.220000
08/21/2023,1714.800000
08/22/2023,1714.240000
08/23/2023,1721.590000
08/24/2023,1714.640000
08/25/2023,1721.270000
08/28/2023,1726.260000
08/29/2023,1731.210000
08/30/2023,1732.580000
08/31/2023,1733.710000
09/01/2023,1735.460000
09/05/2023,1735.560000
09/06/2023,1734.930000
09/07/2023,1735.700000
09/08/2023,1736.920000
09/11/2023,1738.470000
09/12/2023,1738.030000
09/13/2023,1739.340000
09/14/2023,1740.130000
09/15/2023,1727.430000
09/18/2023,1728.400000
09/19/2023,1727.090000
09/20/2023,1718.170000
09/21/2023,1697.950000
09/22/2023,1695.760000
09/25/2023,1701.840000
09/26/2023,1680.440000
09/27/2023,1681.230000
09/28/2023,1690.970000
09/29/2023,1687.380000
10/02/2023,1688.110000
10/03/2023,1666.130000
10/04/2023,1679.520000
10/05/2023,1677.850000
10/06/2023,1696.910000
10/09/2023,1707.230000
10/10/2023,1715.750000
10/11/2023,1723.290000
10/12/2023,1714.370000
10/13/2023,1706.260000
10/16/2023,1724.060000
10/17/2023,1724.220000
10/18/2023,1701.410000
10/19/2023,1687.150000
10/20/2023,1670.590000
10/23/2023,1671.530000
10/24/2023,1679.120000
10/25/2023,1666.830000
10/26/2023,1655.400000
10/27/2023,1650.650000
10/30/2023,1666.780000
10/31/2023,1675.900000
11/01/2023,1687.220000
11/02/2023,1700.110000
11/03/2023,1704.560000
11/06/2023,1705.900000
11/07/2023,1707.160000
11/08/2023,1707.910000
11/09/2023,1708.040000
11/10/2023,1709.880000
11/13/2023,1710.700000
11/14/2023,1710.850000
11/15/2023,1710.570000
11/16/2023,1712.610000
11/17/2023,1709.900000
11/20/2023,1715.200000
11/21/2023,1715.320000
11/22/2023,1719.500000
11/24/2023,1721.310000
11/27/2023,1720.990000
11/28/2023,1722.060000
11/29/2023,1721.360000
11/30/2023,1724.400000
12/01/2023,1727.770000
12/04/2023,1726.350000
12/05/2023,1726.290000
12/06/2023,1725.570000
12/07/2023,1730.280000
12/08/2023,1732.200000
12/11/2023,1733.480000
12/12/2023,1734.520000
12/13/2023,1734.160000
12/14/2023,1734.430000
12/15/2023,1746.170000
12/18/2023,1748.390000
12/19/2023,1752.180000
12/20/2023,1741.210000
12/21/2023,1749.790000
12/22/2023,1751.190000
12/26/2023,1755.430000
12/27/2023,1756.730000
12/28/2023,1758.740000
12/29/2023,1758.000000
01/02/2024,1756.910000
01/03/2024,1751.500000
01/04/2024,1749.200000
01/05/2024,1753.020000
01/08/2024,1765.060000
01/09/2024,1765.770000
01/10/2024,1768.730000
01/11/2024,1770.780000
01/12/2024,1771.750000
01/16/2024,1771.890000
01/17/2024,1771.150000
01/18/2024,1774.610000
01/19/2024,1782.710000
01/22/2024,1785.030000
01/23/2024,1787.950000
01/24/2024,1788.180000
01/25/2024,1790.450000
01/26/2024,1791.970000
01/29/2024,1794.370000
01/30/2024,1795.100000
01/31/2024,1789.060000
02/01/2024,1795.320000
02/02/2024,1798.470000
02/05/2024,1800.190000
02/06/2024,1800.490000
02/07/2024,1801.170000
02/08/2024,1801.800000
02/09/2024,1802.900000
02/12/2024,1802.070000
02/13/2024,1802.600000
02/14/2024,1804.790000
02/15/2024,1804.320000
02/16/2024,1801.360000
02/20/2024,1795.750000
02/21/2024,1798.220000
02/22/2024,1815.220000
02/23/2024,1816.520000
02/26/2024,1816.060000
02/27/2024,1817.720000
02/28/2024,1817.000000
02/29/2024,1823.600000
03/01/2024,1824.090000
03/04/2024,1824.150000
03/05/2024,1820.730000
03/06/2024,1823.200000
03/07/2024,1827.440000
03/08/2024,1826.540000
03/11/2024,1826.890000
03/12/2024,1830.100000
03/13/2024,1829.830000
03/14/2024,1829.310000
03/15/2024,1836.970000
03/18/2024,1842.980000
03/19/2024,1848.200000
03/20/2024,1854.700000
03/21/2024,1857.400000
03/22/2024,1858.020000
03/25/2024,1857.590000
03/26/2024,1855.760000
03/27/2024,1860.680000
03/28/2024,1863.770000
04/01/2024,1864.000000
04/02/2024,1859.350000
04/03/2024,1860.820000
04/04/2024,1852.080000
04/05/2024,1861.260000
04/08/2024,1862.610000
04/09/2024,1864.200000
04/10/2024,1860.410000
04/11/2024,1867.130000
04/12/2024,1856.350000
04/15/2024,1843.670000
04/16/2024,1842.370000
04/17/2024,1833.380000
04/18/2024,1829.680000
04/19/2024,1817.050000
04/22/2024,1828.410000
04/23/2024,1838.350000
04/24/2024,1838.980000
04/25/2024,1836.810000
04/26/2024,1845.580000
04/29/2024,1847.800000
04/30/2024,1838.510000
05/01/2024,1838.310000
05/02/2024,1845.380000
05/03/2024,1853.380000
05/06/2024,1856.300000
05/07/2024,1857.500000
05/08/2024,1858.030000
05/09/2024,1858.680000
05/10/2024,1860.050000
05/13/2024,1859.820000
05/14/2024,1860.890000
05/15/2024,1860.170000
05/16/2024,1861.560000
05/17/2024,1857.550000
05/20/2024,1858.390000
05/21/2024,1861.190000
05/22/2024,1859.610000
05/23/2024,1854.500000
05/24/2024,1862.400000
05/28/2024,1862.230000
05/29/2024,1854.660000
05/30/2024,1849.270000
05/31/2024,1858.570000
06/03/2024,1860.640000
06/04/2024,1862.830000
06/05/2024,1872.090000
06/06/2024,1873.280000
06/07/2024,1874.860000
06/10/2024,1876.410000
06/11/2024,1878.800000
06/12/2024,1883.790000
06/13/2024,1885.650000
06/14/2024,1884.730000
06/17/2024,1885.050000
06/18/2024,1886.160000
06/20/2024,1886.310000
06/21/2024,1886.950000
06/24/2024,1885.030000
06/25/2024,1889.830000
06/26/2024,1892.040000
06/27/2024,1893.590000
06/28/2024,1891.450000
07/01/2024,1896.810000
07/02/2024,1901.430000
07/03/2024,1905.930000
07/05/2024,1908.590000
07/08/2024,1909.990000
07/09/2024,1910.220000
07/10/2024,1912.670000
07/11/2024,1911.950000
07/12/2024,1912.580000
07/15/2024,1913.450000
07/16/2024,1915.090000
07/17/2024,1915.120000
07/18/2024,1914.720000
07/19/2024,1902.310000
07/22/2024,1914.320000
07/23/2024,1914.380000
07/24/2024,1887.770000
07/25/2024,1882.070000
07/26/2024,1898.290000
07/29/2024,1899.760000
07/30/2024,1893.810000
07/31/2024,1912.900000
08/01/2024,1897.340000
08/02/2024,1869.670000
08/05/2024,1818.060000
08/06/2024,1837.200000
08/07/2024,1823.400000
08/08/2024,1865.380000
08/09/2024,1874.490000
08/12/2024,1875.020000
08/13/2024,1905.550000
08/14/2024,1913.750000
08/15/2024,1938.140000
08/16/2024,1948.300000
08/19/2024,1956.570000
08/20/2024,1953.860000
08/21/2024,1957.170000
08/22/2024,1949.560000
08/23/2024,1960.640000
08/26/2024,1959.330000
08/27/2024,1961.890000
08/28/2024,1957.190000
08/29/2024,1959.610000
08/30/2024,1968.660000
09/03/2024,1951.650000
09/04/2024,1951.300000
09/05/2024,1949.540000
09/06/2024,1927.830000
09/09/2024,1946.760000
09/10/2024,1952.570000
09/11/2024,1965.730000
09/12/2024,1971.860000
09/13/2024,1976.890000
09/16/2024,1977.650000
09/17/2024,1978.100000
09/18/2024,1980.330000
09/19/2024,1982.370000
09/20/2024,1984.200000
09/23/2024,1988.250000
09/24/2024,1989.660000
09/25/2024,1990.050000
09/26/2024,1993.330000
09/27/2024,1992.220000
09/30/2024,1996.260000
10/01/2024,1988.260000
10/02/2024,1989.790000
10/03/2024,1988.790000
10/04/2024,1999.480000
10/07/2024,1991.330000
10/08/2024,2000.640000
10/09/2024,2006.180000
10/10/2024,2007.020000
10/11/2024,2011.180000
10/14/2024,2011.680000
10/15/2024,2012.180000
10/16/2024,2013.870000
10/17/2024,2013.680000
10/18/2024,2015.080000
10/21/2024,2013.760000
10/22/2024,2014.050000
10/23/2024,2004.550000
10/24/2024,2007.600000
10/25/2024,2007.460000
10/28/2024,2011.000000
10/29/2024,2013.100000
10/30/2024,2009.490000
10/31/2024,1986.290000
11/01/2024,1993.940000
11/04/2024,1990.970000
11/05/2024,2009.140000
11/06/2024,2040.370000
11/07/2024,2044.870000
11/08/2024,2046.470000
11/11/2024,2047.330000
11/12/2024,2048.610000
11/13/2024,2048.640000
11/14/2024,2049.600000
11/15/2024,2038.120000
11/18/2024,2043.490000
11/19/2024,2046.720000
11/20/2024,2045.810000
11/21/2024,2050.990000
11/22/2024,2057.080000
11/25/2024,2060.340000
11/26/2024,2064.480000
11/27/2024,2063.640000
11/29/2024,2065.800000
12/02/2024,2068.980000
12/03/2024,2070.330000
12/04/2024,2072.000000
12/05/2024,2071.590000
12/06/2024,2074.860000
12/09/2024,2073.100000
12/10/2024,2073.030000
12/11/2024,2076.060000
12/12/2024,2076.060000
12/13/2024,2078.010000
12/16/2024,2077.630000
12/17/2024,2078.790000
12/18/2024,2064.670000
12/19/2024,2070.350000
12/20/2024,2106.180000
12/23/2024,2117.120000
12/24/2024,2128.230000
12/26/2024,2128.080000
12/27/2024,2121.720000
12/30/2024,2114.770000
12/31/2024,2111.740000
01/02/2025,2110.160000
01/03/2025,2126.450000
01/06/2025,2131.260000
01/07/2025,2122.260000
01/08/2025,2126.170000
01/10/2025,2108.310000
01/13/2025,2112.440000
01/14/2025,2114.420000
01/15/2025,2141.220000
01/16/2025,2142.960000
01/17/2025,2142.930000
01/21/2025,2153.280000
01/22/2025,2159.120000
01/23/2025,2162.410000
01/24/2025,2162.720000
01/27/2025,2147.640000
01/28/2025,2158.930000
01/29/2025,2155.510000
01/30/2025,2161.630000
01/31/2025,2158.180000
02/03/2025,2149.150000
02/04/2025,2159.890000
02/05/2025,2165.380000
02/06/2025,2169.570000
02/07/2025,2163.040000
02/10/2025,2171.450000
02/11/2025,2172.010000
02/12/2025,2172.570000
02/13/2025,2178.710000
02/14/2025,2181.440000
02/18/2025,2182.610000
02/19/2025,2182.930000
02/20/2025,2182.930000
02/21/2025,2156.580000
02/24/2025,2149.790000
02/25/2025,2143.640000
02/26/2025,2143.890000
02/27/2025,2116.970000
02/28/2025,2146.180000
03/03/2025,2114.560000
03/04/2025,2091.960000
03/05/2025,2113.960000
03/06/2025,2078.540000
03/07/2025,2090.940000
03/10/2025,2035.500000
03/11/2025,2020.190000
03/12/2025,2030.110000
03/13/2025,2002.090000
03/14/2025,2045.010000
03/17/2025,2058.360000
03/18/2025,2036.510000
03/19/2025,2058.530000
03/20/2025,2054.290000
03/21/2025,2051.580000
03/24/2025,2067.500000
03/25/2025,2069.060000
03/26/2025,2062.060000
03/27/2025,2059.570000
03/28/2025,2039.150000
03/31/2025,2046.440000
04/01/2025,2051.780000
04/02/2025,2059.210000
04/03/2025,1990.890000
04/04/2025,1878.340000
04/07/2025,1873.870000
04/08/2025,1845.370000
04/09/2025,2011.780000
04/10/2025,1949.560000
04/11/2025,1984.990000
04/14/2025,2003.040000
04/15/2025,2000.270000
04/16/2025,1955.460000
04/17/2025,1963.360000
04/21/2025,1938.190000
04/22/2025,1967.000000
04/23/2025,1984.190000
04/24/2025,1996.460000
04/25/2025,2004.400000
04/28/2025,2006.640000
04/29/2025,2010.550000
04/30/2025,2013.150000
05/01/2025,2014.750000
05/02/2025,2019.360000
05/05/2025,2018.610000
05/06/2025,2019.400000
05/07/2025,2021.500000
05/08/2025,2020.890000
05/09/2025,2023.540000
05/12/2025,2023.660000
05/13/2025,2025.390000
05/14/2025,2026.120000
05/15/2025,2025.110000
05/16/2025,2027.450000
05/19/2025,2027.960000
05/20/2025,2025.570000
05/21/2025,2008.530000
05/22/2025,2009.030000
05/23/2025,2000.230000
05/27/2025,2028.420000
05/28/2025,2023.680000
05/29/2025,2028.860000
05/30/2025,2031.330000
06/02/2025,2035.710000
06/03/2025,2042.010000
06/04/2025,2044.130000
06/05/2025,2039.910000
06/06/2025,2051.200000
06/09/2025,2053.860000
06/10/2025,2056.440000
06/11/2025,2055.300000
06/12/2025,2057.760000
06/13/2025,2051.990000
06/16/2025,2060.720000
06/17/2025,2056.990000
06/18/2025,2061.870000
06/20/2025,2052.710000
06/23/2025,2063.120000
06/24/2025,2072.570000
06/25/2025,2073.510000
06/26/2025,2077.590000
06/27/2025,2080.920000
06/30/2025,2085.270000
07/01/2025,2084.020000
07/02/2025,2087.870000
07/03/2025,2089.730000
07/07/2025,2088.790000
07/08/2025,2091.040000
07/09/2025,2091.380000
07/10/2025,2092.130000
07/11/2025,2093.480000
07/14/2025,2092.610000
07/15/2025,2094.010000
07/16/2025,2095.250000
07/17/2025,2094.750000
07/18/2025,2085.770000
07/21/2025,2087.850000
07/22/2025,2090.210000
07/23/2025,2097.100000
07/24/2025,2098.370000
07/25/2025,2102.570000
07/28/2025,2105.160000
07/29/2025,2101.940000
07/30/2025,2102.530000
07/31/2025,2100.290000
08/01/2025,2084.070000
08/04/2025,2103.490000
08/05/2025,2100.160000
08/06/2025,2107.880000
08/07/2025,2108.010000
08/08/2025,2114.800000
08/11/2025,2114.210000
08/12/2025,2119.290000
08/13/2025,2119.810000
08/14/2025,2120.500000
08/15/2025,2109.460000
08/18/2025,2111.650000
08/19/2025,2105.930000
08/20/2025,2103.760000
08/21/2025,2098.220000
08/22/2025,2118.120000
08/25/2025,2115.710000
08/26/2025,2120.090000
08/27/2025,2122.310000
08/28/2025,2125.960000
08/29/2025,2120.730000
09/02/2025,2114.760000
09/03/2025,2122.110000
09/04/2025,2130.930000
09/05/2025,2130.550000
09/08/2025,2132.940000
09/09/2025,2136.060000
09/10/2025,2138.210000
09/11/2025,2143.060000
09/12/2025,2144.080000
09/15/2025,2144.620000
09/16/2025,2144.850000
09/17/2025,2146.950000
09/18/2025,2147.630000
09/19/2025,2147.670000
09/22/2025,2151.120000
09/23/2025,2146.440000
09/24/2025,2146.340000
09/25/2025,2141.810000
09/26/2025,2150.930000
09/29/2025,2154.420000
09/30/2025,2158.920000
10/01/2025,2161.810000
10/02/2025,2162.160000
10/03/2025,2164.400000
10/06/2025,2168.320000
10/07/2025,2166.190000
10/08/2025,2171.150000
10/09/2025,2170.660000
10/10/2025,2139.850000
10/13/2025,2166.770000
10/14/2025,2165.570000
10/15/2025,2171.270000
10/16/2025,2168.700000
10/17/2025,2184.780000
10/20/2025,2198.360000
10/21/2025,2200.070000
10/22/2025,2195.850000
10/23/2025,2201.940000
10/24/2025,2208.150000
10/27/2025,2214.390000
10/28/2025,2214.660000
10/29/2025,2214.490000
10/30/2025,2212.060000
10/31/2025,2214.300000
11/03/2025,2217.530000
11/04/2025,2211.120000
11/05/2025,2215.270000
11/06/2025,2208.350000
11/07/2025,2212.350000
11/10/2025,2222.930000
11/11/2025,2224.470000
11/12/2025,2225.260000
11/13/2025,2218.570000
11/14/2025,2219.560000
11/17/2025,2216.150000
11/18/2025,2210.470000
11/19/2025,2217.840000
11/20/2025,2202.650000
11/21/2025,2227.700000
11/24/2025,2245.340000
11/25/2025,2253.740000
11/26/2025,2258.470000
11/28/2025,2262.620000
12/01/2025,2260.250000
12/02/2025,2264.170000
12/03/2025,2264.980000
12/04/2025,2266.740000
12/05/2025,2269.650000
12/08/2025,2268.310000
12/09/2025,2269.280000
12/10/2025,2271.210000
12/11/2025,2271.840000
12/12/2025,2272.540000
12/15/2025,2273.300000
12/16/2025,2275.030000
12/17/2025,2273.520000
12/18/2025,2275.220000
12/19/2025,2288.450000
12/22/2025,2297.560000
12/23/2025,2302.000000
12/24/2025,2304.260000
12/26/2025,2305.650000
12/29/2025,2304.990000
12/30/2025,2304.880000
12/31/2025,2299.940000
01/02/2026,2304.680000
01/05/2026,2310.280000
01/06/2026,2314.660000
01/07/2026,2313.400000
01/08/2026,2315.190000
01/09/2026,2318.880000
01/12/2026,2319.760000
01/13/2026,2320.700000
01/14/2026,2319.590000
01/15/2026,2320.370000
01/16/2026,2317.370000
01/20/2026,2287.870000
01/21/2026,2308.190000
01/22/2026,2317.630000
01/23/2026,2319.430000
01/26/2026,2325.920000
01/27/2026,2330.210000
01/28/2026,2330.360000
01/29/2026,2330.980000
01/30/2026,2325.420000
02/02/2026,2334.740000
02/03/2026,2325.560000
02/04/2026,2317.290000
02/05/2026,2298.020000
02/06/2026,2333.040000
02/09/2026,2340.910000
02/10/2026,2338.050000
02/11/2026,2340.190000
02/12/2026,2316.040000
02/13/2026,2320.000000
02/17/2026,2324.490000
02/18/2026,2337.830000
02/19/2026,2332.670000
02/20/2026,2345.190000
02/23/2026,2332.220000
02/24/2026,2345.240000
02/25/2026,2356.550000
02/26/2026,2352.270000
02/27/2026,2347.480000
03/02/2026,2348.780000
03/03/2026,2334.820000
03/04/2026,2349.570000
03/05/2026,2341.710000
03/06/2026,2317.380000
03/09/2026,2336.670000
03/10/2026,2334.260000
03/11/2026,2335.840000
03/12/2026,2305.450000
03/13/2026,2294.060000
03/16/2026,2318.310000
03/17/2026,2324.270000
03/18/2026,2292.720000
03/19/2026,2286.560000
03/20/2026,2256.930000
03/23/2026,2274.380000
03/24/2026,2270.820000
03/25/2026,2279.220000
03/26/2026,2258.620000
03/27/2026,2235.400000
03/30/2026,2233.720000
03/31/2026,2278.800000
04/01/2026,2288.430000
04/02/2026,2293.200000
04/06/2026,2300.640000
04/07/2026,2298.510000
04/08/2026,2319.790000
04/09/2026,2324.870000
04/10/2026,2324.890000
04/13/2026,2327.740000
04/14/2026,2327.120000
04/15/2026,2328.100000
04/16/2026,2328.710000
04/17/2026,2343.980000
04/20/2026,2340.540000
04/21/2026,2331.980000
04/22/2026,2347.720000
04/23/2026,2343.380000
04/24/2026,2352.670000
04/27/2026,2355.910000
04/28/2026,2353.060000
04/29/2026,2352.460000
04/30/2026,2365.870000
05/01/2026,2369.660000
05/04/2026,2367.170000
05/05/2026,2374.950000
05/06/2026,2381.580000
05/07/2026,2380.170000
05/08/2026,2384.050000
05/11/2026,2383.530000
05/12/2026,2383.740000
05/13/2026,2384.900000
05/14/2026,2386.310000
05/15/2026,2379.960000
05/18/2026,2382.600000
05/19/2026,2375.230000
05/20/2026,2389.260000
05/21/2026,2393.860000
05/22/2026,2398.450000
05/26/2026,2405.220000
05/27/2026,2407.400000
05/28/2026,2413.130000
05/29/2026,2415.280000
06/01/2026,2418.500000
06/02/2026,2420.200000
06/03/2026,2416.050000
06/04/2026,2421.100000
06/05/2026,2393.930000
06/08/2026,2403.120000
06/09/2026,2399.320000
06/10/2026,2372.110000
06/11/2026,2404.150000
06/12/2026,2415.740000
06/15/2026,2429.110000
06/16/2026,2429.550000
06/17/2026,2424.810000
06/18/2026,2431.470000
06/22/2026,2429.410000
06/23/2026,2408.200000
06/24/2026,2407.390000
06/25/2026,2408.470000
06/26/2026,2414.330000
06/29/2026,2432.210000
06/30/2026,2446.890000
07/01/2026,2444.550000
07/02/2026,2448.620000
07/06/2026,2458.200000
07/07/2026,2455.060000
07/08/2026,2453.160000
07/09/2026,2463.510000
07/10/2026,2468.450000
07/13/2026,2461.930000
07/14/2026,2468.680000
07/15/2026,2472.950000
07/16/2026,2472.770000
07/17/2026,2465.920000
07/20/2026,2465.530000
07/21/2026,2478.670000
07/22/2026,2478.230000
07/23/2026,2463.060000
07/24/2026,2465.460000
07/27/2026,2467.230000
07/28/2026,2470.790000
07/29/2026,2448.810000
07/30/2026,2475.440000
07/31/2026,2490.460000
08/03/2026,2503.270000
08/04/2026,2508.940000
08/05/2026,2511.560000
08/06/2026,2511.960000
08/07/2026,2515.180000
08/10/2026,2515.190000
08/11/2026,2516.320000
08/12/2026,2517.360000
08/13/2026,2517.520000
08/14/2026,2519.420000
08/17/2026,2518.050000
08/18/2026,2518.230000
08/19/2026,2517.940000
08/20/2026,2517.980000
08/21/2026,2518.930000
08/24/2026,2517.120000
08/25/2026,2522.470000
08/26/2026,2522.440000
08/27/2026,2533.360000
08/28/2026,2532.690000
08/31/2026,2530.260000
09/01/2026,2520.740000
09/02/2026,2528.890000
09/03/2026,2541.770000
09/04/2026,2541.160000
09/08/2026,2535.730000
09/09/2026,2529.510000
09/10/2026,2520.190000
09/11/2026,2538.700000
09/14/2026,2532.090000
09/15/2026,2524.860000
09/16/2026,2516.260000
09/17/2026,2544.540000
09/18/2026,2545.950000
09/21/2026,2557.690000
09/22/2026,2559.420000
09/23/2026,2553.370000
09/24/2026,2554.770000
09/25/2026,2560.600000
09/28/2026,2554.710000
09/29/2026,2553.510000
