Date,Open,High,Low,Close,Adj Close,Volume,Dividends,Stock Splits,Capital Gains
2020-05-21,50.029998779296875,50.130001068115234,49.86000061035156,49.935001373291016,29.178380966186523,6200,0.0,0.0,0.0
2020-05-22,49.93000030517578,50.099998474121094,49.88999938964844,50.09400177001953,29.271310806274414,9500,0.0,0.0,0.0
2020-05-26,50.5,50.599998474121094,50.237998962402344,50.237998962402344,29.355440139770508,5600,0.0,0.0,0.0
2020-05-27,50.720001220703125,50.720001220703125,50.400001525878906,50.62699890136719,29.582754135131836,352100,0.0,0.0,0.0
2020-05-28,51.060001373291016,56.27000045776367,50.91999816894531,51.13999938964844,29.88250732421875,53300,0.0,0.0,0.0
2020-05-29,51.029998779296875,53.02000045776367,50.90999984741211,51.194000244140625,29.91407012939453,55300,0.0,0.0,0.0
2020-06-01,51.29999923706055,51.29999923706055,51.167999267578125,51.167999267578125,29.89887809753418,10500,0.0,0.0,0.0
2020-06-02,51.13999938964844,51.27000045776367,51.119998931884766,51.22700119018555,29.933353424072266,11000,0.0,0.0,0.0
2020-06-03,51.400001525878906,51.58000183105469,51.31100082397461,51.43899917602539,30.05721092224121,10000,0.0,0.0,0.0
2020-06-04,51.310001373291016,51.327999114990234,51.09000015258789,51.141998291015625,29.88368034362793,4800,0.0,0.0,0.0
2020-06-05,52.08000183105469,52.08000183105469,51.41899871826172,51.41899871826172,30.04553985595703,7100,0.0,0.0,0.0
2020-06-08,51.32600021362305,51.32899856567383,51.1150016784668,51.32699966430664,29.991790771484375,21700,0.0,0.0,0.0
2020-06-09,51.290000915527344,51.290000915527344,51.055999755859375,51.055999755859375,29.833436965942383,11800,0.0,0.0,0.0
2020-06-10,51.119998931884766,51.29899978637695,51.10499954223633,51.10499954223633,29.862070083618164,4200,0.0,0.0,0.0
2020-06-11,51.439998626708984,51.439998626708984,50.119998931884766,50.132999420166016,29.29408836364746,4400,0.0,0.0,0.0
2020-06-12,50.005001068115234,50.04999923706055,49.5,49.93000030517578,29.175493240356445,3700,0.0,0.0,0.0
2020-06-15,49.5890007019043,50.29999923706055,49.5890007019043,50.29999923706055,29.391679763793945,4400,0.0,0.0,0.0
2020-06-16,50.790000915527344,50.790000915527344,50.64799880981445,50.64799880981445,29.59503173828125,400,0.0,0.0,0.0
2020-06-17,50.71900177001953,50.86000061035156,50.63100051879883,50.63100051879883,29.5850830078125,10200,0.0,0.0,0.0
2020-06-18,50.75,50.810001373291016,50.61899948120117,50.69200134277344,29.62073516845703,6200,0.0,0.0,0.0
2020-06-19,50.810001373291016,50.95000076293945,50.59000015258789,50.654998779296875,29.599117279052734,5000,0.0,0.0,0.0
2020-06-22,50.810001373291016,50.869998931884766,50.619998931884766,50.80099868774414,29.68441390991211,10400,0.0,0.0,0.0
2020-06-23,50.97999954223633,50.97999954223633,50.80799865722656,50.80799865722656,29.688508987426758,800,0.0,0.0,0.0
2020-06-24,50.29999923706055,50.29999923706055,50.25899887084961,50.27899932861328,29.379405975341797,1700,0.0,0.0,0.0
2020-06-25,50.04899978637695,50.40999984741211,50.04899978637695,50.347999572753906,29.419715881347656,4100,0.0,0.0,0.0
2020-06-26,50.33000183105469,50.33000183105469,49.56999969482422,49.70500183105469,29.044002532958984,7100,0.0,0.0,0.0
2020-06-29,49.790000915527344,50.209999084472656,49.790000915527344,50.17399978637695,29.31804084777832,9900,0.0,0.0,0.0
2020-06-30,50.369998931884766,50.93600082397461,50.369998931884766,50.93600082397461,29.7633056640625,18400,0.0,0.0,0.0
2020-07-01,50.650001525878906,50.81999969482422,50.54899978637695,50.7400016784668,29.939138412475586,11100,0.494,0.0,0.0
2020-07-02,51.369998931884766,51.369998931884766,50.83700180053711,50.83700180053711,29.996381759643555,3000,0.0,0.0,0.0
2020-07-06,51.709999084472656,51.709999084472656,51.22999954223633,51.380001068115234,30.31678581237793,119800,0.0,0.0,0.0
2020-07-07,51.290000915527344,51.34000015258789,51.0629997253418,51.13999938964844,30.17515754699707,26900,0.0,0.0,0.0
2020-07-08,51.279998779296875,51.33000183105469,50.95000076293945,51.19200134277344,30.205852508544922,27000,0.0,0.0,0.0
2020-07-09,51.400001525878906,51.400001525878906,50.52000045776367,50.92900085449219,30.050661087036133,36600,0.0,0.0,0.0
2020-07-10,51.0,51.310001373291016,50.83000183105469,51.262001037597656,30.247150421142578,22500,0.0,0.0,0.0
2020-07-13,51.40999984741211,51.849998474121094,51.150001525878906,51.20500183105469,30.21352767944336,22000,0.0,0.0,0.0
2020-07-14,51.06999969482422,51.689998626708984,51.040000915527344,51.67300033569336,30.489669799804688,23600,0.0,0.0,0.0
2020-07-15,52.40999984741211,52.40999984741211,51.849998474121094,51.89899826049805,30.623018264770508,27600,0.0,0.0,0.0
2020-07-16,51.904998779296875,52.04999923706055,51.869998931884766,52.04999923706055,30.712099075317383,26200,0.0,0.0,0.0
2020-07-17,52.29999923706055,52.43000030517578,52.165000915527344,52.38600158691406,30.91037368774414,13100,0.0,0.0,0.0
2020-07-20,52.529998779296875,52.529998779296875,52.31999969482422,52.43000030517578,30.93632698059082,32000,0.0,0.0,0.0
2020-07-21,54.45000076293945,55.66600036621094,52.400001525878906,52.57699966430664,31.0230770111084,302400,0.0,0.0,0.0
2020-07-22,52.70000076293945,52.900001525878906,52.619998931884766,52.849998474121094,31.18413543701172,11300,0.0,0.0,0.0
2020-07-23,52.9900016784668,53.15999984741211,52.66999816894531,52.81800079345703,31.16526985168457,71300,0.0,0.0,0.0
2020-07-24,52.810001373291016,52.94900131225586,52.560001373291016,52.755001068115234,31.128101348876953,56200,0.0,0.0,0.0
2020-07-27,52.90999984741211,52.95000076293945,52.82500076293945,52.91999816894531,31.225452423095703,33000,0.0,0.0,0.0
2020-07-28,53.099998474121094,53.22999954223633,52.95000076293945,53.00199890136719,31.273836135864258,55400,0.0,0.0,0.0
2020-07-29,53.27000045776367,53.400001525878906,53.0,53.24800109863281,31.418983459472656,121800,0.0,0.0,0.0
2020-07-30,52.97999954223633,53.21900177001953,52.93000030517578,53.119998931884766,31.343475341796875,37700,0.0,0.0,0.0
2020-07-31,53.119998931884766,53.220001220703125,52.70199966430664,53.220001220703125,31.402469635009766,38700,0.0,0.0,0.0
2020-08-03,53.25,53.25,52.970001220703125,53.09000015258789,31.49738311767578,44400,0.29,0.0,0.0
2020-08-04,53.02000045776367,53.130001068115234,52.97999954223633,53.119998931884766,31.51520347595215,42000,0.0,0.0,0.0
2020-08-05,53.02000045776367,53.22999954223633,53.02000045776367,53.130001068115234,31.52113151550293,52000,0.0,0.0,0.0
2020-08-06,53.0,53.220001220703125,53.0,53.220001220703125,31.574520111083984,24400,0.0,0.0,0.0
2020-08-07,53.22999954223633,53.4900016784668,53.1150016784668,53.481998443603516,31.729944229125977,18900,0.0,0.0,0.0
2020-08-10,53.72999954223633,53.72999954223633,53.50899887084961,53.630001068115234,31.817781448364258,51000,0.0,0.0,0.0
2020-08-11,53.61899948120117,53.61899948120117,53.29999923706055,53.38999938964844,31.67537498474121,43400,0.0,0.0,0.0
2020-08-12,53.529998779296875,53.75,53.529998779296875,53.68000030517578,31.847427368164062,33000,0.0,0.0,0.0
2020-08-13,53.68000030517578,53.720001220703125,53.529998779296875,53.65999984741211,31.835561752319336,12700,0.0,0.0,0.0
2020-08-14,53.790000915527344,53.84000015258789,53.70000076293945,53.75,31.88895606994629,11300,0.0,0.0,0.0
2020-08-17,53.939998626708984,54.040000915527344,53.75,53.9900016784668,32.031349182128906,21300,0.0,0.0,0.0
2020-08-18,54.119998931884766,54.119998931884766,53.91999816894531,53.93000030517578,31.995744705200195,50500,0.0,0.0,0.0
2020-08-19,53.981998443603516,54.00699996948242,53.81999969482422,53.81999969482422,31.930496215820312,32000,0.0,0.0,0.0
2020-08-20,53.810001373291016,53.869998931884766,53.654998779296875,53.814998626708984,31.927528381347656,12800,0.0,0.0,0.0
2020-08-21,53.83000183105469,53.900001525878906,53.72999954223633,53.880001068115234,31.966083526611328,12300,0.0,0.0,0.0
2020-08-24,53.93000030517578,54.09000015258789,53.93000030517578,54.09000015258789,32.09068298339844,28000,0.0,0.0,0.0
2020-08-25,54.06999969482422,54.15999984741211,53.95000076293945,54.060001373291016,32.07288360595703,28000,0.0,0.0,0.0
2020-08-26,54.06999969482422,54.209999084472656,54.0,54.15999984741211,32.1322135925293,20600,0.0,0.0,0.0
2020-08-27,54.08000183105469,54.249000549316406,54.02000045776367,54.099998474121094,32.09660720825195,21100,0.0,0.0,0.0
2020-08-28,54.0099983215332,54.040000915527344,53.900001525878906,54.029998779296875,32.055084228515625,36300,0.0,0.0,0.0
2020-08-31,54.15299987792969,54.20000076293945,54.040000915527344,54.189998626708984,32.15000534057617,27800,0.0,0.0,0.0
2020-09-01,53.75,53.75,53.39500045776367,53.479000091552734,31.995651245117188,23100,0.453,0.0,0.0
2020-09-02,53.47999954223633,53.970001220703125,53.470001220703125,53.959999084472656,32.28341293334961,58600,0.0,0.0,0.0
2020-09-03,53.75899887084961,53.91999816894531,53.51499938964844,53.61800003051758,32.07881164550781,27800,0.0,0.0,0.0
2020-09-04,53.5,53.5,52.63999938964844,52.95000076293945,31.679155349731445,60200,0.0,0.0,0.0
2020-09-08,52.81999969482422,53.029998779296875,52.66999816894531,52.68000030517578,31.517621994018555,29800,0.0,0.0,0.0
2020-09-09,53.209999084472656,53.66899871826172,53.10200119018555,53.400001525878906,31.94837760925293,12800,0.0,0.0,0.0
2020-09-10,53.41999816894531,53.52000045776367,52.810001373291016,52.880001068115234,31.637287139892578,7200,0.0,0.0,0.0
2020-09-11,53.040000915527344,53.064998626708984,52.650001525878906,52.95000076293945,31.679155349731445,40900,0.0,0.0,0.0
2020-09-14,53.38999938964844,53.638999938964844,53.150001525878906,53.5,32.008209228515625,59400,0.0,0.0,0.0
2020-09-15,53.7400016784668,53.87900161743164,53.58000183105469,53.68000030517578,32.115901947021484,30700,0.0,0.0,0.0
2020-09-16,53.900001525878906,53.9900016784668,53.59000015258789,53.59000015258789,32.06207275390625,58200,0.0,0.0,0.0
2020-09-17,53.150001525878906,53.45000076293945,52.90999984741211,53.220001220703125,31.840694427490234,65400,0.0,0.0,0.0
2020-09-18,53.290000915527344,53.33000183105469,52.69900131225586,52.959999084472656,31.685142517089844,36600,0.0,0.0,0.0
2020-09-21,52.63999938964844,52.63999938964844,51.792999267578125,52.43000030517578,31.368022918701172,54900,0.0,0.0,0.0
2020-09-22,52.58000183105469,52.900001525878906,52.40999984741211,52.869998931884766,31.631277084350586,30000,0.0,0.0,0.0
2020-09-23,52.959999084472656,53.029998779296875,51.97999954223633,52.029998779296875,31.128726959228516,25200,0.0,0.0,0.0
2020-09-24,51.54999923706055,52.44900131225586,51.54999923706055,52.06999969482422,31.152667999267578,28400,0.0,0.0,0.0
2020-09-25,51.959999084472656,52.709999084472656,51.91400146484375,52.709999084472656,31.53557014465332,10900,0.0,0.0,0.0
2020-09-28,53.470001220703125,53.52000045776367,53.150001525878906,53.33000183105469,31.906518936157227,18700,0.0,0.0,0.0
2020-09-29,53.33000183105469,53.41899871826172,53.040000915527344,53.08000183105469,31.75693130493164,44700,0.0,0.0,0.0
2020-09-30,53.060001373291016,53.58000183105469,53.060001373291016,53.33000183105469,31.906518936157227,19700,0.0,0.0,0.0
2020-10-01,53.119998931884766,53.119998931884766,52.75899887084961,52.882999420166016,31.89927101135254,16400,0.435,0.0,0.0
2020-10-02,52.18000030517578,52.95000076293945,52.18000030517578,52.77000045776367,31.831113815307617,17800,0.0,0.0,0.0
2020-10-05,53.220001220703125,53.400001525878906,52.970001220703125,53.310001373291016,32.15684127807617,14700,0.0,0.0,0.0
2020-10-06,53.470001220703125,53.54899978637695,52.869998931884766,52.91999816894531,31.921586990356445,46500,0.0,0.0,0.0
2020-10-07,53.290000915527344,53.630001068115234,53.290000915527344,53.54499816894531,32.298580169677734,17700,0.0,0.0,0.0
2020-10-08,53.880001068115234,53.880001068115234,53.66999816894531,53.84000015258789,32.47653579711914,20400,0.0,0.0,0.0
2020-10-09,54.29999923706055,54.29999923706055,54.02899932861328,54.13399887084961,32.65386962890625,16300,0.0,0.0,0.0
2020-10-12,54.29999923706055,54.51900100708008,54.22999954223633,54.39400100708008,32.81071090698242,77500,0.0,0.0,0.0
2020-10-13,54.369998931884766,54.388999938964844,54.099998474121094,54.2599983215332,32.729881286621094,19100,0.0,0.0,0.0
2020-10-14,54.150001525878906,54.45000076293945,54.150001525878906,54.2400016784668,32.71781921386719,20800,0.0,0.0,0.0
2020-10-15,54.058998107910156,54.189998626708984,53.869998931884766,54.12799835205078,32.65024948120117,17400,0.0,0.0,0.0
2020-10-16,54.310001373291016,54.470001220703125,54.284000396728516,54.284000396728516,32.744361877441406,44300,0.0,0.0,0.0
2020-10-19,54.46900177001953,54.46900177001953,53.83000183105469,53.869998931884766,32.49463653564453,33600,0.0,0.0,0.0
2020-10-20,54.290000915527344,54.290000915527344,53.861000061035156,53.95000076293945,32.54288864135742,26400,0.0,0.0,0.0
2020-10-21,54.0989990234375,54.0989990234375,53.689998626708984,53.689998626708984,32.38606262207031,11100,0.0,0.0,0.0
2020-10-22,53.5,53.90999984741211,53.5,53.84000015258789,32.47653579711914,68400,0.0,0.0,0.0
2020-10-23,54.040000915527344,54.060001373291016,53.82500076293945,53.983001708984375,32.562808990478516,21700,0.0,0.0,0.0
2020-10-26,53.720001220703125,53.900001525878906,53.40999984741211,53.63999938964844,32.35589599609375,51700,0.0,0.0,0.0
2020-10-27,53.59000015258789,53.650001525878906,53.279998779296875,53.279998779296875,32.138736724853516,20900,0.0,0.0,0.0
2020-10-28,52.54999923706055,52.87799835205078,52.29999923706055,52.310001373291016,31.553634643554688,43600,0.0,0.0,0.0
2020-10-29,52.0,52.7400016784668,51.77000045776367,52.45000076293945,31.63808250427246,48700,0.0,0.0,0.0
2020-10-30,52.130001068115234,52.349998474121094,51.70000076293945,52.138999938964844,31.450469970703125,19700,0.0,0.0,0.0
2020-11-02,52.43000030517578,52.55799865722656,52.0,52.310001373291016,31.868417739868164,13000,0.515,0.0,0.0
2020-11-03,53.0,53.5,52.86000061035156,53.11000061035156,32.35578155517578,35400,0.0,0.0,0.0
2020-11-04,53.75,54.5,53.75,53.86000061035156,32.81270980834961,139000,0.0,0.0,0.0
2020-11-05,54.83000183105469,54.83000183105469,54.33000183105469,54.4379997253418,33.164833068847656,22600,0.0,0.0,0.0
2020-11-06,54.380001068115234,54.650001525878906,54.380001068115234,54.45600128173828,33.17580032348633,24300,0.0,0.0,0.0
2020-11-09,55.04999923706055,55.88999938964844,54.56999969482422,54.56999969482422,33.24525451660156,24400,0.0,0.0,0.0
2020-11-10,54.65999984741211,54.970001220703125,54.40999984741211,54.869998931884766,33.428016662597656,125200,0.0,0.0,0.0
2020-11-11,55.31999969482422,55.31999969482422,54.95000076293945,55.099998474121094,33.5681266784668,32300,0.0,0.0,0.0
2020-11-12,55.099998474121094,55.119998931884766,54.75600051879883,54.902000427246094,33.447509765625,26900,0.0,0.0,0.0
2020-11-13,55.2400016784668,55.40999984741211,55.04999923706055,55.36000061035156,33.726539611816406,14700,0.0,0.0,0.0
2020-11-16,55.91999816894531,55.91999816894531,55.31999969482422,55.470001220703125,33.793540954589844,126500,0.0,0.0,0.0
2020-11-17,55.5,55.5,55.16999816894531,55.34400177001953,33.71678924560547,32900,0.0,0.0,0.0
2020-11-18,55.630001068115234,55.630001068115234,55.15999984741211,55.16999816894531,33.61077117919922,37700,0.0,0.0,0.0
2020-11-19,55.290000915527344,55.290000915527344,55.040000915527344,55.27000045776367,33.67170715332031,31000,0.0,0.0,0.0
2020-11-20,55.314998626708984,55.3390007019043,55.09000015258789,55.150001525878906,33.59860610961914,32900,0.0,0.0,0.0
2020-11-23,55.52000045776367,55.52000045776367,55.099998474121094,55.27000045776367,33.67170715332031,35100,0.0,0.0,0.0
2020-11-24,55.40999984741211,55.56999969482422,55.35100173950195,55.5099983215332,33.81791305541992,97400,0.0,0.0,0.0
2020-11-25,55.560001373291016,55.560001373291016,55.31999969482422,55.349998474121094,33.72043991088867,24500,0.0,0.0,0.0
2020-11-27,55.66999816894531,55.66999816894531,55.3849983215332,55.5099983215332,33.81791305541992,37800,0.0,0.0,0.0
2020-11-30,55.650001525878906,55.650001525878906,55.189998626708984,55.369998931884766,33.73261260986328,96200,0.0,0.0,0.0
2020-12-01,55.290000915527344,55.290000915527344,55.060001373291016,55.119998931884766,33.886322021484375,65800,0.5,0.0,0.0
2020-12-02,55.0099983215332,55.08000183105469,54.816001892089844,54.95500183105469,33.784881591796875,98600,0.0,0.0,0.0
2020-12-03,55.04999923706055,55.04999923706055,54.75,54.750999450683594,33.65947341918945,41400,0.0,0.0,0.0
2020-12-04,54.75,55.0099983215332,54.59000015258789,55.0099983215332,33.818702697753906,78700,0.0,0.0,0.0
2020-12-07,54.84000015258789,55.06999969482422,54.810001373291016,54.90999984741211,33.75722885131836,52700,0.0,0.0,0.0
2020-12-08,55.040000915527344,55.130001068115234,54.86000061035156,55.06999969482422,33.85557556152344,58600,0.0,0.0,0.0
2020-12-09,55.2599983215332,55.2599983215332,54.867000579833984,55.02000045776367,33.82484436035156,31200,0.0,0.0,0.0
2020-12-10,55.04999923706055,55.04999923706055,54.72999954223633,54.79999923706055,33.6895866394043,25500,0.0,0.0,0.0
2020-12-11,54.81999969482422,54.90999984741211,54.66999816894531,54.849998474121094,33.720333099365234,22800,0.0,0.0,0.0
2020-12-14,55.43000030517578,55.43000030517578,54.86000061035156,54.86000061035156,33.72649383544922,47000,0.0,0.0,0.0
2020-12-15,55.0099983215332,55.400001525878906,55.0099983215332,55.31999969482422,34.009273529052734,26500,0.0,0.0,0.0
2020-12-16,55.459999084472656,55.52000045776367,55.209999084472656,55.310001373291016,34.003116607666016,22200,0.0,0.0,0.0
2020-12-17,55.689998626708984,55.7400016784668,55.540000915527344,55.65999984741211,34.218299865722656,24700,0.0,0.0,0.0
2020-12-18,55.779998779296875,55.790000915527344,55.42100143432617,55.75,34.27362823486328,73700,0.0,0.0,0.0
2020-12-21,55.33000183105469,55.56999969482422,55.04999923706055,55.5099983215332,34.12607955932617,35700,0.0,0.0,0.0
2020-12-22,55.599998474121094,55.599998474121094,55.25,55.31999969482422,34.009273529052734,27700,0.0,0.0,0.0
2020-12-23,55.40999984741211,55.665000915527344,55.380001068115234,55.380001068115234,34.046165466308594,49100,0.0,0.0,0.0
2020-12-24,55.58000183105469,55.60300064086914,55.400001525878906,55.60300064086914,34.1832389831543,10500,0.0,0.0,0.0
2020-12-28,56.11000061035156,56.11000061035156,55.834999084472656,55.869998931884766,34.347415924072266,34100,0.0,0.0,0.0
2020-12-29,56.09000015258789,56.13999938964844,55.77299880981445,55.90999984741211,34.37199783325195,39000,0.0,0.0,0.0
2020-12-30,55.58000183105469,55.58000183105469,55.310001373291016,55.349998474121094,34.36144256591797,57600,0.543,0.0,0.0
2020-12-31,55.4900016784668,55.75,55.290000915527344,55.75,34.60976028442383,33000,0.0,0.0,0.0
2021-01-04,55.7400016784668,55.7400016784668,54.869998931884766,55.13999938964844,34.23108673095703,66000,0.0,0.0,0.0
2021-01-05,55.25,55.27899932861328,54.900001525878906,55.209999084472656,34.2745246887207,53900,0.0,0.0,0.0
2021-01-06,55.29999923706055,55.77000045776367,55.099998474121094,55.52000045776367,34.46698760986328,78100,0.0,0.0,0.0
2021-01-07,55.77000045776367,55.77000045776367,55.4900016784668,55.62099838256836,34.52967834472656,98200,0.0,0.0,0.0
2021-01-08,55.650001525878906,55.81999969482422,55.58000183105469,55.77000045776367,34.622169494628906,44000,0.0,0.0,0.0
2021-01-11,55.56999969482422,55.91899871826172,55.56999969482422,55.77000045776367,34.622169494628906,33300,0.0,0.0,0.0
2021-01-12,55.654998779296875,55.71500015258789,55.5,55.652000427246094,34.54893112182617,91800,0.0,0.0,0.0
2021-01-13,55.849998474121094,55.91899871826172,55.68899917602539,55.83000183105469,34.659423828125,68600,0.0,0.0,0.0
2021-01-14,56.0,56.0,55.64500045776367,55.650001525878906,34.547672271728516,34800,0.0,0.0,0.0
2021-01-15,55.66999816894531,55.81999969482422,55.5,55.75,34.60976028442383,43200,0.0,0.0,0.0
2021-01-19,55.9900016784668,56.0099983215332,55.849998474121094,55.900001525878906,34.702877044677734,64100,0.0,0.0,0.0
2021-01-20,56.189998626708984,56.404998779296875,56.08000183105469,56.38999938964844,35.007076263427734,47600,0.0,0.0,0.0
2021-01-21,56.439998626708984,56.439998626708984,56.16999816894531,56.16999816894531,34.87049102783203,50500,0.0,0.0,0.0
2021-01-22,56.279998779296875,56.29499816894531,56.06999969482422,56.18000030517578,34.876705169677734,66000,0.0,0.0,0.0
2021-01-25,56.31999969482422,56.61000061035156,56.189998626708984,56.459999084472656,35.050540924072266,1188600,0.0,0.0,0.0
2021-01-26,56.75,56.75,56.34000015258789,56.40999984741211,35.01948547363281,708600,0.0,0.0,0.0
2021-01-27,56.349998474121094,56.349998474121094,55.29999923706055,55.45000076293945,34.42352294921875,505800,0.0,0.0,0.0
2021-01-28,55.709999084472656,56.060001373291016,55.5,55.650001525878906,34.547672271728516,631600,0.0,0.0,0.0
2021-01-29,55.61000061035156,55.61000061035156,54.66999816894531,54.86000061035156,34.05724334716797,320500,0.0,0.0,0.0
2021-02-01,55.20000076293945,55.25,54.709999084472656,55.06999969482422,34.35230255126953,182500,0.263,0.0,0.0
2021-02-02,55.61000061035156,55.939998626708984,55.36800003051758,55.650001525878906,34.71409225463867,187300,0.0,0.0,0.0
2021-02-03,55.880001068115234,55.880001068115234,55.367000579833984,55.47999954223633,34.60805130004883,232900,0.0,0.0,0.0
2021-02-04,55.5099983215332,55.93000030517578,55.5099983215332,55.869998931884766,34.851322174072266,161700,0.0,0.0,0.0
2021-02-05,56.13999938964844,56.16999816894531,55.97999954223633,56.0,34.932430267333984,186500,0.0,0.0,0.0
2021-02-08,56.25,56.25,55.939998626708984,55.97999954223633,34.919960021972656,183100,0.0,0.0,0.0
2021-02-09,56.130001068115234,56.150001525878906,55.974998474121094,56.099998474121094,34.99481964111328,169900,0.0,0.0,0.0
2021-02-10,56.25,56.25,55.95000076293945,56.06999969482422,34.976104736328125,125300,0.0,0.0,0.0
2021-02-11,56.189998626708984,56.189998626708984,55.900001525878906,56.029998779296875,34.951148986816406,159900,0.0,0.0,0.0
2021-02-12,56.029998779296875,56.06999969482422,55.900001525878906,56.04999923706055,34.96361541748047,99300,0.0,0.0,0.0
2021-02-16,56.099998474121094,56.17499923706055,55.90999984741211,55.91999816894531,34.88252639770508,155700,0.0,0.0,0.0
2021-02-17,55.95000076293945,56.130001068115234,55.82500076293945,56.130001068115234,35.01351547241211,110600,0.0,0.0,0.0
2021-02-18,56.06999969482422,56.25,55.917999267578125,56.20000076293945,35.05718231201172,218000,0.0,0.0,0.0
2021-02-19,56.4900016784668,56.4900016784668,55.900001525878906,55.93000030517578,34.888763427734375,161100,0.0,0.0,0.0
2021-02-22,55.849998474121094,55.86000061035156,55.63999938964844,55.79999923706055,34.80765914916992,142300,0.0,0.0,0.0
2021-02-23,55.7400016784668,55.9900016784668,55.4900016784668,55.849998474121094,34.83884811401367,183400,0.0,0.0,0.0
2021-02-24,56.04999923706055,56.16999816894531,55.650001525878906,56.06999969482422,34.976104736328125,147000,0.0,0.0,0.0
2021-02-25,55.900001525878906,56.11000061035156,55.400001525878906,55.4900016784668,34.61429214477539,222600,0.0,0.0,0.0
2021-02-26,55.79999923706055,55.79999923706055,54.959999084472656,54.970001220703125,34.2899169921875,1460500,0.0,0.0,0.0
2021-03-01,55.38999938964844,55.84000015258789,55.323001861572266,55.54800033569336,34.85399627685547,221300,0.321,0.0,0.0
2021-03-02,55.7599983215332,55.790000915527344,55.380001068115234,55.5,34.823875427246094,1939800,0.0,0.0,0.0
2021-03-03,55.599998474121094,55.599998474121094,54.90999984741211,54.9900016784668,34.50388717651367,182200,0.0,0.0,0.0
2021-03-04,54.900001525878906,55.209999084472656,53.959999084472656,54.439998626708984,34.15877914428711,246700,0.0,0.0,0.0
2021-03-05,54.90999984741211,55.58000183105469,54.314998626708984,55.45000076293945,34.792518615722656,162900,0.0,0.0,0.0
2021-03-08,55.65999984741211,56.310001373291016,55.45000076293945,55.68000030517578,34.93683624267578,339900,0.0,0.0,0.0
2021-03-09,56.189998626708984,56.400001525878906,56.0,56.060001373291016,35.17527389526367,186900,0.0,0.0,0.0
2021-03-10,56.380001068115234,56.63999938964844,56.11000061035156,56.45000076293945,35.41996765136719,1115200,0.0,0.0,0.0
2021-03-11,56.88999938964844,56.88999938964844,56.54600143432617,56.650001525878906,35.54545974731445,285200,0.0,0.0,0.0
2021-03-12,56.86000061035156,56.86000061035156,56.54999923706055,56.83000183105469,35.65839767456055,189200,0.0,0.0,0.0
2021-03-15,56.970001220703125,57.099998474121094,56.72999954223633,57.06999969482422,35.808982849121094,172000,0.0,0.0,0.0
2021-03-16,57.27000045776367,57.27000045776367,57.06999969482422,57.16999816894531,35.87174606323242,1059000,0.0,0.0,0.0
2021-03-17,57.13999938964844,57.2599983215332,56.89699935913086,57.0,35.765071868896484,162000,0.0,0.0,0.0
2021-03-18,56.58000183105469,57.0099983215332,56.58000183105469,56.779998779296875,35.62701416015625,125400,0.0,0.0,0.0
2021-03-19,57.029998779296875,57.029998779296875,56.560001373291016,56.63999938964844,35.5391960144043,941900,0.0,0.0,0.0
2021-03-22,56.5,57.15999984741211,56.5,57.08000183105469,35.81528091430664,151900,0.0,0.0,0.0
2021-03-23,57.220001220703125,57.380001068115234,57.03499984741211,57.11000061035156,35.8340950012207,211800,0.0,0.0,0.0
2021-03-24,57.40999984741211,57.47999954223633,57.15999984741211,57.16999816894531,35.87174606323242,291500,0.0,0.0,0.0
2021-03-25,57.22999954223633,57.45800018310547,56.90999984741211,57.400001525878906,36.01606750488281,253700,0.0,0.0,0.0
2021-03-26,57.560001373291016,58.189998626708984,57.40999984741211,58.150001525878906,36.48664474487305,192900,0.0,0.0,0.0
2021-03-29,57.90999984741211,58.38999938964844,57.79999923706055,58.31999969482422,36.59330749511719,226700,0.0,0.0,0.0
2021-03-30,58.34000015258789,58.34000015258789,57.97999954223633,58.08000183105469,36.4427375793457,202000,0.0,0.0,0.0
2021-03-31,58.060001373291016,58.22999954223633,57.90999984741211,58.119998931884766,36.467811584472656,224900,0.0,0.0,0.0
2021-04-01,58.02000045776367,58.02000045776367,57.599998474121094,57.88999938964844,36.542301177978516,272200,0.348,0.0,0.0
2021-04-05,58.09000015258789,58.36000061035156,58.0099983215332,58.2400016784668,36.76323699951172,567400,0.0,0.0,0.0
2021-04-06,58.310001373291016,58.310001373291016,58.0,58.119998931884766,36.6874885559082,299200,0.0,0.0,0.0
2021-04-07,58.13999938964844,58.220001220703125,57.900001525878906,57.9900016784668,36.605438232421875,291500,0.0,0.0,0.0
2021-04-08,58.13999938964844,58.14799880981445,58.0,58.06999969482422,36.65592956542969,299300,0.0,0.0,0.0
2021-04-09,58.119998931884766,58.18000030517578,58.02000045776367,58.15999984741211,36.712738037109375,283600,0.0,0.0,0.0
2021-04-12,58.20000076293945,58.25,58.119998931884766,58.20000076293945,36.73799514770508,222900,0.0,0.0,0.0
2021-04-13,58.279998779296875,58.28099822998047,58.125,58.25,36.76955795288086,221300,0.0,0.0,0.0
2021-04-14,58.29999923706055,58.29999923706055,58.04999923706055,58.22999954223633,36.756919860839844,547200,0.0,0.0,0.0
2021-04-15,58.22999954223633,58.61000061035156,58.20000076293945,58.61000061035156,36.996795654296875,244400,0.0,0.0,0.0
2021-04-16,58.7599983215332,58.900001525878906,58.689998626708984,58.81999969482422,37.12936019897461,221600,0.0,0.0,0.0
2021-04-19,58.9900016784668,58.9900016784668,58.709999084472656,58.83000183105469,37.13567352294922,585000,0.0,0.0,0.0
2021-04-20,58.86000061035156,59.027000427246094,58.80799865722656,58.9900016784668,37.236671447753906,420600,0.0,0.0,0.0
2021-04-21,59.189998626708984,59.189998626708984,59.03799819946289,59.09000015258789,37.299800872802734,451000,0.0,0.0,0.0
2021-04-22,59.189998626708984,59.189998626708984,58.849998474121094,58.97999954223633,37.2303581237793,445100,0.0,0.0,0.0
2021-04-23,59.13999938964844,59.220001220703125,58.95000076293945,59.119998931884766,37.318721771240234,362800,0.0,0.0,0.0
2021-04-26,59.20000076293945,59.20000076293945,58.720001220703125,58.779998779296875,37.104095458984375,488700,0.0,0.0,0.0
2021-04-27,58.779998779296875,59.06999969482422,58.779998779296875,59.0099983215332,37.249290466308594,218000,0.0,0.0,0.0
2021-04-28,59.130001068115234,59.150001525878906,58.900001525878906,58.970001220703125,37.22404479980469,278900,0.0,0.0,0.0
2021-04-29,59.0,59.34000015258789,59.0,59.290000915527344,37.42604064941406,337500,0.0,0.0,0.0
2021-04-30,59.380001068115234,59.380001068115234,59.13999938964844,59.27000045776367,37.41341018676758,289900,0.0,0.0,0.0
2021-05-03,59.27000045776367,59.369998931884766,59.13999938964844,59.290000915527344,37.66371154785156,290200,0.374,0.0,0.0
2021-05-04,59.25,59.33000183105469,59.09000015258789,59.31999969482422,37.68275451660156,268400,0.0,0.0,0.0
2021-05-05,59.47999954223633,59.47999954223633,59.20000076293945,59.29999923706055,37.67005157470703,309600,0.0,0.0,0.0
2021-05-06,59.439998626708984,59.720001220703125,59.36000061035156,59.56999969482422,37.841575622558594,1195200,0.0,0.0,0.0
2021-05-07,59.83000183105469,59.95000076293945,59.68000030517578,59.90999984741211,38.05756759643555,418100,0.0,0.0,0.0
2021-05-10,60.09000015258789,60.290000915527344,59.95000076293945,60.029998779296875,38.133785247802734,366700,0.0,0.0,0.0
2021-05-11,59.81999969482422,59.862998962402344,59.400001525878906,59.61000061035156,37.86698532104492,490200,0.0,0.0,0.0
2021-05-12,59.4900016784668,59.4900016784668,58.70000076293945,58.72999954223633,37.30797576904297,1524000,0.0,0.0,0.0
2021-05-13,58.849998474121094,59.5,58.790000915527344,59.34000015258789,37.69546127319336,1345600,0.0,0.0,0.0
2021-05-14,59.709999084472656,60.04499816894531,59.547000885009766,59.939998626708984,38.07660675048828,1289700,0.0,0.0,0.0
2021-05-17,59.91999816894531,60.071998596191406,59.689998626708984,59.849998474121094,38.01944351196289,359200,0.0,0.0,0.0
2021-05-18,60.04999923706055,60.04999923706055,59.45000076293945,59.45000076293945,37.76532745361328,474200,0.0,0.0,0.0
2021-05-19,59.18000030517578,59.279998779296875,58.70000076293945,59.279998779296875,37.657352447509766,340400,0.0,0.0,0.0
2021-05-20,59.279998779296875,59.849998474121094,59.279998779296875,59.70000076293945,37.92415237426758,335100,0.0,0.0,0.0
2021-05-21,59.900001525878906,60.029998779296875,59.58000183105469,59.70000076293945,37.92415237426758,223600,0.0,0.0,0.0
2021-05-24,60.06999969482422,60.119998931884766,59.90999984741211,59.97999954223633,38.102012634277344,446800,0.0,0.0,0.0
2021-05-25,60.189998626708984,60.189998626708984,59.80500030517578,59.86000061035156,38.02580642700195,292300,0.0,0.0,0.0
2021-05-26,60.02000045776367,60.02000045776367,59.79999923706055,59.90999984741211,38.05756759643555,362800,0.0,0.0,0.0
2021-05-27,60.04999923706055,60.04999923706055,59.779998779296875,59.790000915527344,37.981327056884766,469400,0.0,0.0,0.0
2021-05-28,60.04999923706055,60.09000015258789,59.90999984741211,59.93000030517578,38.07026672363281,310800,0.0,0.0,0.0
2021-06-01,59.88999938964844,59.88999938964844,59.18000030517578,59.29999923706055,37.86846160888672,529200,0.314,0.0,0.0
2021-06-02,59.41999816894531,59.70000076293945,59.40999984741211,59.619998931884766,38.072818756103516,331800,0.0,0.0,0.0
2021-06-03,59.31999969482422,59.7599983215332,59.29999923706055,59.720001220703125,38.13667678833008,290700,0.0,0.0,0.0
2021-06-04,59.68000030517578,59.939998626708984,59.68000030517578,59.93000030517578,38.27077865600586,279000,0.0,0.0,0.0
2021-06-07,60.02000045776367,60.02000045776367,59.790000915527344,59.849998474121094,38.219688415527344,799300,0.0,0.0,0.0
2021-06-08,59.970001220703125,59.97999954223633,59.63999938964844,59.810001373291016,38.194156646728516,509200,0.0,0.0,0.0
2021-06-09,59.75,59.939998626708984,59.75,59.79999923706055,38.18775177001953,424800,0.0,0.0,0.0
2021-06-10,59.95000076293945,60.040000915527344,59.810001373291016,59.970001220703125,38.296329498291016,468800,0.0,0.0,0.0
2021-06-11,60.040000915527344,60.099998474121094,59.86000061035156,60.060001373291016,38.35379409790039,320800,0.0,0.0,0.0
2021-06-14,60.150001525878906,60.150001525878906,59.89799880981445,60.11000061035156,38.385704040527344,377500,0.0,0.0,0.0
2021-06-15,60.060001373291016,60.2400016784668,60.0099983215332,60.150001525878906,38.41127395629883,331500,0.0,0.0,0.0
2021-06-16,60.099998474121094,60.24700164794922,59.7599983215332,59.869998931884766,38.232460021972656,421400,0.0,0.0,0.0
2021-06-17,60.0,60.09400177001953,59.61000061035156,59.83000183105469,38.20692825317383,433200,0.0,0.0,0.0
2021-06-18,59.689998626708984,59.7400016784668,59.33000183105469,59.36000061035156,37.90678405761719,441500,0.0,0.0,0.0
2021-06-21,59.5,60.0099983215332,59.43000030517578,59.9900016784668,38.30908966064453,487700,0.0,0.0,0.0
2021-06-22,60.060001373291016,60.22999954223633,59.939998626708984,60.119998931884766,38.39210510253906,432800,0.0,0.0,0.0
2021-06-23,60.11000061035156,60.119998931884766,59.93000030517578,59.93000030517578,38.27077865600586,379300,0.0,0.0,0.0
2021-06-24,60.20000076293945,60.27000045776367,60.099998474121094,60.2400016784668,38.468746185302734,474900,0.0,0.0,0.0
2021-06-25,60.290000915527344,60.58000183105469,60.279998779296875,60.58000183105469,38.68586730957031,402600,0.0,0.0,0.0
2021-06-28,60.720001220703125,60.720001220703125,60.4900016784668,60.56999969482422,38.679481506347656,457600,0.0,0.0,0.0
2021-06-29,60.7400016784668,60.7400016784668,60.560001373291016,60.58000183105469,38.68586730957031,451400,0.0,0.0,0.0
2021-06-30,60.65999984741211,60.65999984741211,60.5,60.56999969482422,38.679481506347656,480100,0.0,0.0,0.0
2021-07-01,60.349998474121094,60.4900016784668,60.220001220703125,60.45000076293945,38.85625076293945,383400,0.395,0.0,0.0
2021-07-02,60.560001373291016,60.630001068115234,60.43000030517578,60.599998474121094,38.952640533447266,292800,0.0,0.0,0.0
2021-07-06,60.650001525878906,60.650001525878906,60.31999969482422,60.630001068115234,38.97194290161133,408500,0.0,0.0,0.0
2021-07-07,60.70000076293945,60.970001220703125,60.58000183105469,60.93000030517578,39.16477584838867,549300,0.0,0.0,0.0
2021-07-08,60.75,60.86000061035156,60.599998474121094,60.790000915527344,39.07478332519531,3668700,0.0,0.0,0.0
2021-07-09,60.95000076293945,60.95000076293945,60.79999923706055,60.88999938964844,39.13907241821289,969200,0.0,0.0,0.0
2021-07-12,60.95000076293945,60.970001220703125,60.79999923706055,60.939998626708984,39.17121505737305,517500,0.0,0.0,0.0
2021-07-13,61.040000915527344,61.040000915527344,60.845001220703125,60.900001525878906,39.145503997802734,468800,0.0,0.0,0.0
2021-07-14,61.0099983215332,61.11000061035156,60.880001068115234,61.060001373291016,39.24834060668945,452300,0.0,0.0,0.0
2021-07-15,61.0,61.2400016784668,60.900001525878906,61.220001220703125,39.35118865966797,521300,0.0,0.0,0.0
2021-07-16,61.400001525878906,61.400001525878906,61.220001220703125,61.2599983215332,39.376888275146484,514100,0.0,0.0,0.0
2021-07-19,60.95000076293945,61.0,60.44200134277344,60.75,39.049072265625,916400,0.0,0.0,0.0
2021-07-20,60.849998474121094,61.27000045776367,60.7400016784668,61.189998626708984,39.33189010620117,593700,0.0,0.0,0.0
2021-07-21,61.189998626708984,61.290000915527344,61.130001068115234,61.20000076293945,39.33832931518555,1187800,0.0,0.0,0.0
2021-07-22,61.349998474121094,61.400001525878906,61.029998779296875,61.27000045776367,39.383323669433594,431200,0.0,0.0,0.0
2021-07-23,61.400001525878906,61.77000045776367,61.349998474121094,61.720001220703125,39.67257308959961,1379300,0.0,0.0,0.0
2021-07-26,61.75,61.75,61.400001525878906,61.630001068115234,39.614723205566406,967300,0.0,0.0,0.0
2021-07-27,61.68000030517578,61.7400016784668,61.29999923706055,61.720001220703125,39.67257308959961,813600,0.0,0.0,0.0
2021-07-28,61.81999969482422,61.81999969482422,61.40999984741211,61.4900016784668,39.52473831176758,937900,0.0,0.0,0.0
2021-07-29,61.70000076293945,61.72999954223633,61.595001220703125,61.63999938964844,39.621150970458984,742500,0.0,0.0,0.0
2021-07-30,61.61000061035156,61.83000183105469,61.599998474121094,61.720001220703125,39.67257308959961,816700,0.0,0.0,0.0
2021-08-02,61.720001220703125,61.720001220703125,61.369998931884766,61.43000030517578,39.65127944946289,630000,0.257,0.0,0.0
2021-08-03,61.619998931884766,61.75,61.45000076293945,61.7400016784668,39.85136795043945,667500,0.0,0.0,0.0
2021-08-04,61.720001220703125,61.7400016784668,61.41999816894531,61.5,39.69645690917969,630300,0.0,0.0,0.0
2021-08-05,61.75,61.75,61.4900016784668,61.66999816894531,39.806182861328125,587700,0.0,0.0,0.0
2021-08-06,61.7400016784668,61.78300094604492,61.630001068115234,61.72999954223633,39.84492492675781,738700,0.0,0.0,0.0
2021-08-09,61.83000183105469,61.84000015258789,61.70000076293945,61.75,39.85783386230469,673000,0.0,0.0,0.0
2021-08-10,61.849998474121094,61.900001525878906,61.7400016784668,61.869998931884766,39.935279846191406,863200,0.0,0.0,0.0
2021-08-11,62.0,62.060001373291016,61.95000076293945,62.029998779296875,40.038551330566406,720300,0.0,0.0,0.0
2021-08-12,62.09000015258789,62.09000015258789,61.900001525878906,62.040000915527344,40.04500961303711,599000,0.0,0.0,0.0
2021-08-13,62.11000061035156,62.20000076293945,62.04999923706055,62.189998626708984,40.14183044433594,505500,0.0,0.0,0.0
2021-08-16,62.220001220703125,62.569000244140625,62.11000061035156,62.560001373291016,40.380653381347656,992600,0.0,0.0,0.0
2021-08-17,62.41999816894531,62.52000045776367,62.2400016784668,62.5099983215332,40.348388671875,695400,0.0,0.0,0.0
2021-08-18,62.47999954223633,62.560001373291016,62.040000915527344,62.11000061035156,40.09018325805664,961800,0.0,0.0,0.0
2021-08-19,61.86000061035156,62.33000183105469,61.7599983215332,62.2400016784668,40.17412185668945,605300,0.0,0.0,0.0
2021-08-20,62.25,62.54999923706055,62.150001525878906,62.5,40.34192657470703,658900,0.0,0.0,0.0
2021-08-23,62.650001525878906,62.76900100708008,62.54999923706055,62.58000183105469,40.393577575683594,1646700,0.0,0.0,0.0
2021-08-24,62.66999816894531,62.66999816894531,62.36000061035156,62.400001525878906,40.27738571166992,1057500,0.0,0.0,0.0
2021-08-25,62.5,62.5,62.290000915527344,62.45000076293945,40.309661865234375,769600,0.0,0.0,0.0
2021-08-26,62.540000915527344,62.540000915527344,62.220001220703125,62.34000015258789,40.23865509033203,1017000,0.0,0.0,0.0
2021-08-27,62.41999816894531,62.5,62.28499984741211,62.459999084472656,40.316104888916016,1058100,0.0,0.0,0.0
2021-08-30,62.58000183105469,62.70000076293945,62.540000915527344,62.630001068115234,40.425846099853516,1278000,0.0,0.0,0.0
2021-08-31,62.70000076293945,62.7400016784668,62.439998626708984,62.529998779296875,40.361289978027344,1160400,0.0,0.0,0.0
2021-09-01,62.31999969482422,62.31999969482422,62.02000045776367,62.2400016784668,40.39310836791992,1145700,0.339,0.0,0.0
2021-09-02,62.40999984741211,62.43000030517578,62.2599983215332,62.43000030517578,40.51639938354492,904600,0.0,0.0,0.0
2021-09-03,62.38999938964844,62.46799850463867,62.209999084472656,62.369998931884766,40.477474212646484,961400,0.0,0.0,0.0
2021-09-07,62.36000061035156,62.36000061035156,61.880001068115234,61.91999816894531,40.1854248046875,1189600,0.0,0.0,0.0
2021-09-08,61.880001068115234,62.15999984741211,61.762001037597656,62.15999984741211,40.34117126464844,921700,0.0,0.0,0.0
2021-09-09,62.119998931884766,62.21500015258789,61.779998779296875,61.81999969482422,40.12051773071289,852100,0.0,0.0,0.0
2021-09-10,61.9900016784668,62.0,61.54999923706055,61.59000015258789,39.971256256103516,763200,0.0,0.0,0.0
2021-09-13,61.689998626708984,61.849998474121094,61.27000045776367,61.54999923706055,39.94529724121094,673900,0.0,0.0,0.0
2021-09-14,61.56999969482422,61.75,61.119998931884766,61.189998626708984,39.7116584777832,720700,0.0,0.0,0.0
2021-09-15,61.20000076293945,61.70000076293945,61.11000061035156,61.59000015258789,39.971256256103516,655000,0.0,0.0,0.0
2021-09-16,61.599998474121094,61.650001525878906,61.20000076293945,61.52000045776367,39.925819396972656,1573900,0.0,0.0,0.0
2021-09-17,61.630001068115234,61.630001068115234,61.099998474121094,61.15999984741211,39.69218444824219,604100,0.0,0.0,0.0
2021-09-20,60.40999984741211,60.70399856567383,59.790000915527344,60.4900016784668,39.25736999511719,1932100,0.0,0.0,0.0
2021-09-21,60.70000076293945,60.915000915527344,60.3849983215332,60.439998626708984,39.224918365478516,1070300,0.0,0.0,0.0
2021-09-22,60.72999954223633,60.959999084472656,60.5099983215332,60.70000076293945,39.39364242553711,785600,0.0,0.0,0.0
2021-09-23,60.97999954223633,61.38999938964844,60.90999984741211,61.15999984741211,39.69218444824219,705800,0.0,0.0,0.0
2021-09-24,61.16999816894531,61.279998779296875,61.029998779296875,61.16999816894531,39.698673248291016,603500,0.0,0.0,0.0
2021-09-27,61.18000030517578,61.220001220703125,60.87799835205078,60.91999816894531,39.53642654418945,736400,0.0,0.0,0.0
2021-09-28,60.72999954223633,60.72999954223633,59.849998474121094,60.060001373291016,38.978302001953125,1259600,0.0,0.0,0.0
2021-09-29,60.29999923706055,60.56800079345703,60.099998474121094,60.34000015258789,39.16000747680664,619400,0.0,0.0,0.0
2021-09-30,60.540000915527344,60.56999969482422,59.59000015258789,59.61000061035156,38.68626403808594,1021300,0.0,0.0,0.0
2021-10-01,59.560001373291016,59.91999816894531,58.93000030517578,59.7400016784668,38.994991302490234,907100,0.343,0.0,0.0
2021-10-04,59.709999084472656,59.790000915527344,58.95000076293945,59.34000015258789,38.73390579223633,960600,0.0,0.0,0.0
2021-10-05,59.400001525878906,60.0099983215332,59.31999969482422,59.779998779296875,39.02110290527344,638700,0.0,0.0,0.0
2021-10-06,59.5,60.029998779296875,59.29999923706055,60.029998779296875,39.184295654296875,611600,0.0,0.0,0.0
2021-10-07,60.5099983215332,60.7599983215332,60.349998474121094,60.43000030517578,39.44540023803711,667000,0.0,0.0,0.0
2021-10-08,60.58000183105469,60.58000183105469,60.209999084472656,60.290000915527344,39.35401916503906,709300,0.0,0.0,0.0
2021-10-11,60.36000061035156,60.5,60.0099983215332,60.02000045776367,39.177757263183594,519600,0.0,0.0,0.0
2021-10-12,60.15999984741211,60.189998626708984,59.849998474121094,59.970001220703125,39.145137786865234,806300,0.0,0.0,0.0
2021-10-13,60.18000030517578,60.38999938964844,59.7599983215332,60.27000045776367,39.340965270996094,715100,0.0,0.0,0.0
2021-10-14,60.560001373291016,61.0,60.529998779296875,60.95000076293945,39.78482437133789,1114200,0.0,0.0,0.0
2021-10-15,61.099998474121094,61.290000915527344,61.05099868774414,61.22999954223633,39.96760177612305,656600,0.0,0.0,0.0
2021-10-18,61.099998474121094,61.2599983215332,60.939998626708984,61.15999984741211,39.92189025878906,860300,0.0,0.0,0.0
2021-10-19,61.369998931884766,61.439998626708984,61.19499969482422,61.439998626708984,40.104671478271484,819000,0.0,0.0,0.0
2021-10-20,61.560001373291016,61.72999954223633,61.439998626708984,61.70000076293945,40.274375915527344,1690200,0.0,0.0,0.0
2021-10-21,61.75,61.79999923706055,61.54999923706055,61.79999923706055,40.33966064453125,750100,0.0,0.0,0.0
2021-10-22,61.83000183105469,62.04999923706055,61.79999923706055,62.040000915527344,40.496334075927734,675400,0.0,0.0,0.0
2021-10-25,62.11000061035156,62.119998931884766,61.810001373291016,62.04999923706055,40.50283432006836,883000,0.0,0.0,0.0
2021-10-26,62.13999938964844,62.16999816894531,61.970001220703125,62.08000183105469,40.52241134643555,842300,0.0,0.0,0.0
2021-10-27,62.130001068115234,62.130001068115234,61.709999084472656,61.77000045776367,40.3200798034668,1054400,0.0,0.0,0.0
2021-10-28,61.79999923706055,61.97999954223633,61.73500061035156,61.97999954223633,40.45714569091797,1453100,0.0,0.0,0.0
2021-10-29,61.970001220703125,62.06999969482422,61.84000015258789,61.97999954223633,40.45714569091797,1113600,0.0,0.0,0.0
2021-11-01,61.70000076293945,61.720001220703125,61.38999938964844,61.45000076293945,40.349464416503906,888000,0.366,0.0,0.0
2021-11-02,61.45000076293945,61.650001525878906,61.45000076293945,61.599998474121094,40.44794845581055,805400,0.0,0.0,0.0
2021-11-03,61.54999923706055,61.689998626708984,61.470001220703125,61.689998626708984,40.50705337524414,664700,0.0,0.0,0.0
2021-11-04,61.66999816894531,61.70000076293945,61.5,61.66999816894531,40.49391555786133,873200,0.0,0.0,0.0
2021-11-05,61.68000030517578,61.68199920654297,61.45000076293945,61.540000915527344,40.408573150634766,1098700,0.0,0.0,0.0
2021-11-08,61.540000915527344,61.63999938964844,61.18000030517578,61.400001525878906,40.31663513183594,1197100,0.0,0.0,0.0
2021-11-09,61.400001525878906,61.54999923706055,61.29999923706055,61.54999923706055,40.41513442993164,828400,0.0,0.0,0.0
2021-11-10,61.529998779296875,61.720001220703125,61.529998779296875,61.689998626708984,40.50705337524414,730700,0.0,0.0,0.0
2021-11-11,61.7599983215332,61.775001525878906,61.58000183105469,61.66999816894531,40.49391555786133,630000,0.0,0.0,0.0
2021-11-12,61.849998474121094,62.0,61.75,61.959999084472656,40.68434524536133,694000,0.0,0.0,0.0
2021-11-15,62.029998779296875,62.09000015258789,61.90999984741211,62.0,40.710609436035156,809700,0.0,0.0,0.0
2021-11-16,62.0,62.209999084472656,62.0,62.060001373291016,40.7500114440918,1015800,0.0,0.0,0.0
2021-11-17,62.0,62.029998779296875,61.720001220703125,61.88999938964844,40.63838195800781,769200,0.0,0.0,0.0
2021-11-18,61.93000030517578,61.97999954223633,61.70000076293945,61.72999954223633,40.5333251953125,782000,0.0,0.0,0.0
2021-11-19,61.869998931884766,61.869998931884766,61.60499954223633,61.650001525878906,40.48078918457031,737400,0.0,0.0,0.0
2021-11-22,61.77000045776367,61.89699935913086,61.599998474121094,61.689998626708984,40.50705337524414,809900,0.0,0.0,0.0
2021-11-23,61.66999816894531,61.93000030517578,61.61000061035156,61.88999938964844,40.63838195800781,669500,0.0,0.0,0.0
2021-11-24,61.90999984741211,61.95000076293945,61.709999084472656,61.91999816894531,40.65808868408203,561300,0.0,0.0,0.0
2021-11-26,61.54999923706055,61.67499923706055,61.18000030517578,61.36000061035156,40.29035949707031,877600,0.0,0.0,0.0
2021-11-29,61.529998779296875,61.75,61.380001068115234,61.54999923706055,40.41513442993164,1561600,0.0,0.0,0.0
2021-11-30,61.43000030517578,61.43000030517578,60.459999084472656,60.56999969482422,39.771644592285156,1864700,0.0,0.0,0.0
2021-12-01,60.869998931884766,60.93000030517578,59.65999984741211,59.66999816894531,39.42999267578125,1622600,0.383,0.0,0.0
2021-12-02,59.86000061035156,60.689998626708984,59.70000076293945,60.47999954223633,39.96525192260742,752100,0.0,0.0,0.0
2021-12-03,60.63999938964844,60.86899948120117,60.06999969482422,60.650001525878906,40.07758712768555,1086500,0.0,0.0,0.0
2021-12-06,60.97999954223633,61.375999450683594,60.821998596191406,61.2599983215332,40.48067855834961,947100,0.0,0.0,0.0
2021-12-07,61.58000183105469,61.97999954223633,61.52000045776367,61.939998626708984,40.930023193359375,668700,0.0,0.0,0.0
2021-12-08,61.9900016784668,61.9900016784668,61.58000183105469,61.84000015258789,40.86395263671875,541300,0.0,0.0,0.0
2021-12-09,61.849998474121094,61.95399856567383,61.709999084472656,61.79999923706055,40.83750534057617,617000,0.0,0.0,0.0
2021-12-10,61.9900016784668,62.20000076293945,61.900001525878906,62.20000076293945,41.10184097290039,644000,0.0,0.0,0.0
2021-12-13,62.2599983215332,62.41999816894531,62.04999923706055,62.36000061035156,41.207550048828125,1324600,0.0,0.0,0.0
2021-12-14,61.939998626708984,62.25,61.6510009765625,62.0,40.96967315673828,2420600,0.0,0.0,0.0
2021-12-15,61.779998779296875,62.68000030517578,61.779998779296875,62.68000030517578,41.419010162353516,2323000,0.0,0.0,0.0
2021-12-16,62.779998779296875,63.130001068115234,62.75,62.91999816894531,41.57761001586914,4422500,0.0,0.0,0.0
2021-12-17,62.83000183105469,62.88999938964844,62.25,62.25,41.13487243652344,1361000,0.0,0.0,0.0
2021-12-20,61.77000045776367,61.81999969482422,61.2400016784668,61.77000045776367,40.81769943237305,1061700,0.0,0.0,0.0
2021-12-21,62.20000076293945,62.34600067138672,61.849998474121094,62.279998779296875,41.15470504760742,779200,0.0,0.0,0.0
2021-12-22,62.15999984741211,62.59000015258789,62.15999984741211,62.58000183105469,41.35294723510742,2011000,0.0,0.0,0.0
2021-12-23,62.70000076293945,62.959999084472656,62.62099838256836,62.81999969482422,41.51152420043945,739800,0.0,0.0,0.0
2021-12-27,63.0,63.31999969482422,62.95000076293945,63.31999969482422,41.84193801879883,899600,0.0,0.0,0.0
2021-12-28,63.349998474121094,63.43000030517578,63.16999816894531,63.349998474121094,41.861759185791016,1666400,0.0,0.0,0.0
2021-12-29,63.4900016784668,63.67399978637695,63.380001068115234,63.61000061035156,42.0335693359375,1287600,0.0,0.0,0.0
2021-12-30,63.349998474121094,63.349998474121094,63.029998779296875,63.06999969482422,41.97964859008789,1034400,0.459,0.0,0.0
2021-12-31,63.130001068115234,63.31999969482422,62.9900016784668,63.189998626708984,42.05952453613281,902300,0.0,0.0,0.0
2022-01-03,63.20000076293945,63.29999923706055,62.59000015258789,62.90999984741211,41.87314224243164,1058000,0.0,0.0,0.0
2022-01-04,62.970001220703125,63.15999984741211,62.869998931884766,63.040000915527344,41.95967483520508,1159700,0.0,0.0,0.0
2022-01-05,63.09000015258789,63.38999938964844,62.849998474121094,62.88999938964844,41.859832763671875,1356000,0.0,0.0,0.0
2022-01-06,62.900001525878906,62.97999954223633,62.650001525878906,62.7599983215332,41.7733154296875,1619500,0.0,0.0,0.0
2022-01-07,62.720001220703125,62.720001220703125,62.439998626708984,62.560001373291016,41.64018249511719,1403600,0.0,0.0,0.0
2022-01-10,62.31999969482422,62.46900177001953,61.75,62.43000030517578,41.55366134643555,1696700,0.0,0.0,0.0
2022-01-11,62.5,62.599998474121094,61.87799835205078,62.56999969482422,41.646846771240234,1331900,0.0,0.0,0.0
2022-01-12,62.66999816894531,62.849998474121094,62.59000015258789,62.720001220703125,41.746681213378906,1724100,0.0,0.0,0.0
2022-01-13,62.84000015258789,62.900001525878906,62.31999969482422,62.439998626708984,41.56031799316406,2509400,0.0,0.0,0.0
2022-01-14,62.220001220703125,62.22999954223633,61.70600128173828,62.189998626708984,41.3939208984375,1964300,0.0,0.0,0.0
2022-01-18,61.7400016784668,61.847999572753906,61.31999969482422,61.45000076293945,40.9013671875,1973800,0.0,0.0,0.0
2022-01-19,61.66999816894531,61.83000183105469,61.13999938964844,61.16999816894531,40.714996337890625,1784100,0.0,0.0,0.0
2022-01-20,61.33000183105469,61.849998474121094,60.61000061035156,60.70000076293945,40.402156829833984,1614600,0.0,0.0,0.0
2022-01-21,60.5,61.04499816894531,60.0,60.06999969482422,39.98283386230469,2032000,0.0,0.0,0.0
2022-01-24,59.599998474121094,60.33000183105469,58.380001068115234,60.2599983215332,40.10930633544922,3405700,0.0,0.0,0.0
2022-01-25,59.540000915527344,60.099998474121094,58.724998474121094,59.59000015258789,39.66334915161133,2016500,0.0,0.0,0.0
2022-01-26,60.060001373291016,60.310001373291016,58.79999923706055,59.2599983215332,39.44368362426758,1999800,0.0,0.0,0.0
2022-01-27,59.689998626708984,60.2400016784668,59.040000915527344,59.27000045776367,39.45035171508789,1806100,0.0,0.0,0.0
2022-01-28,59.33000183105469,60.400001525878906,58.79999923706055,60.369998931884766,40.18251037597656,1262600,0.0,0.0,0.0
2022-01-31,60.29999923706055,60.9900016784668,60.060001373291016,60.9900016784668,40.59518814086914,1357200,0.0,0.0,0.0
2022-02-01,60.75,60.893001556396484,60.277000427246094,60.790000915527344,40.71708679199219,1543700,0.382,0.0,0.0
2022-02-02,60.97999954223633,61.59000015258789,60.86600112915039,61.470001220703125,41.17254638671875,2077100,0.0,0.0,0.0
2022-02-03,61.20000076293945,61.36000061035156,60.849998474121094,60.91999816894531,40.80414962768555,1906600,0.0,0.0,0.0
2022-02-04,60.7599983215332,60.9900016784668,60.15999984741211,60.630001068115234,40.60993194580078,1789700,0.0,0.0,0.0
2022-02-07,60.75,60.77000045776367,60.310001373291016,60.400001525878906,40.455867767333984,1137600,0.0,0.0,0.0
2022-02-08,60.560001373291016,60.86800003051758,60.349998474121094,60.790000915527344,40.71708679199219,2423300,0.0,0.0,0.0
2022-02-09,61.130001068115234,61.37900161743164,61.04999923706055,61.310001373291016,41.06539535522461,3341800,0.0,0.0,0.0
2022-02-10,60.959999084472656,61.20000076293945,60.29999923706055,60.5,40.522850036621094,1492800,0.0,0.0,0.0
2022-02-11,60.5099983215332,60.73899841308594,59.68000030517578,59.880001068115234,40.107582092285156,2048100,0.0,0.0,0.0
2022-02-14,59.790000915527344,59.99800109863281,59.29600143432617,59.709999084472656,39.99369430541992,966800,0.0,0.0,0.0
2022-02-15,60.2599983215332,60.439998626708984,59.92499923706055,60.150001525878906,40.28843307495117,969000,0.0,0.0,0.0
2022-02-16,60.029998779296875,60.459999084472656,59.81999969482422,60.310001373291016,40.395591735839844,1149400,0.0,0.0,0.0
2022-02-17,60.0,60.189998626708984,59.58000183105469,59.720001220703125,40.00040817260742,1127000,0.0,0.0,0.0
2022-02-18,59.68000030517578,59.900001525878906,59.34000015258789,59.540000915527344,39.879844665527344,988800,0.0,0.0,0.0
2022-02-22,59.29999923706055,59.689998626708984,58.790000915527344,59.060001373291016,39.55834197998047,1069600,0.0,0.0,0.0
2022-02-23,59.41999816894531,59.500999450683594,58.29999923706055,58.33000183105469,39.06938552856445,2957500,0.0,0.0,0.0
2022-02-24,57.33000183105469,58.749000549316406,57.08000183105469,58.689998626708984,39.310508728027344,3438400,0.0,0.0,0.0
2022-02-25,59.0,60.060001373291016,58.880001068115234,60.029998779296875,40.20804214477539,3125400,0.0,0.0,0.0
2022-02-28,59.650001525878906,59.939998626708984,59.20800018310547,59.86000061035156,40.09418487548828,1729100,0.0,0.0,0.0
2022-03-01,59.349998474121094,59.44499969482422,58.459999084472656,58.790000915527344,39.68376541137695,1510900,0.462,0.0,0.0
2022-03-02,58.939998626708984,59.7400016784668,58.86000061035156,59.52000045776367,40.17654037475586,913500,0.0,0.0,0.0
2022-03-03,59.86000061035156,60.099998474121094,59.564998626708984,59.72999954223633,40.31828308105469,1979000,0.0,0.0,0.0
2022-03-04,59.560001373291016,59.86000061035156,59.20000076293945,59.86000061035156,40.40603256225586,2045700,0.0,0.0,0.0
2022-03-07,59.650001525878906,59.86000061035156,58.7400016784668,58.869998931884766,39.73776626586914,1768500,0.0,0.0,0.0
2022-03-08,58.79999923706055,59.22800064086914,58.05500030517578,58.11000061035156,39.22476577758789,1687200,0.0,0.0,0.0
2022-03-09,58.88999938964844,59.20000076293945,58.611000061035156,58.90999984741211,39.764774322509766,1140900,0.0,0.0,0.0
2022-03-10,58.5099983215332,59.0359992980957,58.400001525878906,58.849998474121094,39.724273681640625,2049800,0.0,0.0,0.0
2022-03-11,59.43000030517578,59.47999954223633,58.560001373291016,58.63999938964844,39.582515716552734,1217500,0.0,0.0,0.0
2022-03-14,58.900001525878906,59.39099884033203,58.58000183105469,58.709999084472656,39.629783630371094,1193300,0.0,0.0,0.0
2022-03-15,59.0,59.68000030517578,58.95000076293945,59.619998931884766,40.244022369384766,1360300,0.0,0.0,0.0
2022-03-16,60.0,60.209999084472656,59.310001373291016,60.119998931884766,40.581539154052734,1426800,0.0,0.0,0.0
2022-03-17,60.15999984741211,60.70000076293945,60.04999923706055,60.70000076293945,40.973045349121094,1214400,0.0,0.0,0.0
2022-03-18,60.68000030517578,60.95000076293945,60.4640007019043,60.900001525878906,41.10804748535156,1308300,0.0,0.0,0.0
2022-03-21,60.97999954223633,61.141998291015625,60.689998626708984,60.86000061035156,41.08103942871094,1654900,0.0,0.0,0.0
2022-03-22,61.06999969482422,61.14899826049805,60.90599822998047,61.02000045776367,41.18904495239258,1511200,0.0,0.0,0.0
2022-03-23,61.0,61.0,60.630001068115234,60.689998626708984,40.966285705566406,1574200,0.0,0.0,0.0
2022-03-24,60.91999816894531,61.0099983215332,60.75,61.0099983215332,41.18230438232422,2313700,0.0,0.0,0.0
2022-03-25,61.189998626708984,61.29999923706055,61.0,61.29999923706055,41.378055572509766,1430700,0.0,0.0,0.0
2022-03-28,61.31999969482422,61.4900016784668,61.189998626708984,61.4900016784668,41.50629806518555,1854500,0.0,0.0,0.0
2022-03-29,61.779998779296875,61.779998779296875,61.41999816894531,61.599998474121094,41.58055877685547,2442900,0.0,0.0,0.0
2022-03-30,61.56999969482422,61.62699890136719,61.43000030517578,61.599998474121094,41.58055877685547,2166900,0.0,0.0,0.0
2022-03-31,61.689998626708984,61.900001525878906,61.27000045776367,61.400001525878906,41.445552825927734,2834500,0.0,0.0,0.0
2022-04-01,61.0,61.13999938964844,60.709999084472656,61.0099983215332,41.580509185791016,1874300,0.588,0.0,0.0
2022-04-04,61.1150016784668,61.1150016784668,60.689998626708984,60.849998474121094,41.47145462036133,2005600,0.0,0.0,0.0
2022-04-05,60.939998626708984,61.25,60.900001525878906,60.95000076293945,41.53960037231445,2110100,0.0,0.0,0.0
2022-04-06,61.0,61.45000076293945,60.849998474121094,61.41999816894531,41.85992431640625,1706300,0.0,0.0,0.0
2022-04-07,61.41999816894531,61.7599983215332,61.25,61.70000076293945,42.050750732421875,2823400,0.0,0.0,0.0
2022-04-08,61.810001373291016,61.92900085449219,61.5099983215332,61.79999923706055,42.1189079284668,2122000,0.0,0.0,0.0
2022-04-11,61.790000915527344,61.86000061035156,61.2599983215332,61.34000015258789,41.80538558959961,2682700,0.0,0.0,0.0
2022-04-12,61.58000183105469,61.68000030517578,61.040000915527344,61.119998931884766,41.655460357666016,2587500,0.0,0.0,0.0
2022-04-13,61.27000045776367,61.529998779296875,61.060001373291016,61.4900016784668,41.907623291015625,1990500,0.0,0.0,0.0
2022-04-14,61.54999923706055,61.709999084472656,61.27000045776367,61.310001373291016,41.78495788574219,3309900,0.0,0.0,0.0
2022-04-18,61.31999969482422,61.5,60.939998626708984,61.16999816894531,41.68954086303711,2068200,0.0,0.0,0.0
2022-04-19,61.189998626708984,61.79999923706055,61.189998626708984,61.70000076293945,42.050750732421875,2176700,0.0,0.0,0.0
2022-04-20,62.0,62.38999938964844,61.959999084472656,62.22999954223633,42.41196823120117,1782800,0.0,0.0,0.0
2022-04-21,62.5,62.599998474121094,61.61000061035156,61.689998626708984,42.043922424316406,2698000,0.0,0.0,0.0
2022-04-22,61.599998474121094,61.65999984741211,60.15999984741211,60.220001220703125,41.04207992553711,3103000,0.0,0.0,0.0
2022-04-25,60.0099983215332,60.560001373291016,59.310001373291016,60.439998626708984,41.19202423095703,2748200,0.0,0.0,0.0
2022-04-26,60.279998779296875,60.349998474121094,59.25,59.27000045776367,40.39461135864258,2544000,0.0,0.0,0.0
2022-04-27,59.4900016784668,60.04999923706055,59.270999908447266,59.47999954223633,40.53775405883789,2191100,0.0,0.0,0.0
2022-04-28,59.790000915527344,60.4900016784668,59.439998626708984,60.310001373291016,41.103424072265625,3348100,0.0,0.0,0.0
2022-04-29,60.0,60.04999923706055,58.529998779296875,58.58000183105469,39.92435836791992,3134300,0.0,0.0,0.0
2022-05-02,58.189998626708984,58.42599868774414,56.959999084472656,57.880001068115234,39.764976501464844,2874700,0.468,0.0,0.0
2022-05-03,58.099998474121094,58.54499816894531,57.83000183105469,58.15999984741211,39.95735168457031,1862900,0.0,0.0,0.0
2022-05-04,58.18000030517578,59.3849983215332,57.95000076293945,59.34000015258789,40.76802444458008,2816500,0.0,0.0,0.0
2022-05-05,59.119998931884766,59.17900085449219,57.68000030517578,58.099998474121094,39.91612243652344,2959200,0.0,0.0,0.0
2022-05-06,57.779998779296875,58.02000045776367,57.119998931884766,57.79999923706055,39.71001052856445,3047400,0.0,0.0,0.0
2022-05-09,57.189998626708984,57.28200149536133,56.54999923706055,56.72999954223633,38.97489547729492,3203700,0.0,0.0,0.0
2022-05-10,57.25,57.380001068115234,56.119998931884766,56.529998779296875,38.83749008178711,6093000,0.0,0.0,0.0
2022-05-11,56.439998626708984,57.24300003051758,56.20000076293945,56.25,38.64511489868164,3283600,0.0,0.0,0.0
2022-05-12,56.0,56.47999954223633,55.599998474121094,56.31999969482422,38.693214416503906,2819300,0.0,0.0,0.0
2022-05-13,56.689998626708984,57.20000076293945,56.5,57.09000015258789,39.22221755981445,2136500,0.0,0.0,0.0
2022-05-16,57.06999969482422,57.5989990234375,56.900001525878906,57.279998779296875,39.35275650024414,1738500,0.0,0.0,0.0
2022-05-17,57.779998779296875,57.869998931884766,57.369998931884766,57.81999969482422,39.723751068115234,1906500,0.0,0.0,0.0
2022-05-18,57.459999084472656,57.5,55.849998474121094,56.0,38.47335433959961,3198300,0.0,0.0,0.0
2022-05-19,55.599998474121094,56.1609992980957,55.290000915527344,55.68000030517578,38.25351333618164,2581200,0.0,0.0,0.0
2022-05-20,56.11000061035156,56.130001068115234,54.900001525878906,55.79999923706055,38.33595275878906,2600100,0.0,0.0,0.0
2022-05-23,56.290000915527344,56.82500076293945,56.11899948120117,56.70000076293945,38.954288482666016,2270100,0.0,0.0,0.0
2022-05-24,56.439998626708984,57.07500076293945,56.05500030517578,56.93000030517578,39.11228561401367,1835500,0.0,0.0,0.0
2022-05-25,56.90999984741211,57.2400016784668,56.619998931884766,57.060001373291016,39.20161056518555,1999800,0.0,0.0,0.0
2022-05-26,57.31999969482422,57.83100128173828,57.31999969482422,57.689998626708984,39.63444137573242,1999900,0.0,0.0,0.0
2022-05-27,57.869998931884766,58.5,57.861000061035156,58.5,40.190921783447266,2096700,0.0,0.0,0.0
2022-05-31,58.2400016784668,58.43299865722656,57.81999969482422,58.06999969482422,39.89550018310547,4628800,0.0,0.0,0.0
2022-06-01,57.68000030517578,57.790000915527344,56.959999084472656,57.279998779296875,39.705570220947266,2259200,0.516,0.0,0.0
2022-06-02,57.33000183105469,57.755001068115234,56.90999984741211,57.68000030517578,39.982852935791016,1565900,0.0,0.0,0.0
2022-06-03,57.54999923706055,57.73899841308594,57.470001220703125,57.56999969482422,39.906593322753906,1510700,0.0,0.0,0.0
2022-06-06,57.90999984741211,58.0,57.599998474121094,57.70000076293945,39.99671173095703,1913100,0.0,0.0,0.0
2022-06-07,57.33000183105469,58.04999923706055,57.33000183105469,58.04999923706055,40.239322662353516,1405700,0.0,0.0,0.0
2022-06-08,57.97999954223633,57.97999954223633,57.45000076293945,57.56999969482422,39.906593322753906,1759100,0.0,0.0,0.0
2022-06-09,57.5,57.683998107910156,56.75,56.79999923706055,39.372833251953125,1664800,0.0,0.0,0.0
2022-06-10,56.25,56.25,55.619998931884766,55.790000915527344,38.67273712158203,2520700,0.0,0.0,0.0
2022-06-13,54.70000076293945,54.900001525878906,53.849998474121094,54.09000015258789,37.494319915771484,2898100,0.0,0.0,0.0
2022-06-14,54.33000183105469,54.42499923706055,53.29999923706055,53.7599983215332,37.265567779541016,2455900,0.0,0.0,0.0
2022-06-15,54.209999084472656,54.729000091552734,53.380001068115234,54.08000183105469,37.48738098144531,2114200,0.0,0.0,0.0
2022-06-16,53.2599983215332,53.327999114990234,52.61000061035156,52.86000061035156,36.64170837402344,2424800,0.0,0.0,0.0
2022-06-17,53.0099983215332,53.30500030517578,52.540000915527344,52.90999984741211,36.67635726928711,2727200,0.0,0.0,0.0
2022-06-21,53.619998931884766,54.29999923706055,53.54999923706055,54.119998931884766,37.51512145996094,1686300,0.0,0.0,0.0
2022-06-22,53.56999969482422,54.7400016784668,53.560001373291016,54.29999923706055,37.639888763427734,1884800,0.0,0.0,0.0
2022-06-23,54.47999954223633,54.939998626708984,54.31999969482422,54.88999938964844,38.048866271972656,1728000,0.0,0.0,0.0
2022-06-24,55.20000076293945,56.150001525878906,55.13999938964844,56.119998931884766,38.9014778137207,1694600,0.0,0.0,0.0
2022-06-27,56.2599983215332,56.380001068115234,56.02899932861328,56.20000076293945,38.956932067871094,2084400,0.0,0.0,0.0
2022-06-28,56.36000061035156,56.650001525878906,55.400001525878906,55.459999084472656,38.44398498535156,2178200,0.0,0.0,0.0
2022-06-29,55.54999923706055,55.702999114990234,55.29999923706055,55.529998779296875,38.492496490478516,2061400,0.0,0.0,0.0
2022-06-30,55.09000015258789,55.79999923706055,54.9010009765625,55.45000076293945,38.43704605102539,2568000,0.0,0.0,0.0
2022-07-01,54.77000045776367,55.58000183105469,54.68000030517578,55.5,38.907447814941406,1809800,0.621,0.0,0.0
2022-07-05,54.90999984741211,55.15999984741211,54.29999923706055,55.11000061035156,38.63404083251953,2796300,0.0,0.0,0.0
2022-07-06,55.25,55.75,55.060001373291016,55.45000076293945,38.87239074707031,1804600,0.0,0.0,0.0
2022-07-07,55.75,55.869998931884766,55.45000076293945,55.63999938964844,39.00558853149414,2060900,0.0,0.0,0.0
2022-07-08,55.63999938964844,55.84000015258789,55.470001220703125,55.529998779296875,38.92845916748047,2530700,0.0,0.0,0.0
2022-07-11,55.459999084472656,55.779998779296875,55.439998626708984,55.619998931884766,38.9915657043457,1717600,0.0,0.0,0.0
2022-07-12,55.5,55.689998626708984,55.02000045776367,55.22999954223633,38.71815872192383,2123000,0.0,0.0,0.0
2022-07-13,54.79999923706055,55.34000015258789,54.65999984741211,54.88999938964844,38.479820251464844,3088900,0.0,0.0,0.0
2022-07-14,54.66999816894531,54.91999816894531,54.20000076293945,54.88999938964844,38.479820251464844,2471400,0.0,0.0,0.0
2022-07-15,55.220001220703125,55.6349983215332,55.220001220703125,55.529998779296875,38.92845916748047,2629500,0.0,0.0,0.0
2022-07-18,56.0,56.005001068115234,55.06999969482422,55.189998626708984,38.69012451171875,2782900,0.0,0.0,0.0
2022-07-19,55.52000045776367,55.97999954223633,55.470001220703125,55.880001068115234,39.17383575439453,2361400,0.0,0.0,0.0
2022-07-20,55.91999816894531,55.96699905395508,55.58700180053711,55.77000045776367,39.096717834472656,2338600,0.0,0.0,0.0
2022-07-21,55.779998779296875,56.04999923706055,55.630001068115234,56.04999923706055,39.29301452636719,2081800,0.0,0.0,0.0
2022-07-22,56.130001068115234,56.29800033569336,56.02000045776367,56.20000076293945,39.39816665649414,3578000,0.0,0.0,0.0
2022-07-25,56.290000915527344,56.56999969482422,56.23899841308594,56.5099983215332,39.615482330322266,1953100,0.0,0.0,0.0
2022-07-26,56.459999084472656,56.56999969482422,56.30099868774414,56.5,39.60847854614258,2247900,0.0,0.0,0.0
2022-07-27,56.650001525878906,56.849998474121094,56.422000885009766,56.7400016784668,39.776729583740234,2795200,0.0,0.0,0.0
2022-07-28,56.83000183105469,57.38999938964844,56.689998626708984,57.33000183105469,40.190338134765625,3044200,0.0,0.0,0.0
2022-07-29,57.279998779296875,57.4900016784668,57.22999954223633,57.43000030517578,40.26043701171875,4366400,0.0,0.0,0.0
2022-08-01,56.720001220703125,56.81999969482422,56.5,56.72999954223633,40.11546325683594,2648000,0.495,0.0,0.0
2022-08-02,56.540000915527344,56.709999084472656,56.439998626708984,56.4900016784668,39.945762634277344,2482500,0.0,0.0,0.0
2022-08-03,56.58000183105469,56.79999923706055,56.459999084472656,56.66999816894531,40.07305908203125,3245500,0.0,0.0,0.0
2022-08-04,56.63999938964844,56.79399871826172,56.560001373291016,56.689998626708984,40.08720016479492,2555500,0.0,0.0,0.0
2022-08-05,56.47999954223633,56.83000183105469,56.42499923706055,56.810001373291016,40.17203903198242,2825200,0.0,0.0,0.0
2022-08-08,56.93000030517578,57.09600067138672,56.85499954223633,56.9900016784668,40.29932403564453,2375600,0.0,0.0,0.0
2022-08-09,56.9900016784668,57.18000030517578,56.97999954223633,57.119998931884766,40.39125442504883,2136000,0.0,0.0,0.0
2022-08-10,57.34000015258789,57.41999816894531,57.220001220703125,57.349998474121094,40.55388641357422,5960300,0.0,0.0,0.0
2022-08-11,57.5099983215332,57.59000015258789,57.2400016784668,57.29999923706055,40.51853942871094,3273900,0.0,0.0,0.0
2022-08-12,57.400001525878906,57.619998931884766,57.31999969482422,57.619998931884766,40.74482345581055,8705500,0.0,0.0,0.0
2022-08-15,57.529998779296875,57.77000045776367,57.5,57.77000045776367,40.850887298583984,2430800,0.0,0.0,0.0
2022-08-16,57.72999954223633,57.88999938964844,57.650001525878906,57.83000183105469,40.89331817626953,2865300,0.0,0.0,0.0
2022-08-17,57.650001525878906,57.790000915527344,57.560001373291016,57.709999084472656,40.80846405029297,2691200,0.0,0.0,0.0
2022-08-18,57.7599983215332,57.849998474121094,57.68000030517578,57.83000183105469,40.89331817626953,2376600,0.0,0.0,0.0
2022-08-19,57.65999984741211,57.849998474121094,57.650001525878906,57.790000915527344,40.86503601074219,3008500,0.0,0.0,0.0
2022-08-22,57.599998474121094,57.70000076293945,57.36000061035156,57.38999938964844,40.58218765258789,3659500,0.0,0.0,0.0
2022-08-23,57.43000030517578,57.4900016784668,57.060001373291016,57.16999816894531,40.426605224609375,2641500,0.0,0.0,0.0
2022-08-24,57.25,57.435001373291016,57.15999984741211,57.2400016784668,40.476112365722656,2644300,0.0,0.0,0.0
2022-08-25,57.41999816894531,57.75,57.2599983215332,57.75,40.83674621582031,2536500,0.0,0.0,0.0
2022-08-26,57.75,57.7859992980957,56.5,56.619998931884766,40.037689208984375,3604700,0.0,0.0,0.0
2022-08-29,56.2599983215332,56.65999984741211,56.099998474121094,56.31999969482422,39.8255615234375,4346800,0.0,0.0,0.0
2022-08-30,56.45000076293945,56.470001220703125,55.52000045776367,55.689998626708984,39.38006591796875,3579800,0.0,0.0,0.0
2022-08-31,55.84000015258789,55.979000091552734,55.2400016784668,55.2599983215332,39.07599639892578,2931000,0.0,0.0,0.0
2022-09-01,54.5099983215332,55.09000015258789,54.349998474121094,55.06999969482422,39.339595794677734,3455200,0.559,0.0,0.0
2022-09-02,55.400001525878906,55.63999938964844,54.29999923706055,54.45000076293945,38.89669418334961,2367000,0.0,0.0,0.0
2022-09-06,54.619998931884766,54.97999954223633,54.279998779296875,54.52000045776367,38.94668960571289,2242200,0.0,0.0,0.0
2022-09-07,54.529998779296875,55.44499969482422,54.5,55.34000015258789,39.53247833251953,2926500,0.0,0.0,0.0
2022-09-08,55.20000076293945,55.69499969482422,55.04999923706055,55.65999984741211,39.761051177978516,2200300,0.0,0.0,0.0
2022-09-09,55.90999984741211,56.244998931884766,55.779998779296875,56.150001525878906,40.11110305786133,2329400,0.0,0.0,0.0
2022-09-12,56.369998931884766,56.560001373291016,56.279998779296875,56.439998626708984,40.31826400756836,3119200,0.0,0.0,0.0
2022-09-13,55.77000045776367,55.83000183105469,54.66999816894531,54.66999816894531,39.05385971069336,5235300,0.0,0.0,0.0
2022-09-14,55.0,55.08000183105469,54.553001403808594,54.869998931884766,39.196712493896484,2418200,0.0,0.0,0.0
2022-09-15,54.81999969482422,54.90700149536133,54.32099914550781,54.43000030517578,38.88241195678711,5523100,0.0,0.0,0.0
2022-09-16,54.0,54.25,53.86000061035156,54.20000076293945,38.71810531616211,3100600,0.0,0.0,0.0
2022-09-19,53.95000076293945,54.52799987792969,53.900001525878906,54.5099983215332,38.93955612182617,2450400,0.0,0.0,0.0
2022-09-20,54.25,54.310001373291016,53.61399841308594,54.02000045776367,38.58951187133789,2833900,0.0,0.0,0.0
2022-09-21,54.16999816894531,54.45000076293945,53.290000915527344,53.33000183105469,38.096614837646484,3832700,0.0,0.0,0.0
2022-09-22,53.31999969482422,53.400001525878906,52.96900177001953,53.09000015258789,37.9251594543457,3791100,0.0,0.0,0.0
2022-09-23,52.584999084472656,52.709999084472656,51.970001220703125,52.529998779296875,37.525123596191406,5522500,0.0,0.0,0.0
2022-09-26,52.36000061035156,52.529998779296875,51.73500061035156,52.02000045776367,37.16081237792969,4134200,0.0,0.0,0.0
2022-09-27,52.41999816894531,52.54999923706055,51.43000030517578,51.65999984741211,36.90363311767578,3522700,0.0,0.0,0.0
2022-09-28,51.88999938964844,52.749000549316406,51.75,52.560001373291016,37.54655838012695,2749300,0.0,0.0,0.0
2022-09-29,52.2599983215332,52.349998474121094,51.52000045776367,51.86000061035156,37.046504974365234,2849300,0.0,0.0,0.0
2022-09-30,51.790000915527344,52.040000915527344,51.15999984741211,51.22999954223633,36.596466064453125,4065000,0.0,0.0,0.0
2022-10-03,51.150001525878906,52.119998931884766,51.06999969482422,51.95000076293945,37.46253204345703,3744800,0.481,0.0,0.0
2022-10-04,52.369998931884766,52.95000076293945,52.349998474121094,52.95000076293945,38.18366622924805,2927700,0.0,0.0,0.0
2022-10-05,52.52000045776367,53.099998474121094,52.32600021362305,52.81999969482422,38.08992004394531,3027800,0.0,0.0,0.0
2022-10-06,52.75,52.86000061035156,52.119998931884766,52.22999954223633,37.66444778442383,2895400,0.0,0.0,0.0
2022-10-07,51.939998626708984,51.970001220703125,51.06999969482422,51.31999969482422,37.00823211669922,3006900,0.0,0.0,0.0
2022-10-10,51.36000061035156,51.54999923706055,50.970001220703125,51.25,36.95775604248047,2958300,0.0,0.0,0.0
2022-10-11,51.060001373291016,51.63199996948242,50.959999084472656,51.130001068115234,36.871212005615234,3286700,0.0,0.0,0.0
2022-10-12,51.20199966430664,51.400001525878906,50.849998474121094,50.880001068115234,36.69092559814453,2510200,0.0,0.0,0.0
2022-10-13,50.130001068115234,52.029998779296875,49.91999816894531,51.849998474121094,37.39042663574219,5004300,0.0,0.0,0.0
2022-10-14,52.18000030517578,52.36000061035156,51.084999084472656,51.130001068115234,36.871212005615234,2885800,0.0,0.0,0.0
2022-10-17,51.709999084472656,52.15999984741211,51.685001373291016,52.0,37.49858474731445,3039100,0.0,0.0,0.0
2022-10-18,52.70000076293945,52.82899856567383,52.16999816894531,52.5,37.85915756225586,2947500,0.0,0.0,0.0
2022-10-19,52.36000061035156,52.47999954223633,51.880001068115234,52.119998931884766,37.58513641357422,3974400,0.0,0.0,0.0
2022-10-20,52.15999984741211,52.36000061035156,51.54999923706055,51.619998931884766,37.22456741333008,1883900,0.0,0.0,0.0
2022-10-21,51.630001068115234,52.5,51.5,52.43000030517578,37.80868911743164,2154400,0.0,0.0,0.0
2022-10-24,52.70000076293945,53.13999938964844,52.63999938964844,52.97999954223633,38.205299377441406,3827100,0.0,0.0,0.0
2022-10-25,53.040000915527344,53.470001220703125,53.0099983215332,53.43000030517578,38.52981185913086,4329600,0.0,0.0,0.0
2022-10-26,53.369998931884766,53.874000549316406,53.369998931884766,53.61000061035156,38.659610748291016,3752400,0.0,0.0,0.0
2022-10-27,53.900001525878906,54.16899871826172,53.76100158691406,53.81999969482422,38.811038970947266,2797000,0.0,0.0,0.0
2022-10-28,53.93000030517578,54.65999984741211,53.900001525878906,54.630001068115234,39.395164489746094,3344500,0.0,0.0,0.0
2022-10-31,54.59000015258789,54.779998779296875,54.459999084472656,54.56999969482422,39.351898193359375,5064200,0.0,0.0,0.0
2022-11-01,54.099998474121094,54.13999938964844,53.75,53.90999984741211,39.31250762939453,3024800,0.606,0.0,0.0
2022-11-02,53.986000061035156,54.34000015258789,53.29999923706055,53.349998474121094,38.904151916503906,3686300,0.0,0.0,0.0
2022-11-03,53.060001373291016,53.560001373291016,52.97999954223633,53.279998779296875,38.85310363769531,3804300,0.0,0.0,0.0
2022-11-04,53.72999954223633,53.97999954223633,53.19499969482422,53.79999923706055,39.2322998046875,3141600,0.0,0.0,0.0
2022-11-07,54.0,54.244998931884766,53.8390007019043,54.15999984741211,39.49481964111328,3042400,0.0,0.0,0.0
2022-11-08,54.31999969482422,54.7400016784668,54.1349983215332,54.5,39.74274444580078,4025200,0.0,0.0,0.0
2022-11-09,54.31999969482422,54.529998779296875,53.90999984741211,53.91999816894531,39.319801330566406,2560300,0.0,0.0,0.0
2022-11-10,55.11000061035156,55.27000045776367,54.79999923706055,55.189998626708984,40.24591827392578,4690400,0.0,0.0,0.0
2022-11-11,55.220001220703125,55.27000045776367,54.71900177001953,54.900001525878906,40.03443908691406,2727400,0.0,0.0,0.0
2022-11-14,54.95000076293945,55.279998779296875,54.904998779296875,54.959999084472656,40.07819747924805,3505800,0.0,0.0,0.0
2022-11-15,55.31999969482422,55.31999969482422,54.75,55.060001373291016,40.151126861572266,4677000,0.0,0.0,0.0
2022-11-16,55.119998931884766,55.34000015258789,55.02000045776367,55.20000076293945,40.25321960449219,2720400,0.0,0.0,0.0
2022-11-17,55.0,55.20000076293945,54.91999816894531,55.15999984741211,40.22404861450195,3046000,0.0,0.0,0.0
2022-11-18,55.369998931884766,55.65999984741211,55.369998931884766,55.59000015258789,40.537601470947266,3318100,0.0,0.0,0.0
2022-11-21,55.630001068115234,55.95000076293945,55.599998474121094,55.900001525878906,40.76367950439453,4278000,0.0,0.0,0.0
2022-11-22,56.19499969482422,56.279998779296875,56.060001373291016,56.209999084472656,40.98971939086914,3420000,0.0,0.0,0.0
2022-11-23,56.20000076293945,56.362998962402344,56.20000076293945,56.33000183105469,41.077247619628906,2472700,0.0,0.0,0.0
2022-11-25,56.43000030517578,56.540000915527344,56.43000030517578,56.52000045776367,41.21578598022461,1311100,0.0,0.0,0.0
2022-11-28,56.5,56.51900100708008,56.084999084472656,56.16999816894531,40.9605598449707,2933100,0.0,0.0,0.0
2022-11-29,56.2599983215332,56.2599983215332,55.900001525878906,56.150001525878906,40.94597244262695,3274100,0.0,0.0,0.0
2022-11-30,56.15399932861328,56.779998779296875,55.922000885009766,56.779998779296875,41.40538787841797,4311500,0.0,0.0,0.0
2022-12-01,56.11000061035156,56.32500076293945,55.97999954223633,56.119998931884766,41.3685302734375,4228200,0.61,0.0,0.0
2022-12-02,55.95000076293945,56.279998779296875,55.810001373291016,56.15999984741211,41.39801788330078,2960800,0.0,0.0,0.0
2022-12-05,56.13999938964844,56.13999938964844,55.81999969482422,55.91999816894531,41.221092224121094,3369000,0.0,0.0,0.0
2022-12-06,55.970001220703125,55.970001220703125,55.314998626708984,55.56999969482422,40.96310043334961,3562800,0.0,0.0,0.0
2022-12-07,55.5099983215332,55.83000183105469,55.470001220703125,55.599998474121094,40.9852180480957,3500400,0.0,0.0,0.0
2022-12-08,55.7599983215332,56.02000045776367,55.66999816894531,55.880001068115234,41.191619873046875,3607200,0.0,0.0,0.0
2022-12-09,55.849998474121094,55.9900016784668,55.54999923706055,55.54999923706055,40.9483528137207,3010400,0.0,0.0,0.0
2022-12-12,55.619998931884766,56.2400016784668,55.619998931884766,56.2400016784668,41.45697784423828,2824800,0.0,0.0,0.0
2022-12-13,56.900001525878906,56.91999816894531,56.04499816894531,56.33000183105469,41.52333068847656,5682800,0.0,0.0,0.0
2022-12-14,56.34000015258789,56.72999954223633,56.02000045776367,56.209999084472656,41.434871673583984,3769500,0.0,0.0,0.0
2022-12-15,55.91999816894531,55.959999084472656,55.095001220703125,55.310001373291016,40.77144241333008,4807300,0.0,0.0,0.0
2022-12-16,55.0,55.0,54.47999954223633,54.81999969482422,40.41023635864258,4840200,0.0,0.0,0.0
2022-12-19,54.7400016784668,55.0,54.27000045776367,54.5099983215332,40.18172836303711,4034600,0.0,0.0,0.0
2022-12-20,54.459999084472656,54.7400016784668,54.23400115966797,54.54999923706055,40.21120834350586,3567500,0.0,0.0,0.0
2022-12-21,54.88999938964844,55.380001068115234,54.81999969482422,55.22999954223633,40.71246337890625,3440700,0.0,0.0,0.0
2022-12-22,55.0,55.0,54.099998474121094,54.83000183105469,40.417606353759766,3593000,0.0,0.0,0.0
2022-12-23,54.79999923706055,55.16999816894531,54.63999938964844,55.16999816894531,40.66823959350586,3100600,0.0,0.0,0.0
2022-12-27,55.29999923706055,55.40999984741211,54.9900016784668,55.29999923706055,40.764076232910156,3353400,0.0,0.0,0.0
2022-12-28,55.31999969482422,55.5,54.720001220703125,54.75,40.358638763427734,4093200,0.0,0.0,0.0
2022-12-29,54.5099983215332,54.86000061035156,54.36000061035156,54.72999954223633,40.770591735839844,4576900,0.573,0.0,0.0
2022-12-30,54.619998931884766,54.619998931884766,54.060001373291016,54.4900016784668,40.591800689697266,4000300,0.0,0.0,0.0
2023-01-03,54.720001220703125,54.762001037597656,54.040000915527344,54.470001220703125,40.57692337036133,3670100,0.0,0.0,0.0
2023-01-04,54.61000061035156,54.93000030517578,54.41999816894531,54.7400016784668,40.778038024902344,3526900,0.0,0.0,0.0
2023-01-05,54.577999114990234,54.577999114990234,54.084999084472656,54.18000030517578,40.36087417602539,3480000,0.0,0.0,0.0
2023-01-06,54.540000915527344,55.279998779296875,54.36000061035156,55.18000030517578,41.10581588745117,4908700,0.0,0.0,0.0
2023-01-09,55.33000183105469,55.540000915527344,54.970001220703125,55.02000045776367,40.98662185668945,6390600,0.0,0.0,0.0
2023-01-10,55.018001556396484,55.189998626708984,54.869998931884766,55.189998626708984,41.11327362060547,4676100,0.0,0.0,0.0
2023-01-11,55.220001220703125,55.5,55.220001220703125,55.5,41.34419250488281,4556400,0.0,0.0,0.0
2023-01-12,55.54999923706055,55.70000076293945,55.31100082397461,55.560001373291016,41.38888931274414,5013000,0.0,0.0,0.0
2023-01-13,55.380001068115234,55.755001068115234,55.380001068115234,55.70000076293945,41.49318313598633,3628300,0.0,0.0,0.0
2023-01-17,55.709999084472656,55.88999938964844,55.54999923706055,55.560001373291016,41.38888931274414,4028700,0.0,0.0,0.0
2023-01-18,55.689998626708984,55.70000076293945,54.849998474121094,54.93000030517578,40.91957473754883,5801900,0.0,0.0,0.0
2023-01-19,54.790000915527344,54.86000061035156,54.599998474121094,54.630001068115234,40.69609832763672,4390900,0.0,0.0,0.0
2023-01-20,54.720001220703125,55.06999969482422,54.5,55.0099983215332,40.97917938232422,4096400,0.0,0.0,0.0
2023-01-23,55.29999923706055,55.29999923706055,54.959999084472656,55.119998931884766,41.06111526489258,6425100,0.0,0.0,0.0
2023-01-24,55.08000183105469,55.22999954223633,54.86000061035156,55.189998626708984,41.11327362060547,5721300,0.0,0.0,0.0
2023-01-25,55.04600143432617,55.20000076293945,54.762001037597656,55.15999984741211,41.09091567993164,5590100,0.0,0.0,0.0
2023-01-26,55.2400016784668,55.25,55.029998779296875,55.189998626708984,41.11327362060547,9693800,0.0,0.0,0.0
2023-01-27,55.119998931884766,55.18000030517578,54.95000076293945,55.02000045776367,40.98662185668945,5570500,0.0,0.0,0.0
2023-01-30,54.9900016784668,55.2599983215332,54.97999954223633,55.02000045776367,40.98662185668945,5568200,0.0,0.0,0.0
2023-01-31,55.11000061035156,55.470001220703125,55.04999923706055,55.470001220703125,41.32184982299805,7037000,0.0,0.0,0.0
2023-02-01,55.0,55.18000030517578,54.7599983215332,55.040000915527344,41.33236312866211,6340400,0.444,0.0,0.0
2023-02-02,55.029998779296875,55.060001373291016,54.70000076293945,54.939998626708984,41.257266998291016,9691300,0.0,0.0,0.0
2023-02-03,54.79999923706055,54.95000076293945,54.529998779296875,54.689998626708984,41.06952667236328,8327900,0.0,0.0,0.0
2023-02-06,54.61199951171875,54.83000183105469,54.61199951171875,54.790000915527344,41.14463424682617,4600800,0.0,0.0,0.0
2023-02-07,54.77000045776367,54.86000061035156,54.5099983215332,54.810001373291016,41.159645080566406,4355500,0.0,0.0,0.0
2023-02-08,54.74599838256836,54.7599983215332,54.58000183105469,54.619998931884766,41.016971588134766,4377900,0.0,0.0,0.0
2023-02-09,54.79999923706055,54.83000183105469,54.40999984741211,54.43000030517578,40.874290466308594,3725100,0.0,0.0,0.0
2023-02-10,54.43000030517578,54.79999923706055,54.400001525878906,54.77000045776367,41.129608154296875,4380900,0.0,0.0,0.0
2023-02-13,54.86000061035156,55.08000183105469,54.84000015258789,55.060001373291016,41.347381591796875,3512000,0.0,0.0,0.0
2023-02-14,55.11000061035156,55.16999816894531,54.7599983215332,54.95000076293945,41.264774322509766,4925700,0.0,0.0,0.0
2023-02-15,54.93000030517578,55.09000015258789,54.845001220703125,55.09000015258789,41.36990737915039,4002700,0.0,0.0,0.0
2023-02-16,54.89500045776367,55.040000915527344,54.61000061035156,54.79999923706055,41.152130126953125,4742200,0.0,0.0,0.0
2023-02-17,54.68000030517578,54.959999084472656,54.599998474121094,54.900001525878906,41.22723388671875,3952100,0.0,0.0,0.0
2023-02-21,54.630001068115234,54.70000076293945,54.290000915527344,54.310001373291016,40.78417205810547,5479700,0.0,0.0,0.0
2023-02-22,54.31999969482422,54.47999954223633,54.0099983215332,54.15999984741211,40.6715202331543,4520800,0.0,0.0,0.0
2023-02-23,54.400001525878906,54.41999816894531,53.80500030517578,54.2599983215332,40.74662780761719,4055800,0.0,0.0,0.0
2023-02-24,53.849998474121094,53.970001220703125,53.52000045776367,53.849998474121094,40.4387321472168,4727800,0.0,0.0,0.0
2023-02-27,54.18000030517578,54.41999816894531,53.880001068115234,54.0,40.55137252807617,7071700,0.0,0.0,0.0
2023-02-28,53.994998931884766,54.11000061035156,53.790000915527344,53.790000915527344,40.393672943115234,5348000,0.0,0.0,0.0
2023-03-01,53.314998626708984,53.345001220703125,52.959999084472656,53.15999984741211,40.22794723510742,4360300,0.411,0.0,0.0
2023-03-02,53.0,53.676998138427734,52.95000076293945,53.56999969482422,40.5382080078125,3454500,0.0,0.0,0.0
2023-03-03,53.75,54.06999969482422,53.55099868774414,54.029998779296875,40.88630294799805,4499200,0.0,0.0,0.0
2023-03-06,54.08000183105469,54.305999755859375,54.04999923706055,54.11000061035156,40.94685363769531,3774000,0.0,0.0,0.0
2023-03-07,54.15999984741211,54.189998626708984,53.38999938964844,53.459999084472656,40.45497131347656,6938300,0.0,0.0,0.0
2023-03-08,53.5099983215332,53.599998474121094,53.220001220703125,53.5,40.48523712158203,3948700,0.0,0.0,0.0
2023-03-09,53.608001708984375,53.70000076293945,52.689998626708984,52.84000015258789,39.98580551147461,5065500,0.0,0.0,0.0
2023-03-10,52.84000015258789,52.9370002746582,52.02000045776367,52.130001068115234,39.44852066040039,6146300,0.0,0.0,0.0
2023-03-13,51.869998931884766,52.77000045776367,51.790000915527344,52.20000076293945,39.50149154663086,5874500,0.0,0.0,0.0
2023-03-14,52.70000076293945,53.0,52.28499984741211,52.83000183105469,39.97822952270508,4611600,0.0,0.0,0.0
2023-03-15,52.209999084472656,52.540000915527344,51.939998626708984,52.5099983215332,39.73607635498047,5393100,0.0,0.0,0.0
2023-03-16,52.29999923706055,53.119998931884766,52.21500015258789,53.119998931884766,40.19767761230469,4580800,0.0,0.0,0.0
2023-03-17,52.9900016784668,53.0,52.375,52.529998779296875,39.751197814941406,3662500,0.0,0.0,0.0
2023-03-20,52.630001068115234,53.09000015258789,52.630001068115234,53.0099983215332,40.11442947387695,3814700,0.0,0.0,0.0
2023-03-21,53.40999984741211,53.44499969482422,53.09000015258789,53.400001525878906,40.40957260131836,3745400,0.0,0.0,0.0
2023-03-22,53.400001525878906,53.67300033569336,52.720001220703125,52.7599983215332,39.92525100708008,3959900,0.0,0.0,0.0
2023-03-23,53.0,53.40999984741211,52.58000183105469,52.86000061035156,40.000938415527344,7166900,0.0,0.0,0.0
2023-03-24,52.810001373291016,53.279998779296875,52.5099983215332,53.2599983215332,40.303627014160156,5244200,0.0,0.0,0.0
2023-03-27,53.52000045776367,53.654998779296875,53.400001525878906,53.5,40.48523712158203,3910900,0.0,0.0,0.0
2023-03-28,53.4900016784668,53.63999938964844,53.380001068115234,53.54999923706055,40.52306365966797,3916300,0.0,0.0,0.0
2023-03-29,53.88999938964844,54.0,53.81999969482422,54.0,40.86361312866211,3969200,0.0,0.0,0.0
2023-03-30,54.209999084472656,54.2400016784668,54.0099983215332,54.209999084472656,41.02252197265625,4289800,0.0,0.0,0.0
2023-03-31,54.31999969482422,54.61000061035156,54.310001373291016,54.599998474121094,41.317649841308594,6179800,0.0,0.0,0.0
2023-04-03,54.18000030517578,54.29999923706055,54.040000915527344,54.2599983215332,41.39775466918945,3933600,0.445,0.0,0.0
2023-04-04,54.290000915527344,54.34000015258789,54.040000915527344,54.119998931884766,41.29093933105469,3678600,0.0,0.0,0.0
2023-04-05,54.130001068115234,54.34000015258789,54.130001068115234,54.29999923706055,41.428279876708984,3425200,0.0,0.0,0.0
2023-04-06,54.349998474121094,54.39799880981445,54.209999084472656,54.34000015258789,41.45878982543945,3266900,0.0,0.0,0.0
2023-04-10,54.279998779296875,54.459999084472656,54.16999816894531,54.45000076293945,41.542701721191406,4149300,0.0,0.0,0.0
2023-04-11,54.52000045776367,54.720001220703125,54.5099983215332,54.599998474121094,41.657161712646484,3929200,0.0,0.0,0.0
2023-04-12,54.810001373291016,54.88999938964844,54.61000061035156,54.66999816894531,41.710567474365234,3823500,0.0,0.0,0.0
2023-04-13,54.72999954223633,54.90999984741211,54.58100128173828,54.86000061035156,41.855525970458984,3740500,0.0,0.0,0.0
2023-04-14,54.849998474121094,54.91999816894531,54.65999984741211,54.779998779296875,41.79449462890625,3115200,0.0,0.0,0.0
2023-04-17,54.849998474121094,54.93000030517578,54.7599983215332,54.900001525878906,41.88603591918945,3572300,0.0,0.0,0.0
2023-04-18,55.02000045776367,55.040000915527344,54.83000183105469,54.939998626708984,41.91656494140625,3548100,0.0,0.0,0.0
2023-04-19,54.900001525878906,55.02000045776367,54.880001068115234,54.95000076293945,41.924190521240234,3737100,0.0,0.0,0.0
2023-04-20,54.849998474121094,55.060001373291016,54.810001373291016,54.970001220703125,41.93944549560547,4249700,0.0,0.0,0.0
2023-04-21,55.08000183105469,55.138999938964844,54.935001373291016,55.08000183105469,42.023380279541016,4211500,0.0,0.0,0.0
2023-04-24,55.150001525878906,55.220001220703125,55.04999923706055,55.15999984741211,42.08441925048828,4854100,0.0,0.0,0.0
2023-04-25,55.06999969482422,55.08000183105469,54.63999938964844,54.66999816894531,41.710567474365234,4652500,0.0,0.0,0.0
2023-04-26,54.68000030517578,54.68000030517578,54.150001525878906,54.220001220703125,41.36723709106445,5363700,0.0,0.0,0.0
2023-04-27,54.400001525878906,55.06999969482422,54.400001525878906,54.9900016784668,41.954708099365234,6862500,0.0,0.0,0.0
2023-04-28,54.970001220703125,55.400001525878906,54.96500015258789,55.400001525878906,42.26752853393555,5066200,0.0,0.0,0.0
2023-05-01,54.970001220703125,55.22999954223633,54.96500015258789,55.06999969482422,42.34055709838867,4217500,0.425,0.0,0.0
2023-05-02,55.040000915527344,55.04999923706055,54.36000061035156,54.7599983215332,42.10220718383789,5161700,0.0,0.0,0.0
2023-05-03,54.790000915527344,54.880001068115234,54.36000061035156,54.400001525878906,41.82543182373047,4841000,0.0,0.0,0.0
2023-05-04,54.36000061035156,54.400001525878906,53.939998626708984,54.13999938964844,41.62553405761719,4792300,0.0,0.0,0.0
2023-05-05,54.40999984741211,54.79999923706055,54.39899826049805,54.720001220703125,42.071468353271484,4470600,0.0,0.0,0.0
2023-05-08,54.810001373291016,54.810001373291016,54.560001373291016,54.70000076293945,42.05609130859375,3708300,0.0,0.0,0.0
2023-05-09,54.58000183105469,54.65999984741211,54.459999084472656,54.54999923706055,41.940757751464844,3322500,0.0,0.0,0.0
2023-05-10,54.79999923706055,54.869998931884766,54.31999969482422,54.68000030517578,42.04071044921875,3639400,0.0,0.0,0.0
2023-05-11,54.63999938964844,54.65999984741211,54.380001068115234,54.61000061035156,41.986881256103516,3383600,0.0,0.0,0.0
2023-05-12,54.7400016784668,54.79999923706055,54.404998779296875,54.63999938964844,42.009944915771484,3242600,0.0,0.0,0.0
2023-05-15,54.72999954223633,54.7400016784668,54.5,54.709999084472656,42.06377410888672,3311300,0.0,0.0,0.0
2023-05-16,54.650001525878906,54.650001525878906,54.2599983215332,54.2599983215332,41.71779251098633,7855100,0.0,0.0,0.0
2023-05-17,54.47999954223633,54.7400016784668,54.28300094604492,54.70000076293945,42.05609130859375,6800700,0.0,0.0,0.0
2023-05-18,54.65999984741211,54.849998474121094,54.5099983215332,54.84000015258789,42.163719177246094,4526300,0.0,0.0,0.0
2023-05-19,54.95000076293945,55.02899932861328,54.75,54.880001068115234,42.19447326660156,7014200,0.0,0.0,0.0
2023-05-22,54.959999084472656,55.060001373291016,54.72200012207031,54.77000045776367,42.109901428222656,4157200,0.0,0.0,0.0
2023-05-23,54.689998626708984,54.70000076293945,54.2400016784668,54.31999969482422,41.763919830322266,5497700,0.0,0.0,0.0
2023-05-24,54.18000030517578,54.189998626708984,53.78499984741211,53.849998474121094,41.40256881713867,5310600,0.0,0.0,0.0
2023-05-25,53.869998931884766,53.9900016784668,53.654998779296875,53.88999938964844,41.43332290649414,5108000,0.0,0.0,0.0
2023-05-26,54.0,54.27899932861328,53.959999084472656,54.13999938964844,41.62553405761719,4661900,0.0,0.0,0.0
2023-05-30,54.27000045776367,54.27000045776367,53.93000030517578,54.04999923706055,41.556331634521484,5850200,0.0,0.0,0.0
2023-05-31,53.970001220703125,54.150001525878906,53.81999969482422,54.02000045776367,41.533267974853516,5734500,0.0,0.0,0.0
2023-06-01,53.779998779296875,53.9900016784668,53.58000183105469,53.91999816894531,41.73838424682617,4999500,0.365,0.0,0.0
2023-06-02,54.06999969482422,54.400001525878906,54.02000045776367,54.369998931884766,42.08673858642578,5167500,0.0,0.0,0.0
2023-06-05,54.380001068115234,54.44499969482422,54.27000045776367,54.40999984741211,42.11771011352539,5505600,0.0,0.0,0.0
2023-06-06,54.400001525878906,54.40999984741211,54.20000076293945,54.29999923706055,42.03255081176758,4366800,0.0,0.0,0.0
2023-06-07,54.290000915527344,54.44499969482422,54.18000030517578,54.40999984741211,42.11771011352539,4669400,0.0,0.0,0.0
2023-06-08,54.43000030517578,54.529998779296875,54.36000061035156,54.5099983215332,42.195106506347656,3447400,0.0,0.0,0.0
2023-06-09,54.5,54.540000915527344,54.38999938964844,54.439998626708984,42.14091873168945,6459200,0.0,0.0,0.0
2023-06-12,54.5099983215332,54.540000915527344,54.40999984741211,54.52000045776367,42.20284652709961,4094700,0.0,0.0,0.0
2023-06-13,54.599998474121094,54.630001068115234,54.470001220703125,54.61000061035156,42.27251434326172,4313300,0.0,0.0,0.0
2023-06-14,54.61000061035156,54.650001525878906,54.470001220703125,54.5099983215332,42.195106506347656,4593300,0.0,0.0,0.0
2023-06-15,54.56999969482422,54.849998474121094,54.54999923706055,54.79999923706055,42.41959762573242,4341800,0.0,0.0,0.0
2023-06-16,54.856998443603516,54.97999954223633,54.84000015258789,54.849998474121094,42.458282470703125,3558600,0.0,0.0,0.0
2023-06-20,54.81999969482422,54.81999969482422,54.65999984741211,54.66999816894531,42.31896209716797,3827700,0.0,0.0,0.0
2023-06-21,54.70000076293945,54.849998474121094,54.54999923706055,54.7599983215332,42.38862991333008,3765300,0.0,0.0,0.0
2023-06-22,54.720001220703125,54.790000915527344,54.63999938964844,54.77000045776367,42.396366119384766,3489100,0.0,0.0,0.0
2023-06-23,54.70000076293945,54.744998931884766,54.57500076293945,54.63999938964844,42.295738220214844,3785300,0.0,0.0,0.0
2023-06-26,54.65999984741211,54.81999969482422,54.59000015258789,54.779998779296875,42.40410614013672,4131100,0.0,0.0,0.0
2023-06-27,54.81999969482422,55.0,54.77399826049805,54.959999084472656,42.54344940185547,4989600,0.0,0.0,0.0
2023-06-28,54.959999084472656,54.959999084472656,54.75,54.86000061035156,42.466041564941406,5061000,0.0,0.0,0.0
2023-06-29,54.88999938964844,55.09000015258789,54.742000579833984,55.060001373291016,42.620849609375,4573100,0.0,0.0,0.0
2023-06-30,55.16999816894531,55.36000061035156,55.13999938964844,55.33000183105469,42.829856872558594,7666300,0.0,0.0,0.0
2023-07-03,54.95000076293945,55.02000045776367,54.75,55.0,42.852447509765625,2907700,0.359,0.0,0.0
2023-07-05,54.869998931884766,54.970001220703125,54.79999923706055,54.95000076293945,42.81348419189453,3590600,0.0,0.0,0.0
2023-07-06,54.77000045776367,54.77000045776367,54.540000915527344,54.70000076293945,42.61870574951172,4975000,0.0,0.0,0.0
2023-07-07,54.70000076293945,54.83000183105469,54.55500030517578,54.56999969482422,42.51741409301758,4042200,0.0,0.0,0.0
2023-07-10,54.56999969482422,54.90999984741211,54.56999969482422,54.86000061035156,42.74336242675781,4643700,0.0,0.0,0.0
2023-07-11,54.95000076293945,55.084999084472656,54.849998474121094,55.04999923706055,42.89139938354492,4096600,0.0,0.0,0.0
2023-07-12,55.220001220703125,55.290000915527344,55.1150016784668,55.22999954223633,43.031646728515625,6094800,0.0,0.0,0.0
2023-07-13,55.279998779296875,55.279998779296875,55.189998626708984,55.189998626708984,43.000484466552734,4867900,0.0,0.0,0.0
2023-07-14,55.22999954223633,55.34000015258789,55.1619987487793,55.31999969482422,43.101776123046875,4039300,0.0,0.0,0.0
2023-07-17,55.279998779296875,55.45000076293945,55.18199920654297,55.380001068115234,43.14852523803711,4518900,0.0,0.0,0.0
2023-07-18,55.40999984741211,55.56999969482422,55.29999923706055,55.400001525878906,43.164100646972656,4448800,0.0,0.0,0.0
2023-07-19,55.5,55.599998474121094,55.42300033569336,55.47999954223633,43.2264289855957,4522600,0.0,0.0,0.0
2023-07-20,55.470001220703125,55.689998626708984,55.43899917602539,55.66999816894531,43.37446594238281,4363100,0.0,0.0,0.0
2023-07-21,55.72999954223633,55.939998626708984,55.709999084472656,55.880001068115234,43.538089752197266,3560800,0.0,0.0,0.0
2023-07-24,55.88999938964844,55.95000076293945,55.845001220703125,55.91999816894531,43.56924819946289,7898200,0.0,0.0,0.0
2023-07-25,55.849998474121094,55.869998931884766,55.720001220703125,55.83000183105469,43.4991340637207,4649500,0.0,0.0,0.0
2023-07-26,55.790000915527344,55.93000030517578,55.720001220703125,55.90999984741211,43.561466217041016,4311600,0.0,0.0,0.0
2023-07-27,55.93000030517578,55.970001220703125,55.6349983215332,55.70000076293945,43.39784240722656,5089900,0.0,0.0,0.0
2023-07-28,55.849998474121094,55.869998931884766,55.70000076293945,55.81999969482422,43.491336822509766,4359100,0.0,0.0,0.0
2023-07-31,55.900001525878906,55.93000030517578,55.779998779296875,55.880001068115234,43.538089752197266,5094700,0.0,0.0,0.0
2023-08-01,55.5,55.650001525878906,55.470001220703125,55.56999969482422,43.52242660522461,3938900,0.29,0.0,0.0
2023-08-02,55.38999938964844,55.54999923706055,55.33000183105469,55.369998931884766,43.36578369140625,4592000,0.0,0.0,0.0
2023-08-03,55.2599983215332,55.41999816894531,55.119998931884766,55.29999923706055,43.31094741821289,4157800,0.0,0.0,0.0
2023-08-04,55.41999816894531,55.599998474121094,55.06999969482422,55.130001068115234,43.17780685424805,4962700,0.0,0.0,0.0
2023-08-07,55.20000076293945,55.619998931884766,55.189998626708984,55.619998931884766,43.56156921386719,4127000,0.0,0.0,0.0
2023-08-08,55.38999938964844,55.4900016784668,55.130001068115234,55.439998626708984,43.42061233520508,4570400,0.0,0.0,0.0
2023-08-09,55.439998626708984,55.59000015258789,55.27000045776367,55.349998474121094,43.3501091003418,3050600,0.0,0.0,0.0
2023-08-10,55.540000915527344,55.869998931884766,55.33000183105469,55.43000030517578,43.41278076171875,3977600,0.0,0.0,0.0
2023-08-11,55.301998138427734,55.560001373291016,55.25,55.52000045776367,43.4832649230957,2922200,0.0,0.0,0.0
2023-08-14,55.45000076293945,55.67499923706055,55.4109992980957,55.65999984741211,43.5929069519043,3269000,0.0,0.0,0.0
2023-08-15,55.47999954223633,55.47999954223633,55.053001403808594,55.130001068115234,43.17780685424805,3682900,0.0,0.0,0.0
2023-08-16,55.099998474121094,55.29999923706055,54.810001373291016,54.81999969482422,42.93502426147461,6538100,0.0,0.0,0.0
2023-08-17,54.970001220703125,55.01499938964844,54.459999084472656,54.5099983215332,42.692230224609375,3834200,0.0,0.0,0.0
2023-08-18,54.209999084472656,54.619998931884766,54.150001525878906,54.5099983215332,42.692230224609375,3313400,0.0,0.0,0.0
2023-08-21,54.560001373291016,54.709999084472656,54.2599983215332,54.61000061035156,42.770545959472656,2877600,0.0,0.0,0.0
2023-08-22,54.709999084472656,54.779998779296875,54.459999084472656,54.5099983215332,42.692230224609375,3604400,0.0,0.0,0.0
2023-08-23,54.630001068115234,55.0,54.61000061035156,54.91999816894531,43.013343811035156,3413000,0.0,0.0,0.0
2023-08-24,54.95000076293945,55.22999954223633,54.470001220703125,54.4900016784668,42.67656326293945,3200700,0.0,0.0,0.0
2023-08-25,54.65999984741211,55.029998779296875,54.42499923706055,54.900001525878906,42.997684478759766,3348700,0.0,0.0,0.0
2023-08-28,55.09000015258789,55.27000045776367,55.0099983215332,55.15999984741211,43.2013053894043,3789600,0.0,0.0,0.0
2023-08-29,55.209999084472656,55.59000015258789,55.13100051879883,55.58000183105469,43.53025817871094,3871600,0.0,0.0,0.0
2023-08-30,55.58000183105469,55.790000915527344,55.58000183105469,55.72999954223633,43.647735595703125,4378500,0.0,0.0,0.0
2023-08-31,55.81700134277344,55.81999969482422,55.58000183105469,55.59000015258789,43.53809356689453,4070600,0.0,0.0,0.0
2023-09-01,55.470001220703125,55.5,55.25,55.36000061035156,43.62317657470703,3164900,0.338,0.0,0.0
2023-09-05,55.36000061035156,55.369998931884766,55.040000915527344,55.060001373291016,43.38680648803711,2965800,0.0,0.0,0.0
2023-09-06,55.0,55.099998474121094,54.779998779296875,55.060001373291016,43.38680648803711,4071100,0.0,0.0,0.0
2023-09-07,54.91600036621094,55.22999954223633,54.90999984741211,55.13999938964844,43.449832916259766,4945000,0.0,0.0,0.0
2023-09-08,55.150001525878906,55.290000915527344,55.06999969482422,55.18000030517578,43.48135757446289,3219400,0.0,0.0,0.0
2023-09-11,55.275001525878906,55.40999984741211,55.209999084472656,55.400001525878906,43.65470886230469,3234800,0.0,0.0,0.0
2023-09-12,55.279998779296875,55.34000015258789,55.119998931884766,55.18000030517578,43.48135757446289,3269600,0.0,0.0,0.0
2023-09-13,55.152000427246094,55.349998474121094,55.150001525878906,55.279998779296875,43.56016159057617,3085100,0.0,0.0,0.0
2023-09-14,55.439998626708984,55.619998931884766,55.369998931884766,55.59000015258789,43.80442810058594,2703800,0.0,0.0,0.0
2023-09-15,55.5099983215332,55.540000915527344,55.13999938964844,55.189998626708984,43.489219665527344,3465200,0.0,0.0,0.0
2023-09-18,55.189998626708984,55.400001525878906,55.14500045776367,55.279998779296875,43.56016159057617,2533200,0.0,0.0,0.0
2023-09-19,55.279998779296875,55.290000915527344,54.849998474121094,55.16999816894531,43.473472595214844,3740500,0.0,0.0,0.0
2023-09-20,55.27000045776367,55.41999816894531,54.95000076293945,54.97999954223633,43.32374954223633,3287000,0.0,0.0,0.0
2023-09-21,54.77000045776367,54.779998779296875,54.17499923706055,54.209999084472656,42.71700668334961,4375500,0.0,0.0,0.0
2023-09-22,54.349998474121094,54.5,54.119998931884766,54.15999984741211,42.677608489990234,3547800,0.0,0.0,0.0
2023-09-25,54.060001373291016,54.29999923706055,53.98099899291992,54.290000915527344,42.78004837036133,3006300,0.0,0.0,0.0
2023-09-26,54.02000045776367,54.04499816894531,53.54999923706055,53.599998474121094,42.236331939697266,5683300,0.0,0.0,0.0
2023-09-27,53.779998779296875,53.79999923706055,53.16999816894531,53.5,42.15752410888672,4692600,0.0,0.0,0.0
2023-09-28,53.5,53.900001525878906,53.45000076293945,53.72999954223633,42.33876419067383,5007300,0.0,0.0,0.0
2023-09-29,54.040000915527344,54.04999923706055,53.40999984741211,53.560001373291016,42.20479965209961,4681300,0.0,0.0,0.0
2023-10-02,53.1349983215332,53.13999938964844,52.61000061035156,52.959999084472656,42.01678466796875,4792900,0.363,0.0,0.0
2023-10-03,52.720001220703125,52.95000076293945,52.29999923706055,52.400001525878906,41.57249450683594,7589400,0.0,0.0,0.0
2023-10-04,52.5,52.84000015258789,52.28499984741211,52.84000015258789,41.921566009521484,6039200,0.0,0.0,0.0
2023-10-05,52.77000045776367,52.81999969482422,52.31999969482422,52.59000015258789,41.723236083984375,4213100,0.0,0.0,0.0
2023-10-06,52.349998474121094,53.21500015258789,52.13999938964844,53.0099983215332,42.05644989013672,4768300,0.0,0.0,0.0
2023-10-09,52.810001373291016,53.314998626708984,52.7599983215332,53.290000915527344,42.27859115600586,2503200,0.0,0.0,0.0
2023-10-10,53.36000061035156,53.779998779296875,53.31999969482422,53.59000015258789,42.516597747802734,3272900,0.0,0.0,0.0
2023-10-11,53.689998626708984,53.7599983215332,53.470001220703125,53.7599983215332,42.65147399902344,2707300,0.0,0.0,0.0
2023-10-12,53.810001373291016,53.834999084472656,53.25,53.470001220703125,42.421390533447266,3391200,0.0,0.0,0.0
2023-10-13,53.61800003051758,53.79999923706055,53.244998931884766,53.459999084472656,42.41345977783203,3436400,0.0,0.0,0.0
2023-10-16,53.68000030517578,54.040000915527344,53.650001525878906,53.93000030517578,42.78633499145508,3184100,0.0,0.0,0.0
2023-10-17,53.79999923706055,54.220001220703125,53.77000045776367,54.060001373291016,42.88948059082031,2903700,0.0,0.0,0.0
2023-10-18,54.04999923706055,54.04999923706055,53.47999954223633,53.540000915527344,42.4769287109375,3029300,0.0,0.0,0.0
2023-10-19,53.61000061035156,53.720001220703125,53.0629997253418,53.150001525878906,42.167518615722656,4153700,0.0,0.0,0.0
2023-10-20,53.08000183105469,53.224998474121094,52.67499923706055,52.68000030517578,41.79463577270508,3403500,0.0,0.0,0.0
2023-10-23,52.529998779296875,52.959999084472656,52.369998931884766,52.5,41.65183639526367,3146000,0.0,0.0,0.0
2023-10-24,52.720001220703125,52.974998474121094,52.57500076293945,52.86000061035156,41.937442779541016,3484200,0.0,0.0,0.0
2023-10-25,52.70000076293945,52.70000076293945,52.22999954223633,52.349998474121094,41.53281784057617,4311800,0.0,0.0,0.0
2023-10-26,52.22999954223633,52.400001525878906,51.90999984741211,51.939998626708984,41.20753479003906,4238400,0.0,0.0,0.0
2023-10-27,52.0,52.060001373291016,51.380001068115234,51.5099983215332,40.86638641357422,4815100,0.0,0.0,0.0
2023-10-30,51.79999923706055,52.25,51.7400016784668,52.119998931884766,41.3503532409668,3296400,0.0,0.0,0.0
2023-10-31,52.2400016784668,52.650001525878906,52.125,52.619998931884766,41.74702072143555,3473000,0.0,0.0,0.0
2023-11-01,52.34000015258789,52.74800109863281,52.314998626708984,52.72999954223633,42.121681213378906,3722600,0.359,0.0,0.0
2023-11-02,52.93000030517578,53.349998474121094,52.93000030517578,53.349998474121094,42.616947174072266,3549800,0.0,0.0,0.0
2023-11-03,53.619998931884766,53.720001220703125,53.5099983215332,53.59000015258789,42.80867004394531,5772800,0.0,0.0,0.0
2023-11-06,53.70000076293945,53.720001220703125,53.54999923706055,53.720001220703125,42.91251754760742,3255800,0.0,0.0,0.0
2023-11-07,53.540000915527344,53.70000076293945,53.47999954223633,53.59000015258789,42.80867004394531,3046600,0.0,0.0,0.0
2023-11-08,53.650001525878906,53.70000076293945,53.44300079345703,53.630001068115234,42.84060287475586,3267500,0.0,0.0,0.0
2023-11-09,53.68000030517578,53.720001220703125,53.33000183105469,53.33000183105469,42.60095977783203,4188900,0.0,0.0,0.0
2023-11-10,53.459999084472656,53.81999969482422,53.369998931884766,53.79999923706055,42.97641372680664,2566800,0.0,0.0,0.0
2023-11-13,53.72999954223633,53.849998474121094,53.66999816894531,53.79999923706055,42.97641372680664,2471400,0.0,0.0,0.0
2023-11-14,54.18000030517578,54.25600051879883,54.10499954223633,54.20000076293945,43.295936584472656,4067100,0.0,0.0,0.0
2023-11-15,54.25,54.25199890136719,54.130001068115234,54.189998626708984,43.28795623779297,3050000,0.0,0.0,0.0
2023-11-16,54.20000076293945,54.279998779296875,54.16999816894531,54.18000030517578,43.279964447021484,2895900,0.0,0.0,0.0
2023-11-17,54.29999923706055,54.31999969482422,54.220001220703125,54.27000045776367,43.351863861083984,2615300,0.0,0.0,0.0
2023-11-20,54.31999969482422,54.31999969482422,54.20000076293945,54.2599983215332,43.3438720703125,3205300,0.0,0.0,0.0
2023-11-21,54.290000915527344,54.470001220703125,54.279998779296875,54.43000030517578,43.47966766357422,3351900,0.0,0.0,0.0
2023-11-22,54.4900016784668,54.599998474121094,54.459999084472656,54.58000183105469,43.599491119384766,3901000,0.0,0.0,0.0
2023-11-24,54.59000015258789,54.689998626708984,54.564998626708984,54.689998626708984,43.68735885620117,1522000,0.0,0.0,0.0
2023-11-27,54.689998626708984,54.70000076293945,54.54999923706055,54.56999969482422,43.59149932861328,4783400,0.0,0.0,0.0
2023-11-28,54.650001525878906,54.67499923706055,54.48500061035156,54.560001373291016,43.58351135253906,3399800,0.0,0.0,0.0
2023-11-29,54.650001525878906,54.650001525878906,54.459999084472656,54.5099983215332,43.543582916259766,3628200,0.0,0.0,0.0
2023-11-30,54.529998779296875,54.72999954223633,54.45000076293945,54.709999084472656,43.703338623046875,3229900,0.0,0.0,0.0
2023-12-01,54.380001068115234,54.54999923706055,54.31999969482422,54.54999923706055,43.88837814331055,3574000,0.39,0.0,0.0
2023-12-04,54.40999984741211,54.630001068115234,54.40999984741211,54.61000061035156,43.9366569519043,3143800,0.0,0.0,0.0
2023-12-05,54.52000045776367,54.58000183105469,54.34000015258789,54.380001068115234,43.75160598754883,3345700,0.0,0.0,0.0
2023-12-06,54.540000915527344,54.540000915527344,54.369998931884766,54.43000030517578,43.791839599609375,3269600,0.0,0.0,0.0
2023-12-07,54.439998626708984,54.5099983215332,54.36000061035156,54.47999954223633,43.832069396972656,3280900,0.0,0.0,0.0
2023-12-08,54.40999984741211,54.459999084472656,54.27000045776367,54.38999938964844,43.7596549987793,2869100,0.0,0.0,0.0
2023-12-11,54.47999954223633,54.75,54.41999816894531,54.70000076293945,44.00907897949219,3768200,0.0,0.0,0.0
2023-12-12,54.77000045776367,54.959999084472656,54.74599838256836,54.959999084472656,44.2182502746582,3025200,0.0,0.0,0.0
2023-12-13,54.97999954223633,55.27000045776367,54.900001525878906,55.27000045776367,44.46767044067383,3566200,0.0,0.0,0.0
2023-12-14,55.33000183105469,55.33000183105469,55.029998779296875,55.08000183105469,44.31480407714844,5764700,0.0,0.0,0.0
2023-12-15,55.0099983215332,55.060001373291016,54.91999816894531,55.04999923706055,44.29066848754883,3511300,0.0,0.0,0.0
2023-12-18,55.06999969482422,55.11000061035156,54.9900016784668,55.029998779296875,44.274574279785156,5357800,0.0,0.0,0.0
2023-12-19,55.119998931884766,55.13999938964844,55.060001373291016,55.130001068115234,44.35502243041992,4827000,0.0,0.0,0.0
2023-12-20,55.099998474121094,55.099998474121094,54.78499984741211,54.81999969482422,44.105613708496094,4393400,0.0,0.0,0.0
2023-12-21,54.970001220703125,55.04999923706055,54.79999923706055,55.04999923706055,44.29066848754883,3555700,0.0,0.0,0.0
2023-12-22,55.0,55.16999816894531,55.0,55.119998931884766,44.34698486328125,3296300,0.0,0.0,0.0
2023-12-26,55.150001525878906,55.290000915527344,55.14899826049805,55.2400016784668,44.44352722167969,2818600,0.0,0.0,0.0
2023-12-27,55.290000915527344,55.33000183105469,55.18000030517578,55.33000183105469,44.515926361083984,3500600,0.0,0.0,0.0
2023-12-28,54.93000030517578,55.02000045776367,54.90999984741211,54.97999954223633,44.57918930053711,3791800,0.428,0.0,0.0
2023-12-29,54.970001220703125,55.02000045776367,54.880001068115234,54.97999954223633,44.57918930053711,3652700,0.0,0.0,0.0
2024-01-02,54.880001068115234,55.130001068115234,54.86000061035156,55.119998931884766,44.69269561767578,4294300,0.0,0.0,0.0
2024-01-03,55.09000015258789,55.099998474121094,54.810001373291016,54.810001373291016,44.44134521484375,3541300,0.0,0.0,0.0
2024-01-04,54.849998474121094,55.058998107910156,54.779998779296875,54.790000915527344,44.42512512207031,4056300,0.0,0.0,0.0
2024-01-05,54.77000045776367,54.970001220703125,54.62200164794922,54.75,44.392696380615234,3983100,0.0,0.0,0.0
2024-01-08,54.779998779296875,55.119998931884766,54.75199890136719,55.119998931884766,44.69269561767578,3498700,0.0,0.0,0.0
2024-01-09,54.90999984741211,55.08000183105469,54.85300064086914,55.08000183105469,44.66027069091797,5340700,0.0,0.0,0.0
2024-01-10,55.099998474121094,55.189998626708984,55.04999923706055,55.13999938964844,44.708919525146484,2863000,0.0,0.0,0.0
2024-01-11,55.18000030517578,55.220001220703125,54.86000061035156,55.150001525878906,44.71702575683594,3363600,0.0,0.0,0.0
2024-01-12,55.22999954223633,55.369998931884766,55.15999984741211,55.29999923706055,44.83863830566406,2754500,0.0,0.0,0.0
2024-01-16,55.2400016784668,55.29999923706055,55.0099983215332,55.15999984741211,44.72513198852539,3122400,0.0,0.0,0.0
2024-01-17,54.91999816894531,55.04800033569336,54.720001220703125,54.95000076293945,44.55485916137695,4153600,0.0,0.0,0.0
2024-01-18,54.959999084472656,55.209999084472656,54.78900146484375,55.209999084472656,44.76567840576172,3164300,0.0,0.0,0.0
2024-01-19,55.310001373291016,55.52000045776367,55.150001525878906,55.459999084472656,44.9683837890625,4278300,0.0,0.0,0.0
2024-01-22,55.52000045776367,55.65999984741211,55.5,55.65999984741211,45.13054275512695,3933400,0.0,0.0,0.0
2024-01-23,55.70000076293945,55.849998474121094,55.67499923706055,55.849998474121094,45.28459930419922,4081500,0.0,0.0,0.0
2024-01-24,55.97999954223633,55.97999954223633,55.61000061035156,55.63999938964844,45.11433029174805,4230700,0.0,0.0,0.0
2024-01-25,55.779998779296875,55.880001068115234,55.65999984741211,55.880001068115234,45.30891799926758,3347400,0.0,0.0,0.0
2024-01-26,55.869998931884766,55.95000076293945,55.849998474121094,55.939998626708984,45.357574462890625,3184000,0.0,0.0,0.0
2024-01-29,55.939998626708984,56.150001525878906,55.939998626708984,56.150001525878906,45.5278434753418,3864300,0.0,0.0,0.0
2024-01-30,56.09000015258789,56.290000915527344,56.0,56.27000045776367,45.62515640258789,3384100,0.0,0.0,0.0
2024-01-31,56.33000183105469,56.349998474121094,55.939998626708984,55.959999084472656,45.37379455566406,3862400,0.0,0.0,0.0
2024-02-01,55.79999923706055,56.25,55.68000030517578,56.25,45.85557556152344,4015400,0.301,0.0,0.0
2024-02-02,56.15999984741211,56.310001373291016,56.060001373291016,56.189998626708984,45.806663513183594,4172200,0.0,0.0,0.0
2024-02-05,56.04999923706055,56.04999923706055,55.83000183105469,55.93000030517578,45.59470748901367,3619300,0.0,0.0,0.0
2024-02-06,56.08000183105469,56.08000183105469,55.93000030517578,56.029998779296875,45.676239013671875,3485100,0.0,0.0,0.0
2024-02-07,56.06999969482422,56.279998779296875,56.060001373291016,56.150001525878906,45.774070739746094,3706500,0.0,0.0,0.0
2024-02-08,56.130001068115234,56.16999816894531,56.09000015258789,56.130001068115234,45.75775909423828,3360900,0.0,0.0,0.0
2024-02-09,56.220001220703125,56.220001220703125,56.08000183105469,56.150001525878906,45.774070739746094,3484100,0.0,0.0,0.0
2024-02-12,56.189998626708984,56.189998626708984,56.060001373291016,56.150001525878906,45.774070739746094,3035000,0.0,0.0,0.0
2024-02-13,55.91999816894531,56.08700180053711,55.70000076293945,55.86000061035156,45.53765106201172,3906900,0.0,0.0,0.0
2024-02-14,56.029998779296875,56.16999816894531,55.97999954223633,56.16999816894531,45.790367126464844,3214400,0.0,0.0,0.0
2024-02-15,56.25,56.369998931884766,56.209999084472656,56.349998474121094,45.937103271484375,4376700,0.0,0.0,0.0
2024-02-16,56.31999969482422,56.40999984741211,56.20000076293945,56.22999954223633,45.83927917480469,3703600,0.0,0.0,0.0
2024-02-20,56.220001220703125,56.380001068115234,56.20000076293945,56.2599983215332,45.86373519897461,3685900,0.0,0.0,0.0
2024-02-21,56.2599983215332,56.5,56.224998474121094,56.5,46.05938720703125,3284500,0.0,0.0,0.0
2024-02-22,56.630001068115234,56.79999923706055,56.540000915527344,56.7599983215332,46.27133560180664,4149800,0.0,0.0,0.0
2024-02-23,56.7599983215332,56.91699981689453,56.720001220703125,56.880001068115234,46.36915969848633,3419600,0.0,0.0,0.0
2024-02-26,56.900001525878906,56.970001220703125,56.81999969482422,56.91999816894531,46.40177536010742,3080500,0.0,0.0,0.0
2024-02-27,56.970001220703125,56.98500061035156,56.81999969482422,56.900001525878906,46.38547897338867,3293600,0.0,0.0,0.0
2024-02-28,56.86000061035156,56.994998931884766,56.83000183105469,56.95000076293945,46.426239013671875,3158300,0.0,0.0,0.0
2024-02-29,57.04999923706055,57.06999969482422,56.91999816894531,56.970001220703125,46.44253158569336,3741700,0.0,0.0,0.0
2024-03-01,56.7400016784668,56.83000183105469,56.619998931884766,56.81999969482422,46.56629180908203,3838300,0.301,0.0,0.0
2024-03-04,56.810001373291016,56.900001525878906,56.744998931884766,56.88999938964844,46.623653411865234,3914100,0.0,0.0,0.0
2024-03-05,56.88999938964844,56.9900016784668,56.6349983215332,56.77000045776367,46.525299072265625,3671200,0.0,0.0,0.0
2024-03-06,56.900001525878906,57.06999969482422,56.8849983215332,56.9900016784668,46.70560073852539,3715900,0.0,0.0,0.0
2024-03-07,57.060001373291016,57.16999816894531,57.04999923706055,57.13999938964844,46.82853317260742,3426500,0.0,0.0,0.0
2024-03-08,57.15999984741211,57.15999984741211,56.970001220703125,57.099998474121094,46.795745849609375,3489400,0.0,0.0,0.0
2024-03-11,57.029998779296875,57.119998931884766,56.83000183105469,57.09000015258789,46.78755569458008,3904400,0.0,0.0,0.0
2024-03-12,57.13999938964844,57.349998474121094,57.09000015258789,57.290000915527344,46.95146560668945,2976400,0.0,0.0,0.0
2024-03-13,57.31999969482422,57.45000076293945,57.2599983215332,57.369998931884766,47.01702880859375,4887100,0.0,0.0,0.0
2024-03-14,57.470001220703125,57.470001220703125,57.11000061035156,57.33000183105469,46.98424530029297,3152900,0.0,0.0,0.0
2024-03-15,57.150001525878906,57.20000076293945,56.93000030517578,56.97999954223633,46.69740676879883,3078900,0.0,0.0,0.0
2024-03-18,57.130001068115234,57.27000045776367,57.09000015258789,57.150001525878906,46.83673095703125,2545400,0.0,0.0,0.0
2024-03-19,57.16999816894531,57.400001525878906,57.13999938964844,57.400001525878906,47.04163360595703,2748200,0.0,0.0,0.0
2024-03-20,57.400001525878906,57.54999923706055,57.29999923706055,57.54999923706055,47.1645393371582,3339000,0.0,0.0,0.0
2024-03-21,57.58000183105469,57.66899871826172,57.47999954223633,57.619998931884766,47.22191619873047,3384100,0.0,0.0,0.0
2024-03-22,57.68000030517578,57.68000030517578,57.459999084472656,57.459999084472656,47.09078598022461,2785100,0.0,0.0,0.0
2024-03-25,57.5099983215332,57.56999969482422,57.369998931884766,57.380001068115234,47.02522659301758,2943700,0.0,0.0,0.0
2024-03-26,57.52000045776367,57.52000045776367,57.400001525878906,57.41999816894531,47.058013916015625,2875100,0.0,0.0,0.0
2024-03-27,57.58000183105469,57.77000045776367,57.5099983215332,57.77000045776367,47.34484100341797,2834900,0.0,0.0,0.0
2024-03-28,57.79999923706055,57.93600082397461,57.790000915527344,57.86000061035156,47.418609619140625,3761900,0.0,0.0,0.0
2024-04-01,57.540000915527344,57.619998931884766,57.233001708984375,57.27000045776367,47.216609954833984,3407900,0.345,0.0,0.0
2024-04-02,57.13999938964844,57.189998626708984,57.0,57.150001525878906,47.11769485473633,5139600,0.0,0.0,0.0
2024-04-03,57.08000183105469,57.2599983215332,57.029998779296875,57.09000015258789,47.068214416503906,3594700,0.0,0.0,0.0
2024-04-04,57.2599983215332,57.400001525878906,56.60200119018555,56.689998626708984,46.73843002319336,4162200,0.0,0.0,0.0
2024-04-05,56.810001373291016,57.21500015258789,56.72999954223633,57.06999969482422,47.05171585083008,4020100,0.0,0.0,0.0
2024-04-08,57.13999938964844,57.22999954223633,57.08000183105469,57.20000076293945,47.15890121459961,2266000,0.0,0.0,0.0
2024-04-09,57.25,57.31999969482422,56.79999923706055,57.209999084472656,47.16714859008789,2897200,0.0,0.0,0.0
2024-04-10,56.77000045776367,56.888999938964844,56.5,56.68000030517578,46.73019027709961,4380800,0.0,0.0,0.0
2024-04-11,56.869998931884766,56.94499969482422,56.43000030517578,56.810001373291016,46.83736038208008,4960400,0.0,0.0,0.0
2024-04-12,56.58000183105469,56.599998474121094,56.0099983215332,56.20000076293945,46.334449768066406,4545700,0.0,0.0,0.0
2024-04-15,56.54999923706055,56.66999816894531,55.599998474121094,55.689998626708984,45.913963317871094,4202600,0.0,0.0,0.0
2024-04-16,55.79999923706055,55.95000076293945,55.571998596191406,55.70000076293945,45.92221450805664,3554800,0.0,0.0,0.0
2024-04-17,55.83000183105469,55.869998931884766,55.310001373291016,55.58000183105469,45.82327651977539,3015300,0.0,0.0,0.0
2024-04-18,55.68000030517578,55.814998626708984,55.35200119018555,55.470001220703125,45.73259353637695,2849600,0.0,0.0,0.0
2024-04-19,55.470001220703125,55.65999984741211,55.301998138427734,55.45000076293945,45.71609878540039,3193800,0.0,0.0,0.0
2024-04-22,55.689998626708984,56.20500183105469,55.56999969482422,55.91999816894531,46.10359573364258,3117500,0.0,0.0,0.0
2024-04-23,56.119998931884766,56.47999954223633,56.08000183105469,56.36000061035156,46.46636199951172,3801100,0.0,0.0,0.0
2024-04-24,56.52000045776367,56.52000045776367,56.20000076293945,56.41999816894531,46.51582717895508,3164600,0.0,0.0,0.0
2024-04-25,55.939998626708984,56.23500061035156,55.654998779296875,56.11000061035156,46.260250091552734,3135100,0.0,0.0,0.0
2024-04-26,56.209999084472656,56.41999816894531,56.099998474121094,56.279998779296875,46.4004020690918,2284300,0.0,0.0,0.0
2024-04-29,56.38999938964844,56.494998931884766,56.20000076293945,56.439998626708984,46.53230667114258,3324600,0.0,0.0,0.0
2024-04-30,56.400001525878906,56.45000076293945,55.93000030517578,55.93000030517578,46.11183547973633,2681900,0.0,0.0,0.0
2024-05-01,55.59000015258789,56.060001373291016,55.375,55.5,46.02558517456055,3108500,0.326,0.0,0.0
2024-05-02,55.720001220703125,55.810001373291016,55.30500030517578,55.689998626708984,46.183162689208984,2624700,0.0,0.0,0.0
2024-05-03,56.060001373291016,56.11000061035156,55.81999969482422,56.060001373291016,46.4900016784668,3612400,0.0,0.0,0.0
2024-05-06,56.2599983215332,56.369998931884766,56.16999816894531,56.369998931884766,46.747093200683594,3398200,0.0,0.0,0.0
2024-05-07,56.41999816894531,56.689998626708984,56.41999816894531,56.650001525878906,46.979278564453125,2572500,0.0,0.0,0.0
2024-05-08,56.650001525878906,56.779998779296875,56.650001525878906,56.7599983215332,47.07050704956055,2443300,0.0,0.0,0.0
2024-05-09,56.77000045776367,57.029998779296875,56.7599983215332,57.029998779296875,47.294403076171875,2664700,0.0,0.0,0.0
2024-05-10,57.04999923706055,57.150001525878906,57.04999923706055,57.099998474121094,47.35245895385742,1980800,0.0,0.0,0.0
2024-05-13,57.16999816894531,57.209999084472656,57.0099983215332,57.060001373291016,47.31929397583008,2143000,0.0,0.0,0.0
2024-05-14,57.06999969482422,57.099998474121094,56.91999816894531,57.099998474121094,47.35245895385742,2962100,0.0,0.0,0.0
2024-05-15,57.189998626708984,57.2599983215332,57.13999938964844,57.25,47.476863861083984,2993200,0.0,0.0,0.0
2024-05-16,57.31999969482422,57.34000015258789,57.2400016784668,57.27000045776367,47.49343490600586,2953300,0.0,0.0,0.0
2024-05-17,57.33000183105469,57.400001525878906,57.20199966430664,57.38999938964844,47.592952728271484,2511200,0.0,0.0,0.0
2024-05-20,57.380001068115234,57.40999984741211,57.27000045776367,57.31999969482422,47.53489685058594,2339600,0.0,0.0,0.0
2024-05-21,57.29999923706055,57.310001373291016,57.15999984741211,57.220001220703125,47.45198059082031,2332200,0.0,0.0,0.0
2024-05-22,57.220001220703125,57.34000015258789,57.18000030517578,57.2599983215332,47.48514175415039,2700800,0.0,0.0,0.0
2024-05-23,57.310001373291016,57.310001373291016,56.880001068115234,56.91999816894531,47.20319366455078,3041100,0.0,0.0,0.0
2024-05-24,57.02000045776367,57.025001525878906,56.869998931884766,56.91999816894531,47.20319366455078,2257800,0.0,0.0,0.0
2024-05-28,56.90999984741211,56.90999984741211,56.500999450683594,56.59000015258789,46.92951583862305,3404100,0.0,0.0,0.0
2024-05-29,56.459999084472656,56.459999084472656,56.2400016784668,56.279998779296875,46.672447204589844,3020200,0.0,0.0,0.0
2024-05-30,56.20000076293945,56.29999923706055,56.09000015258789,56.27000045776367,46.664146423339844,2981600,0.0,0.0,0.0
2024-05-31,56.369998931884766,56.86000061035156,56.18000030517578,56.83000183105469,47.12855529785156,2998500,0.0,0.0,0.0
2024-06-03,56.4900016784668,56.4900016784668,55.92499923706055,56.20000076293945,46.90321731567383,3603500,0.36,0.0,0.0
2024-06-04,56.16999816894531,56.38999938964844,56.11000061035156,56.33000183105469,47.01171875,2720900,0.0,0.0,0.0
2024-06-05,56.470001220703125,56.540000915527344,56.17499923706055,56.52000045776367,47.17026901245117,3476100,0.0,0.0,0.0
2024-06-06,56.5,56.63999938964844,56.45500183105469,56.58000183105469,47.22035217285156,2510200,0.0,0.0,0.0
2024-06-07,56.540000915527344,56.75,56.46500015258789,56.52000045776367,47.17026901245117,2147400,0.0,0.0,0.0
2024-06-10,56.5,56.630001068115234,56.38399887084961,56.630001068115234,47.2620849609375,2174100,0.0,0.0,0.0
2024-06-11,56.540000915527344,56.540000915527344,56.29999923706055,56.5,47.15358352661133,2038700,0.0,0.0,0.0
2024-06-12,56.650001525878906,56.65999984741211,56.310001373291016,56.40999984741211,47.07847595214844,3485900,0.0,0.0,0.0
2024-06-13,56.33000183105469,56.34000015258789,56.154998779296875,56.310001373291016,46.995018005371094,2844900,0.0,0.0,0.0
2024-06-14,56.220001220703125,56.25,56.040000915527344,56.20000076293945,46.90321731567383,2732000,0.0,0.0,0.0
2024-06-17,56.18000030517578,56.347999572753906,56.08000183105469,56.31999969482422,47.00336837768555,2690900,0.0,0.0,0.0
2024-06-18,56.31999969482422,56.40999984741211,56.27000045776367,56.369998931884766,47.04509353637695,2642400,0.0,0.0,0.0
2024-06-20,56.380001068115234,56.58000183105469,56.35300064086914,56.529998779296875,47.17862319946289,3303600,0.0,0.0,0.0
2024-06-21,56.58000183105469,56.70000076293945,56.52000045776367,56.70000076293945,47.32049560546875,2136800,0.0,0.0,0.0
2024-06-24,56.790000915527344,57.06999969482422,56.75,56.95000076293945,47.52915573120117,2864600,0.0,0.0,0.0
2024-06-25,56.95000076293945,56.95000076293945,56.650001525878906,56.75,47.36222839355469,3117700,0.0,0.0,0.0
2024-06-26,56.689998626708984,56.78499984741211,56.54999923706055,56.720001220703125,47.33720016479492,2332600,0.0,0.0,0.0
2024-06-27,56.75,56.79999923706055,56.619998931884766,56.7400016784668,47.353885650634766,2572300,0.0,0.0,0.0
2024-06-28,56.81999969482422,56.88999938964844,56.584999084472656,56.68000030517578,47.30381393432617,2478100,0.0,0.0,0.0
2024-07-01,56.4900016784668,56.5,56.060001373291016,56.11000061035156,47.10234451293945,3178100,0.33,0.0,0.0
2024-07-02,56.099998474121094,56.244998931884766,56.04999923706055,56.20000076293945,47.177894592285156,2785100,0.0,0.0,0.0
2024-07-03,56.29999923706055,56.32500076293945,56.119998931884766,56.13999938964844,47.127525329589844,2345800,0.0,0.0,0.0
2024-07-05,56.20000076293945,56.380001068115234,56.06999969482422,56.380001068115234,47.3289909362793,2848800,0.0,0.0,0.0
2024-07-08,56.34000015258789,56.36000061035156,56.172000885009766,56.2400016784668,47.21146774291992,2573900,0.0,0.0,0.0
2024-07-09,56.279998779296875,56.279998779296875,56.060001373291016,56.130001068115234,47.11913299560547,3166600,0.0,0.0,0.0
2024-07-10,56.13999938964844,56.25,56.029998779296875,56.2400016784668,47.21146774291992,2833200,0.0,0.0,0.0
2024-07-11,56.25,56.689998626708984,56.244998931884766,56.63999938964844,47.54725646972656,3134200,0.0,0.0,0.0
2024-07-12,56.70000076293945,57.029998779296875,56.70000076293945,56.90999984741211,47.7739143371582,3000100,0.0,0.0,0.0
2024-07-15,56.91999816894531,56.97999954223633,56.77000045776367,56.86000061035156,47.7319450378418,2578300,0.0,0.0,0.0
2024-07-16,56.95000076293945,57.220001220703125,56.91999816894531,57.220001220703125,48.03414535522461,2784800,0.0,0.0,0.0
2024-07-17,57.13999938964844,57.5,57.119998931884766,57.33000183105469,48.12648010253906,3124000,0.0,0.0,0.0
2024-07-18,57.33000183105469,57.529998779296875,56.97999954223633,57.060001373291016,47.899837493896484,3242300,0.0,0.0,0.0
2024-07-19,57.04999923706055,57.099998474121094,56.709999084472656,56.77000045776367,47.656394958496094,2599400,0.0,0.0,0.0
2024-07-22,56.95000076293945,57.209999084472656,56.84000015258789,57.20000076293945,48.01736068725586,3100700,0.0,0.0,0.0
2024-07-23,57.119998931884766,57.12799835205078,56.86199951171875,56.90999984741211,47.7739143371582,2957000,0.0,0.0,0.0
2024-07-24,56.720001220703125,56.77899932861328,56.279998779296875,56.34000015258789,47.29541778564453,2971100,0.0,0.0,0.0
2024-07-25,56.40999984741211,56.97999954223633,56.29999923706055,56.31999969482422,47.27863311767578,2913800,0.0,0.0,0.0
2024-07-26,56.63999938964844,57.15999984741211,56.60300064086914,56.959999084472656,47.81589126586914,2669200,0.0,0.0,0.0
2024-07-29,57.06999969482422,57.13999938964844,56.849998474121094,57.02000045776367,47.86625289916992,2351000,0.0,0.0,0.0
2024-07-30,57.08000183105469,57.23500061035156,56.75199890136719,57.040000915527344,47.8830451965332,2810200,0.0,0.0,0.0
2024-07-31,57.45000076293945,57.709999084472656,57.275001525878906,57.47999954223633,48.252410888671875,3420700,0.0,0.0,0.0
2024-08-01,57.2400016784668,57.53499984741211,56.72999954223633,57.0,48.09126663208008,5561200,0.289,0.0,0.0
2024-08-02,56.529998779296875,56.68000030517578,55.790000915527344,56.369998931884766,47.559730529785156,6734500,0.0,0.0,0.0
2024-08-05,55.029998779296875,55.60499954223633,54.77000045776367,54.97999954223633,46.3869743347168,9728700,0.0,0.0,0.0
2024-08-06,55.2400016784668,56.20600128173828,55.150001525878906,55.52000045776367,46.84257507324219,5067800,0.0,0.0,0.0
2024-08-07,56.02000045776367,56.33000183105469,55.220001220703125,55.279998779296875,46.64009094238281,3331500,0.0,0.0,0.0
2024-08-08,55.54999923706055,56.2599983215332,55.52000045776367,56.220001220703125,47.433162689208984,2670200,0.0,0.0,0.0
2024-08-09,56.20000076293945,56.49599838256836,55.935001373291016,56.40999984741211,47.59347915649414,2372900,0.0,0.0,0.0
2024-08-12,56.470001220703125,56.52799987792969,56.13999938964844,56.36000061035156,47.55127716064453,2667700,0.0,0.0,0.0
2024-08-13,56.5,56.86000061035156,56.3849983215332,56.83000183105469,47.947837829589844,2599600,0.0,0.0,0.0
2024-08-14,56.81999969482422,57.11000061035156,56.81999969482422,57.060001373291016,48.14189147949219,2461500,0.0,0.0,0.0
2024-08-15,57.38999938964844,57.619998931884766,57.29999923706055,57.560001373291016,48.563743591308594,2810100,0.0,0.0,0.0
2024-08-16,57.54999923706055,57.65999984741211,57.459999084472656,57.61000061035156,48.60591506958008,1841100,0.0,0.0,0.0
2024-08-19,57.68000030517578,57.83000183105469,57.630001068115234,57.81999969482422,48.78310012817383,2918100,0.0,0.0,0.0
2024-08-20,57.810001373291016,57.88999938964844,57.72100067138672,57.84000015258789,48.79998016357422,2384100,0.0,0.0,0.0
2024-08-21,57.939998626708984,58.029998779296875,57.8849983215332,58.0,48.934967041015625,2128100,0.0,0.0,0.0
2024-08-22,58.029998779296875,58.04999923706055,57.775001525878906,57.869998931884766,48.825279235839844,2237200,0.0,0.0,0.0
2024-08-23,58.029998779296875,58.12799835205078,57.90999984741211,58.11000061035156,49.02777862548828,2936200,0.0,0.0,0.0
2024-08-26,58.119998931884766,58.38999938964844,58.119998931884766,58.290000915527344,49.17964172363281,2407800,0.0,0.0,0.0
2024-08-27,58.29999923706055,58.387001037597656,58.220001220703125,58.349998474121094,49.230262756347656,1948700,0.0,0.0,0.0
2024-08-28,58.380001068115234,58.5,58.17499923706055,58.29999923706055,49.188072204589844,2411900,0.0,0.0,0.0
2024-08-29,58.47999954223633,58.65999984741211,58.29999923706055,58.54999923706055,49.39900207519531,2772000,0.0,0.0,0.0
2024-08-30,58.68000030517578,58.845001220703125,58.43000030517578,58.83000183105469,49.63524627685547,2154000,0.0,0.0,0.0
2024-09-03,58.31999969482422,58.380001068115234,57.90999984741211,58.09000015258789,49.3464241027832,2982900,0.4,0.0,0.0
2024-09-04,58.0099983215332,58.290000915527344,58.0,58.189998626708984,49.431365966796875,2881300,0.0,0.0,0.0
2024-09-05,58.27000045776367,58.27000045776367,57.68000030517578,57.93000030517578,49.21049499511719,2802300,0.0,0.0,0.0
2024-09-06,57.95000076293945,58.189998626708984,57.47999954223633,57.529998779296875,48.87070846557617,3309400,0.0,0.0,0.0
2024-09-09,57.83000183105469,58.22999954223633,57.78499984741211,58.099998474121094,49.354915618896484,2480000,0.0,0.0,0.0
2024-09-10,58.209999084472656,58.224998474121094,57.900001525878906,58.20000076293945,49.43986511230469,2218900,0.0,0.0,0.0
2024-09-11,58.189998626708984,58.38999938964844,57.362998962402344,58.349998474121094,49.567283630371094,2913900,0.0,0.0,0.0
2024-09-12,58.40999984741211,58.52000045776367,58.124000549316406,58.5,49.69470977783203,3571900,0.0,0.0,0.0
2024-09-13,58.54999923706055,58.875,58.540000915527344,58.83000183105469,49.975040435791016,2039400,0.0,0.0,0.0
2024-09-16,58.900001525878906,59.099998474121094,58.85599899291992,59.04999923706055,50.16192626953125,2678400,0.0,0.0,0.0
2024-09-17,59.130001068115234,59.150001525878906,58.85499954223633,59.0099983215332,50.1279411315918,2321300,0.0,0.0,0.0
2024-09-18,59.0099983215332,59.2599983215332,58.79499816894531,58.849998474121094,49.992027282714844,2813200,0.0,0.0,0.0
2024-09-19,59.279998779296875,59.290000915527344,59.05400085449219,59.209999084472656,50.2978401184082,2708900,0.0,0.0,0.0
2024-09-20,59.11000061035156,59.15999984741211,58.96500015258789,59.150001525878906,50.24686813354492,2307300,0.0,0.0,0.0
2024-09-23,59.220001220703125,59.369998931884766,59.18000030517578,59.31999969482422,50.39128494262695,2669100,0.0,0.0,0.0
2024-09-24,59.380001068115234,59.380001068115234,59.165000915527344,59.25,50.331817626953125,3451800,0.0,0.0,0.0
2024-09-25,59.310001373291016,59.314998626708984,59.04499816894531,59.130001068115234,50.22988510131836,2537100,0.0,0.0,0.0
2024-09-26,59.349998474121094,59.349998474121094,59.17499923706055,59.31999969482422,50.39128494262695,2691000,0.0,0.0,0.0
2024-09-27,59.439998626708984,59.58000183105469,59.34000015258789,59.40999984741211,50.46772766113281,2623300,0.0,0.0,0.0
2024-09-30,59.45000076293945,59.5099983215332,59.20000076293945,59.5099983215332,50.55268859863281,3287600,0.0,0.0,0.0
2024-10-01,59.099998474121094,59.209999084472656,58.90999984741211,59.11000061035156,50.54584884643555,3973900,0.392,0.0,0.0
2024-10-02,59.099998474121094,59.19599914550781,58.84000015258789,59.189998626708984,50.6142463684082,3256000,0.0,0.0,0.0
2024-10-03,59.13999938964844,59.13999938964844,58.86000061035156,58.90999984741211,50.37483215332031,3159600,0.0,0.0,0.0
2024-10-04,59.130001068115234,59.189998626708984,58.880001068115234,59.150001525878906,50.58005142211914,2174500,0.0,0.0,0.0
2024-10-07,59.11000061035156,59.11000061035156,58.70000076293945,58.84000015258789,50.31496810913086,2845400,0.0,0.0,0.0
2024-10-08,58.93000030517578,59.02000045776367,58.86000061035156,58.9900016784668,50.443233489990234,2081000,0.0,0.0,0.0
2024-10-09,59.029998779296875,59.244998931884766,58.95899963378906,59.220001220703125,50.63990783691406,2536200,0.0,0.0,0.0
2024-10-10,59.25,59.25,59.064998626708984,59.150001525878906,50.58005142211914,1962700,0.0,0.0,0.0
2024-10-11,59.16999816894531,59.47999954223633,59.16999816894531,59.459999084472656,50.845130920410156,2521600,0.0,0.0,0.0
2024-10-14,59.529998779296875,59.729000091552734,59.435001373291016,59.709999084472656,51.05891036987305,2273100,0.0,0.0,0.0
2024-10-15,59.79999923706055,59.84000015258789,59.529998779296875,59.56999969482422,50.93920135498047,2479400,0.0,0.0,0.0
2024-10-16,59.61000061035156,59.79999923706055,59.5099983215332,59.77000045776367,51.110225677490234,2556700,0.0,0.0,0.0
2024-10-17,59.86000061035156,59.90999984741211,59.7400016784668,59.84000015258789,51.170082092285156,2435700,0.0,0.0,0.0
2024-10-18,59.869998931884766,59.970001220703125,59.724998474121094,59.900001525878906,51.221378326416016,2356500,0.0,0.0,0.0
2024-10-21,59.84000015258789,59.93000030517578,59.57500076293945,59.650001525878906,51.007606506347656,2428400,0.0,0.0,0.0
2024-10-22,59.59000015258789,59.63999938964844,59.439998626708984,59.599998474121094,50.964847564697266,2309000,0.0,0.0,0.0
2024-10-23,59.54999923706055,59.59000015258789,59.279998779296875,59.529998779296875,50.90498733520508,2546100,0.0,0.0,0.0
2024-10-24,59.63999938964844,59.63999938964844,59.310001373291016,59.38999938964844,50.7852783203125,2427600,0.0,0.0,0.0
2024-10-25,59.619998931884766,59.619998931884766,59.1619987487793,59.22999954223633,50.64846420288086,2625700,0.0,0.0,0.0
2024-10-28,59.45000076293945,59.4900016784668,59.34000015258789,59.36000061035156,50.75961685180664,2601200,0.0,0.0,0.0
2024-10-29,59.31999969482422,59.400001525878906,59.12099838256836,59.2400016784668,50.657012939453125,2637200,0.0,0.0,0.0
2024-10-30,59.220001220703125,59.310001373291016,59.060001373291016,59.150001525878906,50.58005142211914,3314900,0.0,0.0,0.0
2024-10-31,59.06999969482422,59.130001068115234,58.689998626708984,58.689998626708984,50.18669509887695,3278600,0.0,0.0,0.0
2024-11-01,58.560001373291016,58.79999923706055,58.44499969482422,58.470001220703125,50.32009506225586,3243700,0.375,0.0,0.0
2024-11-04,58.47999954223633,58.61000061035156,58.25,58.43000030517578,50.28565979003906,3134400,0.0,0.0,0.0
2024-11-05,58.5099983215332,58.900001525878906,58.34000015258789,58.880001068115234,50.67294692993164,2983600,0.0,0.0,0.0
2024-11-06,59.75,59.770999908447266,59.3129997253418,59.59000015258789,51.28397750854492,5059100,0.0,0.0,0.0
2024-11-07,59.70000076293945,59.75,59.599998474121094,59.66999816894531,51.35282516479492,4734800,0.0,0.0,0.0
2024-11-08,59.7599983215332,60.099998474121094,59.7599983215332,60.029998779296875,51.66265106201172,2982500,0.0,0.0,0.0
2024-11-11,60.029998779296875,60.20000076293945,60.01499938964844,60.08000183105469,51.705692291259766,2751800,0.0,0.0,0.0
2024-11-12,60.099998474121094,60.15999984741211,59.935001373291016,59.970001220703125,51.61101150512695,2931900,0.0,0.0,0.0
2024-11-13,60.060001373291016,60.10499954223633,59.939998626708984,60.02000045776367,51.6540412902832,2667500,0.0,0.0,0.0
2024-11-14,60.060001373291016,60.060001373291016,59.73500061035156,59.779998779296875,51.4474983215332,3388300,0.0,0.0,0.0
2024-11-15,59.66999816894531,59.66999816894531,59.15999984741211,59.27000045776367,51.00857925415039,4671500,0.0,0.0,0.0
2024-11-18,59.310001373291016,59.54999923706055,59.189998626708984,59.43000030517578,51.14628219604492,3546200,0.0,0.0,0.0
2024-11-19,59.189998626708984,59.46500015258789,58.9900016784668,59.40999984741211,51.129058837890625,3730800,0.0,0.0,0.0
2024-11-20,59.439998626708984,59.525001525878906,59.09000015258789,59.47999954223633,51.189308166503906,3304100,0.0,0.0,0.0
2024-11-21,59.72999954223633,59.959999084472656,59.41999816894531,59.90999984741211,51.55937194824219,3310200,0.0,0.0,0.0
2024-11-22,60.0,60.19599914550781,60.0,60.15999984741211,51.7745246887207,2764500,0.0,0.0,0.0
2024-11-25,60.400001525878906,60.54999923706055,60.34000015258789,60.5,52.06714630126953,3258900,0.0,0.0,0.0
2024-11-26,60.66999816894531,60.68000030517578,60.459999084472656,60.68000030517578,52.22205352783203,2687200,0.0,0.0,0.0
2024-11-27,60.70000076293945,60.82500076293945,60.65999984741211,60.689998626708984,52.23065185546875,3215000,0.0,0.0,0.0
2024-11-29,60.75,60.880001068115234,60.70000076293945,60.83000183105469,52.35113525390625,1645000,0.0,0.0,0.0
2024-12-02,60.529998779296875,60.529998779296875,60.1349983215332,60.29999923706055,52.240257263183594,3195300,0.402,0.0,0.0
2024-12-03,60.34000015258789,60.34000015258789,60.060001373291016,60.09000015258789,52.05831527709961,3223800,0.0,0.0,0.0
2024-12-04,60.2400016784668,60.2400016784668,60.060001373291016,60.16999816894531,52.127628326416016,3378200,0.0,0.0,0.0
2024-12-05,60.16999816894531,60.16999816894531,59.959999084472656,59.9900016784668,51.9716911315918,3567800,0.0,0.0,0.0
2024-12-06,60.04999923706055,60.119998931884766,59.880001068115234,59.90999984741211,51.90238571166992,3082400,0.0,0.0,0.0
2024-12-09,60.029998779296875,60.029998779296875,59.63999938964844,59.66999816894531,51.69445037841797,2997300,0.0,0.0,0.0
2024-12-10,59.72999954223633,59.757999420166016,59.422000885009766,59.63999938964844,51.668460845947266,3432300,0.0,0.0,0.0
2024-12-11,59.720001220703125,59.86000061035156,59.61000061035156,59.619998931884766,51.65114212036133,3082800,0.0,0.0,0.0
2024-12-12,59.619998931884766,59.685001373291016,59.4900016784668,59.5099983215332,51.55584716796875,2880000,0.0,0.0,0.0
2024-12-13,59.529998779296875,59.56999969482422,59.400001525878906,59.43000030517578,51.486534118652344,2862300,0.0,0.0,0.0
2024-12-16,59.5099983215332,59.58000183105469,59.22999954223633,59.22999954223633,51.31327819824219,4001600,0.0,0.0,0.0
2024-12-17,59.20000076293945,59.25,59.0,59.11000061035156,51.20930862426758,3453000,0.0,0.0,0.0
2024-12-18,59.099998474121094,59.189998626708984,57.709999084472656,57.7599983215332,50.03975296020508,5557200,0.0,0.0,0.0
2024-12-19,58.06999969482422,58.189998626708984,57.599998474121094,57.63999938964844,49.935791015625,5691100,0.0,0.0,0.0
2024-12-20,57.4900016784668,58.47999954223633,57.380001068115234,58.20000076293945,50.42094039916992,4077200,0.0,0.0,0.0
2024-12-23,58.119998931884766,58.43000030517578,57.81999969482422,58.38999938964844,50.58553695678711,3467200,0.0,0.0,0.0
2024-12-24,58.459999084472656,58.849998474121094,58.33000183105469,58.81999969482422,50.95807647705078,2024100,0.0,0.0,0.0
2024-12-26,58.70000076293945,58.900001525878906,58.59000015258789,58.86000061035156,50.992713928222656,2232600,0.0,0.0,0.0
2024-12-27,58.65999984741211,58.7400016784668,58.15999984741211,58.459999084472656,50.646183013916016,3716800,0.0,0.0,0.0
2024-12-30,58.04999923706055,58.15999984741211,57.612998962402344,57.959999084472656,50.2130126953125,3864900,0.0,0.0,0.0
2024-12-31,57.709999084472656,57.779998779296875,57.349998474121094,57.529998779296875,50.18248748779297,4012800,0.395,0.0,0.0
2025-01-02,57.849998474121094,58.0,57.185001373291016,57.4900016784668,50.14759063720703,4518900,0.0,0.0,0.0
2025-01-03,57.7599983215332,58.06999969482422,57.564998626708984,57.97999954223633,50.57501220703125,4147600,0.0,0.0,0.0
2025-01-06,58.11000061035156,58.29999923706055,57.79999923706055,57.90999984741211,50.51395797729492,3621500,0.0,0.0,0.0
2025-01-07,58.0099983215332,58.09000015258789,57.4900016784668,57.65999984741211,50.29588317871094,3792100,0.0,0.0,0.0
2025-01-08,57.66999816894531,57.900001525878906,57.459999084472656,57.88999938964844,50.496517181396484,3253100,0.0,0.0,0.0
2025-01-10,57.625,57.65999984741211,56.9900016784668,57.060001373291016,49.772518157958984,5904800,0.0,0.0,0.0
2025-01-13,56.7599983215332,57.275001525878906,56.70500183105469,57.27000045776367,49.95569610595703,3238200,0.0,0.0,0.0
2025-01-14,57.43000030517578,57.54999923706055,57.11000061035156,57.5,50.156314849853516,3406600,0.0,0.0,0.0
2025-01-15,58.130001068115234,58.16999816894531,57.79999923706055,58.0,50.59246063232422,4146300,0.0,0.0,0.0
2025-01-16,58.06999969482422,58.369998931884766,57.91999816894531,58.25,50.81052780151367,4379100,0.0,0.0,0.0
2025-01-17,58.56999969482422,58.63999938964844,58.46099853515625,58.5,51.02860641479492,3851000,0.0,0.0,0.0
2025-01-21,58.689998626708984,58.959999084472656,58.689998626708984,58.95000076293945,51.42112731933594,4218500,0.0,0.0,0.0
2025-01-22,59.09000015258789,59.18899917602539,58.83000183105469,58.869998931884766,51.351348876953125,5405500,0.0,0.0,0.0
2025-01-23,58.900001525878906,59.13999938964844,58.810001373291016,59.13999938964844,51.58686447143555,3279100,0.0,0.0,0.0
2025-01-24,59.11000061035156,59.145999908447266,58.970001220703125,59.099998474121094,51.551971435546875,3398300,0.0,0.0,0.0
2025-01-27,58.70000076293945,59.29999923706055,58.220001220703125,59.290000915527344,51.71770477294922,4970800,0.0,0.0,0.0
2025-01-28,59.349998474121094,59.349998474121094,58.959999084472656,58.97999954223633,51.44729995727539,4396800,0.0,0.0,0.0
2025-01-29,59.0,59.09000015258789,58.84000015258789,58.939998626708984,51.412410736083984,3954100,0.0,0.0,0.0
2025-01-30,59.0099983215332,59.189998626708984,58.869998931884766,59.130001068115234,51.57814025878906,3373000,0.0,0.0,0.0
2025-01-31,59.22999954223633,59.290000915527344,58.91999816894531,58.970001220703125,51.438575744628906,3782600,0.0,0.0,0.0
2025-02-03,58.06999969482422,58.724998474121094,57.970001220703125,58.560001373291016,51.364898681640625,5064700,0.326,0.0,0.0
2025-02-04,58.61000061035156,58.68000030517578,58.45000076293945,58.619998931884766,51.417518615722656,4054200,0.0,0.0,0.0
2025-02-05,58.709999084472656,58.939998626708984,58.529998779296875,58.939998626708984,51.69820785522461,4346700,0.0,0.0,0.0
2025-02-06,59.029998779296875,59.119998931884766,58.83000183105469,59.040000915527344,51.78592300415039,3337600,0.0,0.0,0.0
2025-02-07,59.04999923706055,59.145999908447266,58.70500183105469,58.790000915527344,51.56663513183594,4162900,0.0,0.0,0.0
2025-02-10,58.970001220703125,59.09000015258789,58.810001373291016,59.09000015258789,51.82977294921875,3219000,0.0,0.0,0.0
2025-02-11,59.02000045776367,59.20000076293945,58.88999938964844,59.20000076293945,51.92626190185547,3655100,0.0,0.0,0.0
2025-02-12,58.88999938964844,59.09000015258789,58.7599983215332,59.040000915527344,51.78592300415039,3831300,0.0,0.0,0.0
2025-02-13,59.130001068115234,59.29999923706055,58.95500183105469,59.279998779296875,51.996429443359375,3579900,0.0,0.0,0.0
2025-02-14,59.33000183105469,59.36800003051758,59.14500045776367,59.16999816894531,51.89994430541992,3153300,0.0,0.0,0.0
2025-02-18,59.220001220703125,59.349998474121094,59.029998779296875,59.349998474121094,52.057830810546875,4056000,0.0,0.0,0.0
2025-02-19,59.400001525878906,59.709999084472656,59.310001373291016,59.709999084472656,52.37358856201172,3060700,0.0,0.0,0.0
2025-02-20,59.650001525878906,59.72999954223633,59.40999984741211,59.709999084472656,52.37358856201172,3368900,0.0,0.0,0.0
2025-02-21,59.70000076293945,59.709999084472656,59.029998779296875,59.130001068115234,51.864864349365234,3780500,0.0,0.0,0.0
2025-02-24,59.310001373291016,59.40999984741211,59.040000915527344,59.099998474121094,51.83854675292969,7947300,0.0,0.0,0.0
2025-02-25,59.16999816894531,59.369998931884766,58.880001068115234,59.2400016784668,51.96135330200195,6524800,0.0,0.0,0.0
2025-02-26,59.45000076293945,59.52000045776367,58.930999755859375,59.09000015258789,51.82977294921875,4036600,0.0,0.0,0.0
2025-02-27,59.22999954223633,59.426998138427734,58.65999984741211,58.689998626708984,51.478919982910156,4380800,0.0,0.0,0.0
2025-02-28,58.88999938964844,59.44499969482422,58.5,59.40999984741211,52.11045455932617,4180100,0.0,0.0,0.0
2025-03-03,59.279998779296875,59.35900115966797,58.35499954223633,58.689998626708984,51.76470184326172,5650600,0.328,0.0,0.0
2025-03-04,58.45000076293945,58.665000915527344,57.81999969482422,57.970001220703125,51.12967300415039,5678600,0.0,0.0,0.0
2025-03-05,58.0,58.67499923706055,57.77000045776367,58.5,51.59712219238281,5587600,0.0,0.0,0.0
2025-03-06,58.02000045776367,58.279998779296875,57.58000183105469,57.86000061035156,51.03265380859375,5140500,0.0,0.0,0.0
2025-03-07,57.790000915527344,58.310001373291016,57.47999954223633,58.20000076293945,51.3325309753418,4748200,0.0,0.0,0.0
2025-03-10,57.650001525878906,57.95500183105469,56.95000076293945,57.38999938964844,50.618106842041016,7865200,0.0,0.0,0.0
2025-03-11,57.310001373291016,57.349998474121094,56.44200134277344,56.75,50.053627014160156,5371800,0.0,0.0,0.0
2025-03-12,57.040000915527344,57.09000015258789,56.27000045776367,56.689998626708984,50.000701904296875,4401200,0.0,0.0,0.0
2025-03-13,56.630001068115234,56.709999084472656,55.9739990234375,56.16999816894531,49.54206848144531,4135300,0.0,0.0,0.0
2025-03-14,56.494998931884766,57.005001068115234,56.310001373291016,56.959999084472656,50.23884582519531,3415800,0.0,0.0,0.0
2025-03-17,56.95000076293945,57.63999938964844,56.92499923706055,57.459999084472656,50.67985153198242,4088600,0.0,0.0,0.0
2025-03-18,57.41999816894531,57.41999816894531,56.880001068115234,57.099998474121094,50.36231994628906,3315600,0.0,0.0,0.0
2025-03-19,57.130001068115234,57.630001068115234,56.9900016784668,57.38999938964844,50.618106842041016,3958300,0.0,0.0,0.0
2025-03-20,57.130001068115234,57.54499816894531,57.029998779296875,57.27000045776367,50.512271881103516,3209800,0.0,0.0,0.0
2025-03-21,57.0,57.18000030517578,56.720001220703125,57.11000061035156,50.37114334106445,3023900,0.0,0.0,0.0
2025-03-24,57.5,57.83000183105469,57.45000076293945,57.790000915527344,50.970916748046875,3273800,0.0,0.0,0.0
2025-03-25,57.86000061035156,57.875999450683594,57.439998626708984,57.650001525878906,50.84742736816406,3866400,0.0,0.0,0.0
2025-03-26,57.65999984741211,57.7599983215332,57.3390007019043,57.5099983215332,50.72395324707031,3510100,0.0,0.0,0.0
2025-03-27,57.459999084472656,57.643001556396484,57.2400016784668,57.380001068115234,50.60928726196289,3692200,0.0,0.0,0.0
2025-03-28,57.400001525878906,57.400001525878906,56.619998931884766,56.68000030517578,49.99188995361328,3734100,0.0,0.0,0.0
2025-03-31,56.31999969482422,57.31999969482422,56.18000030517578,57.13999938964844,50.39760971069336,3904300,0.0,0.0,0.0
2025-04-01,56.560001373291016,56.900001525878906,56.25,56.77000045776367,50.431365966796875,3464900,0.408,0.0,0.0
2025-04-02,56.40999984741211,57.130001068115234,56.36000061035156,57.0,50.63568878173828,4390900,0.0,0.0,0.0
2025-04-03,55.89500045776367,56.24800109863281,55.13999938964844,55.209999084472656,49.04553985595703,9676200,0.0,0.0,0.0
2025-04-04,54.119998931884766,54.33000183105469,52.099998474121094,52.13999938964844,46.318321228027344,15139200,0.0,0.0,0.0
2025-04-07,50.44499969482422,53.5099983215332,49.939998626708984,51.95000076293945,46.149539947509766,14256400,0.0,0.0,0.0
2025-04-08,53.310001373291016,53.560001373291016,50.43000030517578,51.13999938964844,45.429969787597656,12095400,0.0,0.0,0.0
2025-04-09,50.7599983215332,55.0359992980957,50.540000915527344,54.79999923706055,48.68132781982422,10408300,0.0,0.0,0.0
2025-04-10,54.150001525878906,54.150001525878906,51.97999954223633,53.459999084472656,47.490943908691406,6149900,0.0,0.0,0.0
2025-04-11,53.290000915527344,54.220001220703125,52.84700012207031,53.97999954223633,47.952877044677734,4556500,0.0,0.0,0.0
2025-04-14,54.70000076293945,54.88999938964844,54.18000030517578,54.66999816894531,48.565834045410156,5232400,0.0,0.0,0.0
2025-04-15,54.7599983215332,54.970001220703125,54.41999816894531,54.5099983215332,48.4237060546875,5093000,0.0,0.0,0.0
2025-04-16,54.22999954223633,54.470001220703125,53.2599983215332,53.61000061035156,47.62419509887695,5053300,0.0,0.0,0.0
2025-04-17,53.75,54.15999984741211,53.470001220703125,53.7599983215332,47.757442474365234,5094900,0.0,0.0,0.0
2025-04-21,53.42499923706055,53.470001220703125,52.15999984741211,52.709999084472656,46.82468032836914,6315500,0.0,0.0,0.0
2025-04-22,53.220001220703125,53.93000030517578,53.130001068115234,53.83000183105469,47.81962203979492,4046300,0.0,0.0,0.0
2025-04-23,54.72999954223633,55.040000915527344,54.08000183105469,54.209999084472656,48.157203674316406,5949000,0.0,0.0,0.0
2025-04-24,54.40999984741211,54.88999938964844,54.2400016784668,54.81999969482422,48.6990966796875,3714200,0.0,0.0,0.0
2025-04-25,54.849998474121094,54.9900016784668,54.525001525878906,54.97999954223633,48.84122085571289,3711200,0.0,0.0,0.0
2025-04-28,55.099998474121094,55.2400016784668,54.71900177001953,55.09000015258789,48.938941955566406,4467900,0.0,0.0,0.0
2025-04-29,55.005001068115234,55.400001525878906,54.887001037597656,55.279998779296875,49.10772705078125,8374700,0.0,0.0,0.0
2025-04-30,55.119998931884766,55.709999084472656,54.731998443603516,55.59000015258789,49.38311004638672,6345900,0.0,0.0,0.0
2025-05-01,55.5099983215332,55.54999923706055,55.005001068115234,55.099998474121094,49.38132095336914,6550700,0.488,0.0,0.0
2025-05-02,55.43000030517578,55.72999954223633,55.40999984741211,55.65999984741211,49.88320541381836,4805300,0.0,0.0,0.0
2025-05-05,55.619998931884766,55.775001525878906,55.470001220703125,55.61000061035156,49.8383903503418,4856800,0.0,0.0,0.0
2025-05-06,55.459999084472656,55.599998474121094,55.27000045776367,55.38999938964844,49.641231536865234,3026000,0.0,0.0,0.0
2025-05-07,55.560001373291016,55.779998779296875,55.439998626708984,55.68000030517578,49.90113830566406,3769800,0.0,0.0,0.0
2025-05-08,55.79999923706055,55.91999816894531,55.62099838256836,55.66999816894531,49.89216995239258,4082900,0.0,0.0,0.0
2025-05-09,55.779998779296875,55.79999923706055,55.599998474121094,55.650001525878906,49.87424850463867,3594100,0.0,0.0,0.0
2025-05-12,56.17499923706055,56.20000076293945,56.029998779296875,56.18000030517578,50.34922790527344,8093300,0.0,0.0,0.0
2025-05-13,56.25,56.25,56.0099983215332,56.029998779296875,50.21480178833008,5831200,0.0,0.0,0.0
2025-05-14,56.02000045776367,56.02000045776367,55.66999816894531,55.689998626708984,49.910091400146484,7635600,0.0,0.0,0.0
2025-05-15,55.75,55.97999954223633,55.709999084472656,55.959999084472656,50.152069091796875,3605100,0.0,0.0,0.0
2025-05-16,56.099998474121094,56.25,55.93000030517578,56.2400016784668,50.40300750732422,3513900,0.0,0.0,0.0
2025-05-19,56.099998474121094,56.34000015258789,56.09000015258789,56.290000915527344,50.447818756103516,4816300,0.0,0.0,0.0
2025-05-20,56.33000183105469,56.380001068115234,56.25,56.29999923706055,50.45677947998047,3773900,0.0,0.0,0.0
2025-05-21,56.25,56.268001556396484,55.88999938964844,55.91999816894531,50.1162109375,6390200,0.0,0.0,0.0
2025-05-22,55.90999984741211,55.91999816894531,55.59000015258789,55.72999954223633,49.94593811035156,6253200,0.0,0.0,0.0
2025-05-23,55.439998626708984,55.64500045776367,55.31999969482422,55.52000045776367,49.75773239135742,4901900,0.0,0.0,0.0
2025-05-27,55.91999816894531,56.09000015258789,55.7400016784668,56.06999969482422,50.250648498535156,4310000,0.0,0.0,0.0
2025-05-28,56.099998474121094,56.16999816894531,55.83000183105469,55.900001525878906,50.098289489746094,5145300,0.0,0.0,0.0
2025-05-29,56.005001068115234,56.060001373291016,55.709999084472656,56.0,50.18791580200195,7018200,0.0,0.0,0.0
2025-05-30,55.970001220703125,56.15999984741211,55.744998931884766,56.09000015258789,50.26857376098633,5182100,0.0,0.0,0.0
2025-06-02,55.47999954223633,55.630001068115234,55.150001525878906,55.630001068115234,50.34097671508789,5603200,0.54,0.0,0.0
2025-06-03,55.599998474121094,55.77000045776367,55.45500183105469,55.7400016784668,50.44051742553711,5441900,0.0,0.0,0.0
2025-06-04,55.86000061035156,55.91999816894531,55.75,55.7599983215332,50.4586067199707,5054000,0.0,0.0,0.0
2025-06-05,55.900001525878906,55.90999984741211,55.652000427246094,55.77000045776367,50.4676628112793,4318500,0.0,0.0,0.0
2025-06-06,55.959999084472656,56.06999969482422,55.90999984741211,56.029998779296875,50.70293426513672,3867300,0.0,0.0,0.0
2025-06-09,56.099998474121094,56.16999816894531,55.90999984741211,56.02000045776367,50.69389343261719,5841300,0.0,0.0,0.0
2025-06-10,56.099998474121094,56.2400016784668,56.029998779296875,56.189998626708984,50.84772872924805,4094500,0.0,0.0,0.0
2025-06-11,56.25,56.290000915527344,56.05500030517578,56.18000030517578,50.83867645263672,4513400,0.0,0.0,0.0
2025-06-12,56.18000030517578,56.439998626708984,56.130001068115234,56.439998626708984,51.07395553588867,4224700,0.0,0.0,0.0
2025-06-13,56.150001525878906,56.349998474121094,55.90999984741211,56.040000915527344,50.71199035644531,5395200,0.0,0.0,0.0
2025-06-16,56.2400016784668,56.459999084472656,56.18199920654297,56.2599983215332,50.91107177734375,3252300,0.0,0.0,0.0
2025-06-17,56.189998626708984,56.2400016784668,55.823001861572266,55.869998931884766,50.55815505981445,4508100,0.0,0.0,0.0
2025-06-18,55.95000076293945,56.06999969482422,55.71500015258789,55.7400016784668,50.44051742553711,3515800,0.0,0.0,0.0
2025-06-20,55.97999954223633,56.0,55.665000915527344,55.75,50.44956588745117,3833900,0.0,0.0,0.0
2025-06-23,55.84000015258789,56.16999816894531,55.56999969482422,56.130001068115234,50.793426513671875,4095900,0.0,0.0,0.0
2025-06-24,56.380001068115234,56.619998931884766,56.29999923706055,56.56999969482422,51.19159698486328,4119500,0.0,0.0,0.0
2025-06-25,56.619998931884766,56.619998931884766,56.314998626708984,56.36000061035156,51.00156021118164,3733200,0.0,0.0,0.0
2025-06-26,56.47999954223633,56.47999954223633,56.2599983215332,56.400001525878906,51.03776168823242,4210200,0.0,0.0,0.0
2025-06-27,56.564998626708984,56.779998779296875,56.47999954223633,56.65999984741211,51.273048400878906,4168600,0.0,0.0,0.0
2025-06-30,56.75,56.849998474121094,56.650001525878906,56.849998474121094,51.44498062133789,5880200,0.0,0.0,0.0
2025-07-01,56.4900016784668,56.845001220703125,56.380001068115234,56.779998779296875,51.7457160949707,5303500,0.4,0.0,0.0
2025-07-02,56.78499984741211,56.81999969482422,56.630001068115234,56.810001373291016,51.77306365966797,4569500,0.0,0.0,0.0
2025-07-03,56.90999984741211,56.97999954223633,56.79999923706055,56.959999084472656,51.909759521484375,4004500,0.0,0.0,0.0
2025-07-07,56.900001525878906,56.90999984741211,56.56999969482422,56.709999084472656,51.68193054199219,5618600,0.0,0.0,0.0
2025-07-08,56.779998779296875,56.900001525878906,56.689998626708984,56.810001373291016,51.77306365966797,3907100,0.0,0.0,0.0
2025-07-09,56.88999938964844,56.88999938964844,56.66999816894531,56.849998474121094,51.80951690673828,4565600,0.0,0.0,0.0
2025-07-10,56.880001068115234,57.060001373291016,56.810001373291016,56.959999084472656,51.909759521484375,3763700,0.0,0.0,0.0
2025-07-11,56.834999084472656,56.849998474121094,56.68000030517578,56.7599983215332,51.72749328613281,3578600,0.0,0.0,0.0
2025-07-14,56.720001220703125,56.849998474121094,56.63999938964844,56.83000183105469,51.79128646850586,3811500,0.0,0.0,0.0
2025-07-15,56.849998474121094,56.849998474121094,56.45000076293945,56.459999084472656,51.4540901184082,4619000,0.0,0.0,0.0
2025-07-16,56.5099983215332,56.689998626708984,56.2599983215332,56.65999984741211,51.63636779785156,4078800,0.0,0.0,0.0
2025-07-17,56.650001525878906,57.04999923706055,56.650001525878906,57.02000045776367,51.96444320678711,3978500,0.0,0.0,0.0
2025-07-18,57.119998931884766,57.119998931884766,56.880001068115234,56.970001220703125,51.918880462646484,7796600,0.0,0.0,0.0
2025-07-21,57.040000915527344,57.040000915527344,56.834999084472656,56.849998474121094,51.80951690673828,3687600,0.0,0.0,0.0
2025-07-22,56.86000061035156,57.18000030517578,56.854000091552734,57.150001525878906,52.08291244506836,3131800,0.0,0.0,0.0
2025-07-23,57.15999984741211,57.266998291015625,57.082000732421875,57.22999954223633,52.155826568603516,3629000,0.0,0.0,0.0
2025-07-24,57.22999954223633,57.290000915527344,57.150001525878906,57.16999816894531,52.10114288330078,3941700,0.0,0.0,0.0
2025-07-25,57.22999954223633,57.32500076293945,57.13399887084961,57.31999969482422,52.23783874511719,3306200,0.0,0.0,0.0
2025-07-28,57.349998474121094,57.349998474121094,57.130001068115234,57.16999816894531,52.10114288330078,4131100,0.0,0.0,0.0
2025-07-29,57.16999816894531,57.21500015258789,57.08000183105469,57.15999984741211,52.092018127441406,3687000,0.0,0.0,0.0
2025-07-30,57.11000061035156,57.11000061035156,56.66999816894531,56.84000015258789,51.8004035949707,4856300,0.0,0.0,0.0
2025-07-31,56.77000045776367,56.89899826049805,56.380001068115234,56.47999954223633,51.472320556640625,5414700,0.0,0.0,0.0
2025-08-01,55.86000061035156,55.86000061035156,55.45000076293945,55.61000061035156,51.002742767333984,7691900,0.358,0.0,0.0
2025-08-04,55.83000183105469,56.25,55.790000915527344,56.22999954223633,51.571372985839844,4461000,0.0,0.0,0.0
2025-08-05,56.220001220703125,56.220001220703125,55.880001068115234,55.900001525878906,51.268714904785156,4959300,0.0,0.0,0.0
2025-08-06,55.939998626708984,56.06999969482422,55.73500061035156,55.9900016784668,51.35125732421875,4141500,0.0,0.0,0.0
2025-08-07,56.20000076293945,56.22999954223633,55.75,55.900001525878906,51.268714904785156,6139000,0.0,0.0,0.0
2025-08-08,55.970001220703125,56.130001068115234,55.96500015258789,56.060001373291016,51.41546630859375,3305000,0.0,0.0,0.0
2025-08-11,56.099998474121094,56.20000076293945,55.959999084472656,56.040000915527344,51.39711380004883,4174600,0.0,0.0,0.0
2025-08-12,56.099998474121094,56.380001068115234,56.099998474121094,56.34000015258789,51.67226028442383,3720300,0.0,0.0,0.0
2025-08-13,56.400001525878906,56.689998626708984,56.400001525878906,56.68000030517578,51.98408889770508,3847200,0.0,0.0,0.0
2025-08-14,56.525001525878906,56.650001525878906,56.4640007019043,56.619998931884766,51.9290657043457,3310300,0.0,0.0,0.0
2025-08-15,56.70000076293945,56.779998779296875,56.57500076293945,56.689998626708984,51.99327087402344,2862600,0.0,0.0,0.0
2025-08-18,56.650001525878906,56.83000183105469,56.650001525878906,56.7400016784668,52.03911590576172,3098400,0.0,0.0,0.0
2025-08-19,56.790000915527344,57.029998779296875,56.77000045776367,56.93000030517578,52.21337890625,3186100,0.0,0.0,0.0
2025-08-20,57.0,57.189998626708984,56.900001525878906,57.099998474121094,52.36928939819336,4461900,0.0,0.0,0.0
2025-08-21,56.970001220703125,57.0369987487793,56.7599983215332,56.880001068115234,52.16752243041992,2744900,0.0,0.0,0.0
2025-08-22,57.040000915527344,57.5,57.040000915527344,57.369998931884766,52.616920471191406,4456500,0.0,0.0,0.0
2025-08-25,57.310001373291016,57.34000015258789,57.005001068115234,57.040000915527344,52.31427001953125,3702400,0.0,0.0,0.0
2025-08-26,57.04999923706055,57.119998931884766,56.93000030517578,57.09000015258789,52.3601188659668,3431400,0.0,0.0,0.0
2025-08-27,57.11000061035156,57.20000076293945,57.040000915527344,57.130001068115234,52.396812438964844,3366100,0.0,0.0,0.0
2025-08-28,57.2400016784668,57.2400016784668,57.11000061035156,57.189998626708984,52.45182418823242,4345200,0.0,0.0,0.0
2025-08-29,57.220001220703125,57.279998779296875,57.02000045776367,57.150001525878906,52.41514587402344,4210000,0.0,0.0,0.0
2025-09-02,56.4900016784668,56.650001525878906,56.275001525878906,56.650001525878906,52.293304443359375,4884700,0.368,0.0,0.0
2025-09-03,56.650001525878906,56.709999084472656,56.349998474121094,56.58000183105469,52.228694915771484,4519200,0.0,0.0,0.0
2025-09-04,56.59000015258789,56.7599983215332,56.5,56.7599983215332,52.39484405517578,5402400,0.0,0.0,0.0
2025-09-05,56.880001068115234,57.03499984741211,56.57099914550781,56.779998779296875,52.41330337524414,3783700,0.0,0.0,0.0
2025-09-08,56.790000915527344,56.81800079345703,56.560001373291016,56.810001373291016,52.441001892089844,4158800,0.0,0.0,0.0
2025-09-09,56.810001373291016,56.81999969482422,56.65999984741211,56.75,52.385616302490234,3330600,0.0,0.0,0.0
2025-09-10,56.970001220703125,57.029998779296875,56.810001373291016,56.900001525878906,52.524085998535156,3707200,0.0,0.0,0.0
2025-09-11,56.95000076293945,57.2599983215332,56.939998626708984,57.25,52.847164154052734,4532500,0.0,0.0,0.0
2025-09-12,57.18000030517578,57.220001220703125,56.88999938964844,56.900001525878906,52.524085998535156,4073400,0.0,0.0,0.0
2025-09-15,56.90999984741211,56.97999954223633,56.790000915527344,56.81999969482422,52.450225830078125,5118700,0.0,0.0,0.0
2025-09-16,56.83000183105469,56.89500045776367,56.72999954223633,56.77000045776367,52.404075622558594,4092100,0.0,0.0,0.0
2025-09-17,56.790000915527344,57.099998474121094,56.720001220703125,56.91999816894531,52.54253387451172,4153300,0.0,0.0,0.0
2025-09-18,57.0,57.029998779296875,56.875,56.93000030517578,52.5517692565918,4440000,0.0,0.0,0.0
2025-09-19,57.060001373291016,57.060001373291016,56.810001373291016,56.86000061035156,52.487159729003906,4690500,0.0,0.0,0.0
2025-09-22,56.779998779296875,56.900001525878906,56.779998779296875,56.81999969482422,52.450225830078125,5198400,0.0,0.0,0.0
2025-09-23,56.849998474121094,56.939998626708984,56.7599983215332,56.84000015258789,52.46868896484375,3889800,0.0,0.0,0.0
2025-09-24,56.88999938964844,56.92499923706055,56.83000183105469,56.880001068115234,52.505615234375,3910000,0.0,0.0,0.0
2025-09-25,56.86000061035156,56.86000061035156,56.52399826049805,56.650001525878906,52.293304443359375,6363900,0.0,0.0,0.0
2025-09-26,56.790000915527344,56.96500015258789,56.75,56.939998626708984,52.561004638671875,5354600,0.0,0.0,0.0
2025-09-29,57.06999969482422,57.06999969482422,56.869998931884766,56.959999084472656,52.57946014404297,4924900,0.0,0.0,0.0
2025-09-30,56.93000030517578,57.099998474121094,56.91999816894531,57.099998474121094,52.70868682861328,5437200,0.0,0.0,0.0
2025-10-01,56.70000076293945,56.869998931884766,56.66999816894531,56.849998474121094,52.81181335449219,4425900,0.361,0.0,0.0
2025-10-02,56.79999923706055,56.909000396728516,56.724998474121094,56.849998474121094,52.81181335449219,4296700,0.0,0.0,0.0
2025-10-03,57.0,57.13999938964844,56.849998474121094,57.029998779296875,52.97903060913086,7367800,0.0,0.0,0.0
2025-10-06,57.0,57.0099983215332,56.86000061035156,56.970001220703125,52.92329025268555,4608400,0.0,0.0,0.0
2025-10-07,56.93000030517578,57.040000915527344,56.834999084472656,56.869998931884766,52.83039093017578,4288700,0.0,0.0,0.0
2025-10-08,56.880001068115234,56.97999954223633,56.790000915527344,56.90999984741211,52.867549896240234,4877400,0.0,0.0,0.0
2025-10-09,56.91999816894531,56.9900016784668,56.709999084472656,56.75,52.71891784667969,4309600,0.0,0.0,0.0
2025-10-10,56.81999969482422,56.93000030517578,55.97999954223633,56.0,52.02219009399414,5921300,0.0,0.0,0.0
2025-10-13,56.279998779296875,56.67499923706055,56.23500061035156,56.54999923706055,52.53312301635742,6160700,0.0,0.0,0.0
2025-10-14,56.2599983215332,57.029998779296875,56.185001373291016,56.880001068115234,52.839683532714844,5940800,0.0,0.0,0.0
2025-10-15,56.939998626708984,57.209999084472656,56.52000045776367,56.869998931884766,52.83039093017578,5075400,0.0,0.0,0.0
2025-10-16,56.970001220703125,56.9900016784668,56.29399871826172,56.5099983215332,52.49596405029297,4905900,0.0,0.0,0.0
2025-10-17,56.58000183105469,56.89500045776367,56.47999954223633,56.86000061035156,52.82110595703125,4752700,0.0,0.0,0.0
2025-10-20,56.970001220703125,57.22999954223633,56.95000076293945,57.16999816894531,53.10908508300781,4256100,0.0,0.0,0.0
2025-10-21,57.220001220703125,57.58000183105469,57.220001220703125,57.52000045776367,53.4342155456543,4784700,0.0,0.0,0.0
2025-10-22,57.459999084472656,57.57500076293945,57.209999084472656,57.290000915527344,53.220558166503906,8908700,0.0,0.0,0.0
2025-10-23,57.310001373291016,57.529998779296875,57.21500015258789,57.459999084472656,53.37848663330078,4205400,0.0,0.0,0.0
2025-10-24,57.66999816894531,57.709999084472656,57.459999084472656,57.459999084472656,53.37848663330078,3744300,0.0,0.0,0.0
2025-10-27,57.66999816894531,57.68000030517578,57.52000045776367,57.599998474121094,53.508541107177734,4517100,0.0,0.0,0.0
2025-10-28,57.65999984741211,57.65999984741211,57.224998474121094,57.22999954223633,53.16482162475586,5247000,0.0,0.0,0.0
2025-10-29,57.15999984741211,57.16999816894531,56.78499984741211,56.900001525878906,52.85826873779297,5921500,0.0,0.0,0.0
2025-10-30,56.650001525878906,57.18000030517578,56.650001525878906,56.90999984741211,52.867549896240234,6341500,0.0,0.0,0.0
2025-10-31,56.83000183105469,56.959999084472656,56.709999084472656,56.880001068115234,52.839683532714844,5991700,0.0,0.0,0.0
2025-11-03,56.529998779296875,56.619998931884766,56.06399917602539,56.38999938964844,52.70508575439453,5685800,0.346,0.0,0.0
2025-11-04,56.22999954223633,56.470001220703125,56.189998626708984,56.38999938964844,52.70508575439453,5675900,0.0,0.0,0.0
2025-11-05,56.34000015258789,56.61600112915039,56.29499816894531,56.470001220703125,52.77985763549805,5827100,0.0,0.0,0.0
2025-11-06,56.43000030517578,56.470001220703125,56.130001068115234,56.25,52.5742301940918,5460200,0.0,0.0,0.0
2025-11-07,56.15999984741211,56.45000076293945,55.95000076293945,56.45000076293945,52.76116943359375,7509200,0.0,0.0,0.0
2025-11-10,56.599998474121094,56.79999923706055,56.41999816894531,56.720001220703125,53.013526916503906,5992000,0.0,0.0,0.0
2025-11-11,56.7400016784668,57.13999938964844,56.72999954223633,57.11000061035156,53.37804412841797,4504300,0.0,0.0,0.0
2025-11-12,57.119998931884766,57.35499954223633,57.119998931884766,57.279998779296875,53.536930084228516,4887200,0.0,0.0,0.0
2025-11-13,57.20000076293945,57.310001373291016,56.801998138427734,56.86000061035156,53.144378662109375,4519500,0.0,0.0,0.0
2025-11-14,56.650001525878906,56.926998138427734,56.47999954223633,56.7400016784668,53.03221893310547,4919100,0.0,0.0,0.0
2025-11-17,56.75,56.847999572753906,56.209999084472656,56.38999938964844,52.70508575439453,5969400,0.0,0.0,0.0
2025-11-18,56.25,56.595001220703125,56.040000915527344,56.290000915527344,52.61161804199219,4868400,0.0,0.0,0.0
2025-11-19,56.36000061035156,56.564998626708984,56.099998474121094,56.31999969482422,52.63966369628906,3812000,0.0,0.0,0.0
2025-11-20,56.779998779296875,56.98500061035156,55.810001373291016,55.849998474121094,52.20037078857422,7419600,0.0,0.0,0.0
2025-11-21,56.09000015258789,56.880001068115234,56.040000915527344,56.59000015258789,52.89202117919922,7627900,0.0,0.0,0.0
2025-11-24,56.810001373291016,56.97999954223633,56.54999923706055,56.84000015258789,53.12568283081055,4252000,0.0,0.0,0.0
2025-11-25,56.880001068115234,57.52000045776367,56.880001068115234,57.439998626708984,53.68647384643555,5367300,0.0,0.0,0.0
2025-11-26,57.529998779296875,57.808998107910156,57.50600051879883,57.66999816894531,53.90144348144531,3656500,0.0,0.0,0.0
2025-11-28,57.7599983215332,57.93000030517578,57.68000030517578,57.90999984741211,54.12575912475586,2300600,0.0,0.0,0.0
2025-12-01,57.33000183105469,57.47999954223633,57.165000915527344,57.209999084472656,53.81627655029297,4782800,0.371,0.0,0.0
2025-12-02,57.29999923706055,57.29999923706055,57.03499984741211,57.15999984741211,53.76923751831055,5470400,0.0,0.0,0.0
2025-12-03,57.21500015258789,57.5,57.17599868774414,57.47999954223633,54.07025909423828,5444300,0.0,0.0,0.0
2025-12-04,57.52000045776367,57.540000915527344,57.314998626708984,57.459999084472656,54.051448822021484,4235900,0.0,0.0,0.0
2025-12-05,57.4900016784668,57.59000015258789,57.38999938964844,57.43000030517578,54.023231506347656,4209000,0.0,0.0,0.0
2025-12-08,57.470001220703125,57.47999954223633,57.11399841308594,57.16999816894531,53.77865219116211,4184600,0.0,0.0,0.0
2025-12-09,57.209999084472656,57.290000915527344,57.02000045776367,57.02000045776367,53.63755416870117,3592100,0.0,0.0,0.0
2025-12-10,57.060001373291016,57.5099983215332,57.025001525878906,57.40999984741211,54.00442123413086,4421200,0.0,0.0,0.0
2025-12-11,57.380001068115234,57.79999923706055,57.380001068115234,57.790000915527344,54.36187744140625,4011100,0.0,0.0,0.0
2025-12-12,57.849998474121094,57.970001220703125,57.58000183105469,57.72999954223633,54.30543518066406,4776400,0.0,0.0,0.0
2025-12-15,57.88999938964844,57.895999908447266,57.57500076293945,57.77000045776367,54.34306335449219,5137400,0.0,0.0,0.0
2025-12-16,57.77000045776367,57.790000915527344,57.349998474121094,57.52000045776367,54.10788345336914,5487200,0.0,0.0,0.0
2025-12-17,57.560001373291016,57.65999984741211,57.209999084472656,57.2400016784668,53.84450149536133,6223600,0.0,0.0,0.0
2025-12-18,57.470001220703125,57.70000076293945,57.29999923706055,57.40999984741211,54.00442123413086,6623200,0.0,0.0,0.0
2025-12-19,57.41999816894531,57.689998626708984,57.39500045776367,57.540000915527344,54.126708984375,4107500,0.0,0.0,0.0
2025-12-22,57.65999984741211,57.79999923706055,57.56999969482422,57.7599983215332,54.333648681640625,4767100,0.0,0.0,0.0
2025-12-23,57.75,57.83000183105469,57.720001220703125,57.81999969482422,54.39009094238281,5049600,0.0,0.0,0.0
2025-12-24,57.849998474121094,58.0099983215332,57.83000183105469,57.970001220703125,54.53119659423828,2459300,0.0,0.0,0.0
2025-12-26,58.0,58.02000045776367,57.880001068115234,58.02000045776367,54.57823181152344,3634200,0.0,0.0,0.0
2025-12-29,58.0,58.060001373291016,57.90999984741211,57.97999954223633,54.54060363769531,4659000,0.0,0.0,0.0
2025-12-30,58.0099983215332,58.040000915527344,57.90999984741211,57.97999954223633,54.54060363769531,5111400,0.0,0.0,0.0
2025-12-31,57.56999969482422,57.56999969482422,57.21500015258789,57.2400016784668,54.24399185180664,4299900,0.427,0.0,0.0
2026-01-02,57.380001068115234,57.380001068115234,57.040000915527344,57.31999969482422,54.31979751586914,7480500,0.0,0.0,0.0
2026-01-05,57.33000183105469,57.56999969482422,57.27000045776367,57.470001220703125,54.46194839477539,7731400,0.0,0.0,0.0
2026-01-06,57.459999084472656,58.02000045776367,57.400001525878906,57.95000076293945,54.91682434082031,6191600,0.0,0.0,0.0
2026-01-07,58.0,58.119998931884766,57.720001220703125,57.7599983215332,54.73676300048828,8869500,0.0,0.0,0.0
2026-01-08,57.709999084472656,58.099998474121094,57.619998931884766,58.040000915527344,55.00212097167969,5455800,0.0,0.0,0.0
2026-01-09,58.099998474121094,58.31999969482422,58.099998474121094,58.25,55.20111846923828,4458800,0.0,0.0,0.0
2026-01-12,58.13999938964844,58.310001373291016,58.051998138427734,58.29999923706055,55.24850845336914,4573800,0.0,0.0,0.0
2026-01-13,58.279998779296875,58.319000244140625,58.099998474121094,58.25,55.20111846923828,4418600,0.0,0.0,0.0
2026-01-14,58.15999984741211,58.36000061035156,58.06999969482422,58.34000015258789,55.286415100097656,5324000,0.0,0.0,0.0
2026-01-15,58.459999084472656,58.54999923706055,58.349998474121094,58.43000030517578,55.37169647216797,5298700,0.0,0.0,0.0
2026-01-16,58.45000076293945,58.5,58.290000915527344,58.40999984741211,55.35274887084961,4556300,0.0,0.0,0.0
2026-01-20,57.88999938964844,58.029998779296875,57.540000915527344,57.619998931884766,54.60409927368164,7837600,0.0,0.0,0.0
2026-01-21,57.779998779296875,58.31999969482422,57.69900131225586,58.189998626708984,55.14426040649414,6261900,0.0,0.0,0.0
2026-01-22,58.38999938964844,58.505001068115234,58.224998474121094,58.34000015258789,55.286415100097656,4143000,0.0,0.0,0.0
2026-01-23,58.29999923706055,58.38999938964844,58.21200180053711,58.380001068115234,55.324317932128906,4613500,0.0,0.0,0.0
2026-01-26,58.439998626708984,58.68000030517578,58.43000030517578,58.61000061035156,55.542274475097656,4133700,0.0,0.0,0.0
2026-01-27,58.61000061035156,58.630001068115234,58.439998626708984,58.59000015258789,55.52333068847656,4964500,0.0,0.0,0.0
2026-01-28,58.5099983215332,58.595001220703125,58.349998474121094,58.41999816894531,55.36222457885742,4173900,0.0,0.0,0.0
2026-01-29,58.560001373291016,58.630001068115234,58.209999084472656,58.54999923706055,55.48542785644531,5071400,0.0,0.0,0.0
2026-01-30,58.47999954223633,58.595001220703125,58.15999984741211,58.560001373291016,55.494895935058594,6366400,0.0,0.0,0.0
2026-02-02,58.16999816894531,58.4900016784668,58.08000183105469,58.41999816894531,55.68935775756836,5285500,0.344,0.0,0.0
2026-02-03,58.349998474121094,58.5099983215332,57.959999084472656,58.2599983215332,55.536842346191406,6102300,0.0,0.0,0.0
2026-02-04,58.400001525878906,58.70000076293945,58.32500076293945,58.58000183105469,55.841880798339844,6867400,0.0,0.0,0.0
2026-02-05,58.45000076293945,58.58000183105469,58.16999816894531,58.2400016784668,55.51777267456055,6391200,0.0,0.0,0.0
2026-02-06,58.5,59.16999816894531,58.5,59.11000061035156,56.347110748291016,5977400,0.0,0.0,0.0
2026-02-09,59.040000915527344,59.11000061035156,58.849998474121094,59.060001373291016,56.29944610595703,5075900,0.0,0.0,0.0
2026-02-10,59.130001068115234,59.400001525878906,59.11000061035156,59.209999084472656,56.44243621826172,4957400,0.0,0.0,0.0
2026-02-11,59.38999938964844,59.400001525878906,59.04999923706055,59.27000045776367,56.499629974365234,4714000,0.0,0.0,0.0
2026-02-12,59.470001220703125,59.720001220703125,58.97999954223633,59.0099983215332,56.25178527832031,7075400,0.0,0.0,0.0
2026-02-13,59.04999923706055,59.599998474121094,58.97999954223633,59.310001373291016,56.53776550292969,5642200,0.0,0.0,0.0
2026-02-17,59.2400016784668,59.470001220703125,58.8650016784668,59.20000076293945,56.43290328979492,5306600,0.0,0.0,0.0
2026-02-18,59.400001525878906,59.457000732421875,59.16999816894531,59.33000183105469,56.556827545166016,4274900,0.0,0.0,0.0
2026-02-19,59.2400016784668,59.29999923706055,59.029998779296875,59.2599983215332,56.49009323120117,4678200,0.0,0.0,0.0
2026-02-20,59.189998626708984,59.58000183105469,59.095001220703125,59.4900016784668,56.7093505859375,4613400,0.0,0.0,0.0
2026-02-23,59.36000061035156,59.54999923706055,58.9739990234375,59.150001525878906,56.38524627685547,6493100,0.0,0.0,0.0
2026-02-24,59.150001525878906,59.5,59.07500076293945,59.45000076293945,56.67121887207031,5437700,0.0,0.0,0.0
2026-02-25,59.57500076293945,59.60499954223633,59.31399917602539,59.5099983215332,56.72841262817383,4503700,0.0,0.0,0.0
2026-02-26,59.59000015258789,59.67499923706055,59.26499938964844,59.59000015258789,56.8046760559082,5137000,0.0,0.0,0.0
2026-02-27,59.290000915527344,59.900001525878906,59.290000915527344,59.880001068115234,57.081119537353516,5019400,0.0,0.0,0.0
2026-03-02,59.13999938964844,59.57500076293945,59.02899932861328,59.380001068115234,56.9382438659668,4873700,0.351,0.0,0.0
2026-03-03,58.66999816894531,59.03499984741211,58.119998931884766,58.83000183105469,56.410865783691406,7045300,0.0,0.0,0.0
2026-03-04,58.970001220703125,59.189998626708984,58.70000076293945,59.08000183105469,56.65058135986328,6071300,0.0,0.0,0.0
2026-03-05,58.849998474121094,58.95000076293945,58.2400016784668,58.619998931884766,56.209495544433594,7232800,0.0,0.0,0.0
2026-03-06,58.119998931884766,58.25,57.689998626708984,58.09000015258789,55.701290130615234,6030300,0.0,0.0,0.0
2026-03-09,57.619998931884766,58.4900016784668,57.2599983215332,58.380001068115234,55.979366302490234,7824200,0.0,0.0,0.0
2026-03-10,58.380001068115234,58.720001220703125,58.06999969482422,58.189998626708984,55.797176361083984,5699400,0.0,0.0,0.0
2026-03-11,58.209999084472656,58.22999954223633,57.75,57.959999084472656,55.576637268066406,7138600,0.0,0.0,0.0
2026-03-12,57.56999969482422,57.720001220703125,57.150001525878906,57.18000030517578,54.828712463378906,7814700,0.0,0.0,0.0
2026-03-13,57.404998779296875,57.68000030517578,57.025001525878906,57.09000015258789,54.74241638183594,5081000,0.0,0.0,0.0
2026-03-16,57.5,57.810001373291016,57.474998474121094,57.59000015258789,55.22184753417969,4714600,0.0,0.0,0.0
2026-03-17,57.90999984741211,58.09000015258789,57.66999816894531,57.70000076293945,55.32733154296875,5108400,0.0,0.0,0.0
2026-03-18,57.470001220703125,57.5099983215332,56.7400016784668,56.77000045776367,54.43557357788086,6171900,0.0,0.0,0.0
2026-03-19,56.529998779296875,56.90999984741211,56.349998474121094,56.68000030517578,54.34926986694336,6199300,0.0,0.0,0.0
2026-03-20,56.630001068115234,56.689998626708984,55.834999084472656,56.09000015258789,53.78353500366211,5329800,0.0,0.0,0.0
2026-03-23,56.77000045776367,57.125,56.540000915527344,56.58000183105469,54.253387451171875,7801500,0.0,0.0,0.0
2026-03-24,56.275001525878906,56.82500076293945,56.165000915527344,56.560001373291016,54.23420333862305,5182000,0.0,0.0,0.0
2026-03-25,56.93000030517578,57.064998626708984,56.4900016784668,56.72999954223633,54.397216796875,4210200,0.0,0.0,0.0
2026-03-26,56.47999954223633,56.81999969482422,56.15399932861328,56.189998626708984,53.879417419433594,4300500,0.0,0.0,0.0
2026-03-27,56.09000015258789,56.09000015258789,55.44499969482422,55.54999923706055,53.26573944091797,5900600,0.0,0.0,0.0
2026-03-30,55.970001220703125,56.060001373291016,55.46500015258789,55.650001525878906,53.36162185668945,4827800,0.0,0.0,0.0
2026-03-31,56.150001525878906,56.779998779296875,55.915000915527344,56.68000030517578,54.34926986694336,5557100,0.0,0.0,0.0
2026-04-01,56.404998779296875,56.630001068115234,56.290000915527344,56.40999984741211,54.49514389038086,5904100,0.421,0.0,0.0
2026-04-02,55.9900016784668,56.630001068115234,55.88999938964844,56.45000076293945,54.533790588378906,5043400,0.0,0.0,0.0
2026-04-06,56.47999954223633,56.71500015258789,56.36000061035156,56.70000076293945,54.77530288696289,5816600,0.0,0.0,0.0
2026-04-07,56.599998474121094,56.61000061035156,56.224998474121094,56.52000045776367,54.601409912109375,5286400,0.0,0.0,0.0
2026-04-08,57.36000061035156,57.619998931884766,57.28499984741211,57.61000061035156,55.654415130615234,6154200,0.0,0.0,0.0
2026-04-09,57.59000015258789,57.93000030517578,57.470001220703125,57.79999923706055,55.83796310424805,4036200,0.0,0.0,0.0
2026-04-10,57.86000061035156,57.86000061035156,57.47999954223633,57.540000915527344,55.586788177490234,4115600,0.0,0.0,0.0
2026-04-13,57.45000076293945,57.86000061035156,57.45000076293945,57.86000061035156,55.89592742919922,3883500,0.0,0.0,0.0
2026-04-14,57.880001068115234,57.93000030517578,57.724998474121094,57.84000015258789,55.87660217285156,4505900,0.0,0.0,0.0
2026-04-15,57.90999984741211,57.90999984741211,57.5,57.61000061035156,55.654415130615234,5116500,0.0,0.0,0.0
2026-04-16,57.650001525878906,57.7400016784668,57.529998779296875,57.59000015258789,55.635093688964844,4545000,0.0,0.0,0.0
2026-04-17,57.689998626708984,57.84000015258789,57.61000061035156,57.790000915527344,55.828304290771484,4727800,0.0,0.0,0.0
2026-04-20,57.81999969482422,57.91999816894531,57.689998626708984,57.7599983215332,55.799320220947266,3902200,0.0,0.0,0.0
2026-04-21,57.790000915527344,57.810001373291016,57.470001220703125,57.5,55.54814529418945,4919100,0.0,0.0,0.0
2026-04-22,57.650001525878906,57.709999084472656,57.22999954223633,57.29999923706055,55.35493469238281,4974100,0.0,0.0,0.0
2026-04-23,57.369998931884766,57.61000061035156,57.345001220703125,57.59000015258789,55.635093688964844,4899600,0.0,0.0,0.0
2026-04-24,57.54999923706055,57.54999923706055,57.2599983215332,57.31999969482422,55.37425231933594,4838800,0.0,0.0,0.0
2026-04-27,57.29999923706055,57.369998931884766,57.0099983215332,57.04999923706055,55.11342239379883,5821100,0.0,0.0,0.0
2026-04-28,57.209999084472656,57.34000015258789,57.01499938964844,57.130001068115234,55.19070816040039,4961100,0.0,0.0,0.0
2026-04-29,57.209999084472656,57.31999969482422,57.04499816894531,57.119998931884766,55.1810417175293,7745100,0.0,0.0,0.0
2026-04-30,57.099998474121094,57.61000061035156,57.09000015258789,57.59000015258789,55.635093688964844,5353200,0.0,0.0,0.0
2026-05-01,57.27000045776367,57.27000045776367,56.763999938964844,56.81999969482422,55.32157897949219,5639500,0.448,0.0,0.0
2026-05-04,56.72999954223633,56.93000030517578,56.61000061035156,56.66999816894531,55.175537109375,5995600,0.0,0.0,0.0
2026-05-05,56.720001220703125,56.7400016784668,56.40999984741211,56.5,55.0100212097168,7280900,0.0,0.0,0.0
2026-05-06,56.54999923706055,56.689998626708984,56.439998626708984,56.47999954223633,54.99055099487305,6851000,0.0,0.0,0.0
2026-05-07,56.5099983215332,56.584999084472656,56.23400115966797,56.279998779296875,54.79581832885742,6271400,0.0,0.0,0.0
2026-05-08,56.349998474121094,56.380001068115234,55.95000076293945,55.959999084472656,54.48426055908203,7172300,0.0,0.0,0.0
2026-05-11,55.93000030517578,56.040000915527344,55.7400016784668,55.849998474121094,54.37715530395508,7700600,0.0,0.0,0.0
2026-05-12,55.88999938964844,56.25,55.77000045776367,56.08000183105469,54.60110092163086,5811500,0.0,0.0,0.0
2026-05-13,55.97999954223633,56.125,55.79999923706055,55.93000030517578,54.455055236816406,5118300,0.0,0.0,0.0
2026-05-14,56.0099983215332,56.060001373291016,55.875,55.9900016784668,54.51347732543945,11621700,0.0,0.0,0.0
2026-05-15,56.0,56.08000183105469,55.83000183105469,55.88999938964844,54.41611099243164,4958200,0.0,0.0,0.0
2026-05-18,55.849998474121094,56.15999984741211,55.75,56.130001068115234,54.6497802734375,5539900,0.0,0.0,0.0
2026-05-19,56.130001068115234,56.29999923706055,55.959999084472656,56.08000183105469,54.60110092163086,5300200,0.0,0.0,0.0
2026-05-20,56.08000183105469,56.220001220703125,55.904998779296875,56.18000030517578,54.698463439941406,8007100,0.0,0.0,0.0
2026-05-21,56.02000045776367,56.119998931884766,55.7400016784668,56.08000183105469,54.60110092163086,4982200,0.0,0.0,0.0
2026-05-22,56.2599983215332,56.39500045776367,56.17300033569336,56.33000183105469,54.844505310058594,4164500,0.0,0.0,0.0
2026-05-26,56.400001525878906,56.45899963378906,56.209999084472656,56.220001220703125,54.737403869628906,5998700,0.0,0.0,0.0
2026-05-27,56.25,56.470001220703125,56.25,56.279998779296875,54.79581832885742,5335900,0.0,0.0,0.0
2026-05-28,56.310001373291016,56.31999969482422,56.060001373291016,56.20000076293945,54.717933654785156,5732000,0.0,0.0,0.0
2026-05-29,56.150001525878906,56.18000030517578,55.959999084472656,56.040000915527344,54.56215286254883,6469300,0.0,0.0,0.0
2026-06-01,55.650001525878906,55.68000030517578,55.244998931884766,55.31999969482422,54.237632751464844,7748600,0.389,0.0,0.0
2026-06-02,55.279998779296875,55.415000915527344,55.099998474121094,55.33000183105469,54.2474365234375,7067600,0.0,0.0,0.0
2026-06-03,55.29999923706055,55.529998779296875,55.279998779296875,55.40999984741211,54.32586669921875,5991000,0.0,0.0,0.0
2026-06-04,55.709999084472656,55.86000061035156,55.56999969482422,55.709999084472656,54.619998931884766,5659600,0.0,0.0,0.0
2026-06-05,55.7400016784668,55.90999984741211,55.44499969482422,55.52000045776367,54.433719635009766,5780800,0.0,0.0,0.0
2026-06-08,55.599998474121094,55.72800064086914,55.345001220703125,55.349998474121094,54.26704025268555,6091700,0.0,0.0,0.0
2026-06-09,55.5,55.88999938964844,55.17499923706055,55.79999923706055,54.70823669433594,6323900,0.0,0.0,0.0
2026-06-10,55.720001220703125,55.9900016784668,55.25,55.290000915527344,54.20821762084961,4643800,0.0,0.0,0.0
2026-06-11,55.45000076293945,56.0099983215332,55.314998626708984,55.79999923706055,54.70823669433594,5498000,0.0,0.0,0.0
2026-06-12,55.970001220703125,56.11000061035156,55.69499969482422,56.040000915527344,54.94354248046875,4118300,0.0,0.0,0.0
2026-06-15,56.310001373291016,56.529998779296875,56.290000915527344,56.369998931884766,55.267086029052734,4986000,0.0,0.0,0.0
2026-06-16,56.36000061035156,56.72999954223633,56.36000061035156,56.54999923706055,55.44356155395508,3824300,0.0,0.0,0.0
2026-06-17,56.54999923706055,56.689998626708984,55.869998931884766,55.9900016784668,54.89452362060547,4151700,0.0,0.0,0.0
2026-06-18,56.209999084472656,56.349998474121094,56.04999923706055,56.099998474121094,55.00236511230469,3982600,0.0,0.0,0.0
2026-06-22,56.099998474121094,56.290000915527344,55.97999954223633,56.06999969482422,54.972957611083984,4800300,0.0,0.0,0.0
2026-06-23,55.90999984741211,56.08000183105469,55.65999984741211,55.83000183105469,54.73765563964844,4019000,0.0,0.0,0.0
2026-06-24,55.93000030517578,56.400001525878906,55.8849983215332,56.060001373291016,54.96315002441406,3541000,0.0,0.0,0.0
2026-06-25,56.220001220703125,56.540000915527344,56.025001525878906,56.06999969482422,54.972957611083984,4410800,0.0,0.0,0.0
2026-06-26,56.02000045776367,56.40999984741211,55.95000076293945,56.15999984741211,55.06119155883789,4815200,0.0,0.0,0.0
2026-06-29,56.380001068115234,56.58000183105469,56.29999923706055,56.439998626708984,55.33571243286133,4882400,0.0,0.0,0.0
2026-06-30,56.439998626708984,56.59000015258789,56.31999969482422,56.47999954223633,55.37493133544922,4939300,0.0,0.0,0.0
2026-07-01,56.1150016784668,56.3849983215332,55.96500015258789,56.119998931884766,55.40158462524414,4339100,0.387,0.0,0.0
2026-07-02,56.220001220703125,56.720001220703125,56.220001220703125,56.709999084472656,55.984031677246094,4615400,0.0,0.0,0.0
2026-07-06,56.75,56.869998931884766,56.5099983215332,56.75,56.02352523803711,6575200,0.0,0.0,0.0
2026-07-07,56.900001525878906,57.0,56.77000045776367,56.86000061035156,56.132118225097656,5046500,0.0,0.0,0.0
2026-07-08,56.75,56.7599983215332,56.40999984741211,56.52000045776367,55.79646682739258,4607900,0.0,0.0,0.0
2026-07-09,56.540000915527344,56.665000915527344,56.5099983215332,56.630001068115234,55.905059814453125,3342300,0.0,0.0,0.0
2026-07-10,56.70000076293945,56.790000915527344,56.5099983215332,56.7599983215332,56.03339385986328,3321600,0.0,0.0,0.0
2026-07-13,56.790000915527344,57.029998779296875,56.724998474121094,56.7599983215332,56.03339385986328,4496400,0.0,0.0,0.0
2026-07-14,56.779998779296875,56.86000061035156,56.5629997253418,56.58000183105469,55.8557014465332,4098100,0.0,0.0,0.0
2026-07-15,56.689998626708984,56.744998931884766,56.53499984741211,56.619998931884766,55.89518737792969,4318200,0.0,0.0,0.0
2026-07-16,56.61000061035156,56.98500061035156,56.58000183105469,56.97999954223633,56.250579833984375,4712300,0.0,0.0,0.0
2026-07-17,56.72999954223633,57.0,56.5099983215332,56.54999923706055,55.826080322265625,5269400,0.0,0.0,0.0
2026-07-20,56.65999984741211,56.779998779296875,56.314998626708984,56.38999938964844,55.66813278198242,4316200,0.0,0.0,0.0
2026-07-21,56.58000183105469,56.689998626708984,56.349998474121094,56.619998931884766,55.89518737792969,3713500,0.0,0.0,0.0
2026-07-22,56.689998626708984,56.81999969482422,56.56100082397461,56.650001525878906,55.9248046875,3494700,0.0,0.0,0.0
2026-07-23,56.29999923706055,56.53900146484375,56.22999954223633,56.41999816894531,55.69774627685547,6243700,0.0,0.0,0.0
2026-07-24,56.54999923706055,57.0099983215332,56.54999923706055,56.79999923706055,56.072879791259766,4698500,0.0,0.0,0.0
2026-07-27,57.1349983215332,57.29999923706055,56.959999084472656,57.09000015258789,56.35917282104492,5596600,0.0,0.0,0.0
2026-07-28,57.33000183105469,57.63999938964844,57.31999969482422,57.47999954223633,56.744178771972656,4904700,0.0,0.0,0.0
2026-07-29,57.5,57.54999923706055,56.875,56.91999816894531,56.19134521484375,4511000,0.0,0.0,0.0
2026-07-30,57.29999923706055,57.29999923706055,56.814998626708984,57.2400016784668,56.50725173950195,4229900,0.0,0.0,0.0
2026-07-31,57.369998931884766,57.58000183105469,57.025001525878906,57.43000030517578,56.694820404052734,4163100,0.0,0.0,0.0
2026-08-03,57.369998931884766,57.415000915527344,57.22999954223633,57.349998474121094,56.97996520996094,4912500,0.367,0.0,0.0
2026-08-04,57.380001068115234,57.41999816894531,57.13999938964844,57.349998474121094,56.97996520996094,6569100,0.0,0.0,0.0
2026-08-05,57.48500061035156,57.529998779296875,57.30500030517578,57.5099983215332,57.13893127441406,6290100,0.0,0.0,0.0
2026-08-06,57.720001220703125,57.7599983215332,57.459999084472656,57.59000015258789,57.21841812133789,5984500,0.0,0.0,0.0
2026-08-07,57.625,57.65999984741211,57.439998626708984,57.58000183105469,57.2084846496582,3625700,0.0,0.0,0.0
2026-08-10,57.650001525878906,57.69499969482422,57.55500030517578,57.63999938964844,57.26809310913086,4254700,0.0,0.0,0.0
2026-08-11,57.689998626708984,57.82899856567383,57.630001068115234,57.790000915527344,57.41712951660156,3579700,0.0,0.0,0.0
2026-08-12,57.83000183105469,57.880001068115234,57.70000076293945,57.84000015258789,57.46680450439453,4089700,0.0,0.0,0.0
2026-08-13,57.900001525878906,57.959999084472656,57.810001373291016,57.91999816894531,57.546287536621094,3849500,0.0,0.0,0.0
2026-08-14,57.93000030517578,58.04999923706055,57.849998474121094,58.02000045776367,57.64564514160156,3422200,0.0,0.0,0.0
2026-08-17,57.92499923706055,57.959999084472656,57.75,57.779998779296875,57.40719223022461,4207600,0.0,0.0,0.0
2026-08-18,57.810001373291016,57.970001220703125,57.77000045776367,57.83000183105469,57.456871032714844,4848600,0.0,0.0,0.0
2026-08-19,57.93000030517578,58.154998779296875,57.9109992980957,57.959999084472656,57.586029052734375,3888600,0.0,0.0,0.0
2026-08-20,57.779998779296875,57.98500061035156,57.66999816894531,57.720001220703125,57.34757995605469,4287700,0.0,0.0,0.0
2026-08-21,57.90999984741211,57.970001220703125,57.78099822998047,57.91999816894531,57.546287536621094,4267200,0.0,0.0,0.0
2026-08-24,57.939998626708984,58.095001220703125,57.90999984741211,58.09000015258789,57.71519088745117,4409900,0.0,0.0,0.0
2026-08-25,58.16999816894531,58.20000076293945,58.060001373291016,58.13999938964844,57.764869689941406,4245800,0.0,0.0,0.0
2026-08-26,58.15999984741211,58.27000045776367,58.08000183105469,58.15999984741211,57.78474044799805,4074800,0.0,0.0,0.0
2026-08-27,58.0099983215332,58.04999923706055,57.79999923706055,57.849998474121094,57.47673797607422,4851200,0.0,0.0,0.0
2026-08-28,57.970001220703125,57.97999954223633,57.709999084472656,57.790000915527344,57.41712951660156,4295800,0.0,0.0,0.0
2026-08-31,57.68000030517578,57.68000030517578,57.439998626708984,57.5,57.128997802734375,5006400,0.0,0.0,0.0
2026-09-01,57.09000015258789,57.244998931884766,56.91999816894531,57.0,57.0,4688200,0.371,0.0,0.0
2026-09-02,57.08000183105469,57.268001556396484,57.0,57.189998626708984,57.189998626708984,4492400,0.0,0.0,0.0
2026-09-03,57.36000061035156,57.439998626708984,57.08000183105469,57.43000030517578,57.43000030517578,5102300,0.0,0.0,0.0
2026-09-04,57.33000183105469,57.39500045776367,57.16999816894531,57.220001220703125,57.220001220703125,4041300,0.0,0.0,0.0
2026-09-08,57.04999923706055,57.13999938964844,56.845001220703125,56.869998931884766,56.869998931884766,4782100,0.0,0.0,0.0
2026-09-09,56.83000183105469,56.83000183105469,56.47999954223633,56.540000915527344,56.540000915527344,4856900,0.0,0.0,0.0
2026-09-10,56.36000061035156,56.46500015258789,56.209999084472656,56.2599983215332,56.2599983215332,5005800,0.0,0.0,0.0
2026-09-11,56.68000030517578,56.74700164794922,56.540000915527344,56.650001525878906,56.650001525878906,3590900,0.0,0.0,0.0
2026-09-14,56.47999954223633,56.64500045776367,56.36000061035156,56.5099983215332,56.5099983215332,3482100,0.0,0.0,0.0
2026-09-15,56.54999923706055,56.54999923706055,56.16999816894531,56.189998626708984,56.189998626708984,4596800,0.0,0.0,0.0
2026-09-16,56.349998474121094,56.36000061035156,55.689998626708984,55.93000030517578,55.93000030517578,4512100,0.0,0.0,0.0
2026-09-17,56.43000030517578,56.459999084472656,56.060001373291016,56.22999954223633,56.22999954223633,3646000,0.0,0.0,0.0
2026-09-18,56.27000045776367,56.27000045776367,56.029998779296875,56.2400016784668,56.2400016784668,3283500,0.0,0.0,0.0
2026-09-21,56.41999816894531,56.72999954223633,56.33000183105469,56.650001525878906,56.650001525878906,3997900,0.0,0.0,0.0
2026-09-22,56.709999084472656,56.83000183105469,56.650001525878906,56.7400016784668,56.7400016784668,3912200,0.0,0.0,0.0
2026-09-23,56.72999954223633,56.7599983215332,56.5099983215332,56.58000183105469,56.58000183105469,3534000,0.0,0.0,0.0
2026-09-24,56.439998626708984,56.65999984741211,56.38999938964844,56.529998779296875,56.529998779296875,3169500,0.0,0.0,0.0
2026-09-25,56.560001373291016,56.790000915527344,56.47999954223633,56.7599983215332,56.7599983215332,3380800,0.0,0.0,0.0
2026-09-28,56.63999938964844,56.67499923706055,56.369998931884766,56.5099983215332,56.5099983215332,3989100,0.0,0.0,0.0
2026-09-29,56.529998779296875,56.58000183105469,56.31999969482422,56.4900016784668,56.4900016784668,4432900,0.0,0.0,0.0
