Date,Open,High,Low,Close,Adj Close,Volume,Dividends,Stock Splits,Capital Gains
1999-03-10,51.125,51.15625,50.28125,51.0625,42.98228454589844,5232000,0.0,0.0,0.0
1999-03-11,51.4375,51.734375,50.3125,51.3125,43.192710876464844,9688600,0.0,0.0,0.0
1999-03-12,51.125,51.15625,49.65625,50.0625,42.140480041503906,8743600,0.0,0.0,0.0
1999-03-15,50.4375,51.5625,49.90625,51.5,43.35052490234375,6369000,0.0,0.0,0.0
1999-03-16,51.71875,52.15625,51.15625,51.9375,43.718814849853516,4905800,0.0,0.0,0.0
1999-03-17,51.9375,52.0,51.40625,51.5625,43.40315628051758,3965000,0.0,0.0,0.0
1999-03-18,51.5,52.59375,51.484375,52.5625,44.24489212036133,4848400,0.0,0.0,0.0
1999-03-19,53.25,53.25,51.1875,51.21875,43.1137809753418,7160400,0.0,0.0,0.0
1999-03-22,51.4375,51.5625,50.5,50.59375,42.58769989013672,5024800,0.0,0.0,0.0
1999-03-23,50.3125,50.5,48.71875,48.8125,41.08829879760742,10962400,0.0,0.0,0.0
1999-03-24,49.25,50.5,48.5,50.46875,42.48246383666992,8447000,0.0,0.0,0.0
1999-03-25,51.25,52.3125,50.9140625,52.3125,44.03445816040039,8133800,0.0,0.0,0.0
1999-03-26,51.875,52.46875,51.53125,51.75,43.56098175048828,8256200,0.0,0.0,0.0
1999-03-29,52.375,53.65625,52.0625,53.625,45.1392822265625,5113800,0.0,0.0,0.0
1999-03-30,53.5625,54.0,53.03125,53.25,44.82362747192383,4940600,0.0,0.0,0.0
1999-03-31,54.125,54.1875,52.3125,52.46875,44.16597366333008,8256600,0.0,0.0,0.0
1999-04-01,54.0,54.0625,52.6875,53.5625,45.0866584777832,8715800,0.0,0.0,0.0
1999-04-05,54.4296875,55.578125,54.09375,55.5,46.71756362915039,5697200,0.0,0.0,0.0
1999-04-06,55.4375,56.21875,54.96875,55.609375,46.809635162353516,7522400,0.0,0.0,0.0
1999-04-07,56.125,56.25,53.84375,55.03125,46.322994232177734,11923600,0.0,0.0,0.0
1999-04-08,54.9375,55.734375,53.8125,55.46875,46.69123840332031,7952400,0.0,0.0,0.0
1999-04-09,55.375,55.9375,55.21875,55.8125,46.98061752319336,4946800,0.0,0.0,0.0
1999-04-12,54.5,55.8125,54.4375,55.4375,46.66496658325195,10934000,0.0,0.0,0.0
1999-04-13,55.78125,55.90625,54.25,54.6875,46.033634185791016,9962200,0.0,0.0,0.0
1999-04-14,55.375,55.4375,52.5078125,52.8125,44.455352783203125,21253800,0.0,0.0,0.0
1999-04-15,53.0,53.6171875,51.125,53.53125,45.060359954833984,17650600,0.0,0.0,0.0
1999-04-16,53.40625,53.40625,51.6875,51.96875,43.74509811401367,17274000,0.0,0.0,0.0
1999-04-19,52.3125,52.75,49.0078125,49.53125,41.693328857421875,19460600,0.0,0.0,0.0
1999-04-20,49.3125,51.0625,48.84375,50.65625,42.64030838012695,17413600,0.0,0.0,0.0
1999-04-21,51.125,53.1875,50.4375,53.15625,44.744693756103516,10940400,0.0,0.0,0.0
1999-04-22,53.65625,54.75,53.3046875,54.59375,45.95473098754883,13630600,0.0,0.0,0.0
1999-04-23,54.3125,55.71875,53.75,55.3125,46.559730529785156,7064400,0.0,0.0,0.0
1999-04-26,55.6875,57.0,55.5078125,56.5859375,47.63166427612305,5421000,0.0,0.0,0.0
1999-04-27,57.0,57.28125,55.0078125,55.71875,46.90171432495117,16482800,0.0,0.0,0.0
1999-04-28,55.25,55.4375,53.5703125,53.8125,45.297096252441406,7676800,0.0,0.0,0.0
1999-04-29,53.5625,53.875,52.25,53.375,44.928836822509766,19148200,0.0,0.0,0.0
1999-04-30,54.125,54.40625,51.8125,53.71875,45.21819305419922,15295200,0.0,0.0,0.0
1999-05-03,53.5625,53.78125,52.5390625,53.4375,44.9814338684082,11109800,0.0,0.0,0.0
1999-05-04,53.53125,54.375,52.28125,52.59375,44.27121353149414,15428400,0.0,0.0,0.0
1999-05-05,52.625,54.1875,51.03125,54.1875,45.612762451171875,12642600,0.0,0.0,0.0
1999-05-06,53.6875,54.15625,51.71875,52.21875,43.95554733276367,15173400,0.0,0.0,0.0
1999-05-07,52.6875,53.125,51.5625,52.96875,44.586883544921875,16430400,0.0,0.0,0.0
1999-05-10,53.3125,53.859375,52.6875,53.5,45.034053802490234,10604200,0.0,0.0,0.0
1999-05-11,53.9375,54.625,53.625,54.34375,45.74428176879883,8800800,0.0,0.0,0.0
1999-05-12,54.59375,55.65625,53.0,55.46875,46.69123840332031,12507400,0.0,0.0,0.0
1999-05-13,55.90625,56.0,54.1875,54.4375,45.82319259643555,9864000,0.0,0.0,0.0
1999-05-14,53.375,54.0,53.0,53.40625,44.95514678955078,12205400,0.0,0.0,0.0
1999-05-17,52.9375,54.53125,52.4140625,54.3671875,45.76401138305664,9906800,0.0,0.0,0.0
1999-05-18,54.3125,54.625,53.5,54.125,45.560150146484375,9267800,0.0,0.0,0.0
1999-05-19,54.34375,54.90625,53.5,54.875,46.19148254394531,7985600,0.0,0.0,0.0
1999-05-20,54.9921875,54.9921875,53.28125,53.3671875,44.92224884033203,5997200,0.0,0.0,0.0
1999-05-21,53.53125,53.6875,52.59375,52.875,44.50794219970703,10958600,0.0,0.0,0.0
1999-05-24,52.96875,53.0625,51.1875,51.53125,43.376853942871094,9569800,0.0,0.0,0.0
1999-05-25,51.46875,52.21875,49.625,49.84375,41.95636749267578,17771200,0.0,0.0,0.0
1999-05-26,50.5,51.4375,48.9375,51.234375,43.126949310302734,26772000,0.0,0.0,0.0
1999-05-27,51.03125,51.9296875,50.375,51.1875,43.08749008178711,23334800,0.0,0.0,0.0
1999-05-28,51.5,52.3125,50.84375,52.03125,43.79772186279297,12969800,0.0,0.0,0.0
1999-06-01,51.9375,52.1875,50.59375,50.875,42.824424743652344,6960200,0.0,0.0,0.0
1999-06-02,50.84375,52.0,49.5703125,51.734375,43.5478401184082,11996600,0.0,0.0,0.0
1999-06-03,52.125,52.125,50.6875,51.0,42.92965316772461,11147800,0.0,0.0,0.0
1999-06-04,51.375,52.7421875,51.375,52.5625,44.24489212036133,12987200,0.0,0.0,0.0
1999-06-07,52.9296875,53.9921875,52.8125,53.65625,45.165584564208984,11491800,0.0,0.0,0.0
1999-06-08,53.78125,54.03125,52.0390625,52.3125,44.03445816040039,8134800,0.0,0.0,0.0
1999-06-09,52.5,53.3359375,52.46875,53.1875,44.770999908447266,8384400,0.0,0.0,0.0
1999-06-10,52.625,52.9375,51.9453125,52.578125,44.25807189941406,9392400,0.0,0.0,0.0
1999-06-11,52.9375,52.9921875,51.3125,51.78125,43.587284088134766,16567600,0.0,0.0,0.0
1999-06-14,51.96875,51.96875,50.6875,50.8046875,42.765254974365234,14136800,0.0,0.0,0.0
1999-06-15,50.9296875,51.8671875,50.78125,51.5625,43.40315628051758,9147800,0.0,0.0,0.0
1999-06-16,52.84375,54.2109375,52.78125,54.2109375,45.63248062133789,15060200,0.0,0.0,0.0
1999-06-17,53.5,55.0625,53.5,54.8125,46.13885498046875,16278200,0.0,0.0,0.0
1999-06-18,54.3125,55.21875,54.21875,55.0625,46.349308013916016,5392800,0.0,0.0,0.0
1999-06-21,55.4375,56.7421875,55.34375,56.7109375,47.736881256103516,10565200,0.0,0.0,0.0
1999-06-22,56.375,57.09375,55.0,55.0,46.29669952392578,10862800,0.0,0.0,0.0
1999-06-23,55.0078125,56.0,54.65625,55.8671875,47.026649475097656,9607000,0.0,0.0,0.0
1999-06-24,55.84375,55.875,54.5,54.7578125,46.09281921386719,14988800,0.0,0.0,0.0
1999-06-25,55.125,55.5625,54.1875,54.6875,46.033634185791016,8635600,0.0,0.0,0.0
1999-06-28,55.15625,56.0625,54.703125,55.984375,47.125301361083984,7666200,0.0,0.0,0.0
1999-06-29,55.9375,56.96875,55.65625,56.75,47.769771575927734,9000400,0.0,0.0,0.0
1999-06-30,56.8046875,59.9375,56.1328125,57.625,48.506290435791016,19467600,0.0,0.0,0.0
1999-07-01,57.8125,58.34375,56.8125,58.015625,48.835113525390625,6822600,0.0,0.0,0.0
1999-07-02,58.0,58.8125,58.0,58.75,49.45330047607422,3302000,0.0,0.0,0.0
1999-07-06,59.0625,59.65625,58.0625,58.375,49.13760757446289,8794800,0.0,0.0,0.0
1999-07-07,58.34375,58.71875,57.9375,58.46875,49.2165412902832,10520000,0.0,0.0,0.0
1999-07-08,58.46875,59.4921875,58.1875,59.25,49.87417221069336,11225000,0.0,0.0,0.0
1999-07-09,59.46875,59.90625,59.03125,59.84375,50.373958587646484,4206800,0.0,0.0,0.0
1999-07-12,60.0625,60.375,59.1875,59.53125,50.110904693603516,7816200,0.0,0.0,0.0
1999-07-13,59.25,59.46875,58.78125,59.25,49.87417221069336,6230000,0.0,0.0,0.0
1999-07-14,59.84375,60.375,59.0,60.2578125,50.72249984741211,6909400,0.0,0.0,0.0
1999-07-15,60.46875,60.8125,60.1328125,60.8125,51.18940734863281,6539800,0.0,0.0,0.0
1999-07-16,60.84375,61.71875,60.8203125,61.375,51.66290283203125,4913800,0.0,0.0,0.0
1999-07-19,61.625,61.625,60.5078125,60.75,51.13679504394531,6833000,0.0,0.0,0.0
1999-07-20,60.0078125,60.09375,58.25,58.40625,49.16392517089844,14837400,0.0,0.0,0.0
1999-07-21,58.53125,59.1953125,58.0625,58.6875,49.40066146850586,10980400,0.0,0.0,0.0
1999-07-22,58.6875,58.6875,57.03125,57.1953125,48.14460372924805,15148400,0.0,0.0,0.0
1999-07-23,57.625,57.8671875,56.6875,57.28125,48.21693801879883,12115000,0.0,0.0,0.0
1999-07-26,56.5,57.125,55.78125,55.875,47.03324508666992,10720000,0.0,0.0,0.0
1999-07-27,57.0,57.875,56.515625,57.0,47.98020935058594,13732800,0.0,0.0,0.0
1999-07-28,57.6875,58.4375,56.9453125,58.1171875,48.92059326171875,10161800,0.0,0.0,0.0
1999-07-29,57.03125,57.5,56.3125,56.875,47.87498474121094,13033800,0.0,0.0,0.0
1999-07-30,57.125,57.75,56.5078125,56.59375,47.63823318481445,10947400,0.0,0.0,0.0
1999-08-02,56.6875,57.8125,56.21875,56.4375,47.506717681884766,9642400,0.0,0.0,0.0
1999-08-03,57.2109375,57.21875,55.25,56.0703125,47.19761657714844,13005000,0.0,0.0,0.0
1999-08-04,56.0703125,56.4921875,55.0078125,55.0546875,46.342735290527344,13227600,0.0,0.0,0.0
1999-08-05,55.0625,55.9296875,53.75,55.9296875,47.079261779785156,18695200,0.0,0.0,0.0
1999-08-06,55.53125,56.5625,54.9375,55.328125,46.572906494140625,12392200,0.0,0.0,0.0
1999-08-09,55.53125,55.6875,54.5078125,54.6171875,45.974449157714844,7983400,0.0,0.0,0.0
1999-08-10,54.46875,54.8671875,52.9375,54.125,45.560150146484375,16767200,0.0,0.0,0.0
1999-08-11,55.09375,56.0,54.265625,55.90625,47.059539794921875,13101400,0.0,0.0,0.0
1999-08-12,56.125,56.5,55.125,55.25,46.50713348388672,12715000,0.0,0.0,0.0
1999-08-13,56.40625,57.71875,56.3125,57.65625,48.5325927734375,14342600,0.0,0.0,0.0
1999-08-16,57.625,58.3125,57.25,58.1171875,48.92059326171875,11470600,0.0,0.0,0.0
1999-08-17,58.625,58.6875,57.34375,58.40625,49.16392517089844,11408400,0.0,0.0,0.0
1999-08-18,58.125,58.84375,57.53125,57.75,48.61152648925781,7035200,0.0,0.0,0.0
1999-08-19,57.21875,57.625,56.6953125,57.0625,48.03282165527344,10157800,0.0,0.0,0.0
1999-08-20,57.125,57.96875,56.8125,57.96875,48.79566192626953,6920800,0.0,0.0,0.0
1999-08-23,58.5,59.8125,58.3671875,59.8125,50.34767150878906,9652000,0.0,0.0,0.0
1999-08-24,59.375,60.875,59.2578125,60.21875,50.68961715698242,13891400,0.0,0.0,0.0
1999-08-25,60.59375,61.75,59.9375,61.5,51.76811599731445,11352000,0.0,0.0,0.0
1999-08-26,61.5,61.71875,60.3828125,60.4765625,50.90663146972656,9753000,0.0,0.0,0.0
1999-08-27,60.9296875,60.9375,59.71875,59.875,50.400272369384766,9635400,0.0,0.0,0.0
1999-08-30,60.125,60.3125,58.875,59.03125,49.69001770019531,10141600,0.0,0.0,0.0
1999-08-31,59.4375,60.0625,58.125,59.6875,50.2424201965332,14590400,0.0,0.0,0.0
1999-09-01,60.0625,60.625,59.6875,60.1171875,50.6041259765625,10752000,0.0,0.0,0.0
1999-09-02,59.0,60.21875,58.875,59.90625,50.42655944824219,14583200,0.0,0.0,0.0
1999-09-03,61.625,62.6796875,61.40625,62.65625,52.74140930175781,14195400,0.0,0.0,0.0
1999-09-07,62.53125,63.15625,62.28125,62.375,52.50466537475586,9009000,0.0,0.0,0.0
1999-09-08,62.0,62.625,61.03125,61.53125,51.79441452026367,14303400,0.0,0.0,0.0
1999-09-09,61.5625,62.5625,61.25,62.40625,52.53097152709961,12677600,0.0,0.0,0.0
1999-09-10,63.25,63.7421875,62.53125,63.125,53.1359748840332,10251000,0.0,0.0,0.0
1999-09-13,63.0625,63.1875,62.03125,62.3671875,52.498085021972656,7240800,0.0,0.0,0.0
1999-09-14,62.125,63.1484375,62.0,62.7109375,52.78742980957031,10022600,0.0,0.0,0.0
1999-09-15,63.4921875,63.4921875,61.4375,61.5,51.76811599731445,16096000,0.0,0.0,0.0
1999-09-16,61.46875,62.03125,60.1953125,61.46875,51.7418212890625,15371000,0.0,0.0,0.0
1999-09-17,62.03125,63.4375,61.9375,63.3125,53.29380416870117,14506400,0.0,0.0,0.0
1999-09-20,63.5,63.75,63.03125,63.4609375,53.41875076293945,6187200,0.0,0.0,0.0
1999-09-21,62.90625,63.03125,61.7578125,61.9375,52.136383056640625,12265800,0.0,0.0,0.0
1999-09-22,62.03125,62.921875,61.28125,62.59375,52.68879318237305,12441800,0.0,0.0,0.0
1999-09-23,63.25,63.375,59.6328125,60.0,50.50547409057617,19766000,0.0,0.0,0.0
1999-09-24,59.625,60.3125,58.625,60.078125,50.571231842041016,23570800,0.0,0.0,0.0
1999-09-27,60.9375,61.375,60.3125,60.5,50.92637252807617,12608800,0.0,0.0,0.0
1999-09-28,60.1953125,61.0,58.90625,60.78125,51.16310501098633,20622000,0.0,0.0,0.0
1999-09-29,60.78125,61.21875,59.5625,59.5625,50.13721466064453,15557000,0.0,0.0,0.0
1999-09-30,60.125,60.8125,59.375,60.1875,50.66331481933594,17604200,0.0,0.0,0.0
1999-10-01,59.375,60.2109375,58.75,60.2109375,50.68302917480469,19607400,0.0,0.0,0.0
1999-10-04,60.53125,61.78125,60.1875,61.5625,51.82073974609375,12434200,0.0,0.0,0.0
1999-10-05,61.78125,62.75,60.6875,62.0,52.18898391723633,19526400,0.0,0.0,0.0
1999-10-06,62.375,63.3359375,61.4296875,63.2421875,53.234615325927734,19098200,0.0,0.0,0.0
1999-10-07,63.59375,63.8984375,62.625,63.09375,53.10966491699219,22013600,0.0,0.0,0.0
1999-10-08,62.84375,63.9375,62.0,63.7578125,53.66865158081055,22523200,0.0,0.0,0.0
1999-10-11,63.9375,64.6875,63.78125,64.65625,54.42491149902344,13016000,0.0,0.0,0.0
1999-10-12,64.4375,64.953125,63.0,63.1875,53.1885986328125,20182800,0.0,0.0,0.0
1999-10-13,62.46875,63.21875,61.0625,61.3125,51.610286712646484,22570600,0.0,0.0,0.0
1999-10-14,61.53125,62.125,60.53125,61.6953125,51.93251419067383,22130400,0.0,0.0,0.0
1999-10-15,60.125,61.0,59.5078125,59.875,50.400272369384766,33703000,0.0,0.0,0.0
1999-10-18,59.9375,60.15625,57.4140625,59.1171875,49.762367248535156,24714800,0.0,0.0,0.0
1999-10-19,59.7578125,60.0625,58.4375,59.4375,50.031982421875,26657200,0.0,0.0,0.0
1999-10-20,60.34375,61.7421875,59.75,61.25,51.55766296386719,22486400,0.0,0.0,0.0
1999-10-21,60.25,62.25,59.8125,62.25,52.39942932128906,22454800,0.0,0.0,0.0
1999-10-22,62.6171875,63.25,61.75,61.96875,52.162689208984375,16589400,0.0,0.0,0.0
1999-10-25,61.6875,62.6796875,61.4375,62.0,52.18898391723633,13855400,0.0,0.0,0.0
1999-10-26,62.75,63.09375,61.375,61.5,51.76811599731445,13542400,0.0,0.0,0.0
1999-10-27,61.34375,61.625,60.4453125,61.40625,51.689178466796875,15225200,0.0,0.0,0.0
1999-10-28,62.375,63.75,61.8125,63.53125,53.47793960571289,14103800,0.0,0.0,0.0
1999-10-29,65.0,66.25,64.78125,65.75,55.345584869384766,19000000,0.0,0.0,0.0
1999-11-01,65.75,66.53125,65.3203125,65.40625,55.056251525878906,9681800,0.0,0.0,0.0
1999-11-02,65.75,66.5625,65.1953125,65.4453125,55.089115142822266,12834800,0.0,0.0,0.0
1999-11-03,66.375,67.125,66.1875,66.75,56.18736267089844,18752600,0.0,0.0,0.0
1999-11-04,67.6796875,67.8125,66.78125,67.5,56.81864547729492,20048600,0.0,0.0,0.0
1999-11-05,68.875,69.21875,68.1875,68.1875,57.39738464355469,15134600,0.0,0.0,0.0
1999-11-08,68.4375,69.8046875,68.21875,69.5625,58.55479049682617,10890800,0.0,0.0,0.0
1999-11-09,70.125,70.25,68.5,69.09375,58.160213470458984,14629800,0.0,0.0,0.0
1999-11-10,69.125,70.59375,68.8125,70.0,58.92304229736328,16561000,0.0,0.0,0.0
1999-11-11,70.75,71.34375,70.125,71.25,59.97526550292969,18501400,0.0,0.0,0.0
1999-11-12,71.625,72.25,69.375,72.1875,60.76441955566406,28646600,0.0,0.0,0.0
1999-11-15,72.25,72.5,71.6875,72.046875,60.64601135253906,10909400,0.0,0.0,0.0
1999-11-16,72.3125,74.21875,72.0,73.875,62.18485641479492,19126400,0.0,0.0,0.0
1999-11-17,73.875,74.1953125,72.5,72.875,61.34311294555664,21683600,0.0,0.0,0.0
1999-11-18,73.375,75.109375,72.9375,75.109375,63.22390365600586,17738400,0.0,0.0,0.0
1999-11-19,74.78125,75.90625,74.5,75.78125,63.789493560791016,17939400,0.0,0.0,0.0
1999-11-22,75.9375,77.5,74.625,74.625,62.81619644165039,18841800,0.0,0.0,0.0
1999-11-23,76.4375,76.5,74.25,74.96875,63.10556411743164,24047600,0.0,0.0,0.0
1999-11-24,75.1875,77.7421875,74.40625,77.4375,65.18363189697266,18617800,0.0,0.0,0.0
1999-11-26,78.40625,78.78125,77.375,77.6875,65.39407348632812,8045200,0.0,0.0,0.0
1999-11-29,77.53125,78.1875,76.3125,76.40625,64.31558990478516,20485200,0.0,0.0,0.0
1999-11-30,76.5625,76.6875,73.5,73.5,61.869197845458984,23702400,0.0,0.0,0.0
1999-12-01,74.3125,75.46875,73.75,75.09375,63.21074295043945,23205800,0.0,0.0,0.0
1999-12-02,75.375,77.625,75.328125,77.4765625,65.21649169921875,17229200,0.0,0.0,0.0
1999-12-03,79.3125,80.1875,78.90625,79.125,66.6041488647461,21444600,0.0,0.0,0.0
1999-12-06,79.4296875,80.5,78.6875,79.84375,67.20909118652344,16018400,0.0,0.0,0.0
1999-12-07,80.09375,80.40625,78.8359375,79.84375,67.20909118652344,23397000,0.0,0.0,0.0
1999-12-08,79.8671875,80.4921875,78.6875,78.875,66.39363861083984,19563000,0.0,0.0,0.0
1999-12-09,80.0,80.4375,77.25,79.25,66.7093276977539,28445400,0.0,0.0,0.0
1999-12-10,79.90625,80.1875,78.125,79.90625,67.26168823242188,20428400,0.0,0.0,0.0
1999-12-13,79.6328125,81.3359375,79.28125,80.9921875,68.17578887939453,16209200,0.0,0.0,0.0
1999-12-14,80.75,81.21875,79.0,79.53125,66.946044921875,27760200,0.0,0.0,0.0
1999-12-15,78.625,81.0625,77.9375,81.0625,68.23499298095703,31797200,0.0,0.0,0.0
1999-12-16,82.125,83.25,81.75,83.0625,69.91850280761719,27219600,0.0,0.0,0.0
1999-12-17,84.5,84.875,83.4296875,83.78125,70.52350616455078,23892400,0.0,0.0,0.0
1999-12-20,84.40625,85.25,83.6875,84.875,71.44417572021484,15392000,0.0,0.0,0.0
1999-12-21,85.125,89.4375,84.640625,89.4375,75.28469848632812,26003800,0.0,0.0,0.0
1999-12-22,89.1875,89.3125,87.4375,89.15625,75.04796600341797,22313600,0.0,0.0,0.0
1999-12-23,89.8671875,90.75,89.0,90.21875,75.9423599243164,17543600,0.0,0.0,0.0
1999-12-27,90.3125,90.34375,87.90625,89.6875,75.49520111083984,19281800,0.0,0.0,0.0
1999-12-28,89.75,90.5,88.5625,89.125,75.02169799804688,15346400,0.0,0.0,0.0
1999-12-29,90.0,92.5,89.875,92.5,77.86266326904297,16512600,0.0,0.0,0.0
1999-12-30,93.625,93.75,91.5,91.5,77.02084350585938,21887000,0.0,0.0,0.0
1999-12-31,92.625,93.1875,91.375,91.375,76.91563415527344,14464400,0.0,0.0,0.0
2000-01-03,96.1875,96.1875,90.75,94.75,79.7565689086914,36345200,0.0,0.0,0.0
2000-01-04,92.0,93.5,87.9375,88.25,74.28515625,33786600,0.0,0.0,0.0
2000-01-05,87.5,89.625,84.25,86.0,72.39119720458984,42496600,0.0,0.0,0.0
2000-01-06,86.875,88.0,79.75,80.09375,67.41954803466797,37134800,0.0,0.0,0.0
2000-01-07,82.9375,90.0,82.5,90.0,75.75823211669922,28138200,0.0,0.0,0.0
2000-01-10,91.0,93.9375,89.9375,92.5,77.86266326904297,29675600,0.0,0.0,0.0
2000-01-11,91.75,92.875,87.0,88.0,74.07467651367188,32546600,0.0,0.0,0.0
2000-01-12,89.0,89.2421875,86.0,86.0625,72.44380187988281,29050000,0.0,0.0,0.0
2000-01-13,88.5,91.5,87.078125,91.25,76.8104019165039,25165200,0.0,0.0,0.0
2000-01-14,93.0,93.625,92.0,93.375,78.59912872314453,21898600,0.0,0.0,0.0
2000-01-18,92.0625,94.4375,91.4375,93.875,79.02005004882812,16752400,0.0,0.0,0.0
2000-01-19,93.4921875,96.0,92.4296875,96.0,80.80876922607422,19006000,0.0,0.0,0.0
2000-01-20,95.5,96.875,94.0078125,95.0625,80.0196533203125,25958000,0.0,0.0,0.0
2000-01-21,96.5,96.5625,95.0625,96.25,81.01919555664062,18698200,0.0,0.0,0.0
2000-01-24,97.4375,97.625,90.96875,91.625,77.12606811523438,28340400,0.0,0.0,0.0
2000-01-25,91.875,94.1171875,89.40625,93.0,78.28350830078125,33276200,0.0,0.0,0.0
2000-01-26,93.25,93.3125,89.0,89.25,75.12691497802734,23095600,0.0,0.0,0.0
2000-01-27,91.75,92.5,87.625,90.5625,76.23170471191406,30739200,0.0,0.0,0.0
2000-01-28,90.0,90.46875,84.75,86.0,72.39119720458984,35313800,0.0,0.0,0.0
2000-01-31,85.875,90.0,83.5,89.6875,75.49520111083984,36014600,0.0,0.0,0.0
2000-02-01,89.53125,92.5,88.4375,92.09375,77.52064514160156,26417600,0.0,0.0,0.0
2000-02-02,92.25,94.71875,92.09375,92.875,78.17830657958984,26169200,0.0,0.0,0.0
2000-02-03,94.3125,96.625,92.28125,96.5,81.22962951660156,30579800,0.0,0.0,0.0
2000-02-04,97.0,98.2421875,96.21875,97.15625,81.78204345703125,26640000,0.0,0.0,0.0
2000-02-07,97.25,98.625,96.25,98.5,82.91319274902344,17761000,0.0,0.0,0.0
2000-02-08,99.375,102.875,99.375,102.625,86.38542175292969,21999400,0.0,0.0,0.0
2000-02-09,102.0625,102.1953125,98.75,99.0,83.33401489257812,27258200,0.0,0.0,0.0
2000-02-10,99.8125,102.25,98.5546875,102.25,86.06974029541016,26341600,0.0,0.0,0.0
2000-02-11,102.0625,102.0625,98.0,99.875,84.07056427001953,24876000,0.0,0.0,0.0
2000-02-14,99.9921875,100.0,97.75,99.75,83.9653549194336,22814600,0.0,0.0,0.0
2000-02-15,98.9375,100.625,95.875,100.46875,84.57039642333984,30572800,0.0,0.0,0.0
2000-02-16,99.90625,101.6875,99.3125,100.0,84.1758041381836,25310600,0.0,0.0,0.0
2000-02-17,101.1875,103.25,99.625,102.125,85.96456909179688,30080200,0.0,0.0,0.0
2000-02-18,102.625,103.0,98.4375,98.4375,82.86055755615234,25271200,0.0,0.0,0.0
2000-02-22,99.0,99.9375,96.25,98.75,83.12362670898438,37226200,0.0,0.0,0.0
2000-02-23,99.6796875,105.0,99.15625,104.25,87.75325775146484,32170800,0.0,0.0,0.0
2000-02-24,104.875,106.8046875,102.0,106.5,89.64725494384766,48868200,0.0,0.0,0.0
2000-02-25,106.1875,107.5,103.875,104.0625,87.59544372558594,32617600,0.0,0.0,0.0
2000-02-28,103.25,105.6875,100.5,104.0,87.54279327392578,38216200,0.0,0.0,0.0
2000-02-29,105.75,107.09375,104.9375,106.75,89.85767364501953,23978600,0.0,0.0,0.0
2000-03-01,107.25,108.5625,106.5,107.625,90.59419250488281,24468400,0.0,0.0,0.0
2000-03-02,108.0625,108.1875,104.75,105.1328125,88.49636840820312,32739200,0.0,0.0,0.0
2000-03-03,108.0,111.125,107.0,111.0625,93.48770904541016,32017200,0.0,0.0,0.0
2000-03-06,111.75,113.21875,110.25,111.9375,94.22427368164062,23268400,0.0,0.0,0.0
2000-03-07,113.8125,113.875,108.75,110.25,92.80381774902344,39471000,0.0,0.0,0.0
2000-03-08,111.0,112.0,106.28125,111.25,93.64556884765625,43512600,0.0,0.0,0.0
2000-03-09,111.21875,115.5,109.09375,115.0,96.80218505859375,30101400,0.0,0.0,0.0
2000-03-10,114.875,116.4375,113.5078125,114.5,96.38127136230469,29750600,0.0,0.0,0.0
2000-03-13,110.0,114.125,109.53125,111.5,93.85601806640625,37544200,0.0,0.0,0.0
2000-03-14,112.75,113.375,105.0,107.375,90.38374328613281,39106800,0.0,0.0,0.0
2000-03-15,106.5,107.0,101.875,102.875,86.59581756591797,51202600,0.0,0.0,0.0
2000-03-16,105.375,109.25,101.0,108.75,91.54119110107422,55282200,0.0,0.0,0.0
2000-03-17,108.0,111.0625,107.9375,110.8125,93.27727508544922,31422400,0.0,0.0,0.0
2000-03-20,111.0,111.5,106.25,107.6875,90.64683532714844,21167200,0.0,2.0,0.0
2000-03-21,106.125,111.9375,103.5625,111.75,94.06649017333984,33435100,0.0,0.0,0.0
2000-03-22,113.5,115.96875,111.125,114.0,95.96041870117188,24370200,0.0,0.0,0.0
2000-03-23,114.484375,117.75,113.5625,116.0,97.64391326904297,19227400,0.0,0.0,0.0
2000-03-24,117.484375,120.5,115.015625,117.5625,98.9592056274414,22063000,0.0,0.0,0.0
2000-03-27,118.0,119.5,117.125,117.75,99.11698150634766,11752600,0.0,0.0,0.0
2000-03-28,116.984375,117.8125,113.125,114.75,96.59172821044922,18336300,0.0,0.0,0.0
2000-03-29,115.375,115.4375,110.0,110.0,92.59339904785156,27189500,0.0,0.0,0.0
2000-03-30,107.25,112.75,103.5,107.25,90.278564453125,42328700,0.0,0.0,0.0
2000-03-31,108.140625,110.625,104.0,109.5,92.1725082397461,31349900,0.0,0.0,0.0
2000-04-03,107.765625,109.125,100.75,102.9375,86.6484603881836,31551300,0.0,0.0,0.0
2000-04-04,103.625,103.9375,88.3125,101.9375,85.80668640136719,66213000,0.0,0.0,0.0
2000-04-05,97.5,103.9375,96.25,100.125,84.28096008300781,37631500,0.0,0.0,0.0
2000-04-06,102.375,103.875,99.75,102.5,86.28019714355469,30499900,0.0,0.0,0.0
2000-04-07,104.125,107.375,102.625,106.625,89.7524185180664,20645500,0.0,0.0,0.0
2000-04-10,107.625,107.6875,99.25,100.125,84.28096008300781,26988200,0.0,0.0,0.0
2000-04-11,97.125,101.5,95.0625,97.75,82.2818374633789,34497100,0.0,0.0,0.0
2000-04-12,97.625,98.75,90.25,92.0,77.44171905517578,34824400,0.0,0.0,0.0
2000-04-13,92.8125,96.0,88.0,88.0,74.07467651367188,46330500,0.0,0.0,0.0
2000-04-14,86.0625,88.5,78.0,80.375,67.65631103515625,60851300,0.0,0.0,0.0
2000-04-17,78.015625,90.0,78.0,89.625,75.44253540039062,55398500,0.0,0.0,0.0
2000-04-18,89.484375,93.0,87.375,92.0,77.44171905517578,36260900,0.0,0.0,0.0
2000-04-19,92.5,93.625,89.0625,89.1875,75.07427215576172,28082500,0.0,0.0,0.0
2000-04-20,90.375,90.96875,86.0625,87.25,73.44337463378906,21255600,0.0,0.0,0.0
2000-04-24,83.4375,85.25,79.875,84.75,71.33900451660156,31190900,0.0,0.0,0.0
2000-04-25,86.5,90.5,86.0,90.46875,76.15283203125,28663200,0.0,0.0,0.0
2000-04-26,90.625,92.421875,87.125,87.375,73.54862213134766,25688300,0.0,0.0,0.0
2000-04-27,84.0,92.484375,82.25,91.25,76.8104019165039,37010400,0.0,0.0,0.0
2000-04-28,93.5625,94.75,92.125,94.75,79.7565689086914,24828400,0.0,0.0,0.0
2000-05-01,95.75,96.875,94.25,95.625,80.49312591552734,23205700,0.0,0.0,0.0
2000-05-02,94.875,95.625,89.75,90.125,75.86344909667969,20307900,0.0,0.0,0.0
2000-05-03,89.5,90.25,85.515625,89.125,75.02169799804688,26589700,0.0,0.0,0.0
2000-05-04,89.0,90.75,87.625,89.3125,75.17948913574219,17750700,0.0,0.0,0.0
2000-05-05,88.125,92.3125,88.03125,91.4375,76.96824645996094,20571200,0.0,0.0,0.0
2000-05-08,90.5,90.75,87.75,87.875,73.96952819824219,13903000,0.0,0.0,0.0
2000-05-09,88.5,89.125,84.3125,86.0,72.39119720458984,19825800,0.0,0.0,0.0
2000-05-10,84.375,84.984375,79.5,79.75,67.13019561767578,34847500,0.0,0.0,0.0
2000-05-11,82.75,85.25,80.875,84.625,71.23377227783203,24709700,0.0,0.0,0.0
2000-05-12,85.375,87.5625,84.0,84.625,71.23377227783203,17832000,0.0,0.0,0.0
2000-05-15,84.8125,88.625,82.625,88.3125,74.33773040771484,17950800,0.0,0.0,0.0
2000-05-16,90.0,91.5,88.0625,90.8125,76.4421615600586,23758800,0.0,0.0,0.0
2000-05-17,89.25,90.5,87.75,88.9375,74.86383819580078,20339400,0.0,0.0,0.0
2000-05-18,89.0,89.359375,85.375,85.75,72.18072509765625,19063000,0.0,0.0,0.0
2000-05-19,83.75,85.0,81.3125,81.6875,68.76110076904297,28178100,0.0,0.0,0.0
2000-05-22,81.625,82.25,75.578125,81.625,68.70852661132812,43879800,0.0,0.0,0.0
2000-05-23,81.375,82.625,74.25,74.8125,62.97402572631836,31898500,0.0,0.0,0.0
2000-05-24,75.0,79.875,72.25,79.5,66.91974639892578,49476000,0.0,0.0,0.0
2000-05-25,80.25,82.25,76.5,77.75,65.4466781616211,29632700,0.0,0.0,0.0
2000-05-26,77.75,79.25,75.75,77.75,65.4466781616211,18203200,0.0,0.0,0.0
2000-05-30,80.0,85.9375,80.0,85.5625,72.02289581298828,31590400,0.0,0.0,0.0
2000-05-31,84.46875,86.671875,82.75,83.125,69.97111511230469,29675400,0.0,0.0,0.0
2000-06-01,85.1875,88.375,84.0,87.375,73.54862213134766,28993500,0.0,0.0,0.0
2000-06-02,92.625,93.9375,82.5,93.625,78.80962371826172,31677200,0.0,0.0,0.0
2000-06-05,92.25,95.3125,91.875,93.859375,79.00684356689453,23784300,0.0,0.0,0.0
2000-06-06,93.1875,95.0,90.875,91.25,76.8104019165039,23200500,0.0,0.0,0.0
2000-06-07,91.5625,94.0,89.5625,93.6875,78.86221313476562,22524400,0.0,0.0,0.0
2000-06-08,94.625,94.875,91.625,93.25,78.49393463134766,19313800,0.0,0.0,0.0
2000-06-09,94.75,94.75,93.0,93.75,78.9147720336914,17014600,0.0,0.0,0.0
2000-06-12,94.3125,94.3125,90.0,90.75,76.38954162597656,16484700,0.0,0.0,0.0
2000-06-13,90.5,94.625,89.359375,94.25,79.33573150634766,25187900,0.0,0.0,0.0
2000-06-14,94.875,94.875,91.5,92.125,77.54691314697266,20274500,0.0,0.0,0.0
2000-06-15,91.875,93.875,90.875,93.75,78.9147720336914,18807800,0.0,0.0,0.0
2000-06-16,94.75,95.3125,93.0625,94.25,79.33573150634766,21203400,0.0,0.0,0.0
2000-06-19,94.015625,98.25,92.6875,98.0,82.49225616455078,20042500,0.0,0.0,0.0
2000-06-20,98.25,99.6875,97.1875,97.625,82.17659759521484,20988300,0.0,0.0,0.0
2000-06-21,96.8125,99.71875,96.6875,98.875,83.22882080078125,20880600,0.0,0.0,0.0
2000-06-22,98.625,99.0,94.5,95.25,80.17747497558594,21526700,0.0,0.0,0.0
2000-06-23,95.0,95.5,91.375,91.5,77.02084350585938,24888100,0.0,0.0,0.0
2000-06-26,93.0625,94.421875,92.0,94.0,79.12525939941406,22169200,0.0,0.0,0.0
2000-06-27,93.765625,95.0625,92.375,92.875,78.17830657958984,14786000,0.0,0.0,0.0
2000-06-28,92.984375,95.5,92.5,94.0,79.12525939941406,19259800,0.0,0.0,0.0
2000-06-29,92.9375,93.375,90.625,91.640625,77.13920593261719,21355800,0.0,0.0,0.0
2000-06-30,91.8125,93.953125,91.3125,93.4375,78.65178680419922,15153100,0.0,0.0,0.0
2000-07-03,93.5,95.25,93.25,95.25,80.17747497558594,5212000,0.0,0.0,0.0
2000-07-05,93.625,93.96875,90.875,91.5625,77.07349395751953,16489000,0.0,0.0,0.0
2000-07-06,91.5625,94.75,90.0625,94.0,79.12525939941406,23594700,0.0,0.0,0.0
2000-07-07,95.0,97.0,94.4375,95.9375,80.75611877441406,16603200,0.0,0.0,0.0
2000-07-10,94.6875,95.875,94.0,94.484375,79.5329818725586,12659400,0.0,0.0,0.0
2000-07-11,94.0625,95.75,92.8125,95.0,79.96699523925781,14374600,0.0,0.0,0.0
2000-07-12,95.4375,97.75,94.625,97.25,81.86096954345703,18252600,0.0,0.0,0.0
2000-07-13,97.9375,99.75,97.125,98.5,82.91319274902344,19566700,0.0,0.0,0.0
2000-07-14,100.25,101.125,98.8125,100.625,84.70188903808594,17219400,0.0,0.0,0.0
2000-07-17,100.9375,102.0625,99.875,101.75,85.64884948730469,13140500,0.0,0.0,0.0
2000-07-18,100.375,100.78125,98.359375,99.5,83.75491333007812,20684000,0.0,0.0,0.0
2000-07-19,98.3125,98.9375,95.65625,97.25,81.86096954345703,21828500,0.0,0.0,0.0
2000-07-20,97.875,100.5,97.265625,100.375,84.4914321899414,19521200,0.0,0.0,0.0
2000-07-21,98.4375,99.515625,97.0,97.0,81.65054321289062,14411400,0.0,0.0,0.0
2000-07-24,97.9375,99.0,94.25,95.0,79.96699523925781,18579200,0.0,0.0,0.0
2000-07-25,95.625,97.0,93.8125,95.75,80.59833526611328,19065700,0.0,0.0,0.0
2000-07-26,95.5,96.125,93.25,95.625,80.49312591552734,20318700,0.0,0.0,0.0
2000-07-27,93.9375,95.0625,91.5625,91.875,77.33653259277344,26141800,0.0,0.0,0.0
2000-07-28,92.1875,92.875,86.0,86.875,73.12772369384766,36485600,0.0,0.0,0.0
2000-07-31,87.625,90.125,85.71875,89.4375,75.28469848632812,27609900,0.0,0.0,0.0
2000-08-01,89.8125,89.984375,87.6875,88.25,74.28515625,15751800,0.0,0.0,0.0
2000-08-02,87.875,90.390625,86.5,86.6875,72.96990966796875,23578200,0.0,0.0,0.0
2000-08-03,84.25,91.25,83.3125,90.4375,76.12650299072266,35874700,0.0,0.0,0.0
2000-08-04,92.0,92.765625,89.125,90.125,75.86344909667969,22283400,0.0,0.0,0.0
2000-08-07,90.875,93.03125,90.25,92.25,77.65220642089844,15103300,0.0,0.0,0.0
2000-08-08,92.0625,94.25,91.5,94.125,79.23046112060547,14832300,0.0,0.0,0.0
2000-08-09,93.6875,94.4375,91.375,91.625,77.12606811523438,18649800,0.0,0.0,0.0
2000-08-10,91.8125,92.234375,89.5,89.8125,75.60038757324219,15336200,0.0,0.0,0.0
2000-08-11,89.25,91.109375,87.875,91.0625,76.65260314941406,21050600,0.0,0.0,0.0
2000-08-14,91.375,93.0,90.203125,93.0,78.28350830078125,12539300,0.0,0.0,0.0
2000-08-15,92.75,93.984375,92.0,93.0,78.28350830078125,14090300,0.0,0.0,0.0
2000-08-16,93.4375,94.6875,92.0,93.9375,79.07264709472656,15245300,0.0,0.0,0.0
2000-08-17,92.9375,95.875,92.875,95.75,80.59833526611328,14492400,0.0,0.0,0.0
2000-08-18,95.9375,96.625,94.6875,95.25,80.17747497558594,14706700,0.0,0.0,0.0
2000-08-21,96.0,96.859375,94.375,95.5,80.38787841796875,13560100,0.0,0.0,0.0
2000-08-22,96.0,97.359375,95.265625,95.5,80.38787841796875,14878200,0.0,0.0,0.0
2000-08-23,94.6875,97.4375,93.828125,97.0625,81.70315551757812,21396400,0.0,0.0,0.0
2000-08-24,97.4375,98.6875,96.0625,98.5625,82.96574401855469,13567700,0.0,0.0,0.0
2000-08-25,98.484375,99.953125,97.0,98.03125,82.51861572265625,11764700,0.0,0.0,0.0
2000-08-28,98.25,99.84375,97.9375,98.5,82.91319274902344,12314200,0.0,0.0,0.0
2000-08-29,98.625,99.171875,97.859375,99.0,83.33401489257812,11162800,0.0,0.0,0.0
2000-08-30,98.3125,99.5,97.765625,98.875,83.22882080078125,10545300,0.0,0.0,0.0
2000-08-31,99.625,102.0,98.875,101.625,85.54365539550781,15588700,0.0,0.0,0.0
2000-09-01,103.0,103.515625,101.1875,102.625,86.38542175292969,14071900,0.0,0.0,0.0
2000-09-05,101.625,101.75,99.421875,99.5,83.75491333007812,16348300,0.0,0.0,0.0
2000-09-06,99.25,99.484375,95.5,96.0,80.80876922607422,20964900,0.0,0.0,0.0
2000-09-07,96.8125,99.421875,96.5625,98.125,82.59747314453125,16669700,0.0,0.0,0.0
2000-09-08,97.765625,98.0,94.765625,95.125,80.07223510742188,23475200,0.0,0.0,0.0
2000-09-11,94.5,96.125,92.0,92.8125,78.12566375732422,27262100,0.0,0.0,0.0
2000-09-12,93.5,94.6875,90.84375,91.375,76.91563415527344,24256000,0.0,0.0,0.0
2000-09-13,90.25,93.875,90.0,93.5,78.70437622070312,34093100,0.0,0.0,0.0
2000-09-14,95.25,95.9375,92.640625,93.0,78.28350830078125,28615300,0.0,0.0,0.0
2000-09-15,93.125,93.625,90.6875,91.3125,76.86299896240234,24994600,0.0,0.0,0.0
2000-09-18,91.8125,93.0,88.0,89.875,75.65301513671875,29218500,0.0,0.0,0.0
2000-09-19,90.75,93.78125,89.875,93.1875,78.44132995605469,27568700,0.0,0.0,0.0
2000-09-20,93.375,95.234375,91.3125,94.625,79.65133666992188,33123200,0.0,0.0,0.0
2000-09-21,93.75,94.484375,87.0,87.75,73.86426544189453,25031400,0.0,0.0,0.0
2000-09-22,87.625,93.25,87.5,92.9375,78.23087310791016,33710100,0.0,0.0,0.0
2000-09-25,93.625,94.25,90.0,90.46875,76.15283203125,20560800,0.0,0.0,0.0
2000-09-26,90.765625,92.5,88.921875,89.4375,75.28469848632812,26011200,0.0,0.0,0.0
2000-09-27,90.625,91.1875,88.0,89.5625,75.38993072509766,28482900,0.0,0.0,0.0
2000-09-28,88.71875,93.0,88.71875,91.5625,77.07349395751953,29050000,0.0,0.0,0.0
2000-09-29,92.0,92.453125,88.6875,88.75,74.70600891113281,27198800,0.0,0.0,0.0
2000-10-02,90.25,90.25,86.0,86.75,73.02249908447266,24968200,0.0,0.0,0.0
2000-10-03,88.0625,88.8125,83.265625,84.0,70.70764923095703,35731200,0.0,0.0,0.0
2000-10-04,83.5,86.859375,82.125,85.625,72.0755386352539,37672100,0.0,0.0,0.0
2000-10-05,85.25,87.1875,84.5625,85.875,72.28597259521484,23443100,0.0,0.0,0.0
2000-10-06,85.5625,86.5625,81.25,83.0,69.86591339111328,36335800,0.0,0.0,0.0
2000-10-09,82.5625,83.8125,79.375,82.625,69.55026245117188,28834600,0.0,0.0,0.0
2000-10-10,81.8125,83.3125,77.875,78.3125,65.9201889038086,35283200,0.0,0.0,0.0
2000-10-11,76.875,80.453125,76.0625,77.0625,64.86798095703125,48462600,0.0,0.0,0.0
2000-10-12,79.25,79.5625,74.40625,75.125,63.23709487915039,53223600,0.0,0.0,0.0
2000-10-13,74.6875,81.625,74.625,81.25,68.39283752441406,42410200,0.0,0.0,0.0
2000-10-16,81.125,82.3125,79.75,82.0,69.02415466308594,27644900,0.0,0.0,0.0
2000-10-17,83.125,83.171875,78.0,78.25,65.86756896972656,52101400,0.0,0.0,0.0
2000-10-18,76.75,81.1875,74.5625,78.0,65.6571044921875,64354400,0.0,0.0,0.0
2000-10-19,82.390625,85.109375,81.4375,85.0625,71.60204315185547,44278900,0.0,0.0,0.0
2000-10-20,84.5,87.875,84.390625,86.3125,72.65422058105469,40692200,0.0,0.0,0.0
2000-10-23,86.1875,87.5,84.125,86.1875,72.54904174804688,28989200,0.0,0.0,0.0
2000-10-24,86.4375,87.0,82.375,82.5,69.44499969482422,31466200,0.0,0.0,0.0
2000-10-25,81.25,82.0,76.890625,77.875,65.55191040039062,48635400,0.0,0.0,0.0
2000-10-26,78.1875,80.0,73.625,79.875,67.23541259765625,69991300,0.0,0.0,0.0
2000-10-27,80.859375,81.859375,77.484375,79.71875,67.1039047241211,51046400,0.0,0.0,0.0
2000-10-30,78.1875,79.875,75.703125,76.765625,64.61808013916016,35496700,0.0,0.0,0.0
2000-10-31,78.0,82.5625,77.875,81.703125,68.77423858642578,43863800,0.0,0.0,0.0
2000-11-01,80.3125,82.8125,79.1875,81.0,68.18238067626953,45186400,0.0,0.0,0.0
2000-11-02,82.1875,83.25,81.0625,82.0,69.02415466308594,26594300,0.0,0.0,0.0
2000-11-03,82.875,83.9375,81.640625,83.0625,69.91850280761719,29837100,0.0,0.0,0.0
2000-11-06,83.625,84.125,82.0,82.4375,69.39242553710938,23485800,0.0,0.0,0.0
2000-11-07,81.4375,82.46875,80.25,82.125,69.12940216064453,24334400,0.0,0.0,0.0
2000-11-08,82.125,82.25,75.625,75.703125,63.72370147705078,40338200,0.0,0.0,0.0
2000-11-09,74.75,76.9375,73.0,75.6875,63.71059799194336,64955900,0.0,0.0,0.0
2000-11-10,74.25,75.6875,71.75,71.75,60.39613723754883,49235500,0.0,0.0,0.0
2000-11-13,70.953125,74.1875,68.265625,71.859375,60.48820495605469,75023400,0.0,0.0,0.0
2000-11-14,73.0,76.0,72.75,75.84375,63.84211349487305,44829500,0.0,0.0,0.0
2000-11-15,75.5625,78.0625,74.796875,77.375,65.13098907470703,37760900,0.0,0.0,0.0
2000-11-16,75.375,77.0,72.875,72.875,61.34311294555664,33898700,0.0,0.0,0.0
2000-11-17,73.1875,75.1875,71.0,72.828125,61.30366897583008,49913800,0.0,0.0,0.0
2000-11-20,70.9375,72.0625,69.25,69.859375,58.80467224121094,46862300,0.0,0.0,0.0
2000-11-21,70.1875,71.125,68.4375,69.75,58.71259307861328,42128600,0.0,0.0,0.0
2000-11-22,68.4375,70.125,66.5,66.625,56.082122802734375,56623700,0.0,0.0,0.0
2000-11-24,68.375,70.625,68.171875,70.4375,59.29133987426758,19987900,0.0,0.0,0.0
2000-11-27,72.5625,72.9375,68.75,69.5625,58.55479049682617,35416600,0.0,0.0,0.0
2000-11-28,68.9375,69.9375,65.3125,65.453125,55.09568405151367,48812700,0.0,0.0,0.0
2000-11-29,65.8125,66.75,62.5,62.9375,52.9781608581543,66189300,0.0,0.0,0.0
2000-11-30,61.75,64.25,60.5,62.984375,53.01760482788086,74792600,0.0,0.0,0.0
2000-12-01,64.0625,66.765625,62.125,64.0,53.87250518798828,57112500,0.0,0.0,0.0
2000-12-04,64.125,65.359375,61.75,65.0,54.714271545410156,49106300,0.0,0.0,0.0
2000-12-05,66.0625,71.0,65.5,70.6875,59.50177001953125,76531800,0.0,0.0,0.0
2000-12-06,70.59375,72.296875,67.75,68.0,57.23955154418945,63352100,0.0,0.0,0.0
2000-12-07,67.0,68.984375,65.5,66.5,55.97690200805664,41481100,0.0,0.0,0.0
2000-12-08,71.09375,73.5,67.625,68.0,57.23955154418945,65856900,0.0,0.0,0.0
2000-12-11,72.0625,74.78125,70.953125,74.375,62.60576629638672,51829800,0.0,0.0,0.0
2000-12-12,73.5,73.875,71.3125,71.65625,60.31719970703125,31054500,0.0,0.0,0.0
2000-12-13,73.4375,73.5,68.3125,68.734375,57.85770034790039,51661600,0.0,0.0,0.0
2000-12-14,68.515625,69.6875,65.25,65.375,55.029945373535156,41562700,0.0,0.0,0.0
2000-12-15,64.25,65.625,62.5625,63.875,53.76728439331055,59026100,0.0,0.0,0.0
2000-12-18,65.15625,65.96875,62.5625,64.0,53.87250518798828,42950000,0.0,0.0,0.0
2000-12-19,63.453125,65.859375,58.75,59.125,49.76894760131836,80489200,0.0,0.0,0.0
2000-12-20,57.3125,58.375,54.75,55.734375,46.91486358642578,81432100,0.0,0.0,0.0
2000-12-21,55.015625,58.75,54.25,56.0625,47.1910514831543,85875600,0.0,0.0,0.0
2000-12-22,57.625,60.75,57.5,60.5,50.92637252807617,57240000,0.0,0.0,0.0
2000-12-26,60.59375,61.921875,58.0,60.875,51.24201202392578,37082800,0.0,0.0,0.0
2000-12-27,59.6875,62.1875,58.9375,61.5625,51.82073974609375,33955500,0.0,0.0,0.0
2000-12-28,60.78125,62.484375,60.25,61.4375,51.71550369262695,30996900,0.0,0.0,0.0
2000-12-29,61.5625,62.234375,58.0,58.375,49.13760757446289,49191000,0.0,0.0,0.0
2001-01-02,58.5625,58.6875,52.4375,53.4375,44.9814338684082,62514100,0.0,0.0,0.0
2001-01-03,52.1875,65.25,52.15625,62.4375,52.557254791259766,118175700,0.0,0.0,0.0
2001-01-04,61.625,63.625,60.234375,61.3125,51.610286712646484,58465400,0.0,0.0,0.0
2001-01-05,61.3125,61.3125,56.0,56.625,47.66455841064453,68782000,0.0,0.0,0.0
2001-01-08,56.3125,57.5,53.515625,57.25,48.190635681152344,55576500,0.0,0.0,0.0
2001-01-09,57.75,59.125,56.625,57.25,48.190635681152344,53318900,0.0,0.0,0.0
2001-01-10,56.125,60.375,55.75,60.1875,50.66331481933594,74258300,0.0,0.0,0.0
2001-01-11,59.265625,63.6875,59.1875,61.9375,52.136383056640625,65451700,0.0,0.0,0.0
2001-01-12,62.75,64.625,61.5,62.734375,52.80715560913086,60793900,0.0,0.0,0.0
2001-01-16,62.5625,62.921875,60.5625,61.984375,52.17584228515625,32203300,0.0,0.0,0.0
2001-01-17,64.5,65.609375,63.140625,63.875,53.76728439331055,61388800,0.0,0.0,0.0
2001-01-18,64.125,66.75,62.6875,66.5625,56.02949905395508,54934700,0.0,0.0,0.0
2001-01-19,68.140625,68.3125,65.5625,66.3125,55.819068908691406,56292500,0.0,0.0,0.0
2001-01-22,65.875,67.0,64.75,66.375,55.871681213378906,35777100,0.0,0.0,0.0
2001-01-23,65.90625,68.40625,65.3125,67.765625,57.042259216308594,49859500,0.0,0.0,0.0
2001-01-24,68.0625,69.125,66.75,67.125,56.503013610839844,53905400,0.0,0.0,0.0
2001-01-25,66.875,67.671875,64.390625,64.5,54.29337692260742,57151900,0.0,0.0,0.0
2001-01-26,63.5625,65.9375,63.0,65.546875,55.17460632324219,45681400,0.0,0.0,0.0
2001-01-29,64.75,67.25,64.25,67.0,56.397789001464844,31514100,0.0,0.0,0.0
2001-01-30,67.1500015258789,67.73999786376953,66.0,66.75,56.18736267089844,42439300,0.0,0.0,0.0
2001-01-31,67.25,67.98999786376953,64.30000305175781,64.30000305175781,54.125030517578125,59322200,0.0,0.0,0.0
2001-02-01,64.55000305175781,65.61000061035156,63.599998474121094,65.1500015258789,54.84053039550781,45142600,0.0,0.0,0.0
2001-02-02,64.94000244140625,65.30000305175781,60.0,61.54999923706055,51.81020736694336,47471000,0.0,0.0,0.0
2001-02-05,61.189998626708984,61.900001525878906,60.119998931884766,61.5,51.76811599731445,36016300,0.0,0.0,0.0
2001-02-06,61.4900016784668,63.119998931884766,61.15999984741211,61.599998474121094,51.8522834777832,42417700,0.0,0.0,0.0
2001-02-07,60.5099983215332,61.20000076293945,58.58000183105469,60.599998474121094,51.01051330566406,61972200,0.0,0.0,0.0
2001-02-08,60.900001525878906,61.5,58.58000183105469,58.790000915527344,49.48696517944336,48269500,0.0,0.0,0.0
2001-02-09,58.25,58.599998474121094,56.0,56.400001525878906,47.47515869140625,55385200,0.0,0.0,0.0
2001-02-12,56.25,57.939998626708984,55.619998931884766,57.08000183105469,48.04755401611328,50540400,0.0,0.0,0.0
2001-02-13,57.650001525878906,59.18000030517578,54.97999954223633,55.25,46.50713348388672,58914000,0.0,0.0,0.0
2001-02-14,55.400001525878906,57.75,54.119998931884766,57.45000076293945,48.35900115966797,63048200,0.0,0.0,0.0
2001-02-15,58.79999923706055,60.4900016784668,58.29999923706055,58.400001525878906,49.15867233276367,67801300,0.0,0.0,0.0
2001-02-16,55.959999084472656,56.869998931884766,54.529998779296875,55.130001068115234,46.4061279296875,66779700,0.0,0.0,0.0
2001-02-20,55.7400016784668,55.84000015258789,52.29999923706055,52.9900016784668,44.60475158691406,55298400,0.0,0.0,0.0
2001-02-21,51.54999923706055,54.06999969482422,50.91999816894531,51.5,43.35052490234375,72349000,0.0,0.0,0.0
2001-02-22,51.45000076293945,52.15999984741211,48.88999938964844,51.0,42.92965316772461,103855500,0.0,0.0,0.0
2001-02-23,50.09000015258789,51.599998474121094,48.22999954223633,51.18000030517578,43.081172943115234,93337900,0.0,0.0,0.0
2001-02-26,52.08000183105469,52.599998474121094,50.25,52.150001525878906,43.897701263427734,78342700,0.0,0.0,0.0
2001-02-27,51.540000915527344,52.08000183105469,48.900001525878906,49.0,41.24612808227539,66741700,0.0,0.0,0.0
2001-02-28,49.45000076293945,50.209999084472656,46.86000061035156,47.45000076293945,39.94142150878906,102187900,0.0,0.0,0.0
2001-03-01,46.970001220703125,49.20000076293945,45.75,48.79999923706055,41.0777702331543,101773000,0.0,0.0,0.0
2001-03-02,47.20000076293945,49.630001068115234,45.650001525878906,46.70000076293945,39.310089111328125,95927100,0.0,0.0,0.0
2001-03-05,47.5,48.36000061035156,47.09000015258789,47.54999923706055,40.02558135986328,43888400,0.0,0.0,0.0
2001-03-06,49.29999923706055,50.65999984741211,49.099998474121094,49.400001525878906,41.58284378051758,60828600,0.0,0.0,0.0
2001-03-07,50.400001525878906,50.43000030517578,48.970001220703125,49.41999816894531,41.59968566894531,55215500,0.0,0.0,0.0
2001-03-08,49.349998474121094,49.810001373291016,48.099998474121094,48.5,40.82527160644531,48965200,0.0,0.0,0.0
2001-03-09,47.25,47.369998931884766,44.95000076293945,45.099998474121094,37.96328353881836,79990900,0.0,0.0,0.0
2001-03-12,44.0,44.95000076293945,41.79999923706055,42.29999923706055,35.60636520385742,80674000,0.0,0.0,0.0
2001-03-13,42.779998779296875,44.7400016784668,42.130001068115234,44.45000076293945,37.4161262512207,80024400,0.0,0.0,0.0
2001-03-14,42.70000076293945,45.189998626708984,42.310001373291016,43.75,36.82691192626953,97190000,0.0,0.0,0.0
2001-03-15,45.20000076293945,45.310001373291016,42.04999923706055,42.150001525878906,35.48011016845703,74135500,0.0,0.0,0.0
2001-03-16,41.880001068115234,42.79999923706055,40.560001373291016,41.20000076293945,34.68045425415039,77784500,0.0,0.0,0.0
2001-03-19,41.439998626708984,43.2599983215332,40.75,43.2599983215332,36.414459228515625,53248200,0.0,0.0,0.0
2001-03-20,43.439998626708984,43.810001373291016,40.20000076293945,40.349998474121094,33.96495056152344,104796200,0.0,0.0,0.0
2001-03-21,40.52000045776367,41.79999923706055,39.709999084472656,40.349998474121094,33.96495056152344,96200700,0.0,0.0,0.0
2001-03-22,40.599998474121094,42.79999923706055,39.4900016784668,42.79999923706055,36.02724838256836,130208100,0.0,0.0,0.0
2001-03-23,43.54999923706055,43.83000183105469,41.5,42.79999923706055,36.02724838256836,95277500,0.0,0.0,0.0
2001-03-26,43.470001220703125,43.5,41.54999923706055,41.810001373291016,35.19390869140625,57666200,0.0,0.0,0.0
2001-03-27,41.79999923706055,43.720001220703125,41.41999816894531,43.25,36.406044006347656,69945300,0.0,0.0,0.0
2001-03-28,41.900001525878906,42.20000076293945,39.68000030517578,39.70000076293945,33.417789459228516,77863500,0.0,0.0,0.0
2001-03-29,39.380001068115234,40.61000061035156,38.400001525878906,38.95000076293945,32.78647994995117,79654700,0.0,0.0,0.0
2001-03-30,39.29999923706055,39.97999954223633,38.0,39.150001525878906,32.954811096191406,63661300,0.0,0.0,0.0
2001-04-02,39.16999816894531,39.849998474121094,37.29999923706055,37.400001525878906,31.48175811767578,69713600,0.0,0.0,0.0
2001-04-03,37.20000076293945,37.75,34.619998931884766,34.65999984741211,29.17532730102539,89015700,0.0,0.0,0.0
2001-04-04,34.709999084472656,35.810001373291016,33.599998474121094,34.04999923706055,28.66185188293457,76473900,0.0,0.0,0.0
2001-04-05,36.0,37.959999084472656,35.709999084472656,37.310001373291016,31.405996322631836,87035800,0.0,0.0,0.0
2001-04-06,36.900001525878906,37.099998474121094,35.5,35.95000076293945,30.261198043823242,86123600,0.0,0.0,0.0
2001-04-09,36.790000915527344,37.38999938964844,35.849998474121094,37.04999923706055,31.1871337890625,51638700,0.0,0.0,0.0
2001-04-10,37.900001525878906,40.459999084472656,37.779998779296875,39.79999923706055,33.50197219848633,94265100,0.0,0.0,0.0
2001-04-11,42.15999984741211,42.5,40.45000076293945,41.0,34.51207733154297,92829500,0.0,0.0,0.0
2001-04-12,40.29999923706055,42.79999923706055,40.0,42.79999923706055,36.02724838256836,79531500,0.0,0.0,0.0
2001-04-16,41.939998626708984,42.43000030517578,40.060001373291016,40.25,33.8807373046875,65229800,0.0,0.0,0.0
2001-04-17,39.95000076293945,42.70000076293945,39.900001525878906,41.25,34.72249984741211,94694300,0.0,0.0,0.0
2001-04-18,43.720001220703125,48.0,43.20000076293945,45.54999923706055,38.34208297729492,128891400,0.0,0.0,0.0
2001-04-19,46.099998474121094,48.75,45.58000183105469,48.29999923706055,40.656890869140625,110467600,0.0,0.0,0.0
2001-04-20,48.18000030517578,49.439998626708984,43.04999923706055,48.400001525878906,40.7410888671875,80598100,0.0,0.0,0.0
2001-04-23,46.9900016784668,47.720001220703125,44.88999938964844,45.150001525878906,38.00537109375,79317600,0.0,0.0,0.0
2001-04-24,45.099998474121094,46.41999816894531,43.75,44.29999923706055,37.28986358642578,88888300,0.0,0.0,0.0
2001-04-25,43.900001525878906,45.58000183105469,43.099998474121094,45.099998474121094,37.96328353881836,68418400,0.0,0.0,0.0
2001-04-26,45.900001525878906,46.25,43.869998931884766,43.95000076293945,36.995262145996094,71110200,0.0,0.0,0.0
2001-04-27,45.150001525878906,45.470001220703125,44.2400016784668,45.150001525878906,38.00537109375,55580000,0.0,0.0,0.0
2001-04-30,46.25,47.56999969482422,45.29999923706055,46.150001525878906,38.84713363647461,73859100,0.0,0.0,0.0
2001-05-01,46.20000076293945,48.08000183105469,45.400001525878906,48.04999923706055,40.44645690917969,54498300,0.0,0.0,0.0
2001-05-02,48.79999923706055,49.400001525878906,47.5,48.97999954223633,41.22930145263672,77566500,0.0,0.0,0.0
2001-05-03,47.900001525878906,47.900001525878906,46.20000076293945,46.79999923706055,39.39427185058594,67124900,0.0,0.0,0.0
2001-05-04,45.29999923706055,48.20000076293945,45.11000061035156,48.20000076293945,40.572731018066406,72673400,0.0,0.0,0.0
2001-05-07,48.0,48.599998474121094,47.099998474121094,47.20000076293945,39.73099136352539,45561600,0.0,0.0,0.0
2001-05-08,48.29999923706055,48.349998474121094,46.9900016784668,48.20000076293945,40.572731018066406,56970700,0.0,0.0,0.0
2001-05-09,47.04999923706055,47.95000076293945,46.439998626708984,46.54999923706055,39.18383026123047,60984600,0.0,0.0,0.0
2001-05-10,47.91999816894531,48.04999923706055,45.720001220703125,45.77000045776367,38.52726745605469,61130300,0.0,0.0,0.0
2001-05-11,45.84000015258789,46.41999816894531,45.09000015258789,45.54999923706055,38.34208297729492,48760400,0.0,0.0,0.0
2001-05-14,45.29999923706055,45.36000061035156,43.349998474121094,44.81999969482422,37.72760009765625,43108000,0.0,0.0,0.0
2001-05-15,44.900001525878906,46.29999923706055,44.58000183105469,45.150001525878906,38.00537109375,69007600,0.0,0.0,0.0
2001-05-16,44.310001373291016,47.52000045776367,44.060001373291016,47.150001525878906,39.68888854980469,80110500,0.0,0.0,0.0
2001-05-17,47.45000076293945,48.790000915527344,47.2599983215332,47.900001525878906,40.320213317871094,73810700,0.0,0.0,0.0
2001-05-18,47.63999938964844,48.380001068115234,47.09000015258789,48.040000915527344,40.43804931640625,41095100,0.0,0.0,0.0
2001-05-21,48.16999816894531,51.150001525878906,47.650001525878906,51.04999923706055,42.971744537353516,85426900,0.0,0.0,0.0
2001-05-22,51.310001373291016,51.95000076293945,50.18000030517578,50.900001525878906,42.845489501953125,77233900,0.0,0.0,0.0
2001-05-23,50.439998626708984,50.45000076293945,48.63999938964844,48.650001525878906,40.95153045654297,65618000,0.0,0.0,0.0
2001-05-24,48.970001220703125,49.9900016784668,48.27000045776367,49.900001525878906,42.003726959228516,61792500,0.0,0.0,0.0
2001-05-25,49.959999084472656,50.02000045776367,48.02000045776367,48.9900016784668,41.23773193359375,36191100,0.0,0.0,0.0
2001-05-29,48.5,48.5,46.099998474121094,46.119998931884766,38.82189178466797,66609600,0.0,0.0,0.0
2001-05-30,45.43000030517578,45.849998474121094,44.08000183105469,44.43000030517578,37.3993034362793,81397400,0.0,0.0,0.0
2001-05-31,44.540000915527344,45.849998474121094,44.29999923706055,44.72999954223633,37.65183639526367,68018300,0.0,0.0,0.0
2001-06-01,45.540000915527344,46.22999954223633,44.33000183105469,46.04999923706055,38.7629508972168,61874300,0.0,0.0,0.0
2001-06-04,46.33000183105469,46.65999984741211,45.290000915527344,45.83000183105469,38.5777702331543,41696000,0.0,0.0,0.0
2001-06-05,46.29999923706055,48.36000061035156,46.20000076293945,47.849998474121094,40.278114318847656,68146400,0.0,0.0,0.0
2001-06-06,48.08000183105469,48.88999938964844,47.06999969482422,47.47999954223633,39.96666717529297,61169500,0.0,0.0,0.0
2001-06-07,47.130001068115234,49.4900016784668,47.06999969482422,48.70000076293945,40.99360275268555,65400200,0.0,0.0,0.0
2001-06-08,48.720001220703125,48.77000045776367,46.95000076293945,47.349998474121094,39.85725784301758,56391400,0.0,0.0,0.0
2001-06-11,46.900001525878906,47.0,45.4900016784668,46.04999923706055,38.7629508972168,48809400,0.0,0.0,0.0
2001-06-12,44.869998931884766,46.79999923706055,44.22999954223633,45.79999923706055,38.55250930786133,78450500,0.0,0.0,0.0
2001-06-13,46.27000045776367,46.75,44.52000045776367,44.54999923706055,37.50031280517578,68535400,0.0,0.0,0.0
2001-06-14,44.02000045776367,44.400001525878906,42.0,42.25,35.564266204833984,91050300,0.0,0.0,0.0
2001-06-15,41.79999923706055,43.06999969482422,41.279998779296875,42.599998474121094,35.8588981628418,84589400,0.0,0.0,0.0
2001-06-18,42.63999938964844,43.16999816894531,41.400001525878906,42.029998779296875,35.379093170166016,63539100,0.0,0.0,0.0
2001-06-19,43.31999969482422,43.560001373291016,41.2599983215332,41.81999969482422,35.20232391357422,73386900,0.0,0.0,0.0
2001-06-20,41.29999923706055,42.970001220703125,41.279998779296875,42.77000045776367,36.001991271972656,83588600,0.0,0.0,0.0
2001-06-21,42.66999816894531,44.22999954223633,42.29999923706055,43.349998474121094,36.4902229309082,67212600,0.0,0.0,0.0
2001-06-22,43.619998931884766,44.20000076293945,42.59000015258789,43.25,36.406044006347656,51870400,0.0,0.0,0.0
2001-06-25,43.61000061035156,43.79999923706055,42.650001525878906,43.36000061035156,36.49863052368164,39212100,0.0,0.0,0.0
2001-06-26,42.540000915527344,43.88999938964844,42.47999954223633,43.5099983215332,36.624881744384766,55155100,0.0,0.0,0.0
2001-06-27,43.68000030517578,44.150001525878906,43.0,43.790000915527344,36.860572814941406,53289400,0.0,0.0,0.0
2001-06-28,44.400001525878906,46.36000061035156,44.349998474121094,44.349998474121094,37.331966400146484,89963700,0.0,0.0,0.0
2001-06-29,45.09000015258789,46.52000045776367,44.70000076293945,45.70000076293945,38.46835708618164,59719600,0.0,0.0,0.0
2001-07-02,45.650001525878906,46.47999954223633,45.189998626708984,45.45000076293945,38.25789260864258,50884300,0.0,0.0,0.0
2001-07-03,45.25,45.689998626708984,44.79999923706055,45.63999938964844,38.4178352355957,24758400,0.0,0.0,0.0
2001-07-05,44.869998931884766,45.18000030517578,43.45000076293945,43.45000076293945,36.574378967285156,44409800,0.0,0.0,0.0
2001-07-06,43.0099983215332,43.11000061035156,41.4900016784668,41.650001525878906,35.05921173095703,53434800,0.0,0.0,0.0
2001-07-09,41.88999938964844,42.689998626708984,41.5,42.0099983215332,35.36225509643555,45547500,0.0,0.0,0.0
2001-07-10,42.7599983215332,42.880001068115234,40.400001525878906,40.5,34.091190338134766,58620000,0.0,0.0,0.0
2001-07-11,40.41999816894531,41.099998474121094,39.869998931884766,41.0,34.51207733154297,77840200,0.0,0.0,0.0
2001-07-12,42.630001068115234,43.83000183105469,42.29999923706055,43.599998474121094,36.70064926147461,70363300,0.0,0.0,0.0
2001-07-13,43.380001068115234,44.43000030517578,42.900001525878906,43.150001525878906,36.321868896484375,62474200,0.0,0.0,0.0
2001-07-16,43.369998931884766,43.86000061035156,41.900001525878906,42.349998474121094,35.64844512939453,53390800,0.0,0.0,0.0
2001-07-17,41.81999969482422,43.400001525878906,41.540000915527344,43.29999923706055,36.44810485839844,59813000,0.0,0.0,0.0
2001-07-18,42.27000045776367,42.849998474121094,41.13999938964844,41.650001525878906,35.05921173095703,64797200,0.0,0.0,0.0
2001-07-19,42.459999084472656,43.349998474121094,41.75,42.63999938964844,35.89255905151367,76590200,0.0,0.0,0.0
2001-07-20,41.4900016784668,42.13999938964844,41.36000061035156,41.650001525878906,35.05921173095703,49012800,0.0,0.0,0.0
2001-07-23,42.2400016784668,42.400001525878906,40.54999923706055,40.61000061035156,34.183780670166016,55329400,0.0,0.0,0.0
2001-07-24,40.380001068115234,40.900001525878906,39.310001373291016,40.150001525878906,33.796592712402344,70422900,0.0,0.0,0.0
2001-07-25,40.13999938964844,40.720001220703125,39.400001525878906,40.5,34.091190338134766,68859600,0.0,0.0,0.0
2001-07-26,40.45000076293945,41.88999938964844,39.97999954223633,41.099998474121094,34.59626007080078,69199300,0.0,0.0,0.0
2001-07-27,41.63999938964844,42.2599983215332,41.29999923706055,41.95000076293945,35.3117561340332,47452900,0.0,0.0,0.0
2001-07-30,42.130001068115234,42.29999923706055,41.400001525878906,41.70000076293945,35.10132598876953,39459400,0.0,0.0,0.0
2001-07-31,41.84000015258789,42.779998779296875,41.5,41.7599983215332,35.15181350708008,55732500,0.0,0.0,0.0
2001-08-01,42.630001068115234,43.5,42.40999984741211,43.099998474121094,36.279762268066406,53864800,0.0,0.0,0.0
2001-08-02,43.790000915527344,44.0,42.81999969482422,43.90999984741211,36.96158981323242,53187300,0.0,0.0,0.0
2001-08-03,43.529998779296875,43.529998779296875,42.560001373291016,43.18000030517578,36.34711456298828,51513700,0.0,0.0,0.0
2001-08-06,42.529998779296875,42.849998474121094,42.349998474121094,42.5,35.77472686767578,31105700,0.0,0.0,0.0
2001-08-07,42.099998474121094,42.81999969482422,41.939998626708984,42.279998779296875,35.589534759521484,38407500,0.0,0.0,0.0
2001-08-08,41.849998474121094,42.650001525878906,40.29999923706055,40.5,34.091190338134766,76045200,0.0,0.0,0.0
2001-08-09,40.40999984741211,40.880001068115234,39.97999954223633,40.66999816894531,34.234291076660156,66861400,0.0,0.0,0.0
2001-08-10,40.41999816894531,40.75,39.22999954223633,40.279998779296875,33.906002044677734,68491900,0.0,0.0,0.0
2001-08-13,40.59000015258789,41.34000015258789,40.20000076293945,41.099998474121094,34.59626007080078,48425700,0.0,0.0,0.0
2001-08-14,41.4900016784668,41.70000076293945,40.540000915527344,40.599998474121094,34.17537307739258,51267600,0.0,0.0,0.0
2001-08-15,40.619998931884766,40.93000030517578,39.06999969482422,39.099998474121094,32.91274642944336,58935300,0.0,0.0,0.0
2001-08-16,38.63999938964844,39.59000015258789,38.040000915527344,39.560001373291016,33.299949645996094,68227300,0.0,0.0,0.0
2001-08-17,38.439998626708984,38.79999923706055,37.709999084472656,37.7599983215332,31.7847957611084,56649300,0.0,0.0,0.0
2001-08-20,37.849998474121094,38.650001525878906,37.52000045776367,38.279998779296875,32.222496032714844,49921300,0.0,0.0,0.0
2001-08-21,38.290000915527344,38.650001525878906,36.650001525878906,36.689998626708984,30.884090423583984,56445600,0.0,0.0,0.0
2001-08-22,37.45000076293945,37.84000015258789,36.540000915527344,37.689998626708984,31.72586441040039,65221400,0.0,0.0,0.0
2001-08-23,37.66999816894531,38.459999084472656,37.29999923706055,37.31999969482422,31.414409637451172,54711800,0.0,0.0,0.0
2001-08-24,37.86000061035156,39.38999938964844,37.75,39.29999923706055,33.08108901977539,58450600,0.0,0.0,0.0
2001-08-27,39.279998779296875,39.900001525878906,38.83000183105469,39.349998474121094,33.123172760009766,50927500,0.0,0.0,0.0
2001-08-28,39.31999969482422,39.439998626708984,38.0099983215332,38.119998931884766,32.087806701660156,65275500,0.0,0.0,0.0
2001-08-29,38.369998931884766,38.45000076293945,37.130001068115234,37.560001373291016,31.616416931152344,59060500,0.0,0.0,0.0
2001-08-30,36.79999923706055,37.310001373291016,35.75,36.16999816894531,30.44638442993164,76105800,0.0,0.0,0.0
2001-08-31,36.029998779296875,37.029998779296875,35.939998626708984,36.630001068115234,30.833599090576172,54309000,0.0,0.0,0.0
2001-09-04,36.5099983215332,37.5,35.349998474121094,35.470001220703125,29.857149124145508,74073600,0.0,0.0,0.0
2001-09-05,35.4900016784668,35.90999984741211,34.150001525878906,35.33000183105469,29.73930549621582,95461200,0.0,0.0,0.0
2001-09-06,34.7400016784668,35.52000045776367,33.779998779296875,33.900001525878906,28.53561019897461,88701800,0.0,0.0,0.0
2001-09-07,33.619998931884766,35.099998474121094,33.349998474121094,33.70000076293945,28.36724090576172,95528800,0.0,0.0,0.0
2001-09-10,33.4900016784668,34.31999969482422,33.34000015258789,34.099998474121094,28.703950881958008,80371300,0.0,0.0,0.0
2001-09-17,31.25,32.79999923706055,31.09000015258789,31.200000762939453,26.262849807739258,97700900,0.0,0.0,0.0
2001-09-18,31.530000686645508,32.5,30.3700008392334,30.5,25.673616409301758,66285300,0.0,0.0,0.0
2001-09-19,30.639999389648438,31.0,28.260000228881836,29.969999313354492,25.227489471435547,116632800,0.0,0.0,0.0
2001-09-20,29.299999237060547,30.09000015258789,28.799999237060547,28.969999313354492,24.38572883605957,90840200,0.0,0.0,0.0
2001-09-21,27.40999984741211,28.969999313354492,27.200000762939453,28.190000534057617,23.72915267944336,112341900,0.0,0.0,0.0
2001-09-24,29.079999923706055,30.0,28.59000015258789,29.610000610351562,24.924453735351562,85696500,0.0,0.0,0.0
2001-09-25,29.709999084472656,30.43000030517578,28.950000762939453,29.700000762939453,25.000219345092773,83860600,0.0,0.0,0.0
2001-09-26,29.950000762939453,30.0,28.40999984741211,28.670000076293945,24.133197784423828,59759800,0.0,0.0,0.0
2001-09-27,28.399999618530273,28.790000915527344,27.420000076293945,28.479999542236328,23.9732666015625,70050700,0.0,0.0,0.0
2001-09-28,28.84000015258789,29.920000076293945,28.309999465942383,28.979999542236328,24.394147872924805,84810800,0.0,0.0,0.0
2001-10-01,28.850000381469727,28.979999542236328,27.850000381469727,28.729999542236328,24.183704376220703,53460800,0.0,0.0,0.0
2001-10-02,28.649999618530273,29.40999984741211,28.399999618530273,28.81999969482422,24.259462356567383,74133400,0.0,0.0,0.0
2001-10-03,28.420000076293945,31.610000610351562,28.329999923706055,31.0,26.094491958618164,136198600,0.0,0.0,0.0
2001-10-04,31.649999618530273,33.20000076293945,30.940000534057617,31.299999237060547,26.347023010253906,127371500,0.0,0.0,0.0
2001-10-05,31.0,31.899999618530273,30.260000228881836,31.760000228881836,26.734233856201172,96443400,0.0,0.0,0.0
2001-10-08,31.1299991607666,32.349998474121094,30.959999084472656,31.860000610351562,26.818416595458984,67789600,0.0,0.0,0.0
2001-10-09,31.860000610351562,32.02000045776367,30.8700008392334,31.09000015258789,26.170255661010742,57564800,0.0,0.0,0.0
2001-10-10,30.8700008392334,32.540000915527344,30.75,32.5,27.357135772705078,73840600,0.0,0.0,0.0
2001-10-11,33.189998626708984,35.25,33.13999938964844,34.70000076293945,29.209009170532227,117232200,0.0,0.0,0.0
2001-10-12,34.33000183105469,34.79999923706055,33.13999938964844,34.54999923706055,29.082740783691406,111901600,0.0,0.0,0.0
2001-10-15,34.119998931884766,34.54999923706055,33.65999984741211,34.400001525878906,28.956470489501953,78322000,0.0,0.0,0.0
2001-10-16,34.65999984741211,35.099998474121094,34.06999969482422,34.959999084472656,29.427837371826172,81346800,0.0,0.0,0.0
2001-10-17,35.869998931884766,36.0,32.29999923706055,32.45000076293945,27.315048217773438,141530300,0.0,0.0,0.0
2001-10-18,32.70000076293945,33.540000915527344,32.400001525878906,33.33000183105469,28.055801391601562,94448200,0.0,0.0,0.0
2001-10-19,32.86000061035156,33.75,32.0,33.54999923706055,28.240982055664062,73434200,0.0,0.0,0.0
2001-10-22,33.439998626708984,34.5,33.220001220703125,34.45000076293945,28.99855613708496,74104900,0.0,0.0,0.0
2001-10-23,34.81999969482422,35.400001525878906,34.0,34.630001068115234,29.15007209777832,104062200,0.0,0.0,0.0
2001-10-24,34.599998474121094,35.68000030517578,34.31999969482422,35.380001068115234,29.781396865844727,90171400,0.0,0.0,0.0
2001-10-25,34.70000076293945,36.81999969482422,34.22999954223633,36.79999923706055,30.976688385009766,118551900,0.0,0.0,0.0
2001-10-26,36.5,37.060001373291016,36.0099983215332,36.0099983215332,30.31167984008789,93823900,0.0,0.0,0.0
2001-10-29,36.0,36.150001525878906,34.040000915527344,34.040000915527344,28.6534481048584,92146800,0.0,0.0,0.0
2001-10-30,33.709999084472656,34.09000015258789,32.84000015258789,33.380001068115234,28.097885131835938,96092200,0.0,0.0,0.0
2001-10-31,34.040000915527344,34.959999084472656,33.68000030517578,33.900001525878906,28.53561019897461,106175500,0.0,0.0,0.0
2001-11-01,34.439998626708984,35.560001373291016,33.779998779296875,35.34000015258789,29.747722625732422,92716000,0.0,0.0,0.0
2001-11-02,35.27000045776367,35.849998474121094,34.88999938964844,35.599998474121094,29.966583251953125,64917700,0.0,0.0,0.0
2001-11-05,36.2599983215332,37.15999984741211,36.15999984741211,36.7599983215332,30.943037033081055,64473000,0.0,0.0,0.0
2001-11-06,36.599998474121094,38.20000076293945,36.38999938964844,38.189998626708984,32.146732330322266,107214900,0.0,0.0,0.0
2001-11-07,37.61000061035156,38.84000015258789,37.5,38.13999938964844,32.10466003417969,92562100,0.0,0.0,0.0
2001-11-08,38.54999923706055,39.400001525878906,37.25,37.75,31.77635955810547,105916300,0.0,0.0,0.0
2001-11-09,37.59000015258789,38.08000183105469,37.119998931884766,37.72999954223633,31.75952911376953,74121900,0.0,0.0,0.0
2001-11-12,37.0,38.349998474121094,36.29999923706055,38.0,31.986804962158203,112994400,0.0,0.0,0.0
2001-11-13,39.029998779296875,39.5,38.630001068115234,39.36000061035156,33.1316032409668,97931800,0.0,0.0,0.0
2001-11-14,39.959999084472656,40.2400016784668,38.7400016784668,39.63999938964844,33.36728286743164,88660100,0.0,0.0,0.0
2001-11-15,39.15999984741211,40.11000061035156,38.95000076293945,39.47999954223633,33.23260498046875,86349700,0.0,0.0,0.0
2001-11-16,39.47999954223633,39.68000030517578,38.91999816894531,39.369998931884766,33.1400146484375,64035500,0.0,0.0,0.0
2001-11-19,39.790000915527344,40.4900016784668,39.4900016784668,40.4900016784668,34.08278274536133,69196300,0.0,0.0,0.0
2001-11-20,40.08000183105469,40.22999954223633,38.47999954223633,38.619998931884766,32.50871276855469,85176500,0.0,0.0,0.0
2001-11-21,38.470001220703125,38.95000076293945,37.97999954223633,38.41999816894531,32.340362548828125,60867900,0.0,0.0,0.0
2001-11-23,38.7599983215332,39.43000030517578,38.56999969482422,39.279998779296875,33.064239501953125,27046000,0.0,0.0,0.0
2001-11-26,39.58000183105469,40.36000061035156,39.0099983215332,40.25,33.8807373046875,75267500,0.0,0.0,0.0
2001-11-27,40.04999923706055,40.970001220703125,39.20000076293945,40.20000076293945,33.83867263793945,100289700,0.0,0.0,0.0
2001-11-28,39.72999954223633,40.369998931884766,38.689998626708984,38.75,32.61812210083008,101568200,0.0,0.0,0.0
2001-11-29,39.029998779296875,40.0,38.790000915527344,39.95000076293945,33.628238677978516,83774700,0.0,0.0,0.0
2001-11-30,39.72999954223633,40.040000915527344,39.36000061035156,39.650001525878906,33.375709533691406,66018200,0.0,0.0,0.0
2001-12-03,39.290000915527344,39.599998474121094,38.869998931884766,38.970001220703125,32.803314208984375,60449800,0.0,0.0,0.0
2001-12-04,39.34000015258789,40.84000015258789,38.439998626708984,40.83000183105469,34.36898422241211,79378700,0.0,0.0,0.0
2001-12-05,41.20000076293945,43.150001525878906,41.119998931884766,42.849998474121094,36.06931686401367,115773700,0.0,0.0,0.0
2001-12-06,42.70000076293945,43.2400016784668,42.36000061035156,42.90999984741211,36.119834899902344,77702100,0.0,0.0,0.0
2001-12-07,42.47999954223633,42.599998474121094,41.13999938964844,41.72999954223633,35.12655258178711,81632600,0.0,0.0,0.0
2001-12-10,41.31999969482422,42.22999954223633,40.880001068115234,41.0,34.51207733154297,69088000,0.0,0.0,0.0
2001-12-11,41.459999084472656,42.2599983215332,41.130001068115234,41.22999954223633,34.70567321777344,66056500,0.0,0.0,0.0
2001-12-12,41.5,41.939998626708984,40.599998474121094,41.560001373291016,34.98347473144531,76093400,0.0,0.0,0.0
2001-12-13,40.709999084472656,41.0,39.7599983215332,39.7599983215332,33.46829605102539,79582600,0.0,0.0,0.0
2001-12-14,39.869998931884766,40.459999084472656,39.56999969482422,40.11000061035156,33.76292037963867,70006300,0.0,0.0,0.0
2001-12-17,40.02000045776367,41.2400016784668,40.02000045776367,40.79999923706055,34.343727111816406,62295500,0.0,0.0,0.0
2001-12-18,41.15999984741211,41.5,40.15999984741211,41.2599983215332,34.73094940185547,50850400,0.0,0.0,0.0
2001-12-19,40.560001373291016,41.31999969482422,40.31999969482422,40.5099983215332,34.099613189697266,79596200,0.0,0.0,0.0
2001-12-20,40.099998474121094,40.29999923706055,38.68000030517578,38.790000915527344,32.651771545410156,83048800,0.0,0.0,0.0
2001-12-21,39.41999816894531,39.709999084472656,39.150001525878906,39.47999954223633,33.23260498046875,56205000,0.0,0.0,0.0
2001-12-24,39.540000915527344,39.630001068115234,39.150001525878906,39.31999969482422,33.097930908203125,13660400,0.0,0.0,0.0
2001-12-26,39.369998931884766,40.29999923706055,39.15999984741211,39.689998626708984,33.409393310546875,37672900,0.0,0.0,0.0
2001-12-27,39.849998474121094,40.20000076293945,39.599998474121094,40.0099983215332,33.678733825683594,34255200,0.0,0.0,0.0
2001-12-28,40.290000915527344,40.79999923706055,40.22999954223633,40.33000183105469,33.94809341430664,38240400,0.0,0.0,0.0
2001-12-31,40.310001373291016,40.45000076293945,38.90999984741211,38.90999984741211,32.75279998779297,46176900,0.0,0.0,0.0
2002-01-02,39.56999969482422,40.150001525878906,38.93000030517578,40.11000061035156,33.76292037963867,61708800,0.0,0.0,0.0
2002-01-03,40.310001373291016,41.54999923706055,40.2599983215332,41.5,34.93295669555664,85769100,0.0,0.0,0.0
2002-01-04,41.95000076293945,42.290000915527344,40.93000030517578,41.66999816894531,35.0760498046875,86876900,0.0,0.0,0.0
2002-01-07,42.11000061035156,42.220001220703125,40.11000061035156,41.209999084472656,34.688846588134766,75166200,0.0,0.0,0.0
2002-01-08,41.099998474121094,41.77000045776367,40.84000015258789,41.4900016784668,34.924537658691406,66956800,0.0,0.0,0.0
2002-01-09,42.040000915527344,42.599998474121094,40.900001525878906,41.11000061035156,34.604671478271484,85123000,0.0,0.0,0.0
2002-01-10,41.16999816894531,41.540000915527344,40.68000030517578,41.380001068115234,34.831939697265625,75548000,0.0,0.0,0.0
2002-01-11,41.349998474121094,41.599998474121094,40.470001220703125,40.849998474121094,34.385807037353516,60832900,0.0,0.0,0.0
2002-01-14,40.4900016784668,40.68000030517578,39.70000076293945,39.959999084472656,33.636634826660156,71310700,0.0,0.0,0.0
2002-01-15,40.029998779296875,40.75,39.560001373291016,40.34000015258789,33.95651626586914,66916100,0.0,0.0,0.0
2002-01-16,39.529998779296875,39.939998626708984,38.77000045776367,38.779998779296875,32.64337158203125,90942000,0.0,0.0,0.0
2002-01-17,39.47999954223633,39.970001220703125,39.0099983215332,39.650001525878906,33.375709533691406,75285900,0.0,0.0,0.0
2002-01-18,38.83000183105469,39.45000076293945,38.220001220703125,38.59000015258789,32.48345184326172,81985600,0.0,0.0,0.0
2002-01-22,39.0,39.02000045776367,37.33000183105469,37.400001525878906,31.48175811767578,81773800,0.0,0.0,0.0
2002-01-23,37.650001525878906,38.689998626708984,37.349998474121094,38.43000030517578,32.348758697509766,74968800,0.0,0.0,0.0
2002-01-24,38.939998626708984,39.5099983215332,38.77000045776367,38.939998626708984,32.77804183959961,77251200,0.0,0.0,0.0
2002-01-25,38.470001220703125,39.150001525878906,38.36000061035156,38.83000183105469,32.68545913696289,58832100,0.0,0.0,0.0
2002-01-28,39.150001525878906,39.38999938964844,38.41999816894531,39.04999923706055,32.870643615722656,47795900,0.0,0.0,0.0
2002-01-29,39.130001068115234,39.400001525878906,37.5099983215332,37.97999954223633,31.9699649810791,83339800,0.0,0.0,0.0
2002-01-30,38.0,38.849998474121094,36.849998474121094,38.27000045776367,32.21406173706055,101385500,0.0,0.0,0.0
2002-01-31,38.56999969482422,38.75,38.02000045776367,38.5099983215332,32.41610336303711,69655500,0.0,0.0,0.0
2002-02-01,38.400001525878906,38.880001068115234,37.70000076293945,38.13999938964844,32.10466003417969,61207100,0.0,0.0,0.0
2002-02-04,37.959999084472656,38.06999969482422,36.61000061035156,36.91999816894531,31.07771110534668,82763300,0.0,0.0,0.0
2002-02-05,36.59000015258789,37.33000183105469,36.189998626708984,36.310001373291016,30.5642147064209,86853800,0.0,0.0,0.0
2002-02-06,36.84000015258789,36.88999938964844,35.70000076293945,36.060001373291016,30.353797912597656,98507600,0.0,0.0,0.0
2002-02-07,35.9900016784668,36.54999923706055,35.0,35.189998626708984,29.62147331237793,97725900,0.0,0.0,0.0
2002-02-08,35.459999084472656,36.2400016784668,34.970001220703125,36.16999816894531,30.44638442993164,80483100,0.0,0.0,0.0
2002-02-11,36.13999938964844,36.79999923706055,35.97999954223633,36.630001068115234,30.833599090576172,57641200,0.0,0.0,0.0
2002-02-12,36.310001373291016,36.97999954223633,36.040000915527344,36.33000183105469,30.581085205078125,51477700,0.0,0.0,0.0
2002-02-13,36.720001220703125,37.150001525878906,36.61000061035156,36.95000076293945,31.102962493896484,60984700,0.0,0.0,0.0
2002-02-14,37.150001525878906,37.56999969482422,36.0,36.880001068115234,31.044036865234375,77482300,0.0,0.0,0.0
2002-02-15,36.83000183105469,36.90999984741211,35.63999938964844,35.779998779296875,30.11809730529785,79719900,0.0,0.0,0.0
2002-02-19,35.369998931884766,35.459999084472656,34.31999969482422,34.68000030517578,29.192171096801758,72437200,0.0,0.0,0.0
2002-02-20,34.900001525878906,35.16999816894531,33.93000030517578,35.150001525878906,29.587791442871094,106552700,0.0,0.0,0.0
2002-02-21,34.790000915527344,34.95000076293945,33.47999954223633,33.47999954223633,28.182058334350586,109307800,0.0,0.0,0.0
2002-02-22,33.61000061035156,34.20000076293945,33.09000015258789,33.650001525878906,28.32515525817871,99824200,0.0,0.0,0.0
2002-02-25,34.0,35.25,33.95000076293945,35.0099983215332,29.469945907592773,88994700,0.0,0.0,0.0
2002-02-26,35.22999954223633,35.43000030517578,34.369998931884766,34.880001068115234,29.36053466796875,94683300,0.0,0.0,0.0
2002-02-27,35.38999938964844,35.5099983215332,34.060001373291016,34.400001525878906,28.956470489501953,95159300,0.0,0.0,0.0
2002-02-28,34.5099983215332,34.970001220703125,33.75,33.779998779296875,28.434587478637695,95711200,0.0,0.0,0.0
2002-03-01,34.150001525878906,35.75,34.09000015258789,35.7400016784668,30.084434509277344,86081600,0.0,0.0,0.0
2002-03-04,35.70000076293945,37.22999954223633,35.400001525878906,37.150001525878906,31.271316528320312,105734600,0.0,0.0,0.0
2002-03-05,36.93000030517578,37.869998931884766,36.810001373291016,37.41999816894531,31.498598098754883,91452600,0.0,0.0,0.0
2002-03-06,37.08000183105469,37.95000076293945,36.599998474121094,37.599998474121094,31.650100708007812,86943400,0.0,0.0,0.0
2002-03-07,38.119998931884766,38.33000183105469,37.0099983215332,37.68000030517578,31.717439651489258,85496000,0.0,0.0,0.0
2002-03-08,38.22999954223633,39.029998779296875,38.130001068115234,38.66999816894531,32.55078887939453,84443700,0.0,0.0,0.0
2002-03-11,38.349998474121094,39.189998626708984,38.060001373291016,38.529998779296875,32.43293380737305,71035200,0.0,0.0,0.0
2002-03-12,37.56999969482422,38.0,37.31999969482422,38.0,31.986804962158203,82652100,0.0,0.0,0.0
2002-03-13,37.40999984741211,37.65999984741211,36.869998931884766,37.08000183105469,31.212383270263672,71376200,0.0,0.0,0.0
2002-03-14,37.060001373291016,37.400001525878906,36.72999954223633,36.86000061035156,31.027191162109375,70700500,0.0,0.0,0.0
2002-03-15,36.88999938964844,37.33000183105469,36.59000015258789,37.22999954223633,31.33866310119629,63966500,0.0,0.0,0.0
2002-03-18,37.630001068115234,37.939998626708984,37.04999923706055,37.439998626708984,31.515422821044922,78938300,0.0,0.0,0.0
2002-03-19,37.599998474121094,37.880001068115234,37.220001220703125,37.380001068115234,31.464914321899414,58947600,0.0,0.0,0.0
2002-03-20,36.869998931884766,37.08000183105469,36.040000915527344,36.060001373291016,30.353797912597656,61816500,0.0,0.0,0.0
2002-03-21,36.150001525878906,37.13999938964844,35.900001525878906,37.02000045776367,31.161876678466797,89198800,0.0,0.0,0.0
2002-03-22,36.939998626708984,37.13999938964844,36.470001220703125,36.68000030517578,30.875667572021484,58930100,0.0,0.0,0.0
2002-03-25,36.689998626708984,36.900001525878906,35.52000045776367,35.560001373291016,29.93290138244629,87421900,0.0,0.0,0.0
2002-03-26,35.41999816894531,36.41999816894531,35.400001525878906,35.88999938964844,30.210678100585938,92457500,0.0,0.0,0.0
2002-03-27,35.630001068115234,36.0,35.400001525878906,35.61000061035156,29.975004196166992,64531800,0.0,0.0,0.0
2002-03-28,36.02000045776367,36.369998931884766,35.900001525878906,36.060001373291016,30.353797912597656,59539400,0.0,0.0,0.0
2002-04-01,35.79999923706055,36.900001525878906,35.29999923706055,36.75,30.934598922729492,70730500,0.0,0.0,0.0
2002-04-02,35.97999954223633,36.150001525878906,35.0,35.09000015258789,29.537288665771484,77759800,0.0,0.0,0.0
2002-04-03,35.29999923706055,35.45000076293945,34.29999923706055,35.029998779296875,29.48678207397461,85766400,0.0,0.0,0.0
2002-04-04,34.5,35.15999984741211,34.279998779296875,34.7599983215332,29.25950813293457,90521500,0.0,0.0,0.0
2002-04-05,35.0099983215332,35.16999816894531,34.18000030517578,34.369998931884766,28.931217193603516,68426000,0.0,0.0,0.0
2002-04-08,33.470001220703125,34.79999923706055,33.41999816894531,34.79999923706055,29.293174743652344,74950700,0.0,0.0,0.0
2002-04-09,34.779998779296875,34.97999954223633,33.4900016784668,33.59000015258789,28.274646759033203,80910200,0.0,0.0,0.0
2002-04-10,33.7599983215332,34.25,33.130001068115234,33.84000015258789,28.485095977783203,85748700,0.0,0.0,0.0
2002-04-11,33.65999984741211,33.849998474121094,32.880001068115234,33.0,27.778013229370117,90665600,0.0,0.0,0.0
2002-04-12,33.31999969482422,33.79999923706055,32.95000076293945,33.52000045776367,28.21573257446289,78360100,0.0,0.0,0.0
2002-04-15,33.79999923706055,33.959999084472656,33.20000076293945,33.790000915527344,28.442991256713867,69306800,0.0,0.0,0.0
2002-04-16,34.43000030517578,35.220001220703125,34.40999984741211,35.20000076293945,29.62987518310547,72064700,0.0,0.0,0.0
2002-04-17,35.400001525878906,35.5,34.650001525878906,35.02000045776367,29.47835922241211,69130100,0.0,0.0,0.0
2002-04-18,34.779998779296875,35.150001525878906,34.0,34.349998474121094,28.914384841918945,91086100,0.0,0.0,0.0
2002-04-19,35.04999923706055,35.060001373291016,34.380001068115234,34.459999084472656,29.006967544555664,62286800,0.0,0.0,0.0
2002-04-22,34.0099983215332,34.0099983215332,33.25,33.59000015258789,28.274646759033203,64625600,0.0,0.0,0.0
2002-04-23,33.59000015258789,33.939998626708984,32.70000076293945,33.0099983215332,27.78643035888672,73070300,0.0,0.0,0.0
2002-04-24,33.209999084472656,33.310001373291016,32.20000076293945,32.5,27.357135772705078,68953900,0.0,0.0,0.0
2002-04-25,32.29999923706055,32.72999954223633,32.0,32.41999816894531,27.2897891998291,103073700,0.0,0.0,0.0
2002-04-26,32.65999984741211,32.779998779296875,31.010000228881836,31.040000915527344,26.128164291381836,100193400,0.0,0.0,0.0
2002-04-29,31.239999771118164,31.549999237060547,30.559999465942383,31.1200008392334,26.195512771606445,85326800,0.0,0.0,0.0
2002-04-30,31.030000686645508,32.189998626708984,30.940000534057617,31.729999542236328,26.708982467651367,95357900,0.0,0.0,0.0
2002-05-01,31.670000076293945,31.84000015258789,30.579999923706055,31.559999465942383,26.56587791442871,109975700,0.0,0.0,0.0
2002-05-02,31.389999389648438,31.989999771118164,30.459999084472656,30.510000228881836,25.682037353515625,85852200,0.0,0.0,0.0
2002-05-03,30.469999313354492,30.510000228881836,29.479999542236328,29.739999771118164,25.03388786315918,92103200,0.0,0.0,0.0
2002-05-06,29.6299991607666,29.979999542236328,28.850000381469727,28.969999313354492,24.38572883605957,96491200,0.0,0.0,0.0
2002-05-07,29.270000457763672,29.350000381469727,28.420000076293945,28.700000762939453,24.158451080322266,101954400,0.0,0.0,0.0
2002-05-08,30.1299991607666,31.8799991607666,30.0,31.770000457763672,26.742656707763672,129741500,0.0,0.0,0.0
2002-05-09,31.56999969482422,31.889999389648438,30.799999237060547,30.950000762939453,26.052410125732422,106477200,0.0,0.0,0.0
2002-05-10,31.010000228881836,31.09000015258789,29.5,29.559999465942383,24.88236427307129,112282800,0.0,0.0,0.0
2002-05-13,29.8700008392334,30.979999542236328,29.670000076293945,30.760000228881836,25.892480850219727,93971200,0.0,0.0,0.0
2002-05-14,32.04999923706055,32.650001525878906,31.8700008392334,32.56999969482422,27.41605567932129,107284700,0.0,0.0,0.0
2002-05-15,32.08000183105469,33.630001068115234,31.850000381469727,32.810001373291016,27.618080139160156,150522100,0.0,0.0,0.0
2002-05-16,32.540000915527344,33.04999923706055,32.220001220703125,32.86000061035156,27.660175323486328,89916300,0.0,0.0,0.0
2002-05-17,33.290000915527344,33.40999984741211,32.470001220703125,32.93000030517578,27.719100952148438,82695000,0.0,0.0,0.0
2002-05-20,32.599998474121094,32.70000076293945,31.940000534057617,32.209999084472656,27.113019943237305,78144200,0.0,0.0,0.0
2002-05-21,32.36000061035156,32.59000015258789,31.0,31.329999923706055,26.37228012084961,104180000,0.0,0.0,0.0
2002-05-22,30.969999313354492,31.59000015258789,30.40999984741211,31.399999618530273,26.431190490722656,89543100,0.0,0.0,0.0
2002-05-23,31.6299991607666,32.099998474121094,30.799999237060547,32.029998779296875,26.961503982543945,94445800,0.0,0.0,0.0
2002-05-24,31.59000015258789,31.690000534057617,31.010000228881836,31.239999771118164,26.296512603759766,55874600,0.0,0.0,0.0
2002-05-28,31.469999313354492,31.520000457763672,30.489999771118164,31.100000381469727,26.17867660522461,68829400,0.0,0.0,0.0
2002-05-29,30.65999984741211,30.899999618530273,30.239999771118164,30.280000686645508,25.488428115844727,73470200,0.0,0.0,0.0
2002-05-30,30.010000228881836,30.719999313354492,29.899999618530273,30.540000915527344,25.707290649414062,92080500,0.0,0.0,0.0
2002-05-31,30.760000228881836,31.040000915527344,30.0,30.040000915527344,25.286407470703125,79907400,0.0,0.0,0.0
2002-06-03,30.0,30.25,28.790000915527344,28.979999542236328,24.394147872924805,77043700,0.0,0.0,0.0
2002-06-04,28.75,29.68000030517578,28.610000610351562,29.360000610351562,24.714019775390625,98366200,0.0,0.0,0.0
2002-06-05,29.420000076293945,29.799999237060547,28.969999313354492,29.65999984741211,24.966543197631836,95347100,0.0,0.0,0.0
2002-06-06,29.510000228881836,29.510000228881836,27.899999618530273,28.8799991607666,24.309967041015625,91129700,0.0,0.0,0.0
2002-06-07,27.6299991607666,28.790000915527344,27.520000457763672,28.299999237060547,23.821744918823242,106049200,0.0,0.0,0.0
2002-06-10,28.360000610351562,28.75,28.139999389648438,28.25,23.779659271240234,73142900,0.0,0.0,0.0
2002-06-11,28.600000381469727,28.690000534057617,27.360000610351562,27.459999084472656,23.114667892456055,84609500,0.0,0.0,0.0
2002-06-12,27.239999771118164,27.959999084472656,26.829999923706055,27.860000610351562,23.451379776000977,152974400,0.0,0.0,0.0
2002-06-13,27.760000228881836,28.209999084472656,27.350000381469727,27.68000030517578,23.29986000061035,97556300,0.0,0.0,0.0
2002-06-14,26.860000610351562,27.719999313354492,26.200000762939453,27.6200008392334,23.249353408813477,122106800,0.0,0.0,0.0
2002-06-17,28.0,28.75,27.90999984741211,28.559999465942383,24.040605545043945,87618100,0.0,0.0,0.0
2002-06-18,28.309999465942383,29.149999618530273,28.280000686645508,29.020000457763672,24.427814483642578,100513400,0.0,0.0,0.0
2002-06-19,28.100000381469727,28.31999969482422,27.25,27.34000015258789,23.01366424560547,93507600,0.0,0.0,0.0
2002-06-20,27.270000457763672,27.450000762939453,25.670000076293945,26.459999084472656,22.272926330566406,99913200,0.0,0.0,0.0
2002-06-21,26.360000610351562,26.780000686645508,25.649999618530273,25.81999969482422,21.73419761657715,168755100,0.0,0.0,0.0
2002-06-24,25.450000762939453,26.799999237060547,25.209999084472656,26.329999923706055,22.163488388061523,219672100,0.0,0.0,0.0
2002-06-25,26.579999923706055,26.719999313354492,25.299999237060547,25.459999084472656,21.431150436401367,136336400,0.0,0.0,0.0
2002-06-26,24.43000030517578,25.780000686645508,24.389999389648438,25.649999618530273,21.591087341308594,149080300,0.0,0.0,0.0
2002-06-27,26.0,26.25,25.020000457763672,26.209999084472656,22.062475204467773,121371100,0.0,0.0,0.0
2002-06-28,26.049999237060547,26.75,25.850000381469727,26.100000381469727,21.969877243041992,87842000,0.0,0.0,0.0
2002-07-01,25.969999313354492,26.139999389648438,24.780000686645508,24.850000381469727,20.91769790649414,64753900,0.0,0.0,0.0
2002-07-02,24.600000381469727,24.75,23.09000015258789,23.950000762939453,20.160106658935547,111629600,0.0,0.0,0.0
2002-07-03,23.850000381469727,24.75,23.6200008392334,24.75,20.83350372314453,101067000,0.0,0.0,0.0
2002-07-05,25.260000228881836,26.389999389648438,25.049999237060547,26.34000015258789,22.171903610229492,56768300,0.0,0.0,0.0
2002-07-08,26.200000762939453,26.549999237060547,25.079999923706055,25.3799991607666,21.363811492919922,97288500,0.0,0.0,0.0
2002-07-09,25.25,25.479999542236328,24.59000015258789,24.65999984741211,20.757755279541016,91039600,0.0,0.0,0.0
2002-07-10,24.989999771118164,25.030000686645508,23.829999923706055,23.899999618530273,20.118017196655273,115365200,0.0,0.0,0.0
2002-07-11,23.760000228881836,24.889999389648438,23.530000686645508,24.799999237060547,20.875600814819336,170271200,0.0,0.0,0.0
2002-07-12,25.25,25.520000457763672,24.549999237060547,24.799999237060547,20.875600814819336,130027800,0.0,0.0,0.0
2002-07-15,24.68000030517578,25.639999389648438,23.75,25.56999969482422,21.523757934570312,140207200,0.0,0.0,0.0
2002-07-16,25.25,26.020000457763672,24.899999618530273,25.190000534057617,21.203886032104492,148281700,0.0,0.0,0.0
2002-07-17,26.06999969482422,26.440000534057617,24.889999389648438,25.649999618530273,21.591087341308594,157954700,0.0,0.0,0.0
2002-07-18,25.3799991607666,25.56999969482422,24.520000457763672,24.729999542236328,20.816679000854492,114052300,0.0,0.0,0.0
2002-07-19,24.329999923706055,24.709999084472656,23.799999237060547,23.989999771118164,20.19377326965332,124116400,0.0,0.0,0.0
2002-07-22,23.850000381469727,24.5,23.09000015258789,23.399999618530273,19.69713592529297,150034800,0.0,0.0,0.0
2002-07-23,23.450000762939453,23.75,22.280000686645508,22.399999618530273,18.855377197265625,150786800,0.0,0.0,0.0
2002-07-24,21.809999465942383,23.65999984741211,21.639999389648438,23.6200008392334,19.882333755493164,186493600,0.0,0.0,0.0
2002-07-25,23.25,23.399999618530273,21.799999237060547,22.25,18.72911834716797,153915500,0.0,0.0,0.0
2002-07-26,22.559999465942383,22.84000015258789,22.010000228881836,22.670000076293945,19.082656860351562,96034200,0.0,0.0,0.0
2002-07-29,23.270000457763672,24.1200008392334,23.079999923706055,23.829999923706055,20.05908966064453,96735200,0.0,0.0,0.0
2002-07-30,23.729999542236328,24.690000534057617,23.59000015258789,24.309999465942383,20.463144302368164,117394300,0.0,0.0,0.0
2002-07-31,24.0,24.190000534057617,23.360000610351562,23.850000381469727,20.075929641723633,93831300,0.0,0.0,0.0
2002-08-01,23.739999771118164,23.899999618530273,22.65999984741211,22.729999542236328,19.133167266845703,85149700,0.0,0.0,0.0
2002-08-02,22.780000686645508,22.84000015258789,21.81999969482422,22.25,18.72911834716797,86706000,0.0,0.0,0.0
2002-08-05,22.110000610351562,22.31999969482422,21.299999237060547,21.440000534057617,18.04728889465332,84897800,0.0,0.0,0.0
2002-08-06,21.799999237060547,23.010000228881836,21.790000915527344,22.5,18.939558029174805,115364600,0.0,0.0,0.0
2002-08-07,23.200000762939453,23.3700008392334,21.959999084472656,22.799999237060547,19.192089080810547,125677100,0.0,0.0,0.0
2002-08-08,22.75,23.600000381469727,22.299999237060547,23.56999969482422,19.840232849121094,111697900,0.0,0.0,0.0
2002-08-09,23.200000762939453,23.709999084472656,22.8799991607666,23.329999923706055,19.63821029663086,93576900,0.0,0.0,0.0
2002-08-12,23.049999237060547,23.479999542236328,22.899999618530273,23.399999618530273,19.69713592529297,62870900,0.0,0.0,0.0
2002-08-13,23.229999542236328,23.8700008392334,22.549999237060547,22.600000381469727,19.023738861083984,88434400,0.0,0.0,0.0
2002-08-14,22.670000076293945,24.200000762939453,22.469999313354492,24.040000915527344,20.235864639282227,102613500,0.0,0.0,0.0
2002-08-15,24.239999771118164,24.549999237060547,23.719999313354492,24.530000686645508,20.648319244384766,120307800,0.0,0.0,0.0
2002-08-16,24.1299991607666,25.0,23.729999542236328,24.700000762939453,20.79142189025879,95853000,0.0,0.0,0.0
2002-08-19,24.770000457763672,25.59000015258789,24.68000030517578,25.299999237060547,21.296483993530273,76015900,0.0,0.0,0.0
2002-08-20,25.18000030517578,25.43000030517578,24.850000381469727,25.190000534057617,21.203886032104492,89981300,0.0,0.0,0.0
2002-08-21,25.389999389648438,25.850000381469727,25.0,25.75,21.675262451171875,101365500,0.0,0.0,0.0
2002-08-22,25.739999771118164,26.209999084472656,25.420000076293945,26.15999984741211,22.0203857421875,80345500,0.0,0.0,0.0
2002-08-23,25.799999237060547,25.809999465942383,24.950000762939453,25.149999618530273,21.170209884643555,75211200,0.0,0.0,0.0
2002-08-26,25.299999237060547,25.389999389648438,24.610000610351562,25.25,21.25438690185547,83335400,0.0,0.0,0.0
2002-08-27,25.43000030517578,25.510000228881836,24.149999618530273,24.3700008392334,20.513639450073242,92340400,0.0,0.0,0.0
2002-08-28,24.020000457763672,24.09000015258789,23.389999389648438,23.479999542236328,19.76447868347168,115562300,0.0,0.0,0.0
2002-08-29,23.200000762939453,24.219999313354492,23.020000457763672,23.790000915527344,20.02541732788086,97028200,0.0,0.0,0.0
2002-08-30,23.6200008392334,24.0,23.3799991607666,23.489999771118164,19.772886276245117,59474900,0.0,0.0,0.0
2002-09-03,23.059999465942383,23.43000030517578,22.34000015258789,22.639999389648438,19.057392120361328,81828100,0.0,0.0,0.0
2002-09-04,22.5,23.020000457763672,22.239999771118164,22.729999542236328,19.133167266845703,82717600,0.0,0.0,0.0
2002-09-05,22.399999618530273,22.5,21.93000030517578,22.170000076293945,18.661773681640625,91576600,0.0,0.0,0.0
2002-09-06,22.65999984741211,23.219999313354492,22.600000381469727,22.850000381469727,19.23417854309082,86008800,0.0,0.0,0.0
2002-09-09,22.670000076293945,23.3700008392334,22.389999389648438,23.079999923706055,19.427778244018555,72679500,0.0,0.0,0.0
2002-09-10,23.229999542236328,23.670000076293945,23.030000686645508,23.649999618530273,19.90758514404297,74615800,0.0,0.0,0.0
2002-09-11,24.1200008392334,24.350000381469727,23.420000076293945,23.450000762939453,19.739227294921875,73902800,0.0,0.0,0.0
2002-09-12,23.229999542236328,23.260000228881836,22.709999084472656,22.809999465942383,19.20050048828125,70763500,0.0,0.0,0.0
2002-09-13,22.600000381469727,23.079999923706055,22.520000457763672,22.989999771118164,19.352012634277344,79716100,0.0,0.0,0.0
2002-09-16,22.860000610351562,23.0,22.3700008392334,22.65999984741211,19.07423210144043,58853600,0.0,0.0,0.0
2002-09-17,23.049999237060547,23.209999084472656,22.18000030517578,22.18000030517578,18.670194625854492,89139700,0.0,0.0,0.0
2002-09-18,22.010000228881836,22.549999237060547,21.780000686645508,21.93000030517578,18.45975685119629,92358300,0.0,0.0,0.0
2002-09-19,21.700000762939453,22.1299991607666,21.549999237060547,21.579999923706055,18.165143966674805,86247700,0.0,0.0,0.0
2002-09-20,21.829999923706055,21.899999618530273,21.479999542236328,21.670000076293945,18.240890502929688,78116900,0.0,0.0,0.0
2002-09-23,21.450000762939453,21.520000457763672,20.809999465942383,21.020000457763672,17.693750381469727,72757500,0.0,0.0,0.0
2002-09-24,20.68000030517578,21.450000762939453,20.649999618530273,21.030000686645508,17.70217514038086,91507300,0.0,0.0,0.0
2002-09-25,21.350000381469727,22.040000915527344,21.100000381469727,21.8700008392334,18.409255981445312,98051900,0.0,0.0,0.0
2002-09-26,22.15999984741211,22.329999923706055,21.3700008392334,21.600000381469727,18.181968688964844,104453500,0.0,0.0,0.0
2002-09-27,21.549999237060547,22.209999084472656,21.309999465942383,21.309999465942383,17.93785858154297,92249700,0.0,0.0,0.0
2002-09-30,21.06999969482422,21.239999771118164,20.489999771118164,20.719999313354492,17.441226959228516,91502500,0.0,0.0,0.0
2002-10-01,20.90999984741211,21.989999771118164,20.469999313354492,21.979999542236328,18.501840591430664,102096000,0.0,0.0,0.0
2002-10-02,21.510000228881836,21.969999313354492,20.969999313354492,21.25,17.88736343383789,94829700,0.0,0.0,0.0
2002-10-03,21.059999465942383,21.399999618530273,20.68000030517578,20.739999771118164,17.458053588867188,74354800,0.0,0.0,0.0
2002-10-04,20.940000534057617,21.020000457763672,20.110000610351562,20.350000381469727,17.12977409362793,81837100,0.0,0.0,0.0
2002-10-07,20.260000228881836,20.59000015258789,19.850000381469727,20.15999984741211,16.969844818115234,79861800,0.0,0.0,0.0
2002-10-08,20.280000686645508,20.610000610351562,19.760000228881836,20.200000762939453,17.003511428833008,94103100,0.0,0.0,0.0
2002-10-09,19.940000534057617,20.530000686645508,19.84000015258789,20.059999465942383,16.885669708251953,103301000,0.0,0.0,0.0
2002-10-10,20.100000381469727,21.209999084472656,19.90999984741211,21.079999923706055,17.744251251220703,109610500,0.0,0.0,0.0
2002-10-11,21.549999237060547,22.3799991607666,21.420000076293945,22.219999313354492,18.703861236572266,124777400,0.0,0.0,0.0
2002-10-14,21.8700008392334,22.5,21.780000686645508,22.479999542236328,18.92272186279297,78890300,0.0,0.0,0.0
2002-10-15,23.440000534057617,23.6299991607666,23.18000030517578,23.559999465942383,19.831823348999023,118176000,0.0,0.0,0.0
2002-10-16,22.709999084472656,23.15999984741211,22.06999969482422,22.780000686645508,19.175243377685547,97441900,0.0,0.0,0.0
2002-10-17,23.600000381469727,23.809999465942383,22.579999923706055,23.549999237060547,19.823406219482422,95754500,0.0,0.0,0.0
2002-10-18,23.280000686645508,23.850000381469727,22.93000030517578,23.809999465942383,20.042251586914062,84941900,0.0,0.0,0.0
2002-10-21,23.520000457763672,24.450000762939453,23.299999237060547,24.290000915527344,20.44630241394043,85311500,0.0,0.0,0.0
2002-10-22,23.729999542236328,24.34000015258789,23.649999618530273,24.139999389648438,20.32003402709961,89947000,0.0,0.0,0.0
2002-10-23,23.850000381469727,24.6299991607666,23.670000076293945,24.600000381469727,20.707250595092773,88093500,0.0,0.0,0.0
2002-10-24,24.68000030517578,24.860000610351562,23.920000076293945,23.979999542236328,20.18535804748535,88674800,0.0,0.0,0.0
2002-10-25,23.989999771118164,24.75,23.989999771118164,24.700000762939453,20.79142189025879,71557300,0.0,0.0,0.0
2002-10-28,25.0,25.040000915527344,24.170000076293945,24.489999771118164,20.61465072631836,90272000,0.0,0.0,0.0
2002-10-29,24.309999465942383,24.469999313354492,23.3700008392334,23.920000076293945,20.134859085083008,90293800,0.0,0.0,0.0
2002-10-30,24.059999465942383,24.790000915527344,23.850000381469727,24.559999465942383,20.67357635498047,103531100,0.0,0.0,0.0
2002-10-31,24.65999984741211,25.040000915527344,24.360000610351562,24.549999237060547,20.6651611328125,81493100,0.0,0.0,0.0
2002-11-01,24.3700008392334,25.399999618530273,24.139999389648438,25.25,21.25438690185547,86658400,0.0,0.0,0.0
2002-11-04,26.049999237060547,26.81999969482422,25.799999237060547,25.899999618530273,21.801528930664062,110562400,0.0,0.0,0.0
2002-11-05,25.709999084472656,26.170000076293945,25.559999465942383,26.100000381469727,21.969877243041992,79603300,0.0,0.0,0.0
2002-11-06,26.290000915527344,26.610000610351562,25.639999389648438,26.469999313354492,22.281333923339844,116251700,0.0,0.0,0.0
2002-11-07,25.989999771118164,26.100000381469727,25.309999465942383,25.540000915527344,21.498504638671875,82711600,0.0,0.0,0.0
2002-11-08,25.489999771118164,25.8700008392334,24.959999084472656,25.06999969482422,21.102872848510742,76937600,0.0,0.0,0.0
2002-11-11,24.950000762939453,25.020000457763672,24.149999618530273,24.309999465942383,20.463144302368164,74384300,0.0,0.0,0.0
2002-11-12,24.399999618530273,25.399999618530273,24.399999618530273,24.93000030517578,20.985034942626953,88748800,0.0,0.0,0.0
2002-11-13,24.700000762939453,25.700000762939453,24.489999771118164,25.229999542236328,21.237545013427734,119341800,0.0,0.0,0.0
2002-11-14,25.579999923706055,26.420000076293945,25.520000457763672,26.100000381469727,21.969877243041992,85720100,0.0,0.0,0.0
2002-11-15,25.899999618530273,26.450000762939453,25.75,26.440000534057617,22.25608253479004,69291300,0.0,0.0,0.0
2002-11-18,26.709999084472656,26.770000457763672,25.989999771118164,26.049999237060547,21.92778778076172,76238000,0.0,0.0,0.0
2002-11-19,25.799999237060547,26.049999237060547,25.299999237060547,25.649999618530273,21.591087341308594,88139200,0.0,0.0,0.0
2002-11-20,25.559999465942383,26.75,25.540000915527344,26.739999771118164,22.508602142333984,75104700,0.0,0.0,0.0
2002-11-21,26.93000030517578,27.84000015258789,26.75,27.729999542236328,23.341951370239258,105472900,0.0,0.0,0.0
2002-11-22,27.3700008392334,27.940000534057617,27.31999969482422,27.719999313354492,23.33353042602539,73808600,0.0,0.0,0.0
2002-11-25,27.760000228881836,28.200000762939453,27.540000915527344,27.989999771118164,23.560802459716797,72666100,0.0,0.0,0.0
2002-11-26,27.780000686645508,27.8700008392334,26.899999618530273,27.049999237060547,22.76955795288086,80017900,0.0,0.0,0.0
2002-11-27,27.530000686645508,28.200000762939453,27.479999542236328,27.90999984741211,23.49346351623535,73643900,0.0,0.0,0.0
2002-11-29,28.209999084472656,28.290000915527344,27.219999313354492,27.719999313354492,23.33353042602539,34652100,0.0,0.0,0.0
2002-12-02,28.420000076293945,28.790000915527344,27.56999969482422,28.0,23.56922721862793,85136000,0.0,0.0,0.0
2002-12-03,27.549999237060547,27.579999923706055,26.93000030517578,27.170000076293945,22.87056541442871,76595500,0.0,0.0,0.0
2002-12-04,26.559999465942383,26.950000762939453,26.209999084472656,26.56999969482422,22.365509033203125,130115900,0.0,0.0,0.0
2002-12-05,26.950000762939453,27.0,26.1299991607666,26.200000762939453,22.05406379699707,84933200,0.0,0.0,0.0
2002-12-06,25.809999465942383,26.719999313354492,25.739999771118164,26.469999313354492,22.281333923339844,81727900,0.0,0.0,0.0
2002-12-09,26.219999313354492,26.549999237060547,25.200000762939453,25.219999313354492,21.2291316986084,75855200,0.0,0.0,0.0
2002-12-10,25.420000076293945,25.950000762939453,25.350000381469727,25.600000381469727,21.548999786376953,69578300,0.0,0.0,0.0
2002-12-11,25.440000534057617,26.06999969482422,25.31999969482422,25.719999313354492,21.650009155273438,64237600,0.0,0.0,0.0
2002-12-12,26.0,26.690000534057617,25.559999465942383,25.860000610351562,21.76785659790039,62296400,0.0,0.0,0.0
2002-12-13,25.520000457763672,25.56999969482422,25.010000228881836,25.040000915527344,21.077625274658203,72647800,0.0,0.0,0.0
2002-12-16,25.219999313354492,25.959999084472656,25.06999969482422,25.850000381469727,21.759445190429688,60278500,0.0,0.0,0.0
2002-12-17,25.809999465942383,26.200000762939453,25.65999984741211,25.93000030517578,21.826786041259766,62562700,0.0,0.0,0.0
2002-12-18,25.549999237060547,25.600000381469727,25.049999237060547,25.3799991607666,21.363811492919922,67130700,0.0,0.0,0.0
2002-12-19,25.170000076293945,25.780000686645508,24.809999465942383,25.059999465942383,21.094457626342773,95969700,0.0,0.0,0.0
2002-12-20,25.329999923706055,25.450000762939453,25.06999969482422,25.31999969482422,21.313308715820312,65578600,0.0,0.0,0.0
2002-12-23,25.18000030517578,25.760000228881836,25.1299991607666,25.670000076293945,21.607927322387695,45941700,0.0,0.0,0.0
2002-12-24,25.5,25.729999542236328,25.31999969482422,25.350000381469727,21.338558197021484,16772700,0.0,0.0,0.0
2002-12-26,25.530000686645508,25.90999984741211,25.170000076293945,25.280000686645508,21.27964973449707,33795400,0.0,0.0,0.0
2002-12-27,25.18000030517578,25.850000381469727,24.75,24.81999969482422,20.892438888549805,42490200,0.0,0.0,0.0
2002-12-30,24.84000015258789,24.969999313354492,24.360000610351562,24.6299991607666,20.732492446899414,57396400,0.0,0.0,0.0
2002-12-31,24.540000915527344,24.709999084472656,24.280000686645508,24.3700008392334,20.513639450073242,46015400,0.0,0.0,0.0
2003-01-02,24.719999313354492,25.549999237060547,24.450000762939453,25.399999618530273,21.38064193725586,65903200,0.0,0.0,0.0
2003-01-03,25.459999084472656,25.709999084472656,25.280000686645508,25.68000030517578,21.6163387298584,39059500,0.0,0.0,0.0
2003-01-06,25.709999084472656,26.59000015258789,25.200000762939453,26.31999969482422,22.155071258544922,67223400,0.0,0.0,0.0
2003-01-07,26.40999984741211,26.93000030517578,26.25,26.649999618530273,22.432842254638672,88726100,0.0,0.0,0.0
2003-01-08,26.389999389648438,26.969999313354492,25.84000015258789,25.899999618530273,21.801528930664062,74989900,0.0,0.0,0.0
2003-01-09,26.239999771118164,26.979999542236328,26.219999313354492,26.700000762939453,22.474937438964844,75391100,0.0,0.0,0.0
2003-01-10,26.350000381469727,27.260000228881836,26.219999313354492,27.100000381469727,22.811643600463867,82594300,0.0,0.0,0.0
2003-01-13,27.329999923706055,27.469999313354492,26.729999542236328,26.940000534057617,22.676959991455078,72870300,0.0,0.0,0.0
2003-01-14,26.90999984741211,27.31999969482422,26.850000381469727,27.079999923706055,22.7948055267334,46993800,0.0,0.0,0.0
2003-01-15,27.239999771118164,27.350000381469727,26.579999923706055,26.739999771118164,22.508602142333984,55131000,0.0,0.0,0.0
2003-01-16,26.790000915527344,26.979999542236328,26.25,26.440000534057617,22.25608253479004,68740300,0.0,0.0,0.0
2003-01-17,25.899999618530273,25.940000534057617,25.270000457763672,25.309999465942383,21.304893493652344,77289400,0.0,0.0,0.0
2003-01-21,25.40999984741211,25.549999237060547,25.020000457763672,25.030000686645508,21.0692081451416,67729600,0.0,0.0,0.0
2003-01-22,24.959999084472656,25.530000686645508,24.8700008392334,24.93000030517578,20.985034942626953,80020200,0.0,0.0,0.0
2003-01-23,25.399999618530273,25.84000015258789,25.110000610351562,25.510000228881836,21.47323989868164,78471100,0.0,0.0,0.0
2003-01-24,25.530000686645508,25.530000686645508,24.639999389648438,24.81999969482422,20.892438888549805,74519700,0.0,0.0,0.0
2003-01-27,24.450000762939453,25.030000686645508,24.3700008392334,24.530000686645508,20.648319244384766,76561000,0.0,0.0,0.0
2003-01-28,24.770000457763672,25.049999237060547,24.420000076293945,24.780000686645508,20.8587646484375,65217200,0.0,0.0,0.0
2003-01-29,24.760000228881836,25.450000762939453,24.34000015258789,25.149999618530273,21.170209884643555,95717500,0.0,0.0,0.0
2003-01-30,25.31999969482422,25.420000076293945,24.489999771118164,24.5,20.623064041137695,70333800,0.0,0.0,0.0
2003-01-31,24.059999465942383,24.760000228881836,24.010000228881836,24.440000534057617,20.572566986083984,90505600,0.0,0.0,0.0
2003-02-03,24.520000457763672,24.790000915527344,24.3799991607666,24.489999771118164,20.61465072631836,53158800,0.0,0.0,0.0
2003-02-04,24.18000030517578,24.299999237060547,23.81999969482422,24.190000534057617,20.362125396728516,68235700,0.0,0.0,0.0
2003-02-05,24.329999923706055,24.860000610351562,24.010000228881836,24.079999923706055,20.26953125,80107700,0.0,0.0,0.0
2003-02-06,24.040000915527344,24.350000381469727,23.860000610351562,24.209999084472656,20.378955841064453,103552000,0.0,0.0,0.0
2003-02-07,24.360000610351562,24.450000762939453,23.649999618530273,23.809999465942383,20.042251586914062,72312400,0.0,0.0,0.0
2003-02-10,23.889999389648438,24.25,23.6200008392334,24.020000457763672,20.219024658203125,67572600,0.0,0.0,0.0
2003-02-11,24.25,24.610000610351562,23.920000076293945,24.149999618530273,20.328445434570312,77823300,0.0,0.0,0.0
2003-02-12,24.06999969482422,24.329999923706055,23.780000686645508,23.81999969482422,20.050678253173828,51753000,0.0,0.0,0.0
2003-02-13,23.850000381469727,23.979999542236328,23.31999969482422,23.940000534057617,20.15169334411621,77387400,0.0,0.0,0.0
2003-02-14,23.829999923706055,24.5,23.6200008392334,24.489999771118164,20.61465072631836,67510400,0.0,0.0,0.0
2003-02-18,24.700000762939453,25.34000015258789,24.68000030517578,25.25,21.25438690185547,73976800,0.0,0.0,0.0
2003-02-19,25.200000762939453,25.239999771118164,24.709999084472656,25.079999923706055,21.111286163330078,45541400,0.0,0.0,0.0
2003-02-20,25.149999618530273,25.270000457763672,24.84000015258789,24.979999542236328,21.027118682861328,59759800,0.0,0.0,0.0
2003-02-21,24.93000030517578,25.3700008392334,24.510000228881836,25.170000076293945,21.187047958374023,70228500,0.0,0.0,0.0
2003-02-24,25.1299991607666,25.209999084472656,24.709999084472656,24.739999771118164,20.825090408325195,56646600,0.0,0.0,0.0
2003-02-25,24.450000762939453,24.950000762939453,24.079999923706055,24.770000457763672,20.850339889526367,74440700,0.0,0.0,0.0
2003-02-26,24.68000030517578,24.940000534057617,24.200000762939453,24.219999313354492,20.387380599975586,60005600,0.0,0.0,0.0
2003-02-27,24.420000076293945,24.920000076293945,24.270000457763672,24.770000457763672,20.850339889526367,66424000,0.0,0.0,0.0
2003-02-28,24.809999465942383,25.219999313354492,24.719999313354492,25.15999984741211,21.178634643554688,50185800,0.0,0.0,0.0
2003-03-03,25.270000457763672,25.479999542236328,24.559999465942383,24.649999618530273,20.74932098388672,60414400,0.0,0.0,0.0
2003-03-04,24.65999984741211,24.770000457763672,24.420000076293945,24.5,20.623064041137695,56043500,0.0,0.0,0.0
2003-03-05,24.399999618530273,24.780000686645508,24.31999969482422,24.549999237060547,20.6651611328125,69096500,0.0,0.0,0.0
2003-03-06,24.43000030517578,24.68000030517578,24.229999542236328,24.489999771118164,20.61465072631836,59108600,0.0,0.0,0.0
2003-03-07,24.079999923706055,24.690000534057617,23.959999084472656,24.540000915527344,20.656747817993164,73291000,0.0,0.0,0.0
2003-03-10,24.329999923706055,24.450000762939453,23.90999984741211,24.010000228881836,20.21061134338379,55948000,0.0,0.0,0.0
2003-03-11,24.059999465942383,24.239999771118164,23.780000686645508,23.799999237060547,20.033832550048828,54934200,0.0,0.0,0.0
2003-03-12,23.760000228881836,24.239999771118164,23.540000915527344,24.229999542236328,20.395795822143555,77859800,0.0,0.0,0.0
2003-03-13,24.639999389648438,25.649999618530273,24.399999618530273,25.6200008392334,21.565845489501953,128537600,0.0,0.0,0.0
2003-03-14,25.729999542236328,25.979999542236328,25.360000610351562,25.719999313354492,21.650009155273438,89794400,0.0,0.0,0.0
2003-03-17,25.43000030517578,26.799999237060547,25.350000381469727,26.600000381469727,22.39076805114746,141040800,0.0,0.0,0.0
2003-03-18,26.799999237060547,26.969999313354492,26.420000076293945,26.93000030517578,22.668540954589844,96548700,0.0,0.0,0.0
2003-03-19,26.850000381469727,26.950000762939453,26.329999923706055,26.700000762939453,22.474937438964844,91315100,0.0,0.0,0.0
2003-03-20,26.540000915527344,27.139999389648438,26.170000076293945,26.799999237060547,22.55911636352539,92789700,0.0,0.0,0.0
2003-03-21,27.209999084472656,27.3799991607666,26.200000762939453,27.170000076293945,22.87056541442871,93304600,0.0,0.0,0.0
2003-03-24,26.469999313354492,26.600000381469727,25.969999313354492,26.040000915527344,21.919387817382812,85244500,0.0,0.0,0.0
2003-03-25,26.149999618530273,26.760000228881836,26.010000228881836,26.40999984741211,22.230831146240234,78731500,0.0,0.0,0.0
2003-03-26,26.5,26.770000457763672,26.360000610351562,26.559999465942383,22.357097625732422,67880200,0.0,0.0,0.0
2003-03-27,26.270000457763672,26.649999618530273,26.100000381469727,26.3700008392334,22.197154998779297,64113100,0.0,0.0,0.0
2003-03-28,26.139999389648438,26.43000030517578,25.950000762939453,26.079999923706055,21.95305061340332,45374700,0.0,0.0,0.0
2003-03-31,25.600000381469727,25.729999542236328,25.209999084472656,25.25,21.25438690185547,89345300,0.0,0.0,0.0
2003-04-01,25.440000534057617,25.670000076293945,25.25,25.450000762939453,21.422744750976562,73159500,0.0,0.0,0.0
2003-04-02,26.059999465942383,26.559999465942383,26.030000686645508,26.149999618530273,22.011960983276367,75843800,0.0,0.0,0.0
2003-04-03,26.639999389648438,26.850000381469727,26.309999465942383,26.479999542236328,22.289752960205078,70138200,0.0,0.0,0.0
2003-04-04,26.56999969482422,26.600000381469727,25.969999313354492,26.049999237060547,21.92778778076172,65665700,0.0,0.0,0.0
2003-04-07,27.110000610351562,27.200000762939453,26.06999969482422,26.09000015258789,21.961458206176758,83842700,0.0,0.0,0.0
2003-04-08,26.149999618530273,26.290000915527344,25.8799991607666,26.059999465942383,21.93621063232422,54250600,0.0,0.0,0.0
2003-04-09,26.100000381469727,26.280000686645508,25.40999984741211,25.459999084472656,21.431150436401367,76457100,0.0,0.0,0.0
2003-04-10,25.459999084472656,25.770000457763672,25.299999237060547,25.770000457763672,21.692110061645508,57017500,0.0,0.0,0.0
2003-04-11,26.020000457763672,26.15999984741211,25.360000610351562,25.510000228881836,21.47323989868164,67974500,0.0,0.0,0.0
2003-04-14,25.600000381469727,26.139999389648438,25.489999771118164,26.030000686645508,21.910959243774414,52476200,0.0,0.0,0.0
2003-04-15,25.969999313354492,26.459999084472656,25.850000381469727,26.280000686645508,22.121397018432617,64655700,0.0,0.0,0.0
2003-04-16,26.649999618530273,26.829999923706055,26.1200008392334,26.219999313354492,22.070894241333008,70711600,0.0,0.0,0.0
2003-04-17,26.15999984741211,26.979999542236328,26.149999618530273,26.81999969482422,22.575944900512695,70179900,0.0,0.0,0.0
2003-04-21,26.940000534057617,27.100000381469727,26.6200008392334,26.920000076293945,22.660125732421875,52729600,0.0,0.0,0.0
2003-04-22,26.729999542236328,27.459999084472656,26.649999618530273,27.43000030517578,23.089427947998047,70757200,0.0,0.0,0.0
2003-04-23,27.5,27.75,27.260000228881836,27.6299991607666,23.257774353027344,70327100,0.0,0.0,0.0
2003-04-24,27.360000610351562,27.75,27.270000457763672,27.479999542236328,23.131513595581055,72383900,0.0,0.0,0.0
2003-04-25,27.31999969482422,27.420000076293945,26.860000610351562,26.950000762939453,22.685375213623047,63277900,0.0,0.0,0.0
2003-04-28,27.049999237060547,27.6299991607666,26.950000762939453,27.479999542236328,23.131513595581055,59666200,0.0,0.0,0.0
2003-04-29,27.639999389648438,28.059999465942383,27.40999984741211,27.729999542236328,23.341951370239258,79903800,0.0,0.0,0.0
2003-04-30,27.649999618530273,27.790000915527344,27.43000030517578,27.450000762939453,23.10625457763672,60202100,0.0,0.0,0.0
2003-05-01,27.440000534057617,27.8700008392334,27.190000534057617,27.690000534057617,23.30826759338379,66022600,0.0,0.0,0.0
2003-05-02,27.610000610351562,28.290000915527344,27.56999969482422,28.280000686645508,23.804920196533203,85004100,0.0,0.0,0.0
2003-05-05,28.329999923706055,28.709999084472656,28.170000076293945,28.25,23.779659271240234,80520300,0.0,0.0,0.0
2003-05-06,28.219999313354492,28.899999618530273,28.209999084472656,28.610000610351562,24.08270263671875,77338300,0.0,0.0,0.0
2003-05-07,28.40999984741211,28.690000534057617,28.1200008392334,28.290000915527344,23.813335418701172,70353200,0.0,0.0,0.0
2003-05-08,27.850000381469727,28.190000534057617,27.760000228881836,27.770000457763672,23.375619888305664,80249100,0.0,0.0,0.0
2003-05-09,28.040000915527344,28.479999542236328,28.0,28.40999984741211,23.914348602294922,58528200,0.0,0.0,0.0
2003-05-12,28.360000610351562,28.959999084472656,28.170000076293945,28.84000015258789,24.27629852294922,67487300,0.0,0.0,0.0
2003-05-13,28.6299991607666,28.989999771118164,28.540000915527344,28.65999984741211,24.124786376953125,64934300,0.0,0.0,0.0
2003-05-14,28.8700008392334,28.969999313354492,28.360000610351562,28.600000381469727,24.07427978515625,62181200,0.0,0.0,0.0
2003-05-15,28.75,28.979999542236328,28.559999465942383,28.920000076293945,24.343639373779297,62232100,0.0,0.0,0.0
2003-05-16,28.729999542236328,28.940000534057617,28.479999542236328,28.700000762939453,24.158451080322266,70590400,0.0,0.0,0.0
2003-05-19,28.520000457763672,28.68000030517578,27.610000610351562,27.690000534057617,23.30826759338379,91334800,0.0,0.0,0.0
2003-05-20,27.760000228881836,27.959999084472656,27.40999984741211,27.770000457763672,23.375619888305664,71817800,0.0,0.0,0.0
2003-05-21,27.649999618530273,27.75,27.440000534057617,27.690000534057617,23.30826759338379,63648500,0.0,0.0,0.0
2003-05-22,27.760000228881836,28.31999969482422,27.6200008392334,28.09000015258789,23.644977569580078,62401400,0.0,0.0,0.0
2003-05-23,28.040000915527344,28.25,27.950000762939453,28.100000381469727,23.653392791748047,37922500,0.0,0.0,0.0
2003-05-27,27.93000030517578,29.219999313354492,27.899999618530273,29.100000381469727,24.49517059326172,101422100,0.0,0.0,0.0
2003-05-28,29.15999984741211,29.399999618530273,28.959999084472656,29.190000534057617,24.570926666259766,76290400,0.0,0.0,0.0
2003-05-29,29.229999542236328,29.799999237060547,29.15999984741211,29.309999465942383,24.67192840576172,97336000,0.0,0.0,0.0
2003-05-30,29.530000686645508,29.8700008392334,29.450000762939453,29.790000915527344,25.075971603393555,78093700,0.0,0.0,0.0
2003-06-02,30.079999923706055,30.200000762939453,29.309999465942383,29.579999923706055,24.899198532104492,102937000,0.0,0.0,0.0
2003-06-03,29.440000534057617,29.8799991607666,29.329999923706055,29.860000610351562,25.13490104675293,81672600,0.0,0.0,0.0
2003-06-04,29.809999465942383,30.579999923706055,29.719999313354492,30.420000076293945,25.606281280517578,87046100,0.0,0.0,0.0
2003-06-05,30.1299991607666,30.68000030517578,29.969999313354492,30.639999389648438,25.791454315185547,88747900,0.0,0.0,0.0
2003-06-06,31.209999084472656,31.469999313354492,30.040000915527344,30.1299991607666,25.362163543701172,157178100,0.0,0.0,0.0
2003-06-09,30.0,30.219999313354492,29.530000686645508,29.729999542236328,25.02547264099121,94941800,0.0,0.0,0.0
2003-06-10,29.860000610351562,30.200000762939453,29.68000030517578,30.18000030517578,25.404258728027344,69660100,0.0,0.0,0.0
2003-06-11,30.06999969482422,30.639999389648438,29.799999237060547,30.520000457763672,25.69045639038086,87338200,0.0,0.0,0.0
2003-06-12,30.639999389648438,30.75,30.260000228881836,30.649999618530273,25.799882888793945,79450500,0.0,0.0,0.0
2003-06-13,30.65999984741211,30.729999542236328,29.860000610351562,29.959999084472656,25.219072341918945,83353600,0.0,0.0,0.0
2003-06-16,30.170000076293945,30.899999618530273,30.0,30.8799991607666,25.99349021911621,71211800,0.0,0.0,0.0
2003-06-17,31.020000457763672,31.110000610351562,30.559999465942383,30.760000228881836,25.892480850219727,67571200,0.0,0.0,0.0
2003-06-18,30.65999984741211,31.229999542236328,30.450000762939453,30.920000076293945,26.027156829833984,80215700,0.0,0.0,0.0
2003-06-19,30.979999542236328,31.239999771118164,30.3799991607666,30.420000076293945,25.606281280517578,79467200,0.0,0.0,0.0
2003-06-20,30.690000534057617,30.780000686645508,30.25,30.3799991607666,25.572612762451172,71512400,0.0,0.0,0.0
2003-06-23,30.329999923706055,30.3700008392334,29.559999465942383,29.90999984741211,25.17698097229004,86509400,0.0,0.0,0.0
2003-06-24,29.729999542236328,30.1299991607666,29.530000686645508,29.68000030517578,24.983367919921875,83004400,0.0,0.0,0.0
2003-06-25,29.670000076293945,30.18000030517578,29.469999313354492,29.520000457763672,24.848703384399414,94255300,0.0,0.0,0.0
2003-06-26,29.709999084472656,30.280000686645508,29.610000610351562,30.219999313354492,25.43792152404785,79187500,0.0,0.0,0.0
2003-06-27,30.25,30.56999969482422,29.770000457763672,29.829999923706055,25.109643936157227,82451900,0.0,0.0,0.0
2003-06-30,30.15999984741211,30.34000015258789,29.799999237060547,29.950000762939453,25.210655212402344,72043000,0.0,0.0,0.0
2003-07-01,29.700000762939453,30.3799991607666,29.260000228881836,30.350000381469727,25.5473575592041,105852500,0.0,0.0,0.0
2003-07-02,30.40999984741211,30.989999771118164,30.3799991607666,30.969999313354492,26.069242477416992,81972500,0.0,0.0,0.0
2003-07-03,30.700000762939453,31.100000381469727,30.469999313354492,30.579999923706055,25.74095916748047,50050400,0.0,0.0,0.0
2003-07-07,30.969999313354492,31.899999618530273,30.959999084472656,31.889999389648438,26.843669891357422,88554600,0.0,0.0,0.0
2003-07-08,31.780000686645508,32.310001373291016,31.6200008392334,32.279998779296875,27.171945571899414,81874500,0.0,0.0,0.0
2003-07-09,32.18000030517578,32.4900016784668,31.93000030517578,32.20000076293945,27.104610443115234,89588400,0.0,0.0,0.0
2003-07-10,31.850000381469727,31.989999771118164,31.329999923706055,31.600000381469727,26.599550247192383,102928700,0.0,0.0,0.0
2003-07-11,31.649999618530273,31.989999771118164,31.610000610351562,31.84000015258789,26.801570892333984,67728100,0.0,0.0,0.0
2003-07-14,32.34000015258789,32.75,32.06999969482422,32.220001220703125,27.12143898010254,84524600,0.0,0.0,0.0
2003-07-15,32.529998779296875,32.650001525878906,31.940000534057617,32.2599983215332,27.155107498168945,75059000,0.0,0.0,0.0
2003-07-16,32.459999084472656,32.5,31.729999542236328,32.15999984741211,27.070932388305664,80138700,0.0,0.0,0.0
2003-07-17,31.68000030517578,31.84000015258789,31.040000915527344,31.18000030517578,26.246017456054688,116260400,0.0,0.0,0.0
2003-07-18,31.399999618530273,31.549999237060547,30.920000076293945,31.280000686645508,26.3302001953125,80519000,0.0,0.0,0.0
2003-07-21,31.239999771118164,31.299999237060547,30.610000610351562,30.8799991607666,25.99349021911621,111325300,0.0,0.0,0.0
2003-07-22,31.110000610351562,31.5,30.860000610351562,31.34000015258789,26.380695343017578,91471500,0.0,0.0,0.0
2003-07-23,31.389999389648438,31.639999389648438,30.989999771118164,31.600000381469727,26.599550247192383,69050400,0.0,0.0,0.0
2003-07-24,31.850000381469727,32.02000045776367,31.079999923706055,31.18000030517578,26.246017456054688,82999700,0.0,0.0,0.0
2003-07-25,31.1299991607666,31.84000015258789,30.770000457763672,31.799999237060547,26.767900466918945,82709600,0.0,0.0,0.0
2003-07-28,31.860000610351562,31.989999771118164,31.600000381469727,31.889999389648438,26.843669891357422,56180800,0.0,0.0,0.0
2003-07-29,31.93000030517578,32.02000045776367,31.239999771118164,31.649999618530273,26.641639709472656,80560100,0.0,0.0,0.0
2003-07-30,31.709999084472656,31.739999771118164,31.329999923706055,31.420000076293945,26.44803810119629,56617300,0.0,0.0,0.0
2003-07-31,31.790000915527344,32.33000183105469,31.520000457763672,31.799999237060547,26.767900466918945,85544100,0.0,0.0,0.0
2003-08-01,31.690000534057617,31.790000915527344,31.299999237060547,31.459999084472656,26.481700897216797,73545400,0.0,0.0,0.0
2003-08-04,31.420000076293945,31.799999237060547,30.84000015258789,31.450000762939453,26.473289489746094,96344600,0.0,0.0,0.0
2003-08-05,31.40999984741211,31.479999542236328,30.100000381469727,30.209999084472656,25.42951202392578,111041800,0.0,0.0,0.0
2003-08-06,30.360000610351562,30.770000457763672,30.100000381469727,30.190000534057617,25.412677764892578,96816000,0.0,0.0,0.0
2003-08-07,30.219999313354492,30.510000228881836,30.020000457763672,30.309999465942383,25.51368522644043,67326600,0.0,0.0,0.0
2003-08-08,30.43000030517578,30.549999237060547,29.93000030517578,30.06999969482422,25.311664581298828,66677100,0.0,0.0,0.0
2003-08-11,30.079999923706055,30.600000381469727,30.030000686645508,30.399999618530273,25.58943748474121,63712200,0.0,0.0,0.0
2003-08-12,30.510000228881836,30.899999618530273,30.329999923706055,30.860000610351562,25.976652145385742,59676100,0.0,0.0,0.0
2003-08-13,30.979999542236328,31.06999969482422,30.649999618530273,30.8700008392334,25.985069274902344,57969700,0.0,0.0,0.0
2003-08-14,30.8799991607666,31.190000534057617,30.670000076293945,30.899999618530273,26.010326385498047,50271500,0.0,0.0,0.0
2003-08-15,31.0,31.290000915527344,30.93000030517578,31.170000076293945,26.23759651184082,28116300,0.0,0.0,0.0
2003-08-18,31.309999465942383,32.0099983215332,31.229999542236328,31.969999313354492,26.9110050201416,67224100,0.0,0.0,0.0
2003-08-19,32.11000061035156,32.380001068115234,31.850000381469727,32.369998931884766,27.247703552246094,68205000,0.0,0.0,0.0
2003-08-20,32.099998474121094,32.52000045776367,32.02000045776367,32.290000915527344,27.180362701416016,58233500,0.0,0.0,0.0
2003-08-21,32.59000015258789,32.81999969482422,32.27000045776367,32.63999938964844,27.474979400634766,77161400,0.0,0.0,0.0
2003-08-22,33.2599983215332,33.369998931884766,32.380001068115234,32.439998626708984,27.306625366210938,92989800,0.0,0.0,0.0
2003-08-25,32.36000061035156,32.540000915527344,32.209999084472656,32.5099983215332,27.365550994873047,43044700,0.0,0.0,0.0
2003-08-26,32.279998779296875,32.59000015258789,31.809999465942383,32.540000915527344,27.39081382751465,79838500,0.0,0.0,0.0
2003-08-27,32.4900016784668,32.83000183105469,32.369998931884766,32.79999923706055,27.609661102294922,47532100,0.0,0.0,0.0
2003-08-28,32.939998626708984,33.119998931884766,32.52000045776367,33.09000015258789,27.85377311706543,55311000,0.0,0.0,0.0
2003-08-29,33.040000915527344,33.459999084472656,32.97999954223633,33.38999938964844,28.106294631958008,53148800,0.0,0.0,0.0
2003-09-02,33.4900016784668,33.88999938964844,33.130001068115234,33.869998931884766,28.510347366333008,80303100,0.0,0.0,0.0
2003-09-03,34.099998474121094,34.20000076293945,33.650001525878906,33.849998474121094,28.493494033813477,85234800,0.0,0.0,0.0
2003-09-04,33.83000183105469,34.220001220703125,33.70000076293945,34.15999984741211,28.754459381103516,63736100,0.0,0.0,0.0
2003-09-05,33.970001220703125,34.34000015258789,33.66999816894531,33.939998626708984,28.56926727294922,91024100,0.0,0.0,0.0
2003-09-08,34.0,34.529998779296875,33.95000076293945,34.5,29.04066276550293,69296000,0.0,0.0,0.0
2003-09-09,34.31999969482422,34.38999938964844,33.91999816894531,34.09000015258789,28.695537567138672,87817500,0.0,0.0,0.0
2003-09-10,33.75,33.88999938964844,33.11000061035156,33.27000045776367,28.005279541015625,111624500,0.0,0.0,0.0
2003-09-11,33.279998779296875,33.779998779296875,33.0099983215332,33.63999938964844,28.31673240661621,96914900,0.0,0.0,0.0
2003-09-12,33.34000015258789,33.84000015258789,33.04999923706055,33.81999969482422,28.4682559967041,104963000,0.0,0.0,0.0
2003-09-15,33.84000015258789,33.90999984741211,33.439998626708984,33.4900016784668,28.190465927124023,54594200,0.0,0.0,0.0
2003-09-16,33.52000045776367,34.43000030517578,33.52000045776367,34.400001525878906,28.956470489501953,87463800,0.0,0.0,0.0
2003-09-17,34.33000183105469,34.5,34.029998779296875,34.2599983215332,28.83864402770996,79794700,0.0,0.0,0.0
2003-09-18,34.16999816894531,34.86000061035156,34.0,34.779998779296875,29.276344299316406,91469900,0.0,0.0,0.0
2003-09-19,34.790000915527344,34.86000061035156,34.36000061035156,34.58000183105469,29.107988357543945,69796000,0.0,0.0,0.0
2003-09-22,34.130001068115234,34.20000076293945,33.77000045776367,33.91999816894531,28.55242156982422,97477500,0.0,0.0,0.0
2003-09-23,33.970001220703125,34.560001373291016,33.90999984741211,34.52000045776367,29.05748176574707,77826500,0.0,0.0,0.0
2003-09-24,34.5099983215332,34.52000045776367,33.16999816894531,33.220001220703125,27.963191986083984,115057400,0.0,0.0,0.0
2003-09-25,33.380001068115234,33.7400016784668,32.7599983215332,32.790000915527344,27.60124397277832,117604800,0.0,0.0,0.0
2003-09-26,32.88999938964844,33.16999816894531,32.52000045776367,32.58000183105469,27.424489974975586,106581000,0.0,0.0,0.0
2003-09-29,32.7599983215332,33.16999816894531,32.45000076293945,33.13999938964844,27.895854949951172,96862800,0.0,0.0,0.0
2003-09-30,32.91999816894531,32.959999084472656,32.36000061035156,32.41999816894531,27.2897891998291,119122500,0.0,0.0,0.0
2003-10-01,32.61000061035156,33.22999954223633,32.41999816894531,33.150001525878906,27.904273986816406,106653600,0.0,0.0,0.0
2003-10-02,33.099998474121094,33.43000030517578,32.93000030517578,33.2599983215332,27.996868133544922,83911100,0.0,0.0,0.0
2003-10-03,33.849998474121094,34.470001220703125,33.81999969482422,34.189998626708984,28.779706954956055,112862800,0.0,0.0,0.0
2003-10-06,34.279998779296875,34.45000076293945,34.060001373291016,34.439998626708984,28.990127563476562,49162900,0.0,0.0,0.0
2003-10-07,34.15999984741211,34.650001525878906,34.0099983215332,34.650001525878906,29.166915893554688,80104600,0.0,0.0,0.0
2003-10-08,34.810001373291016,34.84000015258789,34.220001220703125,34.43000030517578,28.981727600097656,71387400,0.0,0.0,0.0
2003-10-09,34.90999984741211,35.27000045776367,34.43000030517578,34.689998626708984,29.200590133666992,118216100,0.0,0.0,0.0
2003-10-10,34.77000045776367,35.029998779296875,34.63999938964844,35.0099983215332,29.469945907592773,68356200,0.0,0.0,0.0
2003-10-13,35.13999938964844,35.369998931884766,34.91999816894531,35.2400016784668,29.66354751586914,60919800,0.0,0.0,0.0
2003-10-14,35.099998474121094,35.43000030517578,34.959999084472656,35.33000183105469,29.73930549621582,62274900,0.0,0.0,0.0
2003-10-15,35.79999923706055,35.849998474121094,35.029998779296875,35.18000030517578,29.613046646118164,97045200,0.0,0.0,0.0
2003-10-16,35.099998474121094,35.529998779296875,35.060001373291016,35.459999084472656,29.84873390197754,73955000,0.0,0.0,0.0
2003-10-17,35.40999984741211,35.4900016784668,34.599998474121094,34.61000061035156,29.133262634277344,97794400,0.0,0.0,0.0
2003-10-20,34.650001525878906,35.08000183105469,34.5,35.040000915527344,29.495203018188477,75544300,0.0,0.0,0.0
2003-10-21,35.13999938964844,35.45000076293945,34.939998626708984,35.25,29.671968460083008,73455600,0.0,0.0,0.0
2003-10-22,34.88999938964844,34.93000030517578,34.439998626708984,34.56999969482422,29.099567413330078,88141400,0.0,0.0,0.0
2003-10-23,34.150001525878906,34.5099983215332,34.04999923706055,34.16999816894531,28.76287269592285,95409600,0.0,0.0,0.0
2003-10-24,33.790000915527344,34.22999954223633,33.4900016784668,34.20000076293945,28.78812599182129,101778600,0.0,0.0,0.0
2003-10-27,34.279998779296875,34.45000076293945,34.040000915527344,34.209999084472656,28.796541213989258,63604500,0.0,0.0,0.0
2003-10-28,34.43000030517578,35.40999984741211,34.369998931884766,35.36000061035156,29.76457405090332,107375700,0.0,0.0,0.0
2003-10-29,35.20000076293945,35.40999984741211,35.06999969482422,35.31999969482422,29.730886459350586,74075200,0.0,0.0,0.0
2003-10-30,35.810001373291016,36.0,35.13999938964844,35.38999938964844,29.789812088012695,95062600,0.0,0.0,0.0
2003-10-31,35.439998626708984,35.4900016784668,35.060001373291016,35.18000030517578,29.613046646118164,55473200,0.0,0.0,0.0
2003-11-03,35.43000030517578,35.97999954223633,35.36000061035156,35.7599983215332,30.101272583007812,71141200,0.0,0.0,0.0
2003-11-04,35.689998626708984,35.869998931884766,35.45000076293945,35.52000045776367,29.89927101135254,60033900,0.0,0.0,0.0
2003-11-05,35.52000045776367,35.88999938964844,35.150001525878906,35.84000015258789,30.168590545654297,67412700,0.0,0.0,0.0
2003-11-06,35.790000915527344,35.970001220703125,35.34000015258789,35.939998626708984,30.252775192260742,90567400,0.0,0.0,0.0
2003-11-07,36.08000183105469,36.18000030517578,35.599998474121094,35.630001068115234,29.991825103759766,63505200,0.0,0.0,0.0
2003-11-10,35.70000076293945,35.7400016784668,35.09000015258789,35.189998626708984,29.62147331237793,68896400,0.0,0.0,0.0
2003-11-11,35.150001525878906,35.29999923706055,34.849998474121094,35.060001373291016,29.512033462524414,75607100,0.0,0.0,0.0
2003-11-12,35.16999816894531,35.959999084472656,35.13999938964844,35.810001373291016,30.143360137939453,80364600,0.0,0.0,0.0
2003-11-13,35.709999084472656,35.900001525878906,35.54999923706055,35.77000045776367,30.109678268432617,64243000,0.0,0.0,0.0
2003-11-14,35.810001373291016,36.02000045776367,34.95000076293945,35.040000915527344,29.495203018188477,90932200,0.0,0.0,0.0
2003-11-17,34.84000015258789,34.90999984741211,34.2599983215332,34.68000030517578,29.192171096801758,108063100,0.0,0.0,0.0
2003-11-18,34.869998931884766,34.970001220703125,33.81999969482422,33.880001068115234,28.518756866455078,108588500,0.0,0.0,0.0
2003-11-19,34.0099983215332,34.400001525878906,33.880001068115234,34.209999084472656,28.796541213989258,86320300,0.0,0.0,0.0
2003-11-20,33.91999816894531,34.68000030517578,33.810001373291016,33.880001068115234,28.518756866455078,117324500,0.0,0.0,0.0
2003-11-21,34.08000183105469,34.2599983215332,33.72999954223633,34.22999954223633,28.813371658325195,81787500,0.0,0.0,0.0
2003-11-24,34.52000045776367,35.25,34.470001220703125,35.18000030517578,29.613046646118164,92057500,0.0,0.0,0.0
2003-11-25,35.290000915527344,35.45000076293945,35.09000015258789,35.18000030517578,29.613046646118164,72519800,0.0,0.0,0.0
2003-11-26,35.400001525878906,35.52000045776367,34.810001373291016,35.34000015258789,29.747722625732422,72842900,0.0,0.0,0.0
2003-11-28,35.2599983215332,35.5,35.209999084472656,35.380001068115234,29.781396865844727,24802600,0.0,0.0,0.0
2003-12-01,35.709999084472656,36.0099983215332,35.470001220703125,35.900001525878906,30.219118118286133,82767300,0.0,0.0,0.0
2003-12-02,35.81999969482422,36.04999923706055,35.58000183105469,35.70000076293945,30.050756454467773,62504500,0.0,0.0,0.0
2003-12-03,35.84000015258789,36.119998931884766,35.25,35.25,29.671968460083008,107568500,0.0,0.0,0.0
2003-12-04,35.380001068115234,35.709999084472656,35.08000183105469,35.630001068115234,29.991825103759766,102334800,0.0,0.0,0.0
2003-12-05,35.27000045776367,35.5,34.959999084472656,35.040000915527344,29.495203018188477,87490200,0.0,0.0,0.0
2003-12-08,35.02000045776367,35.33000183105469,34.779998779296875,35.2400016784668,29.66354751586914,86961200,0.0,0.0,0.0
2003-12-09,35.439998626708984,35.459999084472656,34.349998474121094,34.43000030517578,28.981727600097656,109949500,0.0,0.0,0.0
2003-12-10,34.5,34.70000076293945,34.130001068115234,34.560001373291016,29.09115219116211,103504200,0.0,0.0,0.0
2003-12-11,34.5,35.38999938964844,34.4900016784668,35.29999923706055,29.714065551757812,108374700,0.0,0.0,0.0
2003-12-12,35.310001373291016,35.34000015258789,34.900001525878906,35.2400016784668,29.66354751586914,72189400,0.0,0.0,0.0
2003-12-15,35.93000030517578,35.9900016784668,34.650001525878906,34.779998779296875,29.276344299316406,106091400,0.0,0.0,0.0
2003-12-16,34.790000915527344,35.02000045776367,34.41999816894531,34.849998474121094,29.335269927978516,89854700,0.0,0.0,0.0
2003-12-17,34.810001373291016,35.0,34.56999969482422,34.90999984741211,29.385778427124023,68539900,0.0,0.0,0.0
2003-12-18,34.95000076293945,35.63999938964844,34.95000076293945,35.560001373291016,29.93290138244629,89978100,0.0,0.0,0.0
2003-12-19,35.61000061035156,35.650001525878906,35.20000076293945,35.459999084472656,29.84873390197754,89762300,0.0,0.0,0.0
2003-12-22,35.349998474121094,35.68000030517578,35.290000915527344,35.56999969482422,29.94133186340332,63580000,0.0,0.0,0.0
2003-12-23,35.599998474121094,36.02000045776367,35.529998779296875,35.84000015258789,30.168590545654297,66999800,0.0,0.0,0.0
2003-12-24,35.84000015258789,36.02000045776367,35.79999923706055,35.900001525878906,30.23093032836914,44840300,0.014,0.0,0.0
2003-12-26,35.959999084472656,36.09000015258789,35.81999969482422,35.849998474121094,30.18882942199707,25497600,0.0,0.0,0.0
2003-12-29,36.029998779296875,36.529998779296875,36.02000045776367,36.439998626708984,30.685632705688477,63296200,0.0,0.0,0.0
2003-12-30,36.529998779296875,36.58000183105469,36.29999923706055,36.560001373291016,30.786701202392578,48249400,0.0,0.0,0.0
2003-12-31,36.619998931884766,36.63999938964844,36.25,36.459999084472656,30.70248031616211,60494600,0.0,0.0,0.0
2004-01-02,36.65999984741211,36.790000915527344,36.220001220703125,36.36000061035156,30.61827850341797,55234100,0.0,0.0,0.0
2004-01-05,36.58000183105469,37.15999984741211,36.560001373291016,37.09000015258789,31.232995986938477,69717900,0.0,0.0,0.0
2004-01-06,37.08000183105469,37.41999816894531,36.95000076293945,37.34000015258789,31.44352149963379,60033000,0.0,0.0,0.0
2004-01-07,37.279998779296875,37.68000030517578,37.06999969482422,37.68000030517578,31.729843139648438,71830000,0.0,0.0,0.0
2004-01-08,37.849998474121094,38.0,37.599998474121094,37.97999954223633,31.982465744018555,76800900,0.0,0.0,0.0
2004-01-09,37.709999084472656,38.349998474121094,37.59000015258789,37.72999954223633,31.771930694580078,94296500,0.0,0.0,0.0
2004-01-12,37.849998474121094,38.349998474121094,37.68000030517578,38.33000183105469,32.27719497680664,77668400,0.0,0.0,0.0
2004-01-13,38.27000045776367,38.36000061035156,37.599998474121094,37.95000076293945,31.957197189331055,92973900,0.0,0.0,0.0
2004-01-14,38.08000183105469,38.25,37.75,38.08000183105469,32.06669235229492,68122400,0.0,0.0,0.0
2004-01-15,37.93000030517578,38.459999084472656,37.630001068115234,38.18000030517578,32.15087127685547,104427700,0.0,0.0,0.0
2004-01-16,38.380001068115234,38.630001068115234,38.16999816894531,38.56999969482422,32.47929000854492,77324100,0.0,0.0,0.0
2004-01-20,38.72999954223633,39.0,38.310001373291016,38.540000915527344,32.45402526855469,81998100,0.0,0.0,0.0
2004-01-21,38.38999938964844,38.65999984741211,38.0,38.380001068115234,32.319305419921875,112180300,0.0,0.0,0.0
2004-01-22,38.54999923706055,38.689998626708984,38.060001373291016,38.150001525878906,32.125614166259766,90061900,0.0,0.0,0.0
2004-01-23,38.209999084472656,38.459999084472656,37.779998779296875,38.0099983215332,32.007720947265625,88751300,0.0,0.0,0.0
2004-01-26,37.97999954223633,38.650001525878906,37.84000015258789,38.59000015258789,32.49613571166992,84538000,0.0,0.0,0.0
2004-01-27,38.5099983215332,38.630001068115234,37.689998626708984,37.7400016784668,31.780344009399414,97191600,0.0,0.0,0.0
2004-01-28,37.939998626708984,38.060001373291016,37.0,37.099998474121094,31.241432189941406,127959700,0.0,0.0,0.0
2004-01-29,37.2400016784668,37.310001373291016,36.65999984741211,37.2400016784668,31.35932159423828,143925900,0.0,0.0,0.0
2004-01-30,37.20000076293945,37.439998626708984,36.970001220703125,37.06999969482422,31.216161727905273,84264700,0.0,0.0,0.0
2004-02-02,37.20000076293945,37.47999954223633,36.81999969482422,36.970001220703125,31.131969451904297,94507900,0.0,0.0,0.0
2004-02-03,36.90999984741211,37.2400016784668,36.84000015258789,36.93000030517578,31.09827423095703,73488700,0.0,0.0,0.0
2004-02-04,36.619998931884766,36.86000061035156,36.33000183105469,36.33000183105469,30.593032836914062,109933000,0.0,0.0,0.0
2004-02-05,36.5099983215332,36.709999084472656,36.33000183105469,36.470001220703125,30.710914611816406,96784500,0.0,0.0,0.0
2004-02-06,36.599998474121094,37.279998779296875,36.529998779296875,37.130001068115234,31.266695022583008,107174100,0.0,0.0,0.0
2004-02-09,37.34000015258789,37.380001068115234,37.04999923706055,37.119998931884766,31.258262634277344,58817700,0.0,0.0,0.0
2004-02-10,37.060001373291016,37.40999984741211,37.029998779296875,37.18000030517578,31.308788299560547,65042700,0.0,0.0,0.0
2004-02-11,37.2400016784668,37.66999816894531,37.06999969482422,37.58000183105469,31.645631790161133,92503000,0.0,0.0,0.0
2004-02-12,37.52000045776367,37.70000076293945,37.2400016784668,37.25,31.367727279663086,70556400,0.0,0.0,0.0
2004-02-13,37.38999938964844,37.970001220703125,36.7599983215332,36.939998626708984,31.106685638427734,90570400,0.0,0.0,0.0
2004-02-17,37.279998779296875,37.619998931884766,37.220001220703125,37.439998626708984,31.527738571166992,69678600,0.0,0.0,0.0
2004-02-18,37.5099983215332,37.66999816894531,37.31999969482422,37.54999923706055,31.620376586914062,70972100,0.0,0.0,0.0
2004-02-19,37.869998931884766,37.900001525878906,36.81999969482422,36.97999954223633,31.140384674072266,100843800,0.0,0.0,0.0
2004-02-20,37.0,37.13999938964844,36.54999923706055,36.86000061035156,31.03931999206543,132347600,0.0,0.0,0.0
2004-02-23,37.0,37.029998779296875,36.11000061035156,36.45000076293945,30.694061279296875,125199800,0.0,0.0,0.0
2004-02-24,36.29999923706055,36.650001525878906,36.099998474121094,36.36000061035156,30.61827850341797,124521900,0.0,0.0,0.0
2004-02-25,36.43000030517578,36.66999816894531,36.33000183105469,36.58000183105469,30.80354881286621,74457100,0.0,0.0,0.0
2004-02-26,36.470001220703125,36.84000015258789,36.310001373291016,36.66999816894531,30.879322052001953,71327600,0.0,0.0,0.0
2004-02-27,36.7599983215332,36.939998626708984,36.27000045776367,36.56999969482422,30.795129776000977,99383900,0.0,0.0,0.0
2004-03-01,36.68000030517578,37.06999969482422,36.470001220703125,37.04999923706055,31.199325561523438,79700700,0.0,0.0,0.0
2004-03-02,36.97999954223633,37.18000030517578,36.61000061035156,36.619998931884766,30.837230682373047,91536000,0.0,0.0,0.0
2004-03-03,36.5099983215332,36.630001068115234,36.209999084472656,36.41999816894531,30.668819427490234,83938300,0.0,0.0,0.0
2004-03-04,36.439998626708984,36.83000183105469,36.38999938964844,36.7599983215332,30.955123901367188,65905600,0.0,0.0,0.0
2004-03-05,36.41999816894531,37.150001525878906,36.36000061035156,36.630001068115234,30.845645904541016,118107100,0.0,0.0,0.0
2004-03-08,36.689998626708984,36.81999969482422,35.72999954223633,35.77000045776367,30.12144660949707,112599500,0.0,0.0,0.0
2004-03-09,35.810001373291016,35.97999954223633,35.52000045776367,35.65999984741211,30.028825759887695,126140400,0.0,0.0,0.0
2004-03-10,35.75,36.0,35.130001068115234,35.189998626708984,29.6330509185791,134226100,0.0,0.0,0.0
2004-03-11,35.06999969482422,35.529998779296875,34.79999923706055,34.869998931884766,29.363569259643555,152132000,0.0,0.0,0.0
2004-03-12,35.18000030517578,35.59000015258789,35.150001525878906,35.5099983215332,29.902515411376953,118369600,0.0,0.0,0.0
2004-03-15,35.36000061035156,35.400001525878906,34.810001373291016,34.88999938964844,29.380416870117188,115813600,0.0,0.0,0.0
2004-03-16,35.11000061035156,35.25,34.630001068115234,34.95000076293945,29.430936813354492,123265100,0.0,0.0,0.0
2004-03-17,35.209999084472656,35.619998931884766,35.18000030517578,35.5,29.89409637451172,91684700,0.0,0.0,0.0
2004-03-18,35.369998931884766,35.459999084472656,34.970001220703125,35.34000015258789,29.759349822998047,111249700,0.0,0.0,0.0
2004-03-19,35.279998779296875,35.459999084472656,34.720001220703125,34.75,29.262523651123047,99976700,0.0,0.0,0.0
2004-03-22,34.529998779296875,34.54999923706055,34.029998779296875,34.310001373291016,28.891996383666992,133870400,0.0,0.0,0.0
2004-03-23,34.59000015258789,34.650001525878906,34.0099983215332,34.029998779296875,28.656208038330078,125945800,0.0,0.0,0.0
2004-03-24,34.150001525878906,34.630001068115234,34.0099983215332,34.41999816894531,28.984628677368164,118876800,0.0,0.0,0.0
2004-03-25,34.650001525878906,35.459999084472656,34.619998931884766,35.34000015258789,29.759349822998047,142122000,0.0,0.0,0.0
2004-03-26,35.29999923706055,35.58000183105469,35.20000076293945,35.220001220703125,29.658327102661133,78430800,0.0,0.0,0.0
2004-03-29,35.5099983215332,35.959999084472656,35.4900016784668,35.790000915527344,30.1382999420166,103864000,0.0,0.0,0.0
2004-03-30,35.66999816894531,35.939998626708984,35.52000045776367,35.90999984741211,30.239343643188477,95716500,0.0,0.0,0.0
2004-03-31,35.91999816894531,36.0,35.61000061035156,35.84000015258789,30.18037986755371,85993900,0.0,0.0,0.0
2004-04-01,35.810001373291016,36.25,35.779998779296875,36.15999984741211,30.449871063232422,93048600,0.0,0.0,0.0
2004-04-02,36.88999938964844,37.15999984741211,36.52000045776367,37.099998474121094,31.241432189941406,145964000,0.0,0.0,0.0
2004-04-05,37.0099983215332,37.5,36.970001220703125,37.45000076293945,31.53615379333496,67351600,0.0,0.0,0.0
2004-04-06,37.15999984741211,37.25,36.91999816894531,36.97999954223633,31.140384674072266,98611400,0.0,0.0,0.0
2004-04-07,36.9900016784668,37.11000061035156,36.65999984741211,36.939998626708984,31.106685638427734,91004900,0.0,0.0,0.0
2004-04-08,37.349998474121094,37.38999938964844,36.7400016784668,36.939998626708984,31.106685638427734,77176300,0.0,0.0,0.0
2004-04-12,37.02000045776367,37.2400016784668,36.97999954223633,37.16999816894531,31.30037498474121,55285700,0.0,0.0,0.0
2004-04-13,37.34000015258789,37.36000061035156,36.459999084472656,36.630001068115234,30.845645904541016,100624400,0.0,0.0,0.0
2004-04-14,36.40999984741211,36.95000076293945,36.36000061035156,36.810001373291016,30.997220993041992,113663200,0.0,0.0,0.0
2004-04-15,36.75,36.86000061035156,36.02000045776367,36.150001525878906,30.441444396972656,123565500,0.0,0.0,0.0
2004-04-16,36.20000076293945,36.31999969482422,35.790000915527344,36.09000015258789,30.390907287597656,110736600,0.0,0.0,0.0
2004-04-19,36.0099983215332,36.59000015258789,35.97999954223633,36.529998779296875,30.761436462402344,85838700,0.0,0.0,0.0
2004-04-20,36.61000061035156,36.790000915527344,35.63999938964844,35.68000030517578,30.045669555664062,119545100,0.0,0.0,0.0
2004-04-21,35.900001525878906,36.11000061035156,35.650001525878906,35.9900016784668,30.306713104248047,117850500,0.0,0.0,0.0
2004-04-22,36.0,37.0099983215332,35.97999954223633,36.91999816894531,31.08985137939453,137623300,0.0,0.0,0.0
2004-04-23,37.08000183105469,37.2599983215332,36.900001525878906,37.209999084472656,31.33407211303711,91855600,0.0,0.0,0.0
2004-04-26,37.18000030517578,37.290000915527344,36.650001525878906,36.939998626708984,31.106685638427734,74392200,0.0,0.0,0.0
2004-04-27,36.95000076293945,37.189998626708984,36.689998626708984,36.869998931884766,31.047754287719727,87548500,0.0,0.0,0.0
2004-04-28,36.709999084472656,36.720001220703125,36.02000045776367,36.20000076293945,30.48354148864746,111740700,0.0,0.0,0.0
2004-04-29,36.09000015258789,36.34000015258789,35.29999923706055,35.63999938964844,30.011966705322266,156917100,0.0,0.0,0.0
2004-04-30,35.65999984741211,35.79999923706055,34.720001220703125,34.77000045776367,29.279361724853516,150829200,0.0,0.0,0.0
2004-05-03,35.0,35.52000045776367,34.88999938964844,35.099998474121094,29.5572452545166,117007200,0.0,0.0,0.0
2004-05-04,35.209999084472656,35.75,35.029998779296875,35.25,29.683565139770508,126176000,0.0,0.0,0.0
2004-05-05,35.41999816894531,35.70000076293945,35.20000076293945,35.529998779296875,29.919355392456055,97528500,0.0,0.0,0.0
2004-05-06,35.22999954223633,35.439998626708984,34.849998474121094,35.2599983215332,29.691987991333008,102733300,0.0,0.0,0.0
2004-05-07,35.09000015258789,35.63999938964844,34.90999984741211,34.970001220703125,29.447790145874023,137686000,0.0,0.0,0.0
2004-05-10,34.66999816894531,34.900001525878906,34.41999816894531,34.66999816894531,29.195144653320312,156951400,0.0,0.0,0.0
2004-05-11,34.970001220703125,35.380001068115234,34.91999816894531,35.189998626708984,29.6330509185791,120493600,0.0,0.0,0.0
2004-05-12,35.119998931884766,35.290000915527344,34.27000045776367,35.2599983215332,29.691987991333008,197765400,0.0,0.0,0.0
2004-05-13,35.060001373291016,35.45000076293945,34.91999816894531,35.0099983215332,29.481454849243164,137841700,0.0,0.0,0.0
2004-05-14,35.20000076293945,35.310001373291016,34.63999938964844,34.75,29.262523651123047,133689900,0.0,0.0,0.0
2004-05-17,34.380001068115234,34.65999984741211,34.11000061035156,34.41999816894531,28.984628677368164,150652400,0.0,0.0,0.0
2004-05-18,34.65999984741211,34.900001525878906,34.599998474121094,34.72999954223633,29.24567413330078,96686400,0.0,0.0,0.0
2004-05-19,35.15999984741211,35.5099983215332,34.630001068115234,34.689998626708984,29.211997985839844,141646900,0.0,0.0,0.0
2004-05-20,34.779998779296875,35.02000045776367,34.560001373291016,34.849998474121094,29.346729278564453,94938500,0.0,0.0,0.0
2004-05-21,35.0099983215332,35.16999816894531,34.7400016784668,35.02000045776367,29.489883422851562,111329200,0.0,0.0,0.0
2004-05-24,35.29999923706055,35.459999084472656,35.0,35.2599983215332,29.691987991333008,99861800,0.0,0.0,0.0
2004-05-25,35.150001525878906,36.08000183105469,34.95000076293945,35.959999084472656,30.28145408630371,146321400,0.0,0.0,0.0
2004-05-26,35.86000061035156,36.189998626708984,35.810001373291016,36.189998626708984,30.475139617919922,93789700,0.0,0.0,0.0
2004-05-27,36.290000915527344,36.5,36.060001373291016,36.41999816894531,30.668819427490234,110183400,0.0,0.0,0.0
2004-05-28,36.380001068115234,36.54999923706055,36.209999084472656,36.54999923706055,30.778297424316406,56379500,0.0,0.0,0.0
2004-06-01,36.27000045776367,36.54999923706055,36.11000061035156,36.5,30.73616600036621,90592700,0.0,0.0,0.0
2004-06-02,36.560001373291016,36.65999984741211,36.16999816894531,36.41999816894531,30.668819427490234,103519800,0.0,0.0,0.0
2004-06-03,36.29999923706055,36.36000061035156,35.81999969482422,35.97999954223633,30.29828453063965,97301400,0.0,0.0,0.0
2004-06-04,36.34000015258789,36.619998931884766,36.16999816894531,36.189998626708984,30.475139617919922,91233200,0.0,0.0,0.0
2004-06-07,36.439998626708984,37.099998474121094,36.34000015258789,37.04999923706055,31.199325561523438,107532600,0.0,0.0,0.0
2004-06-08,36.900001525878906,37.189998626708984,36.849998474121094,37.099998474121094,31.241432189941406,72530900,0.0,0.0,0.0
2004-06-09,36.97999954223633,37.04999923706055,36.5,36.58000183105469,30.80354881286621,98215200,0.0,0.0,0.0
2004-06-10,36.689998626708984,36.84000015258789,36.54999923706055,36.84000015258789,31.022472381591797,57101300,0.0,0.0,0.0
2004-06-14,36.61000061035156,36.61000061035156,36.099998474121094,36.31999969482422,30.584598541259766,85129900,0.0,0.0,0.0
2004-06-15,36.560001373291016,36.9900016784668,36.560001373291016,36.790000915527344,30.980388641357422,91937700,0.0,0.0,0.0
2004-06-16,36.77000045776367,36.900001525878906,36.650001525878906,36.72999954223633,30.929834365844727,64743300,0.0,0.0,0.0
2004-06-17,36.650001525878906,36.65999984741211,36.25,36.38999938964844,30.64354705810547,77844200,0.0,0.0,0.0
2004-06-18,36.29999923706055,36.84000015258789,36.2599983215332,36.439998626708984,30.685632705688477,78641500,0.0,0.0,0.0
2004-06-21,36.52000045776367,36.630001068115234,36.060001373291016,36.150001525878906,30.441444396972656,65373100,0.0,0.0,0.0
2004-06-22,36.15999984741211,36.70000076293945,36.02000045776367,36.68000030517578,30.887739181518555,101524300,0.0,0.0,0.0
2004-06-23,36.56999969482422,37.189998626708984,36.5099983215332,37.119998931884766,31.258262634277344,94393900,0.0,0.0,0.0
2004-06-24,37.02000045776367,37.349998474121094,36.91999816894531,37.04999923706055,31.199325561523438,92343200,0.0,0.0,0.0
2004-06-25,37.0,37.38999938964844,36.97999954223633,37.33000183105469,31.435115814208984,81005400,0.0,0.0,0.0
2004-06-28,37.4900016784668,37.52000045776367,36.900001525878906,37.02000045776367,31.17405128479004,94033200,0.0,0.0,0.0
2004-06-29,37.099998474121094,37.59000015258789,37.08000183105469,37.369998931884766,31.468801498413086,68265900,0.0,0.0,0.0
2004-06-30,37.45000076293945,37.900001525878906,37.349998474121094,37.7400016784668,31.780344009399414,97809500,0.0,0.0,0.0
2004-07-01,37.65999984741211,37.65999984741211,36.77000045776367,37.040000915527344,31.19091033935547,122141800,0.0,0.0,0.0
2004-07-02,37.040000915527344,37.04999923706055,36.630001068115234,36.81999969482422,31.005640029907227,74056400,0.0,0.0,0.0
2004-07-06,36.599998474121094,36.599998474121094,35.83000183105469,36.029998779296875,30.340381622314453,130232600,0.0,0.0,0.0
2004-07-07,35.959999084472656,36.290000915527344,35.91999816894531,36.099998474121094,30.399335861206055,95623100,0.0,0.0,0.0
2004-07-08,35.810001373291016,36.130001068115234,35.54999923706055,35.70000076293945,30.062503814697266,108755400,0.0,0.0,0.0
2004-07-09,35.84000015258789,36.040000915527344,35.630001068115234,35.75,30.10460090637207,86014700,0.0,0.0,0.0
2004-07-12,35.56999969482422,35.689998626708984,35.2400016784668,35.599998474121094,29.97829246520996,81844500,0.0,0.0,0.0
2004-07-13,35.68000030517578,35.810001373291016,35.40999984741211,35.54999923706055,29.936180114746094,81222000,0.0,0.0,0.0
2004-07-14,35.20000076293945,35.650001525878906,35.04999923706055,35.189998626708984,29.6330509185791,119489200,0.0,0.0,0.0
2004-07-15,35.31999969482422,35.4900016784668,35.060001373291016,35.06999969482422,29.53199005126953,90405700,0.0,0.0,0.0
2004-07-16,35.43000030517578,35.45000076293945,34.619998931884766,34.66999816894531,29.195144653320312,120387100,0.0,0.0,0.0
2004-07-19,34.779998779296875,34.970001220703125,34.470001220703125,34.599998474121094,29.13620948791504,106387900,0.0,0.0,0.0
2004-07-20,34.7400016784668,35.59000015258789,34.709999084472656,35.43000030517578,29.835132598876953,117453700,0.0,0.0,0.0
2004-07-21,35.56999969482422,35.650001525878906,34.34000015258789,34.400001525878906,28.967782974243164,136086800,0.0,0.0,0.0
2004-07-22,34.47999954223633,35.11000061035156,34.25,34.869998931884766,29.363569259643555,132135800,0.0,0.0,0.0
2004-07-23,34.619998931884766,34.65999984741211,34.029998779296875,34.209999084472656,28.807790756225586,107107100,0.0,0.0,0.0
2004-07-26,34.2400016784668,34.40999984741211,33.70000076293945,34.060001373291016,28.681472778320312,112962200,0.0,0.0,0.0
2004-07-27,34.189998626708984,34.709999084472656,34.040000915527344,34.529998779296875,29.07725715637207,103474700,0.0,0.0,0.0
2004-07-28,34.40999984741211,34.630001068115234,33.810001373291016,34.380001068115234,28.950944900512695,154299800,0.0,0.0,0.0
2004-07-29,34.709999084472656,34.91999816894531,34.5,34.779998779296875,29.287784576416016,98959800,0.0,0.0,0.0
2004-07-30,34.7599983215332,35.099998474121094,34.650001525878906,34.88999938964844,29.380416870117188,83007800,0.0,0.0,0.0
2004-08-02,34.61000061035156,35.02000045776367,34.459999084472656,34.959999084472656,29.439340591430664,81249000,0.0,0.0,0.0
2004-08-03,34.84000015258789,34.93000030517578,34.189998626708984,34.22999954223633,28.824630737304688,85746500,0.0,0.0,0.0
2004-08-04,34.150001525878906,34.459999084472656,34.0099983215332,34.2400016784668,28.833059310913086,86721000,0.0,0.0,0.0
2004-08-05,34.349998474121094,34.400001525878906,33.599998474121094,33.599998474121094,28.29412841796875,109722900,0.0,0.0,0.0
2004-08-06,33.400001525878906,33.40999984741211,32.65999984741211,32.720001220703125,27.5530948638916,148808600,0.0,0.0,0.0
2004-08-09,32.810001373291016,32.959999084472656,32.650001525878906,32.79999923706055,27.620454788208008,79281900,0.0,0.0,0.0
2004-08-10,32.959999084472656,33.47999954223633,32.91999816894531,33.209999084472656,27.9656982421875,105819800,0.0,0.0,0.0
2004-08-11,32.849998474121094,33.040000915527344,32.54999923706055,32.91999816894531,27.721498489379883,121217700,0.0,0.0,0.0
2004-08-12,32.689998626708984,32.86000061035156,32.369998931884766,32.470001220703125,27.342565536499023,113691800,0.0,0.0,0.0
2004-08-13,32.650001525878906,32.7400016784668,32.349998474121094,32.52000045776367,27.384668350219727,91416100,0.0,0.0,0.0
2004-08-16,32.61000061035156,33.189998626708984,32.59000015258789,32.88999938964844,27.69624137878418,77851300,0.0,0.0,0.0
2004-08-17,33.119998931884766,33.439998626708984,32.9900016784668,33.2599983215332,28.007808685302734,89573100,0.0,0.0,0.0
2004-08-18,33.060001373291016,33.90999984741211,33.0099983215332,33.849998474121094,28.5046329498291,106608500,0.0,0.0,0.0
2004-08-19,33.72999954223633,33.849998474121094,33.40999984741211,33.66999816894531,28.353069305419922,104690200,0.0,0.0,0.0
2004-08-20,33.56999969482422,34.13999938964844,33.5099983215332,34.0099983215332,28.63938331604004,91962400,0.0,0.0,0.0
2004-08-23,34.04999923706055,34.27000045776367,33.90999984741211,34.09000015258789,28.70674705505371,83390800,0.0,0.0,0.0
2004-08-24,34.25,34.310001373291016,33.810001373291016,34.08000183105469,28.698318481445312,86610500,0.0,0.0,0.0
2004-08-25,34.06999969482422,34.599998474121094,33.900001525878906,34.54999923706055,29.094106674194336,88394600,0.0,0.0,0.0
2004-08-26,34.459999084472656,34.54999923706055,34.310001373291016,34.400001525878906,28.967782974243164,57663400,0.0,0.0,0.0
2004-08-27,34.470001220703125,34.68000030517578,34.439998626708984,34.560001373291016,29.102523803710938,58597200,0.0,0.0,0.0
2004-08-30,34.40999984741211,34.43000030517578,33.939998626708984,33.97999954223633,28.614107131958008,62355700,0.0,0.0,0.0
2004-08-31,34.02000045776367,34.119998931884766,33.650001525878906,34.02000045776367,28.647804260253906,81262000,0.0,0.0,0.0
2004-09-01,33.93000030517578,34.470001220703125,33.79999923706055,34.27000045776367,28.858320236206055,96630600,0.0,0.0,0.0
2004-09-02,34.18000030517578,34.880001068115234,34.15999984741211,34.779998779296875,29.287784576416016,83054000,0.0,0.0,0.0
2004-09-03,34.439998626708984,34.66999816894531,34.04999923706055,34.13999938964844,28.748844146728516,90213700,0.0,0.0,0.0
2004-09-07,34.400001525878906,34.61000061035156,34.119998931884766,34.43000030517578,28.993057250976562,95556500,0.0,0.0,0.0
2004-09-08,34.310001373291016,34.68000030517578,34.18000030517578,34.29999923706055,28.883583068847656,101466100,0.0,0.0,0.0
2004-09-09,34.45000076293945,34.75,34.13999938964844,34.59000015258789,29.127798080444336,104397500,0.0,0.0,0.0
2004-09-10,34.61000061035156,35.189998626708984,34.470001220703125,35.119998931884766,29.574094772338867,108591600,0.0,0.0,0.0
2004-09-13,35.25,35.720001220703125,35.13999938964844,35.58000183105469,29.961456298828125,109350500,0.0,0.0,0.0
2004-09-14,35.45000076293945,35.720001220703125,35.36000061035156,35.630001068115234,30.003551483154297,76466300,0.0,0.0,0.0
2004-09-15,35.41999816894531,35.45000076293945,35.119998931884766,35.25,29.683565139770508,90128700,0.0,0.0,0.0
2004-09-16,35.2599983215332,35.56999969482422,35.130001068115234,35.31999969482422,29.742504119873047,67121000,0.0,0.0,0.0
2004-09-17,35.22999954223633,35.52000045776367,35.15999984741211,35.43000030517578,29.835132598876953,83903400,0.0,0.0,0.0
2004-09-20,35.290000915527344,35.77000045776367,35.18000030517578,35.43000030517578,29.835132598876953,110678100,0.0,0.0,0.0
2004-09-21,35.540000915527344,35.849998474121094,35.41999816894531,35.56999969482422,29.953027725219727,93688400,0.0,0.0,0.0
2004-09-22,35.439998626708984,35.459999084472656,34.869998931884766,34.95000076293945,29.430936813354492,101393400,0.0,0.0,0.0
2004-09-23,34.97999954223633,35.150001525878906,34.880001068115234,34.91999816894531,29.405675888061523,92503200,0.0,0.0,0.0
2004-09-24,34.9900016784668,35.189998626708984,34.75,34.79999923706055,29.30462646484375,103247400,0.0,0.0,0.0
2004-09-27,34.619998931884766,34.7400016784668,34.380001068115234,34.5,29.05200958251953,86017600,0.0,0.0,0.0
2004-09-28,34.54999923706055,34.689998626708984,34.22999954223633,34.56999969482422,29.110944747924805,87070300,0.0,0.0,0.0
2004-09-29,34.540000915527344,35.119998931884766,34.529998779296875,35.08000183105469,29.540409088134766,95096200,0.0,0.0,0.0
2004-09-30,35.02000045776367,35.27000045776367,34.88999938964844,35.13999938964844,29.590930938720703,74514600,0.0,0.0,0.0
2004-10-01,35.45000076293945,36.150001525878906,35.36000061035156,36.099998474121094,30.399335861206055,118252700,0.0,0.0,0.0
2004-10-04,36.36000061035156,36.619998931884766,36.25,36.310001373291016,30.576152801513672,108032600,0.0,0.0,0.0
2004-10-05,36.22999954223633,36.4900016784668,36.15999984741211,36.36000061035156,30.61827850341797,89754400,0.0,0.0,0.0
2004-10-06,36.310001373291016,36.689998626708984,36.11000061035156,36.650001525878906,30.862478256225586,87815500,0.0,0.0,0.0
2004-10-07,36.540000915527344,36.66999816894531,36.16999816894531,36.2400016784668,30.51723289489746,82374300,0.0,0.0,0.0
2004-10-08,36.08000183105469,36.2400016784668,35.5,35.58000183105469,29.961456298828125,115073000,0.0,0.0,0.0
2004-10-11,35.720001220703125,35.86000061035156,35.599998474121094,35.75,30.10460090637207,51181600,0.0,0.0,0.0
2004-10-12,35.43000030517578,35.84000015258789,35.20000076293945,35.689998626708984,30.054094314575195,97884100,0.0,0.0,0.0
2004-10-13,36.04999923706055,36.13999938964844,35.43000030517578,35.61000061035156,29.986726760864258,132442500,0.0,0.0,0.0
2004-10-14,35.689998626708984,35.779998779296875,35.33000183105469,35.45000076293945,29.851974487304688,99383700,0.0,0.0,0.0
2004-10-15,35.4900016784668,35.86000061035156,35.279998779296875,35.630001068115234,30.003551483154297,129183400,0.0,0.0,0.0
2004-10-18,35.5099983215332,36.25,35.400001525878906,36.13999938964844,30.433021545410156,108933400,0.0,0.0,0.0
2004-10-19,36.380001068115234,36.56999969482422,35.790000915527344,35.880001068115234,30.21407699584961,129973500,0.0,0.0,0.0
2004-10-20,35.83000183105469,36.22999954223633,35.650001525878906,36.04999923706055,30.357240676879883,106524200,0.0,0.0,0.0
2004-10-21,36.2400016784668,36.790000915527344,36.099998474121094,36.599998474121094,30.820392608642578,122627600,0.0,0.0,0.0
2004-10-22,36.61000061035156,36.68000030517578,35.7400016784668,35.79999923706055,30.146718978881836,114321100,0.0,0.0,0.0
2004-10-25,35.72999954223633,35.810001373291016,35.4900016784668,35.630001068115234,30.003551483154297,102863000,0.0,0.0,0.0
2004-10-26,35.650001525878906,35.84000015258789,35.40999984741211,35.81999969482422,30.163557052612305,98164500,0.0,0.0,0.0
2004-10-27,35.84000015258789,36.88999938964844,35.709999084472656,36.72999954223633,30.929834365844727,152423400,0.0,0.0,0.0
2004-10-28,36.68000030517578,37.119998931884766,36.56999969482422,36.959999084472656,31.123546600341797,111113900,0.0,0.0,0.0
2004-10-29,36.90999984741211,37.2400016784668,36.66999816894531,36.900001525878906,31.073007583618164,100779200,0.0,0.0,0.0
2004-11-01,36.97999954223633,37.18000030517578,36.79999923706055,37.040000915527344,31.19091033935547,72356000,0.0,0.0,0.0
2004-11-02,37.09000015258789,37.54999923706055,37.02000045776367,37.15999984741211,31.291955947875977,108930700,0.0,0.0,0.0
2004-11-03,37.7599983215332,37.900001525878906,37.150001525878906,37.40999984741211,31.502479553222656,140980100,0.0,0.0,0.0
2004-11-04,37.2599983215332,37.779998779296875,37.11000061035156,37.619998931884766,31.679311752319336,112513700,0.0,0.0,0.0
2004-11-05,38.02000045776367,38.15999984741211,37.61000061035156,37.959999084472656,31.96562385559082,117017900,0.0,0.0,0.0
2004-11-08,37.95000076293945,38.099998474121094,37.849998474121094,38.0,31.99928092956543,66486000,0.0,0.0,0.0
2004-11-09,37.93000030517578,38.150001525878906,37.810001373291016,37.91999816894531,31.931941986083984,85038700,0.0,0.0,0.0
2004-11-10,37.93000030517578,38.060001373291016,37.650001525878906,37.790000915527344,31.822463989257812,95122300,0.0,0.0,0.0
2004-11-11,37.90999984741211,38.380001068115234,37.86000061035156,38.290000915527344,32.24351119995117,99338800,0.0,0.0,0.0
2004-11-12,38.34000015258789,38.7599983215332,38.16999816894531,38.65999984741211,32.555076599121094,102418100,0.0,0.0,0.0
2004-11-15,38.63999938964844,38.86000061035156,38.5,38.83000183105469,32.6982421875,82696000,0.0,0.0,0.0
2004-11-16,38.65999984741211,38.68000030517578,38.31999969482422,38.59000015258789,32.49613571166992,97197500,0.0,0.0,0.0
2004-11-17,38.83000183105469,39.31999969482422,38.83000183105469,39.11000061035156,32.93402099609375,125242500,0.0,0.0,0.0
2004-11-18,38.97999954223633,39.36000061035156,38.88999938964844,39.290000915527344,33.08557891845703,94901100,0.0,0.0,0.0
2004-11-19,39.2400016784668,39.290000915527344,38.59000015258789,38.68000030517578,32.571922302246094,118448900,0.0,0.0,0.0
2004-11-22,38.61000061035156,39.06999969482422,38.47999954223633,39.04999923706055,32.883480072021484,79882600,0.0,0.0,0.0
2004-11-23,39.0099983215332,39.150001525878906,38.61000061035156,38.9900016784668,32.832984924316406,91925300,0.0,0.0,0.0
2004-11-24,39.09000015258789,39.38999938964844,39.06999969482422,39.33000183105469,33.11927032470703,74051700,0.0,0.0,0.0
2004-11-26,39.369998931884766,39.47999954223633,39.16999816894531,39.209999084472656,33.01823043823242,31248900,0.0,0.0,0.0
2004-11-29,39.459999084472656,39.63999938964844,38.970001220703125,39.20000076293945,33.00980758666992,94765400,0.0,0.0,0.0
2004-11-30,39.29999923706055,39.38999938964844,39.060001373291016,39.119998931884766,32.94245147705078,87663100,0.0,0.0,0.0
2004-12-01,39.27000045776367,39.959999084472656,39.27000045776367,39.91999816894531,33.6161003112793,102375000,0.0,0.0,0.0
2004-12-02,39.81999969482422,40.38999938964844,39.7599983215332,40.06999969482422,33.742427825927734,122005600,0.0,0.0,0.0
2004-12-03,40.349998474121094,40.59000015258789,40.08000183105469,40.130001068115234,33.79295349121094,114227700,0.0,0.0,0.0
2004-12-06,40.119998931884766,40.43000030517578,39.90999984741211,40.27000045776367,33.91083526611328,70415100,0.0,0.0,0.0
2004-12-07,40.349998474121094,40.5,39.529998779296875,39.58000183105469,33.32979202270508,121439800,0.0,0.0,0.0
2004-12-08,39.599998474121094,39.97999954223633,39.5,39.810001373291016,33.523468017578125,10121300,0.0,0.0,0.0
2004-12-09,39.4900016784668,40.189998626708984,39.2400016784668,40.04999923706055,33.7255859375,134346000,0.0,0.0,0.0
2004-12-10,39.84000015258789,40.06999969482422,39.7400016784668,39.93000030517578,33.624534606933594,86177300,0.0,0.0,0.0
2004-12-13,40.22999954223633,40.34000015258789,39.97999954223633,40.279998779296875,33.919246673583984,74296400,0.0,0.0,0.0
2004-12-14,40.279998779296875,40.59000015258789,40.25,40.47999954223633,34.087684631347656,91985000,0.0,0.0,0.0
2004-12-15,40.4900016784668,40.68000030517578,40.150001525878906,40.33000183105469,33.96136474609375,95179300,0.0,0.0,0.0
2004-12-16,40.34000015258789,40.45000076293945,39.81999969482422,39.95000076293945,33.64137649536133,86101300,0.0,0.0,0.0
2004-12-17,39.63999938964844,39.810001373291016,39.43000030517578,39.470001220703125,33.55550003051758,97947000,0.379,0.0,0.0
2004-12-20,39.56999969482422,39.77000045776367,39.09000015258789,39.20000076293945,33.32598114013672,106397600,0.0,0.0,0.0
2004-12-21,39.38999938964844,39.709999084472656,39.279998779296875,39.68000030517578,33.73403549194336,83184700,0.0,0.0,0.0
2004-12-22,39.540000915527344,39.93000030517578,39.4900016784668,39.72999954223633,33.77656173706055,75298000,0.0,0.0,0.0
2004-12-23,39.61000061035156,39.90999984741211,39.540000915527344,39.7599983215332,33.80205535888672,45782000,0.0,0.0,0.0
2004-12-27,39.97999954223633,40.02000045776367,39.400001525878906,39.59000015258789,33.65751647949219,67157700,0.0,0.0,0.0
2004-12-28,39.66999816894531,40.0,39.61000061035156,39.970001220703125,33.98057556152344,62563100,0.0,0.0,0.0
2004-12-29,39.91999816894531,40.15999984741211,39.900001525878906,40.02000045776367,34.0230827331543,46594800,0.0,0.0,0.0
2004-12-30,40.06999969482422,40.119998931884766,39.93000030517578,39.9900016784668,33.997596740722656,41717600,0.0,0.0,0.0
2004-12-31,40.029998779296875,40.119998931884766,39.779998779296875,39.91999816894531,33.93807601928711,44112300,0.0,0.0,0.0
2005-01-03,40.09000015258789,40.290000915527344,39.369998931884766,39.5,33.58100509643555,100970900,0.0,0.0,0.0
2005-01-04,39.66999816894531,39.7400016784668,38.54999923706055,38.779998779296875,32.968894958496094,136623200,0.0,0.0,0.0
2005-01-05,38.68000030517578,38.959999084472656,38.470001220703125,38.540000915527344,32.76485824584961,127925500,0.0,0.0,0.0
2005-01-06,38.630001068115234,38.709999084472656,38.34000015258789,38.349998474121094,32.603328704833984,102934600,0.0,0.0,0.0
2005-01-07,38.560001373291016,38.869998931884766,38.209999084472656,38.54999923706055,32.77335739135742,123104000,0.0,0.0,0.0
2005-01-10,38.439998626708984,38.869998931884766,38.38999938964844,38.529998779296875,32.7563591003418,88764200,0.0,0.0,0.0
2005-01-11,38.369998931884766,38.5,38.06999969482422,38.2599983215332,32.52682876586914,106398800,0.0,0.0,0.0
2005-01-12,38.43000030517578,38.599998474121094,38.0099983215332,38.58000183105469,32.79886245727539,127754900,0.0,0.0,0.0
2005-01-13,38.58000183105469,38.849998474121094,38.0099983215332,38.06999969482422,32.36530685424805,101982400,0.0,0.0,0.0
2005-01-14,38.20000076293945,38.52000045776367,38.189998626708984,38.43000030517578,32.67133712768555,93460900,0.0,0.0,0.0
2005-01-18,38.279998779296875,38.790000915527344,38.220001220703125,38.720001220703125,32.91789627075195,91760400,0.0,0.0,0.0
2005-01-19,38.72999954223633,38.75,38.060001373291016,38.08000183105469,32.373817443847656,104981000,0.0,0.0,0.0
2005-01-20,37.650001525878906,37.810001373291016,37.31999969482422,37.349998474121094,31.753170013427734,120963900,0.0,0.0,0.0
2005-01-21,37.47999954223633,37.54999923706055,36.9900016784668,37.04999923706055,31.498138427734375,138569200,0.0,0.0,0.0
2005-01-24,37.119998931884766,37.20000076293945,36.459999084472656,36.529998779296875,31.05605125427246,137499000,0.0,0.0,0.0
2005-01-25,36.77000045776367,37.09000015258789,36.65999984741211,36.709999084472656,31.20907211303711,119171300,0.0,0.0,0.0
2005-01-26,36.959999084472656,37.290000915527344,36.81999969482422,37.150001525878906,31.58315658569336,107465800,0.0,0.0,0.0
2005-01-27,37.09000015258789,37.27000045776367,36.869998931884766,37.099998474121094,31.5406494140625,103654700,0.0,0.0,0.0
2005-01-28,37.220001220703125,37.27000045776367,36.619998931884766,36.91999816894531,31.38762664794922,111648600,0.0,0.0,0.0
2005-01-31,37.36000061035156,37.529998779296875,37.2599983215332,37.400001525878906,31.79570198059082,89139900,0.0,0.0,0.0
2005-02-01,37.4900016784668,37.650001525878906,37.369998931884766,37.52000045776367,31.8977108001709,76610300,0.0,0.0,0.0
2005-02-02,37.63999938964844,37.72999954223633,37.310001373291016,37.58000183105469,31.948732376098633,100160500,0.0,0.0,0.0
2005-02-03,37.380001068115234,37.40999984741211,37.0,37.150001525878906,31.58315658569336,90157900,0.0,0.0,0.0
2005-02-04,37.150001525878906,37.81999969482422,37.150001525878906,37.75,32.09324645996094,99302000,0.0,0.0,0.0
2005-02-07,37.79999923706055,37.90999984741211,37.52000045776367,37.66999816894531,32.02523422241211,71551400,0.0,0.0,0.0
2005-02-08,37.65999984741211,38.0099983215332,37.619998931884766,37.7400016784668,32.08473205566406,72821700,0.0,0.0,0.0
2005-02-09,37.77000045776367,37.79999923706055,37.060001373291016,37.11000061035156,31.549144744873047,93276600,0.0,0.0,0.0
2005-02-10,37.2599983215332,37.31999969482422,36.880001068115234,37.150001525878906,31.58315658569336,110373000,0.0,0.0,0.0
2005-02-11,37.029998779296875,37.849998474121094,36.93000030517578,37.70000076293945,32.050758361816406,108684100,0.0,0.0,0.0
2005-02-14,37.70000076293945,37.939998626708984,37.689998626708984,37.869998931884766,32.19526672363281,54908900,0.0,0.0,0.0
2005-02-15,37.900001525878906,38.47999954223633,37.81999969482422,38.119998931884766,32.40781021118164,131406500,0.0,0.0,0.0
2005-02-16,38.029998779296875,38.15999984741211,37.83000183105469,37.97999954223633,32.28878402709961,80273900,0.0,0.0,0.0
2005-02-17,38.04999923706055,38.13999938964844,37.43000030517578,37.470001220703125,31.8552188873291,115628300,0.0,0.0,0.0
2005-02-18,37.47999954223633,37.56999969482422,37.2599983215332,37.349998474121094,31.753170013427734,69158800,0.0,0.0,0.0
2005-02-22,37.029998779296875,37.54999923706055,36.790000915527344,36.88999938964844,31.362119674682617,121232000,0.0,0.0,0.0
2005-02-23,37.040000915527344,37.06999969482422,36.70000076293945,36.939998626708984,31.404613494873047,95010100,0.0,0.0,0.0
2005-02-24,36.849998474121094,37.439998626708984,36.7599983215332,37.40999984741211,31.80420684814453,99334600,0.0,0.0,0.0
2005-02-25,37.380001068115234,37.70000076293945,37.290000915527344,37.619998931884766,31.982723236083984,79988700,0.0,0.0,0.0
2005-02-28,37.459999084472656,37.599998474121094,36.91999816894531,37.220001220703125,31.642654418945312,95731300,0.0,0.0,0.0
2005-03-01,37.369998931884766,37.70000076293945,37.33000183105469,37.630001068115234,31.991241455078125,78460600,0.0,0.0,0.0
2005-03-02,37.40999984741211,38.02000045776367,37.36000061035156,37.61000061035156,31.974224090576172,107270600,0.0,0.0,0.0
2005-03-03,37.709999084472656,37.72999954223633,37.02000045776367,37.29999923706055,31.71067237854004,89793800,0.0,0.0,0.0
2005-03-04,37.599998474121094,37.75,37.400001525878906,37.52000045776367,31.8977108001709,86622300,0.0,0.0,0.0
2005-03-07,37.599998474121094,38.290000915527344,37.560001373291016,38.060001373291016,32.35679244995117,93563900,0.0,0.0,0.0
2005-03-08,38.0099983215332,38.209999084472656,37.650001525878906,37.68000030517578,32.03373336791992,89595200,0.0,0.0,0.0
2005-03-09,37.66999816894531,37.93000030517578,37.470001220703125,37.56999969482422,31.94020652770996,98063000,0.0,0.0,0.0
2005-03-10,37.61000061035156,37.66999816894531,37.08000183105469,37.52000045776367,31.8977108001709,97043600,0.0,0.0,0.0
2005-03-11,37.689998626708984,37.81999969482422,37.02000045776367,37.16999816894531,31.60015869140625,102857500,0.0,0.0,0.0
2005-03-14,37.2400016784668,37.36000061035156,37.029998779296875,37.34000015258789,31.74468421936035,65576200,0.0,0.0,0.0
2005-03-15,37.41999816894531,37.47999954223633,36.9900016784668,37.040000915527344,31.489656448364258,93856300,0.0,0.0,0.0
2005-03-16,36.90999984741211,37.18000030517578,36.529998779296875,36.619998931884766,31.132572174072266,159578000,0.0,0.0,0.0
2005-03-17,36.61000061035156,36.88999938964844,36.540000915527344,36.709999084472656,31.20907211303711,100429600,0.0,0.0,0.0
2005-03-18,36.75,36.790000915527344,36.349998474121094,36.5099983215332,31.039037704467773,108899400,0.0,0.0,0.0
2005-03-21,36.599998474121094,36.75,36.25,36.58000183105469,31.098581314086914,92752500,0.0,0.0,0.0
2005-03-22,36.61000061035156,36.75,36.11000061035156,36.130001068115234,30.71600341796875,114016300,0.0,0.0,0.0
2005-03-23,36.09000015258789,36.4900016784668,36.06999969482422,36.2599983215332,30.826526641845703,97444900,0.0,0.0,0.0
2005-03-24,36.38999938964844,36.650001525878906,36.27000045776367,36.27000045776367,30.83501625061035,77566800,0.0,0.0,0.0
2005-03-28,36.40999984741211,36.61000061035156,36.310001373291016,36.34000015258789,30.89452362060547,59739000,0.0,0.0,0.0
2005-03-29,36.27000045776367,36.58000183105469,35.939998626708984,36.04999923706055,30.647993087768555,119554300,0.0,0.0,0.0
2005-03-30,36.22999954223633,36.779998779296875,36.220001220703125,36.72999954223633,31.226076126098633,114711000,0.0,0.0,0.0
2005-03-31,36.72999954223633,36.75,36.439998626708984,36.56999969482422,31.090065002441406,86578900,0.0,0.0,0.0
2005-04-01,36.81999969482422,36.880001068115234,36.130001068115234,36.20000076293945,30.775508880615234,143814300,0.0,0.0,0.0
2005-04-04,36.25,36.599998474121094,36.029998779296875,36.459999084472656,30.996538162231445,100090300,0.0,0.0,0.0
2005-04-05,36.4900016784668,36.66999816894531,36.41999816894531,36.560001373291016,31.08157730102539,66266600,0.0,0.0,0.0
2005-04-06,36.65999984741211,36.90999984741211,36.41999816894531,36.5,31.03057098388672,82168900,0.0,0.0,0.0
2005-04-07,36.529998779296875,36.95000076293945,36.5099983215332,36.939998626708984,31.404613494873047,88618000,0.0,0.0,0.0
2005-04-08,37.0,37.06999969482422,36.599998474121094,36.63999938964844,31.14957618713379,92332900,0.0,0.0,0.0
2005-04-11,36.75,36.779998779296875,36.400001525878906,36.47999954223633,31.0135440826416,70976000,0.0,0.0,0.0
2005-04-12,36.439998626708984,36.7400016784668,35.90999984741211,36.65999984741211,31.166584014892578,144848500,0.0,0.0,0.0
2005-04-13,36.560001373291016,36.599998474121094,35.97999954223633,36.060001373291016,30.656505584716797,108995500,0.0,0.0,0.0
2005-04-14,36.060001373291016,36.099998474121094,35.5,35.54999923706055,30.22291374206543,158057900,0.0,0.0,0.0
2005-04-15,35.2400016784668,35.369998931884766,34.68000030517578,34.7400016784668,29.534290313720703,170013300,0.0,0.0,0.0
2005-04-18,34.709999084472656,35.0,34.63999938964844,34.75,29.542783737182617,110084000,0.0,0.0,0.0
2005-04-19,35.02000045776367,35.099998474121094,34.75,34.9900016784668,29.746829986572266,96922100,0.0,0.0,0.0
2005-04-20,35.209999084472656,35.290000915527344,34.59000015258789,34.70000076293945,29.50028419494629,140457400,0.0,0.0,0.0
2005-04-21,35.119998931884766,35.709999084472656,34.959999084472656,35.619998931884766,30.282413482666016,124505100,0.0,0.0,0.0
2005-04-22,35.459999084472656,35.470001220703125,34.81999969482422,35.09000015258789,29.83184051513672,114996800,0.0,0.0,0.0
2005-04-25,35.29999923706055,35.459999084472656,35.150001525878906,35.380001068115234,30.078386306762695,72170100,0.0,0.0,0.0
2005-04-26,35.290000915527344,35.70000076293945,35.040000915527344,35.04999923706055,29.797847747802734,104958800,0.0,0.0,0.0
2005-04-27,34.869998931884766,35.25,34.72999954223633,35.099998474121094,29.8403377532959,112539300,0.0,0.0,0.0
2005-04-28,34.91999816894531,35.150001525878906,34.720001220703125,34.75,29.542783737182617,98181900,0.0,0.0,0.0
2005-04-29,35.0,35.060001373291016,34.349998474121094,34.97999954223633,29.73832893371582,144435900,0.0,0.0,0.0
2005-05-02,35.099998474121094,35.2599983215332,34.88999938964844,35.119998931884766,29.85734748840332,67648800,0.0,0.0,0.0
2005-05-03,35.04999923706055,35.43000030517578,35.029998779296875,35.29999923706055,30.01038360595703,103428700,0.0,0.0,0.0
2005-05-04,35.290000915527344,35.83000183105469,35.2400016784668,35.72999954223633,30.37593650817871,90480600,0.0,0.0,0.0
2005-05-05,35.75,35.91999816894531,35.529998779296875,35.7599983215332,30.401443481445312,79341700,0.0,0.0,0.0
2005-05-06,35.970001220703125,36.02000045776367,35.720001220703125,35.86000061035156,30.486467361450195,77310200,0.0,0.0,0.0
2005-05-09,35.869998931884766,36.060001373291016,35.65999984741211,36.029998779296875,30.630970001220703,66298400,0.0,0.0,0.0
2005-05-10,35.86000061035156,35.959999084472656,35.619998931884766,35.77000045776367,30.40995216369629,77194700,0.0,0.0,0.0
2005-05-11,35.81999969482422,36.029998779296875,35.29999923706055,35.95000076293945,30.562963485717773,131952400,0.0,0.0,0.0
2005-05-12,36.029998779296875,36.20000076293945,35.65999984741211,35.849998474121094,30.477954864501953,116602200,0.0,0.0,0.0
2005-05-13,35.9900016784668,36.470001220703125,35.88999938964844,36.2400016784668,30.80950927734375,133273500,0.0,0.0,0.0
2005-05-16,36.2400016784668,36.540000915527344,36.130001068115234,36.47999954223633,31.0135440826416,79093200,0.0,0.0,0.0
2005-05-17,36.349998474121094,36.7400016784668,36.209999084472656,36.70000076293945,31.200592041015625,91665900,0.0,0.0,0.0
2005-05-18,36.79999923706055,37.36000061035156,36.709999084472656,37.20000076293945,31.62566566467285,128105900,0.0,0.0,0.0
2005-05-19,37.290000915527344,37.52000045776367,37.20000076293945,37.5099983215332,31.889225006103516,92619700,0.0,0.0,0.0
2005-05-20,37.45000076293945,37.689998626708984,37.349998474121094,37.65999984741211,32.0167236328125,66530100,0.0,0.0,0.0
2005-05-23,37.65999984741211,37.9900016784668,37.599998474121094,37.849998474121094,32.178253173828125,93068200,0.0,0.0,0.0
2005-05-24,37.7599983215332,38.0,37.70000076293945,37.970001220703125,32.28028106689453,100830000,0.0,0.0,0.0
2005-05-25,37.84000015258789,37.880001068115234,37.59000015258789,37.810001373291016,32.14426040649414,76470600,0.0,0.0,0.0
2005-05-26,37.97999954223633,38.27000045776367,37.97999954223633,38.189998626708984,32.46731948852539,84066800,0.0,0.0,0.0
2005-05-27,38.13999938964844,38.25,38.02000045776367,38.209999084472656,32.48432159423828,50076900,0.0,0.0,0.0
2005-05-31,38.189998626708984,38.2400016784668,37.91999816894531,38.08000183105469,32.373817443847656,75281500,0.0,0.0,0.0
2005-06-01,38.029998779296875,38.68000030517578,38.02000045776367,38.38999938964844,32.63734436035156,110875700,0.0,0.0,0.0
2005-06-02,38.33000183105469,38.65999984741211,38.29999923706055,38.65999984741211,32.86688232421875,75926500,0.0,0.0,0.0
2005-06-03,38.630001068115234,38.63999938964844,38.02000045776367,38.099998474121094,32.39079666137695,96998400,0.0,0.0,0.0
2005-06-06,38.119998931884766,38.189998626708984,37.959999084472656,38.11000061035156,32.39931869506836,52681400,0.0,0.0,0.0
2005-06-07,38.150001525878906,38.470001220703125,37.7400016784668,37.790000915527344,32.12725067138672,108953400,0.0,0.0,0.0
2005-06-08,37.880001068115234,37.95000076293945,37.560001373291016,37.709999084472656,32.059234619140625,79211900,0.0,0.0,0.0
2005-06-09,37.65999984741211,38.060001373291016,37.5,37.95000076293945,32.263267517089844,99383300,0.0,0.0,0.0
2005-06-10,37.900001525878906,37.900001525878906,37.380001068115234,37.54999923706055,31.9232120513916,85971700,0.0,0.0,0.0
2005-06-13,37.47999954223633,37.95000076293945,37.459999084472656,37.72999954223633,32.076236724853516,82331300,0.0,0.0,0.0
2005-06-14,37.689998626708984,37.84000015258789,37.5,37.58000183105469,31.948732376098633,62593600,0.0,0.0,0.0
2005-06-15,37.83000183105469,37.869998931884766,37.25,37.70000076293945,32.050758361816406,103952000,0.0,0.0,0.0
2005-06-16,37.7400016784668,38.0,37.65999984741211,37.900001525878906,32.22075653076172,90450100,0.0,0.0,0.0
2005-06-17,38.11000061035156,38.209999084472656,37.75,37.869998931884766,32.22502136230469,83915700,0.035,0.0,0.0
2005-06-20,37.720001220703125,38.08000183105469,37.58000183105469,37.869998931884766,32.22502136230469,67580000,0.0,0.0,0.0
2005-06-21,37.84000015258789,38.0099983215332,37.70000076293945,37.849998474121094,32.2079963684082,97845600,0.0,0.0,0.0
2005-06-22,38.0,38.099998474121094,37.630001068115234,37.810001373291016,32.173973083496094,75221100,0.0,0.0,0.0
2005-06-23,37.869998931884766,38.18000030517578,37.33000183105469,37.38999938964844,31.816579818725586,122163300,0.0,0.0,0.0
2005-06-24,37.380001068115234,37.40999984741211,36.959999084472656,36.970001220703125,31.45917510986328,142144100,0.0,0.0,0.0
2005-06-27,36.95000076293945,37.060001373291016,36.70000076293945,36.79999923706055,31.314517974853516,72780800,0.0,0.0,0.0
2005-06-28,36.95000076293945,37.2599983215332,36.900001525878906,37.150001525878906,31.612348556518555,73330300,0.0,0.0,0.0
2005-06-29,37.25,37.2599983215332,36.970001220703125,37.06999969482422,31.544269561767578,71513600,0.0,0.0,0.0
2005-06-30,37.13999938964844,37.209999084472656,36.75,36.779998779296875,31.297500610351562,87803700,0.0,0.0,0.0
2005-07-01,36.86000061035156,37.0,36.68000030517578,36.72999954223633,31.254941940307617,55254800,0.0,0.0,0.0
2005-07-05,36.599998474121094,37.189998626708984,36.599998474121094,37.11000061035156,31.578310012817383,79288700,0.0,0.0,0.0
2005-07-06,37.029998779296875,37.279998779296875,36.86000061035156,36.93000030517578,31.425138473510742,79101000,0.0,0.0,0.0
2005-07-07,36.58000183105469,37.09000015258789,36.54999923706055,37.060001373291016,31.5357666015625,119466300,0.0,0.0,0.0
2005-07-08,37.08000183105469,37.810001373291016,36.9900016784668,37.77000045776367,32.13993453979492,101320700,0.0,0.0,0.0
2005-07-11,37.869998931884766,38.15999984741211,37.79999923706055,38.119998931884766,32.43775939941406,96283700,0.0,0.0,0.0
2005-07-12,38.119998931884766,38.459999084472656,38.0099983215332,38.29999923706055,32.590946197509766,86059300,0.0,0.0,0.0
2005-07-13,38.31999969482422,38.43000030517578,38.16999816894531,38.38999938964844,32.667503356933594,72135400,0.0,0.0,0.0
2005-07-14,38.66999816894531,38.880001068115234,38.52000045776367,38.77000045776367,32.990875244140625,99135200,0.0,0.0,0.0
2005-07-15,38.83000183105469,39.0,38.650001525878906,38.88999938964844,33.09296417236328,67239200,0.0,0.0,0.0
2005-07-18,38.790000915527344,38.88999938964844,38.689998626708984,38.72999954223633,32.95681381225586,58644000,0.0,0.0,0.0
2005-07-19,38.90999984741211,39.20000076293945,38.84000015258789,39.18000030517578,33.339759826660156,77860900,0.0,0.0,0.0
2005-07-20,38.939998626708984,39.56999969482422,38.900001525878906,39.459999084472656,33.57801055908203,91433100,0.0,0.0,0.0
2005-07-21,39.560001373291016,39.689998626708984,39.209999084472656,39.470001220703125,33.58651351928711,127286000,0.0,0.0,0.0
2005-07-22,39.47999954223633,39.59000015258789,39.220001220703125,39.41999816894531,33.54397201538086,71666600,0.0,0.0,0.0
2005-07-25,39.459999084472656,39.630001068115234,39.20000076293945,39.27000045776367,33.41633605957031,51872700,0.0,0.0,0.0
2005-07-26,39.38999938964844,39.529998779296875,39.189998626708984,39.41999816894531,33.54397201538086,67324900,0.0,0.0,0.0
2005-07-27,39.45000076293945,39.7599983215332,39.22999954223633,39.720001220703125,33.799259185791016,78351100,0.0,0.0,0.0
2005-07-28,39.75,39.91999816894531,39.63999938964844,39.90999984741211,33.96094512939453,66163700,0.0,0.0,0.0
2005-07-29,39.869998931884766,39.91999816894531,39.52000045776367,39.58000183105469,33.68013000488281,74725700,0.0,0.0,0.0
2005-08-01,39.63999938964844,39.83000183105469,39.52000045776367,39.650001525878906,33.73970031738281,59748300,0.0,0.0,0.0
2005-08-02,39.70000076293945,40.13999938964844,39.650001525878906,40.08000183105469,34.105587005615234,79284100,0.0,0.0,0.0
2005-08-03,39.90999984741211,40.130001068115234,39.880001068115234,40.060001373291016,34.08857345581055,61916400,0.0,0.0,0.0
2005-08-04,39.880001068115234,39.939998626708984,39.56999969482422,39.66999816894531,33.756710052490234,72035500,0.0,0.0,0.0
2005-08-05,39.61000061035156,39.790000915527344,39.43000030517578,39.47999954223633,33.595035552978516,66029500,0.0,0.0,0.0
2005-08-08,39.52000045776367,39.61000061035156,39.13999938964844,39.189998626708984,33.3482551574707,63415400,0.0,0.0,0.0
2005-08-09,39.369998931884766,39.59000015258789,39.310001373291016,39.45000076293945,33.56951141357422,62143600,0.0,0.0,0.0
2005-08-10,39.54999923706055,39.689998626708984,38.970001220703125,39.11000061035156,33.280189514160156,102317500,0.0,0.0,0.0
2005-08-11,39.130001068115234,39.540000915527344,39.099998474121094,39.43000030517578,33.55247497558594,92446700,0.0,0.0,0.0
2005-08-12,39.119998931884766,39.31999969482422,38.970001220703125,39.209999084472656,33.36528015136719,86367300,0.0,0.0,0.0
2005-08-15,39.13999938964844,39.630001068115234,39.08000183105469,39.45000076293945,33.56951141357422,63061100,0.0,0.0,0.0
2005-08-16,39.29999923706055,39.33000183105469,38.7400016784668,38.810001373291016,33.024906158447266,94596000,0.0,0.0,0.0
2005-08-17,38.91999816894531,39.16999816894531,38.790000915527344,39.040000915527344,33.22062301635742,74470500,0.0,0.0,0.0
2005-08-18,38.869998931884766,39.099998474121094,38.77000045776367,38.84000015258789,33.05043029785156,72559400,0.0,0.0,0.0
2005-08-19,38.88999938964844,39.0,38.790000915527344,38.81999969482422,33.03343200683594,52024300,0.0,0.0,0.0
2005-08-22,38.880001068115234,39.18000030517578,38.599998474121094,38.84000015258789,33.05043029785156,88056300,0.0,0.0,0.0
2005-08-23,38.84000015258789,38.91999816894531,38.61000061035156,38.72999954223633,32.95681381225586,57482900,0.0,0.0,0.0
2005-08-24,38.650001525878906,39.18000030517578,38.459999084472656,38.5,32.76113510131836,95025700,0.0,0.0,0.0
2005-08-25,38.56999969482422,38.689998626708984,38.4900016784668,38.59000015258789,32.83769989013672,52328800,0.0,0.0,0.0
2005-08-26,38.529998779296875,38.599998474121094,38.27000045776367,38.459999084472656,32.72705841064453,63840700,0.0,0.0,0.0
2005-08-29,38.2599983215332,38.849998474121094,38.2599983215332,38.7599983215332,32.98234939575195,74940400,0.0,0.0,0.0
2005-08-30,38.560001373291016,38.65999984741211,38.31999969482422,38.619998931884766,32.86323165893555,87373600,0.0,0.0,0.0
2005-08-31,38.63999938964844,39.0099983215332,38.47999954223633,38.97999954223633,33.1695671081543,93426300,0.0,0.0,0.0
2005-09-01,39.0,39.150001525878906,38.779998779296875,38.91999816894531,33.11851501464844,74884400,0.0,0.0,0.0
2005-09-02,39.0,39.029998779296875,38.7400016784668,38.77000045776367,32.990875244140625,53244900,0.0,0.0,0.0
2005-09-06,38.95000076293945,39.40999984741211,38.900001525878906,39.34000015258789,33.47591018676758,78106600,0.0,0.0,0.0
2005-09-07,39.29999923706055,39.47999954223633,39.209999084472656,39.40999984741211,33.53546905517578,57440100,0.0,0.0,0.0
2005-09-08,39.290000915527344,39.56999969482422,39.27000045776367,39.400001525878906,33.52696228027344,73529700,0.0,0.0,0.0
2005-09-09,39.40999984741211,39.689998626708984,39.310001373291016,39.619998931884766,33.71416473388672,75342100,0.0,0.0,0.0
2005-09-12,39.630001068115234,39.86000061035156,39.58000183105469,39.72999954223633,33.80778503417969,51689900,0.0,0.0,0.0
2005-09-13,39.68000030517578,39.90999984741211,39.540000915527344,39.630001068115234,33.722686767578125,66145800,0.0,0.0,0.0
2005-09-14,39.650001525878906,39.68000030517578,39.150001525878906,39.18000030517578,33.339759826660156,98644000,0.0,0.0,0.0
2005-09-15,39.2599983215332,39.34000015258789,39.04999923706055,39.15999984741211,33.322731018066406,80421500,0.0,0.0,0.0
2005-09-16,39.25,39.459999084472656,39.11000061035156,39.400001525878906,33.52696228027344,71034100,0.0,0.0,0.0
2005-09-19,39.31999969482422,39.380001068115234,38.90999984741211,39.09000015258789,33.263160705566406,73387500,0.0,0.0,0.0
2005-09-20,39.15999984741211,39.540000915527344,38.810001373291016,38.93000030517578,33.127010345458984,115202800,0.0,0.0,0.0
2005-09-21,38.81999969482422,38.869998931884766,38.470001220703125,38.5,32.76113510131836,116404300,0.0,0.0,0.0
2005-09-22,38.439998626708984,38.72999954223633,38.2400016784668,38.63999938964844,32.8802375793457,118686100,0.0,0.0,0.0
2005-09-23,38.5,38.880001068115234,38.40999984741211,38.75,32.973838806152344,70154000,0.0,0.0,0.0
2005-09-26,38.970001220703125,39.029998779296875,38.54999923706055,38.7599983215332,32.98234939575195,69327600,0.0,0.0,0.0
2005-09-27,38.790000915527344,38.900001525878906,38.5099983215332,38.66999816894531,32.9057731628418,64089500,0.0,0.0,0.0
2005-09-28,38.7599983215332,38.95000076293945,38.560001373291016,38.68000030517578,32.914283752441406,72044500,0.0,0.0,0.0
2005-09-29,38.630001068115234,39.209999084472656,38.45000076293945,39.20000076293945,33.35679244995117,117634600,0.0,0.0,0.0
2005-09-30,39.16999816894531,39.47999954223633,39.130001068115234,39.459999084472656,33.57801055908203,79248500,0.0,0.0,0.0
2005-10-03,39.540000915527344,39.75,39.5099983215332,39.560001373291016,33.66311264038086,81685600,0.0,0.0,0.0
2005-10-04,39.619998931884766,39.880001068115234,39.290000915527344,39.29999923706055,33.44186782836914,85348600,0.0,0.0,0.0
2005-10-05,39.310001373291016,39.34000015258789,38.72999954223633,38.7599983215332,32.98234939575195,106152200,0.0,0.0,0.0
2005-10-06,38.72999954223633,38.86000061035156,37.91999816894531,38.25,32.54838180541992,162213700,0.0,0.0,0.0
2005-10-07,38.400001525878906,38.56999969482422,38.18000030517578,38.34000015258789,32.624942779541016,91119900,0.0,0.0,0.0
2005-10-10,38.27000045776367,38.459999084472656,38.060001373291016,38.130001068115234,32.44628143310547,64012000,0.0,0.0,0.0
2005-10-11,38.2400016784668,38.2400016784668,37.79999923706055,37.939998626708984,32.28458023071289,114736900,0.0,0.0,0.0
2005-10-12,37.720001220703125,38.060001373291016,37.43000030517578,37.4900016784668,31.90165138244629,146109500,0.0,0.0,0.0
2005-10-13,37.470001220703125,37.90999984741211,37.33000183105469,37.779998779296875,32.148433685302734,138569600,0.0,0.0,0.0
2005-10-14,37.880001068115234,38.06999969482422,37.63999938964844,38.060001373291016,32.386695861816406,131463200,0.0,0.0,0.0
2005-10-17,38.06999969482422,38.189998626708984,37.81999969482422,38.18000030517578,32.48880386352539,64080400,0.0,0.0,0.0
2005-10-18,38.13999938964844,38.18000030517578,37.90999984741211,37.90999984741211,32.25906753540039,88070400,0.0,0.0,0.0
2005-10-19,37.720001220703125,38.66999816894531,37.61000061035156,38.66999816894531,32.9057731628418,132879900,0.0,0.0,0.0
2005-10-20,38.709999084472656,38.849998474121094,38.099998474121094,38.310001373291016,32.599430084228516,132576900,0.0,0.0,0.0
2005-10-21,38.66999816894531,38.75,38.33000183105469,38.54999923706055,32.803646087646484,110032000,0.0,0.0,0.0
2005-10-24,38.72999954223633,39.18000030517578,38.470001220703125,39.15999984741211,33.322731018066406,110820900,0.0,0.0,0.0
2005-10-25,39.09000015258789,39.189998626708984,38.77000045776367,39.0099983215332,33.19509506225586,86665800,0.0,0.0,0.0
2005-10-26,38.97999954223633,39.27000045776367,38.7599983215332,38.810001373291016,33.024906158447266,89878100,0.0,0.0,0.0
2005-10-27,38.779998779296875,38.79999923706055,38.029998779296875,38.029998779296875,32.36117935180664,132231100,0.0,0.0,0.0
2005-10-28,38.15999984741211,38.38999938964844,37.91999816894531,38.31999969482422,32.607948303222656,95243900,0.0,0.0,0.0
2005-10-31,38.45000076293945,39.04999923706055,38.41999816894531,38.869998931884766,33.075950622558594,115279100,0.0,0.0,0.0
2005-11-01,38.779998779296875,39.0099983215332,38.709999084472656,38.84000015258789,33.05043029785156,73502300,0.0,0.0,0.0
2005-11-02,38.72999954223633,39.459999084472656,38.709999084472656,39.349998474121094,33.48440170288086,101409900,0.0,0.0,0.0
2005-11-03,39.7400016784668,40.09000015258789,39.68000030517578,39.939998626708984,33.98645782470703,137054000,0.0,0.0,0.0
2005-11-04,40.0,40.22999954223633,39.84000015258789,40.08000183105469,34.105587005615234,100944500,0.0,0.0,0.0
2005-11-07,40.209999084472656,40.290000915527344,39.95000076293945,40.130001068115234,34.14813995361328,65324500,0.0,0.0,0.0
2005-11-08,40.08000183105469,40.349998474121094,39.9900016784668,40.13999938964844,34.156654357910156,78859700,0.0,0.0,0.0
2005-11-09,40.119998931884766,40.33000183105469,40.029998779296875,40.15999984741211,34.17366409301758,72458800,0.0,0.0,0.0
2005-11-10,40.18000030517578,40.689998626708984,39.91999816894531,40.599998474121094,34.54808044433594,120763100,0.0,0.0,0.0
2005-11-11,40.77000045776367,40.91999816894531,40.68000030517578,40.709999084472656,34.64168930053711,80057200,0.0,0.0,0.0
2005-11-14,40.77000045776367,40.86000061035156,40.599998474121094,40.709999084472656,34.64168930053711,53652400,0.0,0.0,0.0
2005-11-15,40.72999954223633,40.900001525878906,40.380001068115234,40.52000045776367,34.48000717163086,79543500,0.0,0.0,0.0
2005-11-16,40.630001068115234,40.779998779296875,40.459999084472656,40.77000045776367,34.692745208740234,65895700,0.0,0.0,0.0
2005-11-17,40.90999984741211,41.31999969482422,40.849998474121094,41.310001373291016,35.152244567871094,94425500,0.0,0.0,0.0
2005-11-18,41.52000045776367,41.650001525878906,41.27000045776367,41.45000076293945,35.27137756347656,108820200,0.0,0.0,0.0
2005-11-21,41.400001525878906,41.58000183105469,41.2400016784668,41.54999923706055,35.35647964477539,69731400,0.0,0.0,0.0
2005-11-22,41.470001220703125,41.869998931884766,41.36000061035156,41.70000076293945,35.4841194152832,88814000,0.0,0.0,0.0
2005-11-23,41.72999954223633,42.02000045776367,41.709999084472656,41.79999923706055,35.5692138671875,64101200,0.0,0.0,0.0
2005-11-25,41.84000015258789,41.939998626708984,41.72999954223633,41.88999938964844,35.645790100097656,22930200,0.0,0.0,0.0
2005-11-28,42.0,42.0,41.5,41.540000915527344,35.34796142578125,74716200,0.0,0.0,0.0
2005-11-29,41.77000045776367,41.849998474121094,41.34000015258789,41.34000015258789,35.177764892578125,77443000,0.0,0.0,0.0
2005-11-30,41.279998779296875,41.4900016784668,41.189998626708984,41.2400016784668,35.09267807006836,88044400,0.0,0.0,0.0
2005-12-01,41.5099983215332,42.04999923706055,41.5,42.0099983215332,35.74789810180664,91914100,0.0,0.0,0.0
2005-12-02,41.939998626708984,42.130001068115234,41.869998931884766,42.11000061035156,35.83300018310547,72929200,0.0,0.0,0.0
2005-12-05,42.060001373291016,42.060001373291016,41.630001068115234,41.79999923706055,35.5692138671875,61519900,0.0,0.0,0.0
2005-12-06,42.029998779296875,42.310001373291016,41.900001525878906,41.939998626708984,35.6883430480957,81509400,0.0,0.0,0.0
2005-12-07,42.0,42.029998779296875,41.630001068115234,41.86000061035156,35.620262145996094,83885500,0.0,0.0,0.0
2005-12-08,41.959999084472656,42.0,41.27000045776367,41.560001373291016,35.364990234375,112043200,0.0,0.0,0.0
2005-12-09,41.560001373291016,41.77000045776367,41.380001068115234,41.720001220703125,35.50114059448242,56526900,0.0,0.0,0.0
2005-12-12,41.869998931884766,41.939998626708984,41.68000030517578,41.869998931884766,35.6287727355957,44863600,0.0,0.0,0.0
2005-12-13,41.81999969482422,42.209999084472656,41.7599983215332,42.040000915527344,35.773433685302734,76611600,0.0,0.0,0.0
2005-12-14,41.95000076293945,42.099998474121094,41.709999084472656,41.900001525878906,35.6543083190918,73581600,0.0,0.0,0.0
2005-12-15,42.0,42.06999969482422,41.61000061035156,41.970001220703125,35.713844299316406,72607200,0.0,0.0,0.0
2005-12-16,41.86000061035156,41.939998626708984,41.54999923706055,41.58000183105469,35.46737289428711,63743000,0.101,0.0,0.0
2005-12-19,41.66999816894531,41.709999084472656,40.900001525878906,40.91999816894531,34.90437698364258,75341700,0.0,0.0,0.0
2005-12-20,40.95000076293945,41.150001525878906,40.75,40.95000076293945,34.92998504638672,70257700,0.0,0.0,0.0
2005-12-21,41.02000045776367,41.40999984741211,40.95000076293945,41.130001068115234,35.08352279663086,68935000,0.0,0.0,0.0
2005-12-22,41.11000061035156,41.459999084472656,41.099998474121094,41.400001525878906,35.31379318237305,59149500,0.0,0.0,0.0
2005-12-23,41.5099983215332,41.59000015258789,41.29999923706055,41.400001525878906,35.31379318237305,38000400,0.0,0.0,0.0
2005-12-27,41.52000045776367,41.68000030517578,40.970001220703125,41.040000915527344,35.00674819946289,55656300,0.0,0.0,0.0
2005-12-28,41.060001373291016,41.22999954223633,40.869998931884766,40.9900016784668,34.9640998840332,50302400,0.0,0.0,0.0
2005-12-29,41.029998779296875,41.119998931884766,40.650001525878906,40.720001220703125,34.73377227783203,47301700,0.0,0.0,0.0
2005-12-30,40.540000915527344,40.58000183105469,40.36000061035156,40.40999984741211,34.4693603515625,60026500,0.0,0.0,0.0
2006-01-03,40.650001525878906,41.4900016784668,40.15999984741211,41.310001373291016,35.23704147338867,109350400,0.0,0.0,0.0
2006-01-04,41.40999984741211,41.7400016784668,41.31999969482422,41.7400016784668,35.603816986083984,92769400,0.0,0.0,0.0
2006-01-05,41.75,42.0,41.709999084472656,41.91999816894531,35.75737762451172,77656900,0.0,0.0,0.0
2006-01-06,42.2599983215332,42.70000076293945,42.060001373291016,42.68000030517578,36.405635833740234,110053900,0.0,0.0,0.0
2006-01-09,42.68000030517578,42.91999816894531,42.52000045776367,42.849998474121094,36.550655364990234,80768800,0.0,0.0,0.0
2006-01-10,42.65999984741211,42.91999816894531,42.54999923706055,42.880001068115234,36.57624435424805,84369400,0.0,0.0,0.0
2006-01-11,43.0,43.310001373291016,42.869998931884766,43.209999084472656,36.85772705078125,100761400,0.0,0.0,0.0
2006-01-12,43.15999984741211,43.290000915527344,42.849998474121094,43.0,36.6786003112793,82429200,0.0,0.0,0.0
2006-01-13,42.939998626708984,43.04999923706055,42.72999954223633,42.97999954223633,36.66156005859375,64572100,0.0,0.0,0.0
2006-01-17,42.650001525878906,42.790000915527344,42.5,42.70000076293945,36.42270278930664,77962100,0.0,0.0,0.0
2006-01-18,42.029998779296875,42.459999084472656,42.02000045776367,42.209999084472656,36.004737854003906,121021900,0.0,0.0,0.0
2006-01-19,42.41999816894531,42.81999969482422,42.290000915527344,42.52000045776367,36.26914978027344,111094000,0.0,0.0,0.0
2006-01-20,42.459999084472656,42.4900016784668,41.150001525878906,41.25,35.18586730957031,188569400,0.0,0.0,0.0
2006-01-23,41.36000061035156,41.45000076293945,41.08000183105469,41.2599983215332,35.19441223144531,111381900,0.0,0.0,0.0
2006-01-24,41.36000061035156,41.70000076293945,41.310001373291016,41.439998626708984,35.347938537597656,77956900,0.0,0.0,0.0
2006-01-25,41.63999938964844,41.66999816894531,41.08000183105469,41.2599983215332,35.19441223144531,99826400,0.0,0.0,0.0
2006-01-26,41.5,41.689998626708984,41.22999954223633,41.54999923706055,35.44176483154297,112600600,0.0,0.0,0.0
2006-01-27,41.79999923706055,42.38999938964844,41.7400016784668,42.11000061035156,35.919437408447266,110830400,0.0,0.0,0.0
2006-01-30,42.18000030517578,42.31999969482422,42.06999969482422,42.189998626708984,35.98767852783203,53942600,0.0,0.0,0.0
2006-01-31,42.16999816894531,42.27000045776367,41.810001373291016,42.0,35.825618743896484,100988100,0.0,0.0,0.0
2006-02-01,41.7400016784668,42.16999816894531,41.70000076293945,42.150001525878906,35.953556060791016,89168700,0.0,0.0,0.0
2006-02-02,42.0099983215332,42.08000183105469,41.40999984741211,41.43000030517578,35.33940505981445,94047400,0.0,0.0,0.0
2006-02-03,41.119998931884766,41.22999954223633,40.779998779296875,40.91999816894531,34.90437698364258,121094200,0.0,0.0,0.0
2006-02-06,40.720001220703125,41.0099983215332,40.59000015258789,40.810001373291016,34.810546875,58162800,0.0,0.0,0.0
2006-02-07,40.7400016784668,40.93000030517578,40.439998626708984,40.630001068115234,34.657012939453125,87327000,0.0,0.0,0.0
2006-02-08,40.91999816894531,41.150001525878906,40.689998626708984,41.099998474121094,35.05790710449219,89907800,0.0,0.0,0.0
2006-02-09,41.209999084472656,41.369998931884766,40.630001068115234,40.709999084472656,34.725250244140625,78213400,0.0,0.0,0.0
2006-02-10,40.68000030517578,41.060001373291016,40.2599983215332,40.959999084472656,34.93849563598633,102575900,0.0,0.0,0.0
2006-02-13,40.70000076293945,40.7400016784668,40.29999923706055,40.4900016784668,34.53760528564453,70643100,0.0,0.0,0.0
2006-02-14,40.56999969482422,41.02000045776367,40.40999984741211,40.900001525878906,34.88732147216797,94340300,0.0,0.0,0.0
2006-02-15,40.790000915527344,41.2599983215332,40.72999954223633,41.15999984741211,35.10910415649414,92254300,0.0,0.0,0.0
2006-02-16,41.310001373291016,41.54999923706055,41.150001525878906,41.540000915527344,35.43324661254883,103859600,0.0,0.0,0.0
2006-02-17,41.459999084472656,41.459999084472656,41.20000076293945,41.209999084472656,35.1517448425293,81770200,0.0,0.0,0.0
2006-02-21,41.209999084472656,41.27000045776367,40.61000061035156,40.75,34.759361267089844,85101400,0.0,0.0,0.0
2006-02-22,40.779998779296875,41.540000915527344,40.68000030517578,41.2599983215332,35.19441223144531,91983900,0.0,0.0,0.0
2006-02-23,41.189998626708984,41.540000915527344,41.08000183105469,41.150001525878906,35.10056686401367,66517100,0.0,0.0,0.0
2006-02-24,41.189998626708984,41.290000915527344,41.0099983215332,41.2599983215332,35.19441223144531,57085400,0.0,0.0,0.0
2006-02-27,41.36000061035156,41.869998931884766,41.33000183105469,41.720001220703125,35.58676528930664,64945000,0.0,0.0,0.0
2006-02-28,41.61000061035156,41.720001220703125,40.970001220703125,41.099998474121094,35.05790710449219,117564600,0.0,0.0,0.0
2006-03-01,41.22999954223633,41.77000045776367,41.150001525878906,41.65999984741211,35.53560256958008,80962300,0.0,0.0,0.0
2006-03-02,41.54999923706055,41.84000015258789,41.40999984741211,41.689998626708984,35.56119155883789,69856500,0.0,0.0,0.0
2006-03-03,41.45000076293945,42.0099983215332,41.38999938964844,41.45000076293945,35.356468200683594,112066100,0.0,0.0,0.0
2006-03-06,41.540000915527344,41.630001068115234,40.959999084472656,41.09000015258789,35.04938507080078,99581000,0.0,0.0,0.0
2006-03-07,41.02000045776367,41.06999969482422,40.650001525878906,40.849998474121094,34.844669342041016,96441100,0.0,0.0,0.0
2006-03-08,40.7599983215332,41.09000015258789,40.5,40.869998931884766,34.861724853515625,103961900,0.0,0.0,0.0
2006-03-09,41.0,41.150001525878906,40.470001220703125,40.52000045776367,34.563175201416016,108556700,0.0,0.0,0.0
2006-03-10,40.47999954223633,40.790000915527344,40.189998626708984,40.560001373291016,34.59730529785156,124474900,0.0,0.0,0.0
2006-03-13,40.7400016784668,40.939998626708984,40.619998931884766,40.68000030517578,34.699668884277344,69169100,0.0,0.0,0.0
2006-03-14,40.63999938964844,41.41999816894531,40.63999938964844,41.369998931884766,35.28822326660156,118201000,0.0,0.0,0.0
2006-03-15,41.529998779296875,41.720001220703125,41.31999969482422,41.720001220703125,35.58676528930664,84375800,0.0,0.0,0.0
2006-03-16,41.849998474121094,41.91999816894531,41.33000183105469,41.369998931884766,35.28822326660156,101371200,0.0,0.0,0.0
2006-03-17,41.34000015258789,41.59000015258789,41.22999954223633,41.45000076293945,35.38126754760742,78219600,0.029,0.0,0.0
2006-03-20,41.56999969482422,41.68000030517578,41.400001525878906,41.54999923706055,35.46662521362305,60240100,0.0,0.0,0.0
2006-03-21,41.11000061035156,42.0099983215332,41.08000183105469,41.11000061035156,35.09104537963867,136566000,0.0,0.0,0.0
2006-03-22,40.880001068115234,41.279998779296875,40.86000061035156,41.209999084472656,35.1764030456543,112282800,0.0,0.0,0.0
2006-03-23,41.09000015258789,41.220001220703125,40.81999969482422,41.09000015258789,35.07396697998047,75158200,0.0,0.0,0.0
2006-03-24,41.22999954223633,41.5,41.02000045776367,41.29999923706055,35.253231048583984,81795500,0.0,0.0,0.0
2006-03-27,41.279998779296875,41.5099983215332,41.2400016784668,41.310001373291016,35.26176071166992,54400400,0.0,0.0,0.0
2006-03-28,41.38999938964844,41.66999816894531,40.9900016784668,41.13999938964844,35.11664581298828,100522800,0.0,0.0,0.0
2006-03-29,41.20000076293945,42.099998474121094,41.16999816894531,41.91999816894531,35.7824592590332,130669100,0.0,0.0,0.0
2006-03-30,42.0099983215332,42.29999923706055,41.790000915527344,42.04999923706055,35.8934211730957,115915600,0.0,0.0,0.0
2006-03-31,42.130001068115234,42.189998626708984,41.84000015258789,41.93000030517578,35.79099655151367,71074600,0.0,0.0,0.0
2006-04-03,42.150001525878906,42.369998931884766,41.900001525878906,41.97999954223633,35.83366394042969,80730700,0.0,0.0,0.0
2006-04-04,42.04999923706055,42.310001373291016,41.93000030517578,42.209999084472656,36.02999496459961,89952600,0.0,0.0,0.0
2006-04-05,42.29999923706055,42.66999816894531,42.209999084472656,42.61000061035156,36.37142562866211,91628200,0.0,0.0,0.0
2006-04-06,42.59000015258789,42.939998626708984,42.439998626708984,42.72999954223633,36.47386169433594,91712800,0.0,0.0,0.0
2006-04-07,42.880001068115234,43.04999923706055,42.29999923706055,42.31999969482422,36.12389373779297,116604300,0.0,0.0,0.0
2006-04-10,42.400001525878906,42.5,42.09000015258789,42.2599983215332,36.07269287109375,58981900,0.0,0.0,0.0
2006-04-11,42.38999938964844,42.43000030517578,41.709999084472656,41.91999816894531,35.7824592590332,91481900,0.0,0.0,0.0
2006-04-12,41.939998626708984,42.08000183105469,41.79999923706055,41.93000030517578,35.79099655151367,58751200,0.0,0.0,0.0
2006-04-13,41.900001525878906,42.33000183105469,41.790000915527344,42.099998474121094,35.936092376708984,63476900,0.0,0.0,0.0
2006-04-17,42.040000915527344,42.209999084472656,41.38999938964844,41.65999984741211,35.56052780151367,104072100,0.0,0.0,0.0
2006-04-18,41.77000045776367,42.560001373291016,41.77000045776367,42.459999084472656,36.24341583251953,124291700,0.0,0.0,0.0
2006-04-19,42.540000915527344,42.650001525878906,42.29999923706055,42.650001525878906,36.40557098388672,79050300,0.0,0.0,0.0
2006-04-20,42.63999938964844,42.81999969482422,42.380001068115234,42.5,36.277523040771484,81408000,0.0,0.0,0.0
2006-04-21,42.65999984741211,42.720001220703125,41.81999969482422,42.0,35.85074996948242,130181200,0.0,0.0,0.0
2006-04-24,41.95000076293945,42.06999969482422,41.720001220703125,41.959999084472656,35.81659698486328,78556400,0.0,0.0,0.0
2006-04-25,42.06999969482422,42.099998474121094,41.650001525878906,41.869998931884766,35.739776611328125,77660800,0.0,0.0,0.0
2006-04-26,41.86000061035156,42.060001373291016,41.70000076293945,41.86000061035156,35.73124694824219,82537000,0.0,0.0,0.0
2006-04-27,41.66999816894531,42.4900016784668,41.5,42.2599983215332,36.07269287109375,173950100,0.0,0.0,0.0
2006-04-28,42.0,42.220001220703125,41.779998779296875,41.849998474121094,35.72271728515625,88876600,0.0,0.0,0.0
2006-05-01,41.91999816894531,42.04999923706055,41.310001373291016,41.439998626708984,35.372737884521484,92875500,0.0,0.0,0.0
2006-05-02,41.619998931884766,41.72999954223633,41.400001525878906,41.54999923706055,35.46662521362305,85148100,0.0,0.0,0.0
2006-05-03,41.56999969482422,41.63999938964844,41.279998779296875,41.4900016784668,35.4154052734375,74971600,0.0,0.0,0.0
2006-05-04,41.529998779296875,41.9900016784668,41.529998779296875,41.83000183105469,35.70563507080078,88696800,0.0,0.0,0.0
2006-05-05,42.099998474121094,42.209999084472656,41.939998626708984,42.15999984741211,35.987308502197266,80392200,0.0,0.0,0.0
2006-05-08,42.08000183105469,42.279998779296875,42.06999969482422,42.20000076293945,36.021461486816406,45079100,0.0,0.0,0.0
2006-05-09,42.099998474121094,42.18000030517578,41.970001220703125,42.040000915527344,35.884883880615234,48528800,0.0,0.0,0.0
2006-05-10,41.93000030517578,41.97999954223633,41.54999923706055,41.66999816894531,35.56904220581055,92424200,0.0,0.0,0.0
2006-05-11,41.630001068115234,41.650001525878906,40.630001068115234,40.7400016784668,34.775230407714844,140989700,0.0,0.0,0.0
2006-05-12,40.560001373291016,40.619998931884766,40.18000030517578,40.189998626708984,34.30573272705078,153920800,0.0,0.0,0.0
2006-05-15,40.02000045776367,40.34000015258789,39.790000915527344,40.15999984741211,34.280128479003906,127896500,0.0,0.0,0.0
2006-05-16,40.16999816894531,40.2599983215332,39.77000045776367,39.86000061035156,34.0240592956543,132397500,0.0,0.0,0.0
2006-05-17,39.68000030517578,39.810001373291016,39.22999954223633,39.31999969482422,33.563114166259766,207897100,0.0,0.0,0.0
2006-05-18,39.4900016784668,39.65999984741211,39.0,39.04999923706055,33.33264923095703,139690900,0.0,0.0,0.0
2006-05-19,39.20000076293945,39.470001220703125,38.75,39.349998474121094,33.588722229003906,194306300,0.0,0.0,0.0
2006-05-22,39.0099983215332,39.2400016784668,38.619998931884766,38.970001220703125,33.264373779296875,169591800,0.0,0.0,0.0
2006-05-23,39.2599983215332,39.380001068115234,38.56999969482422,38.59000015258789,32.93998718261719,142243900,0.0,0.0,0.0
2006-05-24,38.529998779296875,39.040000915527344,38.22999954223633,38.849998474121094,33.16193389892578,234981600,0.0,0.0,0.0
2006-05-25,39.11000061035156,39.380001068115234,38.81999969482422,39.36000061035156,33.597267150878906,123510900,0.0,0.0,0.0
2006-05-26,39.45000076293945,39.58000183105469,39.22999954223633,39.4900016784668,33.70823287963867,91319600,0.0,0.0,0.0
2006-05-30,39.29999923706055,39.33000183105469,38.61000061035156,38.63999938964844,32.9826774597168,105606200,0.0,0.0,0.0
2006-05-31,38.709999084472656,39.060001373291016,38.540000915527344,38.81999969482422,33.136329650878906,137066200,0.0,0.0,0.0
2006-06-01,38.93000030517578,39.7400016784668,38.84000015258789,39.7400016784668,33.9216423034668,119357400,0.0,0.0,0.0
2006-06-02,39.959999084472656,40.0,39.310001373291016,39.63999938964844,33.83627700805664,128864100,0.0,0.0,0.0
2006-06-05,39.560001373291016,39.560001373291016,38.779998779296875,38.779998779296875,33.102169036865234,103190600,0.0,0.0,0.0
2006-06-06,38.849998474121094,38.95000076293945,38.349998474121094,38.75,33.076576232910156,127271000,0.0,0.0,0.0
2006-06-07,38.79999923706055,39.16999816894531,38.45000076293945,38.459999084472656,32.82904052734375,130754700,0.0,0.0,0.0
2006-06-08,38.27000045776367,38.560001373291016,37.4900016784668,38.400001525878906,32.777828216552734,280562200,0.0,0.0,0.0
2006-06-09,38.560001373291016,38.7400016784668,38.11000061035156,38.150001525878906,32.56442642211914,144146200,0.0,0.0,0.0
2006-06-12,38.20000076293945,38.2599983215332,37.38999938964844,37.400001525878906,31.92423439025879,145607500,0.0,0.0,0.0
2006-06-13,37.4900016784668,37.79999923706055,37.15999984741211,37.25,31.79618263244629,207099500,0.0,0.0,0.0
2006-06-14,37.36000061035156,37.709999084472656,37.20000076293945,37.630001068115234,32.12056350708008,201876800,0.0,0.0,0.0
2006-06-15,37.849998474121094,38.790000915527344,37.79999923706055,38.650001525878906,32.991214752197266,200700400,0.0,0.0,0.0
2006-06-16,38.54999923706055,38.68000030517578,38.20000076293945,38.34000015258789,32.7486457824707,120006100,0.026,0.0,0.0
2006-06-19,38.5,38.540000915527344,37.90999984741211,38.029998779296875,32.48385238647461,129450100,0.0,0.0,0.0
2006-06-20,38.09000015258789,38.47999954223633,37.939998626708984,38.08000183105469,32.526554107666016,102871700,0.0,0.0,0.0
2006-06-21,38.13999938964844,38.9900016784668,38.130001068115234,38.68000030517578,33.039031982421875,129548100,0.0,0.0,0.0
2006-06-22,38.59000015258789,38.68000030517578,37.9900016784668,38.189998626708984,32.62051773071289,143100500,0.0,0.0,0.0
2006-06-23,38.15999984741211,38.529998779296875,37.93000030517578,38.150001525878906,32.58634567260742,88050200,0.0,0.0,0.0
2006-06-26,38.16999816894531,38.38999938964844,38.06999969482422,38.25,32.6717529296875,65157700,0.0,0.0,0.0
2006-06-27,38.27000045776367,38.33000183105469,37.4900016784668,37.529998779296875,32.0567741394043,128227500,0.0,0.0,0.0
2006-06-28,37.619998931884766,37.84000015258789,37.380001068115234,37.810001373291016,32.29593276977539,91576300,0.0,0.0,0.0
2006-06-29,37.97999954223633,38.959999084472656,37.900001525878906,38.959999084472656,33.27820587158203,181997200,0.0,0.0,0.0
2006-06-30,39.119998931884766,39.13999938964844,38.68000030517578,38.77000045776367,33.11593246459961,82719200,0.0,0.0,0.0
2006-07-03,38.88999938964844,39.0,38.810001373291016,39.0,33.312381744384766,21598500,0.0,0.0,0.0
2006-07-05,38.63999938964844,38.68000030517578,38.09000015258789,38.150001525878906,32.58634567260742,93724000,0.0,0.0,0.0
2006-07-06,38.27000045776367,38.47999954223633,38.0099983215332,38.11000061035156,32.55218505859375,70615200,0.0,0.0,0.0
2006-07-07,37.900001525878906,38.16999816894531,37.56999969482422,37.689998626708984,32.193416595458984,108063300,0.0,0.0,0.0
2006-07-10,37.790000915527344,37.93000030517578,37.16999816894531,37.36000061035156,31.911540985107422,105109800,0.0,0.0,0.0
2006-07-11,37.279998779296875,37.7400016784668,37.08000183105469,37.63999938964844,32.15072250366211,136114200,0.0,0.0,0.0
2006-07-12,37.560001373291016,37.63999938964844,36.84000015258789,36.93000030517578,31.544279098510742,154458900,0.0,0.0,0.0
2006-07-13,36.63999938964844,37.040000915527344,36.310001373291016,36.310001373291016,31.01468849182129,177745500,0.0,0.0,0.0
2006-07-14,36.29999923706055,36.380001068115234,35.790000915527344,35.939998626708984,30.698652267456055,172448500,0.0,0.0,0.0
2006-07-17,35.95000076293945,36.25,35.869998931884766,36.029998779296875,30.775516510009766,134311000,0.0,0.0,0.0
2006-07-18,36.220001220703125,36.33000183105469,35.540000915527344,36.150001525878906,30.878009796142578,206964900,0.0,0.0,0.0
2006-07-19,36.119998931884766,36.83000183105469,36.09000015258789,36.619998931884766,31.27947425842285,192517600,0.0,0.0,0.0
2006-07-20,36.75,36.79999923706055,36.040000915527344,36.08000183105469,30.81822395324707,152292100,0.0,0.0,0.0
2006-07-21,35.880001068115234,35.959999084472656,35.619998931884766,35.70000076293945,30.493635177612305,119343000,0.0,0.0,0.0
2006-07-24,35.84000015258789,36.43000030517578,35.79999923706055,36.40999984741211,31.100082397460938,130269300,0.0,0.0,0.0
2006-07-25,36.4900016784668,36.7400016784668,36.2400016784668,36.619998931884766,31.27947425842285,108869600,0.0,0.0,0.0
2006-07-26,36.5099983215332,36.869998931884766,36.22999954223633,36.59000015258789,31.253856658935547,107170500,0.0,0.0,0.0
2006-07-27,36.7400016784668,37.040000915527344,36.25,36.349998474121094,31.048851013183594,99698700,0.0,0.0,0.0
2006-07-28,36.529998779296875,37.13999938964844,36.5,37.11000061035156,31.698022842407227,93556100,0.0,0.0,0.0
2006-07-31,37.08000183105469,37.31999969482422,36.88999938964844,37.099998474121094,31.68946075439453,78015300,0.0,0.0,0.0
2006-08-01,36.77000045776367,36.79999923706055,36.2599983215332,36.47999954223633,31.159900665283203,98552800,0.0,0.0,0.0
2006-08-02,36.61000061035156,37.130001068115234,36.61000061035156,36.88999938964844,31.51009750366211,87370600,0.0,0.0,0.0
2006-08-03,36.52000045776367,37.34000015258789,36.47999954223633,37.119998931884766,31.706560134887695,99205600,0.0,0.0,0.0
2006-08-04,37.45000076293945,37.630001068115234,36.619998931884766,36.95000076293945,31.56134796142578,123493800,0.0,0.0,0.0
2006-08-07,36.90999984741211,36.939998626708984,36.529998779296875,36.709999084472656,31.356346130371094,69634800,0.0,0.0,0.0
2006-08-08,36.810001373291016,36.900001525878906,36.2599983215332,36.47999954223633,31.159900665283203,124139900,0.0,0.0,0.0
2006-08-09,36.9900016784668,37.310001373291016,36.43000030517578,36.529998779296875,31.20258903503418,145342200,0.0,0.0,0.0
2006-08-10,36.43000030517578,36.880001068115234,36.310001373291016,36.790000915527344,31.424686431884766,102481300,0.0,0.0,0.0
2006-08-11,36.650001525878906,36.689998626708984,36.369998931884766,36.529998779296875,31.20258903503418,86903200,0.0,0.0,0.0
2006-08-14,36.84000015258789,37.27000045776367,36.70000076293945,36.77000045776367,31.407590866088867,109281100,0.0,0.0,0.0
2006-08-15,37.20000076293945,37.75,37.09000015258789,37.70000076293945,32.20197677612305,133712100,0.0,0.0,0.0
2006-08-16,37.97999954223633,38.61000061035156,37.84000015258789,38.59000015258789,32.96216583251953,135452100,0.0,0.0,0.0
2006-08-17,38.459999084472656,38.97999954223633,38.439998626708984,38.72999954223633,33.0817756652832,129492200,0.0,0.0,0.0
2006-08-18,38.630001068115234,38.83000183105469,38.279998779296875,38.790000915527344,33.13301086425781,97754500,0.0,0.0,0.0
2006-08-21,38.5,38.560001373291016,38.2599983215332,38.41999816894531,32.81696319580078,66668400,0.0,0.0,0.0
2006-08-22,38.36000061035156,38.810001373291016,38.20000076293945,38.43000030517578,32.825504302978516,102058600,0.0,0.0,0.0
2006-08-23,38.459999084472656,38.66999816894531,37.91999816894531,38.13999938964844,32.57780075073242,96056300,0.0,0.0,0.0
2006-08-24,38.25,38.349998474121094,37.91999816894531,38.25,32.6717529296875,78985300,0.0,0.0,0.0
2006-08-25,38.16999816894531,38.63999938964844,38.060001373291016,38.31999969482422,32.731571197509766,73572900,0.0,0.0,0.0
2006-08-28,38.290000915527344,38.790000915527344,38.2400016784668,38.61000061035156,32.97925567626953,80035000,0.0,0.0,0.0
2006-08-29,38.58000183105469,38.7599983215332,38.18000030517578,38.72999954223633,33.0817756652832,104842000,0.0,0.0,0.0
2006-08-30,38.720001220703125,39.029998779296875,38.599998474121094,38.90999984741211,33.23552322387695,75687200,0.0,0.0,0.0
2006-08-31,38.959999084472656,39.029998779296875,38.7599983215332,38.869998931884766,33.201332092285156,61207200,0.0,0.0,0.0
2006-09-01,39.08000183105469,39.209999084472656,38.900001525878906,39.08000183105469,33.38072204589844,69388500,0.0,0.0,0.0
2006-09-05,39.099998474121094,39.47999954223633,38.849998474121094,39.459999084472656,33.70531463623047,85582800,0.0,0.0,0.0
2006-09-06,39.099998474121094,39.189998626708984,38.61000061035156,38.66999816894531,33.0305061340332,97888600,0.0,0.0,0.0
2006-09-07,38.54999923706055,38.900001525878906,38.36000061035156,38.4900016784668,32.87676239013672,115877400,0.0,0.0,0.0
2006-09-08,38.540000915527344,38.81999969482422,38.459999084472656,38.720001220703125,33.073219299316406,96627000,0.0,0.0,0.0
2006-09-11,38.40999984741211,39.150001525878906,38.31999969482422,38.959999084472656,33.27820587158203,142377500,0.0,0.0,0.0
2006-09-12,38.95000076293945,39.79999923706055,38.95000076293945,39.68000030517578,33.89321517944336,124102400,0.0,0.0,0.0
2006-09-13,39.709999084472656,39.97999954223633,39.630001068115234,39.95000076293945,34.12385940551758,116054300,0.0,0.0,0.0
2006-09-14,39.849998474121094,40.220001220703125,39.7599983215332,39.9900016784668,34.158016204833984,98116000,0.0,0.0,0.0
2006-09-15,40.29999923706055,40.459999084472656,40.0,40.11000061035156,34.28023147583008,137825600,0.023,0.0,0.0
2006-09-18,40.119998931884766,40.400001525878906,39.939998626708984,40.119998931884766,34.28878402709961,117806700,0.0,0.0,0.0
2006-09-19,40.220001220703125,40.25,39.52000045776367,39.849998474121094,34.058021545410156,159060800,0.0,0.0,0.0
2006-09-20,40.20000076293945,40.540000915527344,40.189998626708984,40.43000030517578,34.55370330810547,116635500,0.0,0.0,0.0
2006-09-21,40.529998779296875,40.66999816894531,40.08000183105469,40.18000030517578,34.34004592895508,121886900,0.0,0.0,0.0
2006-09-22,40.150001525878906,40.15999984741211,39.70000076293945,39.869998931884766,34.075103759765625,100996400,0.0,0.0,0.0
2006-09-25,40.040000915527344,40.65999984741211,39.68000030517578,40.56999969482422,34.67335510253906,136473400,0.0,0.0,0.0
2006-09-26,40.52000045776367,40.79999923706055,40.400001525878906,40.77000045776367,34.844303131103516,113375600,0.0,0.0,0.0
2006-09-27,40.66999816894531,40.95000076293945,40.5,40.720001220703125,34.80155944824219,113003800,0.0,0.0,0.0
2006-09-28,40.77000045776367,40.88999938964844,40.43000030517578,40.83000183105469,34.895572662353516,85943600,0.0,0.0,0.0
2006-09-29,40.900001525878906,40.93000030517578,40.619998931884766,40.650001525878906,34.741737365722656,85438200,0.0,0.0,0.0
2006-10-02,40.599998474121094,40.70000076293945,40.08000183105469,40.13999938964844,34.30586242675781,97068800,0.0,0.0,0.0
2006-10-03,40.02000045776367,40.47999954223633,39.880001068115234,40.310001373291016,34.451175689697266,116261400,0.0,0.0,0.0
2006-10-04,40.2400016784668,41.310001373291016,40.13999938964844,41.29999923706055,35.2972526550293,149209500,0.0,0.0,0.0
2006-10-05,41.29999923706055,41.560001373291016,41.18000030517578,41.5,35.46819305419922,91799900,0.0,0.0,0.0
2006-10-06,41.36000061035156,41.560001373291016,41.2400016784668,41.40999984741211,35.39127731323242,85450400,0.0,0.0,0.0
2006-10-09,41.36000061035156,41.7400016784668,41.31999969482422,41.54999923706055,35.51091766357422,62786100,0.0,0.0,0.0
2006-10-10,41.599998474121094,41.75,41.310001373291016,41.619998931884766,35.57075119018555,98181800,0.0,0.0,0.0
2006-10-11,41.43000030517578,41.83000183105469,41.16999816894531,41.540000915527344,35.50237274169922,136561300,0.0,0.0,0.0
2006-10-12,41.7599983215332,42.25,41.70000076293945,42.20000076293945,36.06645965576172,95260200,0.0,0.0,0.0
2006-10-13,42.22999954223633,42.52000045776367,42.13999938964844,42.43000030517578,36.26300811767578,80470200,0.0,0.0,0.0
2006-10-16,42.43000030517578,42.619998931884766,42.400001525878906,42.470001220703125,36.29721450805664,62017400,0.0,0.0,0.0
2006-10-17,42.16999816894531,42.20000076293945,41.7599983215332,42.0,35.895530700683594,146149100,0.0,0.0,0.0
2006-10-18,42.220001220703125,42.310001373291016,41.650001525878906,41.79999923706055,35.72457504272461,120366100,0.0,0.0,0.0
2006-10-19,41.689998626708984,42.11000061035156,41.59000015258789,41.900001525878906,35.810062408447266,108198400,0.0,0.0,0.0
2006-10-20,42.040000915527344,42.08000183105469,41.63999938964844,42.0,35.895530700683594,105454300,0.0,0.0,0.0
2006-10-23,41.91999816894531,42.58000183105469,41.81999969482422,42.43000030517578,36.26300811767578,126960500,0.0,0.0,0.0
2006-10-24,42.279998779296875,42.45000076293945,41.91999816894531,42.13999938964844,36.015167236328125,103541700,0.0,0.0,0.0
2006-10-25,42.15999984741211,42.52000045776367,42.04999923706055,42.43000030517578,36.26300811767578,125399500,0.0,0.0,0.0
2006-10-26,42.58000183105469,42.91999816894531,42.220001220703125,42.81999969482422,36.596336364746094,130260700,0.0,0.0,0.0
2006-10-27,42.720001220703125,42.81999969482422,42.08000183105469,42.209999084472656,36.07499313354492,129375000,0.0,0.0,0.0
2006-10-30,42.15999984741211,42.650001525878906,42.060001373291016,42.47999954223633,36.30575942993164,103899900,0.0,0.0,0.0
2006-10-31,42.560001373291016,42.7599983215332,42.310001373291016,42.58000183105469,36.39122009277344,135811800,0.0,0.0,0.0
2006-11-01,42.72999954223633,42.77000045776367,41.81999969482422,42.0,35.895530700683594,148960600,0.0,0.0,0.0
2006-11-02,41.810001373291016,42.13999938964844,41.7400016784668,42.040000915527344,35.929718017578125,100216400,0.0,0.0,0.0
2006-11-03,42.099998474121094,42.189998626708984,41.61000061035156,41.93000030517578,35.83570098876953,119263300,0.0,0.0,0.0
2006-11-06,42.06999969482422,42.709999084472656,42.060001373291016,42.540000915527344,36.35702133178711,101283300,0.0,0.0,0.0
2006-11-07,42.540000915527344,43.09000015258789,42.470001220703125,42.83000183105469,36.604896545410156,139706500,0.0,0.0,0.0
2006-11-08,42.59000015258789,43.20000076293945,42.470001220703125,43.029998779296875,36.77581024169922,180245700,0.0,0.0,0.0
2006-11-09,43.2599983215332,43.349998474121094,42.66999816894531,42.83000183105469,36.604896545410156,124278000,0.0,0.0,0.0
2006-11-10,42.84000015258789,43.040000915527344,42.66999816894531,43.029998779296875,36.77581024169922,82419400,0.0,0.0,0.0
2006-11-13,43.04999923706055,43.540000915527344,43.0,43.470001220703125,37.15185546875,89146200,0.0,0.0,0.0
2006-11-14,43.5,43.970001220703125,43.2400016784668,43.93000030517578,37.54500198364258,121962800,0.0,0.0,0.0
2006-11-15,43.9900016784668,44.400001525878906,43.91999816894531,44.11000061035156,37.69884490966797,116565900,0.0,0.0,0.0
2006-11-16,44.2599983215332,44.41999816894531,44.02000045776367,44.29999923706055,37.86122512817383,113513200,0.0,0.0,0.0
2006-11-17,44.060001373291016,44.29999923706055,43.95000076293945,44.29999923706055,37.86122512817383,95162500,0.0,0.0,0.0
2006-11-20,44.15999984741211,44.47999954223633,44.0099983215332,44.38999938964844,37.93815612792969,107184100,0.0,0.0,0.0
2006-11-21,44.41999816894531,44.5099983215332,44.25,44.45000076293945,37.989418029785156,68092200,0.0,0.0,0.0
2006-11-22,44.58000183105469,44.75,44.2599983215332,44.72999954223633,38.22872543334961,69852700,0.0,0.0,0.0
2006-11-24,44.400001525878906,44.86000061035156,44.380001068115234,44.650001525878906,38.16035079956055,51762900,0.0,0.0,0.0
2006-11-27,44.5099983215332,44.61000061035156,43.63999938964844,43.63999938964844,37.29715347290039,159506300,0.0,0.0,0.0
2006-11-28,43.5099983215332,43.84000015258789,43.34000015258789,43.77000045776367,37.40827560424805,118268400,0.0,0.0,0.0
2006-11-29,44.0,44.18000030517578,43.65999984741211,44.06999969482422,37.66463851928711,139515500,0.0,0.0,0.0
2006-11-30,44.04999923706055,44.279998779296875,43.790000915527344,44.040000915527344,37.63901901245117,123457100,0.0,0.0,0.0
2006-12-01,44.0,44.349998474121094,43.2599983215332,43.65999984741211,37.314247131347656,144559600,0.0,0.0,0.0
2006-12-04,43.790000915527344,44.47999954223633,43.790000915527344,44.2599983215332,37.8270378112793,89782400,0.0,0.0,0.0
2006-12-05,44.38999938964844,44.54999923706055,44.189998626708984,44.41999816894531,37.963775634765625,84697500,0.0,0.0,0.0
2006-12-06,44.279998779296875,44.400001525878906,44.06999969482422,44.2599983215332,37.8270378112793,78207500,0.0,0.0,0.0
2006-12-07,44.34000015258789,44.47999954223633,43.70000076293945,43.70000076293945,37.348426818847656,124936100,0.0,0.0,0.0
2006-12-08,43.560001373291016,44.2599983215332,43.470001220703125,43.900001525878906,37.51936340332031,133798700,0.0,0.0,0.0
2006-12-11,43.83000183105469,44.369998931884766,43.75,44.060001373291016,37.656105041503906,72931300,0.0,0.0,0.0
2006-12-12,44.04999923706055,44.130001068115234,43.560001373291016,43.79999923706055,37.43389129638672,110985900,0.0,0.0,0.0
2006-12-13,44.099998474121094,44.11000061035156,43.619998931884766,43.880001068115234,37.50227737426758,79035500,0.0,0.0,0.0
2006-12-14,43.970001220703125,44.56999969482422,43.939998626708984,44.369998931884766,37.92103576660156,109104200,0.0,0.0,0.0
2006-12-15,44.68000030517578,44.7599983215332,44.349998474121094,44.43000030517578,38.018585205078125,99942300,0.054,0.0,0.0
2006-12-18,44.58000183105469,44.75,43.79999923706055,43.9900016784668,37.642086029052734,121588700,0.0,0.0,0.0
2006-12-19,43.650001525878906,44.060001373291016,43.380001068115234,43.849998474121094,37.522300720214844,136535200,0.0,0.0,0.0
2006-12-20,43.900001525878906,44.11000061035156,43.66999816894531,43.689998626708984,37.38539505004883,67213400,0.0,0.0,0.0
2006-12-21,43.7400016784668,43.790000915527344,43.209999084472656,43.380001068115234,37.1201286315918,102952300,0.0,0.0,0.0
2006-12-22,43.400001525878906,43.40999984741211,42.93000030517578,42.93000030517578,36.735069274902344,92858600,0.0,0.0,0.0
2006-12-26,42.93000030517578,43.119998931884766,42.880001068115234,43.11000061035156,36.88908004760742,50848600,0.0,0.0,0.0
2006-12-27,43.209999084472656,43.400001525878906,43.099998474121094,43.33000183105469,37.07734298706055,54129200,0.0,0.0,0.0
2006-12-28,43.20000076293945,43.380001068115234,43.04999923706055,43.119998931884766,36.89763641357422,69016000,0.0,0.0,0.0
2006-12-29,43.189998626708984,43.61000061035156,43.119998931884766,43.15999984741211,36.93186950683594,75152500,0.0,0.0,0.0
2007-01-03,43.459999084472656,44.060001373291016,42.52000045776367,43.2400016784668,37.00033950805664,167689500,0.0,0.0,0.0
2007-01-04,43.29999923706055,44.209999084472656,43.150001525878906,44.060001373291016,37.701988220214844,136853500,0.0,0.0,0.0
2007-01-05,43.95000076293945,43.95000076293945,43.47999954223633,43.849998474121094,37.522300720214844,138958800,0.0,0.0,0.0
2007-01-08,43.88999938964844,44.119998931884766,43.63999938964844,43.880001068115234,37.5479621887207,106401600,0.0,0.0,0.0
2007-01-09,44.0099983215332,44.290000915527344,43.630001068115234,44.099998474121094,37.73622131347656,121577500,0.0,0.0,0.0
2007-01-10,43.959999084472656,44.65999984741211,43.81999969482422,44.619998931884766,38.18118667602539,121070100,0.0,0.0,0.0
2007-01-11,44.709999084472656,45.2400016784668,44.650001525878906,45.08000183105469,38.5748176574707,174029800,0.0,0.0,0.0
2007-01-12,45.02000045776367,45.349998474121094,44.970001220703125,45.310001373291016,38.771610260009766,104217300,0.0,0.0,0.0
2007-01-16,45.349998474121094,45.400001525878906,45.130001068115234,45.279998779296875,38.745941162109375,95690500,0.0,0.0,0.0
2007-01-17,45.09000015258789,45.290000915527344,44.83000183105469,44.90999984741211,38.42934799194336,127142600,0.0,0.0,0.0
2007-01-18,44.790000915527344,44.84000015258789,43.95000076293945,44.08000183105469,37.7191276550293,189029800,0.0,0.0,0.0
2007-01-19,43.970001220703125,44.279998779296875,43.90999984741211,44.16999816894531,37.796112060546875,127544300,0.0,0.0,0.0
2007-01-22,44.209999084472656,44.22999954223633,43.5099983215332,43.689998626708984,37.38539505004883,123441700,0.0,0.0,0.0
2007-01-23,43.65999984741211,43.97999954223633,43.5,43.58000183105469,37.29127883911133,133103600,0.0,0.0,0.0
2007-01-24,43.86000061035156,44.31999969482422,43.77000045776367,44.29999923706055,37.9073486328125,117615300,0.0,0.0,0.0
2007-01-25,44.36000061035156,44.470001220703125,43.58000183105469,43.72999954223633,37.419612884521484,158337600,0.0,0.0,0.0
2007-01-26,43.810001373291016,43.83000183105469,43.290000915527344,43.56999969482422,37.2827033996582,146284300,0.0,0.0,0.0
2007-01-29,43.459999084472656,43.90999984741211,43.400001525878906,43.61000061035156,37.316932678222656,104191500,0.0,0.0,0.0
2007-01-30,43.68000030517578,43.790000915527344,43.52000045776367,43.630001068115234,37.33405303955078,69605900,0.0,0.0,0.0
2007-01-31,43.58000183105469,44.189998626708984,43.33000183105469,44.06999969482422,37.71055221557617,157772500,0.0,0.0,0.0
2007-02-01,44.27000045776367,44.400001525878906,43.849998474121094,44.0,37.650657653808594,147365600,0.0,0.0,0.0
2007-02-02,44.119998931884766,44.25,43.939998626708984,44.15999984741211,37.787567138671875,98189200,0.0,0.0,0.0
2007-02-05,44.13999938964844,44.36000061035156,43.959999084472656,44.119998931884766,37.753326416015625,96347800,0.0,0.0,0.0
2007-02-06,44.20000076293945,44.22999954223633,43.63999938964844,44.060001373291016,37.701988220214844,121110200,0.0,0.0,0.0
2007-02-07,44.279998779296875,44.650001525878906,44.119998931884766,44.459999084472656,38.04426956176758,117823800,0.0,0.0,0.0
2007-02-08,44.400001525878906,44.599998474121094,44.22999954223633,44.45000076293945,38.03572082519531,89521900,0.0,0.0,0.0
2007-02-09,44.56999969482422,44.720001220703125,43.72999954223633,43.880001068115234,37.5479621887207,133472000,0.0,0.0,0.0
2007-02-12,43.869998931884766,43.88999938964844,43.59000015258789,43.709999084472656,37.40249252319336,126940000,0.0,0.0,0.0
2007-02-13,43.779998779296875,44.0,43.70000076293945,43.86000061035156,37.530853271484375,93648000,0.0,0.0,0.0
2007-02-14,44.040000915527344,44.709999084472656,44.040000915527344,44.599998474121094,38.16407775878906,133370000,0.0,0.0,0.0
2007-02-15,44.630001068115234,44.86000061035156,44.54999923706055,44.86000061035156,38.386558532714844,110452500,0.0,0.0,0.0
2007-02-16,44.65999984741211,44.83000183105469,44.56999969482422,44.709999084472656,38.25819396972656,72342200,0.0,0.0,0.0
2007-02-20,44.63999938964844,45.119998931884766,44.43000030517578,45.04999923706055,38.54913330078125,93629000,0.0,0.0,0.0
2007-02-21,44.91999816894531,45.209999084472656,44.83000183105469,45.189998626708984,38.6689338684082,95864000,0.0,0.0,0.0
2007-02-22,45.36000061035156,45.54999923706055,45.06999969482422,45.41999816894531,38.8657341003418,116344400,0.0,0.0,0.0
2007-02-23,45.41999816894531,45.459999084472656,45.060001373291016,45.2599983215332,38.72882080078125,113467100,0.0,0.0,0.0
2007-02-26,45.47999954223633,45.5,44.7599983215332,45.040000915527344,38.540584564208984,101623700,0.0,0.0,0.0
2007-02-27,44.369998931884766,44.47999954223633,43.060001373291016,43.189998626708984,36.957523345947266,317813200,0.0,0.0,0.0
2007-02-28,43.150001525878906,43.7599983215332,42.93000030517578,43.33000183105469,37.07734298706055,214978700,0.0,0.0,0.0
2007-03-01,42.54999923706055,43.540000915527344,42.2400016784668,43.130001068115234,36.90620422363281,231806500,0.0,0.0,0.0
2007-03-02,42.779998779296875,43.13999938964844,42.470001220703125,42.47999954223633,36.349998474121094,183359400,0.0,0.0,0.0
2007-03-05,42.150001525878906,42.79999923706055,42.060001373291016,42.150001525878906,36.06761169433594,171885400,0.0,0.0,0.0
2007-03-06,42.529998779296875,42.9900016784668,42.5,42.849998474121094,36.666603088378906,155551800,0.0,0.0,0.0
2007-03-07,42.86000061035156,42.97999954223633,42.650001525878906,42.68000030517578,36.52112579345703,119979300,0.0,0.0,0.0
2007-03-08,43.130001068115234,43.2400016784668,42.84000015258789,42.970001220703125,36.76929473876953,120900700,0.0,0.0,0.0
2007-03-09,43.33000183105469,43.34000015258789,42.650001525878906,42.93000030517578,36.735069274902344,128597600,0.0,0.0,0.0
2007-03-12,42.869998931884766,43.279998779296875,42.83000183105469,43.209999084472656,36.974639892578125,81310100,0.0,0.0,0.0
2007-03-13,43.0,43.2400016784668,42.36000061035156,42.369998931884766,36.25586700439453,171231800,0.0,0.0,0.0
2007-03-14,42.43000030517578,43.0,42.099998474121094,42.9900016784668,36.786399841308594,192586700,0.0,0.0,0.0
2007-03-15,42.900001525878906,43.060001373291016,42.720001220703125,42.88999938964844,36.70083999633789,111627400,0.0,0.0,0.0
2007-03-16,42.939998626708984,43.040000915527344,42.61000061035156,42.83000183105469,36.67256164550781,108328800,0.027,0.0,0.0
2007-03-19,43.060001373291016,43.38999938964844,42.95000076293945,43.27000045776367,37.0493278503418,95913200,0.0,0.0,0.0
2007-03-20,43.2599983215332,43.59000015258789,43.209999084472656,43.58000183105469,37.31477737426758,78755700,0.0,0.0,0.0
2007-03-21,43.63999938964844,44.439998626708984,43.349998474121094,44.41999816894531,38.03396224975586,173333500,0.0,0.0,0.0
2007-03-22,44.439998626708984,44.45000076293945,44.09000015258789,44.2599983215332,37.89699172973633,114856300,0.0,0.0,0.0
2007-03-23,44.2599983215332,44.369998931884766,44.06999969482422,44.119998931884766,37.77712631225586,68530300,0.0,0.0,0.0
2007-03-26,44.13999938964844,44.31999969482422,43.630001068115234,44.29999923706055,37.931236267089844,114237300,0.0,0.0,0.0
2007-03-27,44.22999954223633,44.2400016784668,43.95000076293945,43.9900016784668,37.66582107543945,76419200,0.0,0.0,0.0
2007-03-28,43.79999923706055,44.029998779296875,43.5099983215332,43.52000045776367,37.26337814331055,142795000,0.0,0.0,0.0
2007-03-29,43.81999969482422,43.849998474121094,43.099998474121094,43.56999969482422,37.30619812011719,124407000,0.0,0.0,0.0
2007-03-30,43.560001373291016,43.869998931884766,43.220001220703125,43.529998779296875,37.271942138671875,120418700,0.0,0.0,0.0
2007-04-02,43.66999816894531,43.7599983215332,43.29999923706055,43.59000015258789,37.32332229614258,89617700,0.0,0.0,0.0
2007-04-03,43.81999969482422,44.310001373291016,43.790000915527344,44.15999984741211,37.811370849609375,105814500,0.0,0.0,0.0
2007-04-04,44.189998626708984,44.380001068115234,44.130001068115234,44.34000015258789,37.96549987792969,85147200,0.0,0.0,0.0
2007-04-05,44.290000915527344,44.58000183105469,44.22999954223633,44.560001373291016,38.15385818481445,54220200,0.0,0.0,0.0
2007-04-09,44.709999084472656,44.75,44.380001068115234,44.45000076293945,38.05967712402344,63050200,0.0,0.0,0.0
2007-04-10,44.439998626708984,44.68000030517578,44.40999984741211,44.68000030517578,38.25661087036133,76364500,0.0,0.0,0.0
2007-04-11,44.63999938964844,44.65999984741211,44.06999969482422,44.209999084472656,37.85417556762695,114012300,0.0,0.0,0.0
2007-04-12,44.13999938964844,44.619998931884766,43.95000076293945,44.560001373291016,38.15385818481445,113801300,0.0,0.0,0.0
2007-04-13,44.56999969482422,44.720001220703125,44.290000915527344,44.650001525878906,38.230918884277344,94572000,0.0,0.0,0.0
2007-04-16,44.83000183105469,45.150001525878906,44.83000183105469,45.060001373291016,38.58197784423828,72803200,0.0,0.0,0.0
2007-04-17,45.150001525878906,45.20000076293945,44.959999084472656,45.15999984741211,38.667598724365234,81852300,0.0,0.0,0.0
2007-04-18,44.93000030517578,45.22999954223633,44.83000183105469,45.0099983215332,38.53916931152344,82002500,0.0,0.0,0.0
2007-04-19,44.810001373291016,45.25,44.720001220703125,45.150001525878906,38.65904235839844,95413000,0.0,0.0,0.0
2007-04-20,45.52000045776367,45.66999816894531,45.20000076293945,45.400001525878906,38.87309646606445,122377400,0.0,0.0,0.0
2007-04-23,45.459999084472656,45.599998474121094,45.34000015258789,45.470001220703125,38.93303298950195,85303300,0.0,0.0,0.0
2007-04-24,45.630001068115234,45.83000183105469,45.33000183105469,45.70000076293945,39.129974365234375,108143700,0.0,0.0,0.0
2007-04-25,45.849998474121094,46.31999969482422,45.70000076293945,46.310001373291016,39.65226745605469,106818100,0.0,0.0,0.0
2007-04-26,46.41999816894531,46.650001525878906,46.33000183105469,46.54999923706055,39.85777282714844,99308300,0.0,0.0,0.0
2007-04-27,46.369998931884766,46.70000076293945,46.290000915527344,46.56999969482422,39.87489700317383,96536500,0.0,0.0,0.0
2007-04-30,46.4900016784668,46.529998779296875,45.91999816894531,45.959999084472656,39.352596282958984,93290500,0.0,0.0,0.0
2007-05-01,45.970001220703125,46.13999938964844,45.65999984741211,45.91999816894531,39.31834411621094,135044400,0.0,0.0,0.0
2007-05-02,46.09000015258789,46.58000183105469,46.04999923706055,46.41999816894531,39.7464714050293,91971600,0.0,0.0,0.0
2007-05-03,46.5099983215332,46.720001220703125,46.43000030517578,46.59000015258789,39.89202117919922,98003600,0.0,0.0,0.0
2007-05-04,46.77000045776367,46.88999938964844,46.41999816894531,46.630001068115234,39.926273345947266,93591800,0.0,0.0,0.0
2007-05-07,46.65999984741211,46.779998779296875,46.56999969482422,46.630001068115234,39.926273345947266,47487900,0.0,0.0,0.0
2007-05-08,46.470001220703125,46.77000045776367,46.29999923706055,46.72999954223633,40.01189041137695,95138900,0.0,0.0,0.0
2007-05-09,46.4900016784668,46.970001220703125,46.459999084472656,46.83000183105469,40.09751892089844,116021000,0.0,0.0,0.0
2007-05-10,46.66999816894531,46.779998779296875,46.06999969482422,46.189998626708984,39.54951858520508,171196300,0.0,0.0,0.0
2007-05-11,46.2400016784668,46.779998779296875,46.18000030517578,46.779998779296875,40.054710388183594,104767900,0.0,0.0,0.0
2007-05-14,46.77000045776367,46.880001068115234,46.189998626708984,46.459999084472656,39.780704498291016,118899200,0.0,0.0,0.0
2007-05-15,46.41999816894531,46.70000076293945,45.9900016784668,46.099998474121094,39.472469329833984,179438500,0.0,0.0,0.0
2007-05-16,46.20000076293945,46.560001373291016,45.90999984741211,46.54999923706055,39.85777282714844,144420500,0.0,0.0,0.0
2007-05-17,46.4900016784668,46.56999969482422,46.290000915527344,46.33000183105469,39.66939163208008,109869100,0.0,0.0,0.0
2007-05-18,46.47999954223633,46.709999084472656,46.380001068115234,46.709999084472656,39.99476623535156,104961700,0.0,0.0,0.0
2007-05-21,46.7400016784668,47.2400016784668,46.66999816894531,47.0099983215332,40.25164794921875,112831400,0.0,0.0,0.0
2007-05-22,47.040000915527344,47.279998779296875,46.869998931884766,47.04999923706055,40.2858772277832,98029100,0.0,0.0,0.0
2007-05-23,47.189998626708984,47.369998931884766,46.79999923706055,46.83000183105469,40.09751892089844,119220600,0.0,0.0,0.0
2007-05-24,46.86000061035156,47.040000915527344,45.970001220703125,46.15999984741211,39.52383041381836,206268600,0.0,0.0,0.0
2007-05-25,46.2599983215332,46.560001373291016,46.18000030517578,46.45000076293945,39.77216339111328,87143200,0.0,0.0,0.0
2007-05-29,46.5,46.86000061035156,46.40999984741211,46.810001373291016,40.08039474487305,99702400,0.0,0.0,0.0
2007-05-30,46.47999954223633,47.20000076293945,46.349998474121094,47.189998626708984,40.4057731628418,132036500,0.0,0.0,0.0
2007-05-31,47.31999969482422,47.52000045776367,47.209999084472656,47.40999984741211,40.59414291381836,109457700,0.0,0.0,0.0
2007-06-01,47.58000183105469,47.77000045776367,47.369998931884766,47.439998626708984,40.619808197021484,125089800,0.0,0.0,0.0
2007-06-04,47.27000045776367,47.63999938964844,47.2400016784668,47.58000183105469,40.73970031738281,64782700,0.0,0.0,0.0
2007-06-05,47.45000076293945,47.58000183105469,47.0,47.58000183105469,40.73970031738281,151160400,0.0,0.0,0.0
2007-06-06,47.369998931884766,47.380001068115234,46.959999084472656,47.06999969482422,40.30302429199219,183166500,0.0,0.0,0.0
2007-06-07,46.90999984741211,47.209999084472656,46.31999969482422,46.34000015258789,39.67794418334961,221373300,0.0,0.0,0.0
2007-06-08,46.31999969482422,46.93000030517578,46.15999984741211,46.90999984741211,40.1660270690918,177587800,0.0,0.0,0.0
2007-06-11,46.880001068115234,47.189998626708984,46.7599983215332,46.81999969482422,40.08893966674805,97100400,0.0,0.0,0.0
2007-06-12,46.56999969482422,47.040000915527344,46.45000076293945,46.540000915527344,39.849212646484375,153967700,0.0,0.0,0.0
2007-06-13,46.7400016784668,47.09000015258789,46.540000915527344,47.04999923706055,40.2858772277832,147985300,0.0,0.0,0.0
2007-06-14,47.099998474121094,47.4900016784668,47.09000015258789,47.36000061035156,40.55132293701172,101531900,0.0,0.0,0.0
2007-06-15,47.7599983215332,47.869998931884766,47.650001525878906,47.7599983215332,40.92579650878906,100378400,0.037,0.0,0.0
2007-06-18,47.849998474121094,47.869998931884766,47.66999816894531,47.77000045776367,40.93434524536133,75713200,0.0,0.0,0.0
2007-06-19,47.630001068115234,47.86000061035156,47.5099983215332,47.7599983215332,40.92579650878906,109621300,0.0,0.0,0.0
2007-06-20,47.83000183105469,47.91999816894531,47.2400016784668,47.310001373291016,40.540184020996094,161889500,0.0,0.0,0.0
2007-06-21,47.290000915527344,47.790000915527344,47.08000183105469,47.7400016784668,40.90865707397461,143181300,0.0,0.0,0.0
2007-06-22,47.63999938964844,47.709999084472656,47.13999938964844,47.290000915527344,40.52305221557617,153328700,0.0,0.0,0.0
2007-06-25,47.29999923706055,47.58000183105469,46.81999969482422,47.09000015258789,40.35165023803711,136602600,0.0,0.0,0.0
2007-06-26,47.310001373291016,47.31999969482422,46.7400016784668,46.81999969482422,40.12029266357422,128211900,0.0,0.0,0.0
2007-06-27,46.77000045776367,47.560001373291016,46.70000076293945,47.540000915527344,40.73727798461914,141196200,0.0,0.0,0.0
2007-06-28,47.52000045776367,47.849998474121094,47.470001220703125,47.52000045776367,40.720130920410156,116546300,0.0,0.0,0.0
2007-06-29,47.779998779296875,47.880001068115234,47.209999084472656,47.599998474121094,40.788692474365234,124794700,0.0,0.0,0.0
2007-07-02,47.709999084472656,48.04999923706055,47.68000030517578,48.029998779296875,41.15715408325195,80863100,0.0,0.0,0.0
2007-07-03,48.09000015258789,48.31999969482422,48.040000915527344,48.310001373291016,41.39707565307617,34803300,0.0,0.0,0.0
2007-07-05,48.34000015258789,48.77000045776367,48.290000915527344,48.65999984741211,41.69699478149414,73588500,0.0,0.0,0.0
2007-07-06,48.709999084472656,48.90999984741211,48.5,48.86000061035156,41.868404388427734,65804300,0.0,0.0,0.0
2007-07-09,48.900001525878906,48.97999954223633,48.720001220703125,48.88999938964844,41.89408493041992,66768800,0.0,0.0,0.0
2007-07-10,48.619998931884766,48.900001525878906,48.43000030517578,48.47999954223633,41.54275894165039,104383100,0.0,0.0,0.0
2007-07-11,48.369998931884766,48.810001373291016,48.31999969482422,48.810001373291016,41.82555389404297,99637600,0.0,0.0,0.0
2007-07-12,48.970001220703125,49.66999816894531,48.91999816894531,49.560001373291016,42.46821975708008,107667100,0.0,0.0,0.0
2007-07-13,49.630001068115234,49.970001220703125,49.56999969482422,49.900001525878906,42.75956344604492,74232200,0.0,0.0,0.0
2007-07-16,49.88999938964844,50.08000183105469,49.7599983215332,49.849998474121094,42.71672439575195,77799500,0.0,0.0,0.0
2007-07-17,49.959999084472656,50.29999923706055,49.91999816894531,50.22999954223633,43.04235076904297,124833700,0.0,0.0,0.0
2007-07-18,49.95000076293945,50.16999816894531,49.63999938964844,50.16999816894531,42.99092102050781,144915900,0.0,0.0,0.0
2007-07-19,50.40999984741211,50.65999984741211,50.310001373291016,50.31999969482422,43.119468688964844,116563800,0.0,0.0,0.0
2007-07-20,50.290000915527344,50.36000061035156,49.7400016784668,50.04999923706055,42.888099670410156,163721300,0.0,0.0,0.0
2007-07-23,50.220001220703125,50.310001373291016,49.91999816894531,50.06999969482422,42.905250549316406,107464100,0.0,0.0,0.0
2007-07-24,49.70000076293945,50.099998474121094,49.04999923706055,49.33000183105469,42.271121978759766,175496200,0.0,0.0,0.0
2007-07-25,49.58000183105469,49.66999816894531,49.060001373291016,49.400001525878906,42.33110809326172,170258700,0.0,0.0,0.0
2007-07-26,49.060001373291016,49.470001220703125,48.04999923706055,48.97999954223633,41.97121810913086,318522000,0.0,0.0,0.0
2007-07-27,48.88999938964844,49.119998931884766,47.9900016784668,47.9900016784668,41.12288284301758,246387600,0.0,0.0,0.0
2007-07-30,48.220001220703125,48.72999954223633,47.95000076293945,48.54999923706055,41.60274124145508,166517200,0.0,0.0,0.0
2007-07-31,48.970001220703125,48.9900016784668,47.43000030517578,47.529998779296875,40.72871398925781,260224500,0.0,0.0,0.0
2007-08-01,47.38999938964844,47.93000030517578,46.97999954223633,47.900001525878906,41.045753479003906,301153900,0.0,0.0,0.0
2007-08-02,47.93000030517578,48.43000030517578,47.790000915527344,48.34000015258789,41.422794342041016,177369900,0.0,0.0,0.0
2007-08-03,48.25,48.310001373291016,47.150001525878906,47.41999816894531,40.634437561035156,166048400,0.0,0.0,0.0
2007-08-06,47.470001220703125,48.02000045776367,47.029998779296875,47.970001220703125,41.10575485229492,190869100,0.0,0.0,0.0
2007-08-07,47.880001068115234,48.619998931884766,47.47999954223633,48.310001373291016,41.39707565307617,167109700,0.0,0.0,0.0
2007-08-08,48.5099983215332,49.060001373291016,48.400001525878906,48.84000015258789,41.851253509521484,164831200,0.0,0.0,0.0
2007-08-09,48.189998626708984,48.970001220703125,47.689998626708984,47.709999084472656,40.882938385009766,242418200,0.0,0.0,0.0
2007-08-10,47.20000076293945,47.83000183105469,46.630001068115234,47.279998779296875,40.51447677612305,247006400,0.0,0.0,0.0
2007-08-13,47.68000030517578,47.880001068115234,47.47999954223633,47.599998474121094,40.788692474365234,116935100,0.0,0.0,0.0
2007-08-14,47.70000076293945,47.7400016784668,46.72999954223633,46.790000915527344,40.09459686279297,153529800,0.0,0.0,0.0
2007-08-15,46.68000030517578,47.09000015258789,45.810001373291016,45.900001525878906,39.33195495605469,214854100,0.0,0.0,0.0
2007-08-16,45.529998779296875,45.90999984741211,44.38999938964844,45.45000076293945,38.946327209472656,362468700,0.0,0.0,0.0
2007-08-17,46.310001373291016,46.59000015258789,45.59000015258789,46.310001373291016,39.68327331542969,223246600,0.0,0.0,0.0
2007-08-20,46.4900016784668,46.720001220703125,46.08000183105469,46.529998779296875,39.871795654296875,144715100,0.0,0.0,0.0
2007-08-21,46.47999954223633,47.130001068115234,46.38999938964844,47.02000045776367,40.29167556762695,115027200,0.0,0.0,0.0
2007-08-22,47.380001068115234,47.70000076293945,47.27000045776367,47.65999984741211,40.84010314941406,115814100,0.0,0.0,0.0
2007-08-23,47.790000915527344,47.849998474121094,47.22999954223633,47.529998779296875,40.72871398925781,118663400,0.0,0.0,0.0
2007-08-24,47.380001068115234,48.22999954223633,47.31999969482422,48.20000076293945,41.302833557128906,88189200,0.0,0.0,0.0
2007-08-27,48.060001373291016,48.20000076293945,47.84000015258789,47.880001068115234,41.028629302978516,72490400,0.0,0.0,0.0
2007-08-28,47.599998474121094,47.70000076293945,46.709999084472656,46.7400016784668,40.05174255371094,106024800,0.0,0.0,0.0
2007-08-29,47.04999923706055,48.119998931884766,47.04999923706055,48.08000183105469,41.20000076293945,113201000,0.0,0.0,0.0
2007-08-30,47.83000183105469,48.7400016784668,47.75,48.33000183105469,41.41423034667969,138930000,0.0,0.0,0.0
2007-08-31,48.86000061035156,49.060001373291016,48.61000061035156,48.869998931884766,41.876956939697266,94687200,0.0,0.0,0.0
2007-09-04,48.93000030517578,50.0,48.90999984741211,49.68000030517578,42.57103729248047,98480900,0.0,0.0,0.0
2007-09-05,49.560001373291016,49.650001525878906,48.869998931884766,49.18000030517578,42.142601013183594,114049300,0.0,0.0,0.0
2007-09-06,49.22999954223633,49.36000061035156,48.810001373291016,49.13999938964844,42.108314514160156,99222600,0.0,0.0,0.0
2007-09-07,48.529998779296875,48.599998474121094,47.95000076293945,48.22999954223633,41.328521728515625,152438000,0.0,0.0,0.0
2007-09-10,48.619998931884766,48.75,47.810001373291016,48.20000076293945,41.302833557128906,125199400,0.0,0.0,0.0
2007-09-11,48.5099983215332,48.9900016784668,48.43000030517578,48.93000030517578,41.92837142944336,103064500,0.0,0.0,0.0
2007-09-12,48.84000015258789,49.369998931884766,48.779998779296875,48.939998626708984,41.936946868896484,93993400,0.0,0.0,0.0
2007-09-13,49.290000915527344,49.349998474121094,48.939998626708984,49.18000030517578,42.142601013183594,80807500,0.0,0.0,0.0
2007-09-14,48.79999923706055,49.310001373291016,48.72999954223633,49.220001220703125,42.17686080932617,99801200,0.0,0.0,0.0
2007-09-17,49.0,49.099998474121094,48.59000015258789,48.810001373291016,41.82555389404297,84882300,0.0,0.0,0.0
2007-09-18,49.09000015258789,50.08000183105469,48.83000183105469,50.040000915527344,42.879520416259766,151452100,0.0,0.0,0.0
2007-09-19,50.290000915527344,50.59000015258789,49.97999954223633,50.16999816894531,42.99092102050781,127025800,0.0,0.0,0.0
2007-09-20,50.060001373291016,50.2599983215332,49.91999816894531,50.029998779296875,42.8709716796875,109970600,0.0,0.0,0.0
2007-09-21,50.279998779296875,50.52000045776367,50.0099983215332,50.36000061035156,43.176177978515625,86829500,0.026,0.0,0.0
2007-09-24,50.4900016784668,50.959999084472656,50.33000183105469,50.59000015258789,43.373374938964844,107226800,0.0,0.0,0.0
2007-09-25,50.41999816894531,51.06999969482422,50.36000061035156,51.06999969482422,43.7849006652832,101102200,0.0,0.0,0.0
2007-09-26,51.36000061035156,51.5099983215332,51.119998931884766,51.31999969482422,43.99924087524414,96124600,0.0,0.0,0.0
2007-09-27,51.619998931884766,51.650001525878906,51.36000061035156,51.58000183105469,44.22214889526367,73423200,0.0,0.0,0.0
2007-09-28,51.540000915527344,51.68000030517578,51.18000030517578,51.40999984741211,44.07639694213867,75546000,0.0,0.0,0.0
2007-10-01,51.45000076293945,52.15999984741211,51.380001068115234,52.0,44.58224105834961,100404100,0.0,0.0,0.0
2007-10-02,52.040000915527344,52.060001373291016,51.720001220703125,52.0099983215332,44.5908203125,71046000,0.0,0.0,0.0
2007-10-03,51.84000015258789,52.06999969482422,51.5,51.650001525878906,44.282161712646484,106785000,0.0,0.0,0.0
2007-10-04,51.75,51.83000183105469,51.34000015258789,51.77000045776367,44.38504409790039,84129300,0.0,0.0,0.0
2007-10-05,52.16999816894531,52.900001525878906,52.060001373291016,52.81999969482422,45.28527069091797,115674700,0.0,0.0,0.0
2007-10-08,52.79999923706055,53.15999984741211,52.709999084472656,53.150001525878906,45.56818771362305,63022400,0.0,0.0,0.0
2007-10-09,53.27000045776367,53.45000076293945,53.029998779296875,53.380001068115234,45.765380859375,93965600,0.0,0.0,0.0
2007-10-10,53.38999938964844,53.56999969482422,53.209999084472656,53.5099983215332,45.87684631347656,91777500,0.0,0.0,0.0
2007-10-11,53.790000915527344,53.939998626708984,52.279998779296875,52.65999984741211,45.14806365966797,239786700,0.0,0.0,0.0
2007-10-12,52.900001525878906,53.540000915527344,52.79999923706055,53.529998779296875,45.89398956298828,131676000,0.0,0.0,0.0
2007-10-15,53.61000061035156,53.709999084472656,52.70000076293945,53.119998931884766,45.542484283447266,121578700,0.0,0.0,0.0
2007-10-16,52.790000915527344,53.279998779296875,52.68000030517578,52.869998931884766,45.32814025878906,193676600,0.0,0.0,0.0
2007-10-17,53.619998931884766,53.65999984741211,52.68000030517578,53.54999923706055,45.91111755371094,183985200,0.0,0.0,0.0
2007-10-18,53.33000183105469,53.88999938964844,53.119998931884766,53.779998779296875,46.10832595825195,144491200,0.0,0.0,0.0
2007-10-19,53.77000045776367,53.77000045776367,52.38999938964844,52.439998626708984,44.959476470947266,245111500,0.0,0.0,0.0
2007-10-22,52.15999984741211,53.119998931884766,52.02000045776367,53.06999969482422,45.499603271484375,207052100,0.0,0.0,0.0
2007-10-23,53.61000061035156,54.209999084472656,53.34000015258789,54.18000030517578,46.45125198364258,162360600,0.0,0.0,0.0
2007-10-24,53.7400016784668,53.939998626708984,52.599998474121094,53.77000045776367,46.099735260009766,298293400,0.0,0.0,0.0
2007-10-25,53.88999938964844,53.97999954223633,52.75,53.04999923706055,45.48246765136719,233833100,0.0,0.0,0.0
2007-10-26,54.08000183105469,54.20000076293945,53.439998626708984,53.93000030517578,46.236942291259766,146690300,0.0,0.0,0.0
2007-10-29,54.189998626708984,54.33000183105469,53.84000015258789,54.150001525878906,46.4255485534668,101896600,0.0,0.0,0.0
2007-10-30,53.939998626708984,54.560001373291016,53.900001525878906,54.2599983215332,46.51985549926758,114616600,0.0,0.0,0.0
2007-10-31,54.470001220703125,55.06999969482422,54.040000915527344,55.029998779296875,47.180015563964844,148431900,0.0,0.0,0.0
2007-11-01,54.68000030517578,54.77000045776367,53.970001220703125,54.0,46.296939849853516,181974200,0.0,0.0,0.0
2007-11-02,54.41999816894531,54.54999923706055,53.599998474121094,54.41999816894531,46.65702819824219,217882900,0.0,0.0,0.0
2007-11-05,53.86000061035156,54.400001525878906,53.59000015258789,54.06999969482422,46.35694122314453,150588900,0.0,0.0,0.0
2007-11-06,54.33000183105469,54.689998626708984,53.779998779296875,54.68000030517578,46.87993621826172,131884700,0.0,0.0,0.0
2007-11-07,54.220001220703125,54.58000183105469,53.310001373291016,53.349998474121094,45.73965072631836,197908200,0.0,0.0,0.0
2007-11-08,53.13999938964844,53.33000183105469,50.79999923706055,51.72999954223633,44.350746154785156,380626400,0.0,0.0,0.0
2007-11-09,50.72999954223633,51.119998931884766,50.0,50.0,42.86752700805664,309414900,0.0,0.0,0.0
2007-11-12,49.91999816894531,50.2400016784668,48.650001525878906,48.72999954223633,41.7786979675293,283216000,0.0,0.0,0.0
2007-11-13,49.38999938964844,50.790000915527344,49.349998474121094,50.7400016784668,43.50197219848633,255625900,0.0,0.0,0.0
2007-11-14,51.38999938964844,51.439998626708984,49.900001525878906,50.09000015258789,42.944698333740234,263284100,0.0,0.0,0.0
2007-11-15,50.0,50.540000915527344,49.369998931884766,49.81999969482422,42.71322250366211,251548800,0.0,0.0,0.0
2007-11-16,50.15999984741211,50.4900016784668,49.34000015258789,50.279998779296875,43.10759353637695,263623700,0.0,0.0,0.0
2007-11-19,50.15999984741211,50.45000076293945,49.40999984741211,49.70000076293945,42.61031723022461,198651100,0.0,0.0,0.0
2007-11-20,49.959999084472656,50.779998779296875,48.93000030517578,49.900001525878906,42.78179931640625,300763600,0.0,0.0,0.0
2007-11-21,49.45000076293945,50.16999816894531,48.849998474121094,49.310001373291016,42.27595138549805,212225400,0.0,0.0,0.0
2007-11-23,49.630001068115234,49.970001220703125,49.369998931884766,49.84000015258789,42.7303466796875,46463300,0.0,0.0,0.0
2007-11-26,49.970001220703125,50.369998931884766,48.900001525878906,48.97999954223633,41.993045806884766,150352100,0.0,0.0,0.0
2007-11-27,49.400001525878906,50.04999923706055,49.099998474121094,49.959999084472656,42.8332405090332,211369300,0.0,0.0,0.0
2007-11-28,50.630001068115234,51.70000076293945,50.599998474121094,51.47999954223633,44.136417388916016,216868100,0.0,0.0,0.0
2007-11-29,51.279998779296875,51.88999938964844,51.20000076293945,51.70000076293945,44.32503128051758,172087300,0.0,0.0,0.0
2007-11-30,52.209999084472656,52.25,50.95000076293945,51.310001373291016,43.990665435791016,171417400,0.0,0.0,0.0
2007-12-03,51.09000015258789,51.529998779296875,50.81999969482422,50.880001068115234,43.62202072143555,108625700,0.0,0.0,0.0
2007-12-04,50.4900016784668,50.939998626708984,50.380001068115234,50.66999816894531,43.44193649291992,113374100,0.0,0.0,0.0
2007-12-05,51.20000076293945,52.0,51.15999984741211,51.58000183105469,44.22214889526367,137614200,0.0,0.0,0.0
2007-12-06,51.630001068115234,52.369998931884766,51.61000061035156,52.31999969482422,44.85658645629883,99724500,0.0,0.0,0.0
2007-12-07,52.290000915527344,52.540000915527344,52.08000183105469,52.33000183105469,44.86515426635742,88992300,0.0,0.0,0.0
2007-12-10,52.459999084472656,52.689998626708984,52.31999969482422,52.540000915527344,45.045188903808594,75657900,0.0,0.0,0.0
2007-12-11,52.619998931884766,52.84000015258789,51.209999084472656,51.31999969482422,43.99924087524414,167064300,0.0,0.0,0.0
2007-12-12,52.25,52.43000030517578,50.88999938964844,51.779998779296875,44.39363098144531,162975200,0.0,0.0,0.0
2007-12-13,51.33000183105469,51.630001068115234,50.97999954223633,51.5,44.153564453125,153476200,0.0,0.0,0.0
2007-12-14,51.09000015258789,51.599998474121094,50.91999816894531,50.970001220703125,43.69915771484375,128396700,0.0,0.0,0.0
2007-12-17,50.779998779296875,50.9900016784668,49.709999084472656,49.72999954223633,42.63604736328125,134377000,0.0,0.0,0.0
2007-12-18,50.2400016784668,50.27000045776367,49.18000030517578,49.88999938964844,42.77321243286133,154251700,0.0,0.0,0.0
2007-12-19,49.88999938964844,50.20000076293945,49.61000061035156,49.880001068115234,42.7646598815918,137970900,0.0,0.0,0.0
2007-12-20,50.619998931884766,50.959999084472656,50.20000076293945,50.900001525878906,43.63915252685547,167341700,0.0,0.0,0.0
2007-12-21,51.68000030517578,51.900001525878906,51.47999954223633,51.849998474121094,44.499969482421875,107573500,0.053,0.0,0.0
2007-12-24,52.0099983215332,52.400001525878906,51.95000076293945,52.2400016784668,44.834693908691406,34499800,0.0,0.0,0.0
2007-12-26,52.130001068115234,52.630001068115234,52.0,52.5,45.057823181152344,58492100,0.0,0.0,0.0
2007-12-27,52.33000183105469,52.5,51.709999084472656,51.869998931884766,44.517127990722656,65778900,0.0,0.0,0.0
2007-12-28,52.040000915527344,52.15999984741211,51.43000030517578,51.81999969482422,44.47421646118164,67545400,0.0,0.0,0.0
2007-12-31,51.56999969482422,51.68000030517578,51.209999084472656,51.220001220703125,43.95928192138672,70135600,0.0,0.0,0.0
2008-01-02,51.27000045776367,51.470001220703125,50.130001068115234,50.40999984741211,43.26409912109375,152344100,0.0,0.0,0.0
2008-01-03,50.40999984741211,50.7599983215332,50.150001525878906,50.619998931884766,43.44432830810547,114103700,0.0,0.0,0.0
2008-01-04,49.810001373291016,49.83000183105469,48.209999084472656,48.400001525878906,41.53903579711914,212617600,0.0,0.0,0.0
2008-01-07,48.400001525878906,48.599998474121094,47.43000030517578,48.16999816894531,41.34162139892578,235083600,0.0,0.0,0.0
2008-01-08,48.27000045776367,48.7599983215332,46.91999816894531,46.91999816894531,40.268821716308594,261669800,0.0,0.0,0.0
2008-01-09,47.11000061035156,47.959999084472656,46.459999084472656,47.91999816894531,41.127079010009766,254011800,0.0,0.0,0.0
2008-01-10,47.43000030517578,48.40999984741211,47.290000915527344,47.9900016784668,41.1871452331543,249958500,0.0,0.0,0.0
2008-01-11,47.72999954223633,47.77000045776367,46.70000076293945,47.04999923706055,40.38039016723633,211685200,0.0,0.0,0.0
2008-01-14,47.689998626708984,48.0099983215332,47.310001373291016,47.869998931884766,41.084163665771484,168048500,0.0,0.0,0.0
2008-01-15,47.369998931884766,47.52000045776367,46.349998474121094,46.54999923706055,39.95126724243164,241094900,0.0,0.0,0.0
2008-01-16,46.189998626708984,46.90999984741211,45.459999084472656,46.04999923706055,39.52214813232422,265625900,0.0,0.0,0.0
2008-01-17,46.2400016784668,46.58000183105469,45.20000076293945,45.40999984741211,38.972869873046875,254098800,0.0,0.0,0.0
2008-01-18,45.63999938964844,46.13999938964844,44.97999954223633,45.349998474121094,38.9213752746582,273063300,0.0,0.0,0.0
2008-01-22,42.83000183105469,44.77000045776367,42.72999954223633,44.18000030517578,37.917236328125,325732000,0.0,0.0,0.0
2008-01-23,42.540000915527344,44.150001525878906,41.61000061035156,44.0099983215332,37.77134704589844,390129000,0.0,0.0,0.0
2008-01-24,44.189998626708984,44.93000030517578,44.060001373291016,44.90999984741211,38.54375076293945,250249100,0.0,0.0,0.0
2008-01-25,45.869998931884766,45.869998931884766,43.939998626708984,43.9900016784668,37.75417709350586,199299100,0.0,0.0,0.0
2008-01-28,44.02000045776367,44.439998626708984,43.56999969482422,44.33000183105469,38.04597854614258,163711200,0.0,0.0,0.0
2008-01-29,44.560001373291016,44.68000030517578,44.040000915527344,44.40999984741211,38.11463928222656,138520000,0.0,0.0,0.0
2008-01-30,44.25,45.31999969482422,44.18000030517578,44.369998931884766,38.08029556274414,220824400,0.0,0.0,0.0
2008-01-31,43.869998931884766,45.59000015258789,43.81999969482422,45.130001068115234,38.732566833496094,246824100,0.0,0.0,0.0
2008-02-01,45.5,45.880001068115234,44.880001068115234,45.59000015258789,39.12736511230469,161920300,0.0,0.0,0.0
2008-02-04,45.58000183105469,45.61000061035156,44.939998626708984,44.95000076293945,38.57808303833008,100209900,0.0,0.0,0.0
2008-02-05,44.16999816894531,44.599998474121094,43.63999938964844,43.66999816894531,37.47954177856445,188990400,0.0,0.0,0.0
2008-02-06,43.91999816894531,44.16999816894531,42.77000045776367,42.810001373291016,36.74143981933594,178285000,0.0,0.0,0.0
2008-02-07,42.33000183105469,43.790000915527344,42.150001525878906,43.11000061035156,36.99891662597656,286254800,0.0,0.0,0.0
2008-02-08,43.20000076293945,43.77000045776367,42.939998626708984,43.599998474121094,37.41944122314453,173781300,0.0,0.0,0.0
2008-02-11,43.77000045776367,44.220001220703125,43.540000915527344,44.06999969482422,37.822818756103516,119562300,0.0,0.0,0.0
2008-02-12,44.34000015258789,44.68000030517578,43.5099983215332,43.81999969482422,37.60826873779297,145412400,0.0,0.0,0.0
2008-02-13,44.38999938964844,44.880001068115234,44.15999984741211,44.779998779296875,38.432186126708984,148685900,0.0,0.0,0.0
2008-02-14,44.849998474121094,44.849998474121094,43.88999938964844,43.970001220703125,37.737003326416016,170868900,0.0,0.0,0.0
2008-02-15,43.72999954223633,43.97999954223633,43.45000076293945,43.81999969482422,37.60826873779297,100053300,0.0,0.0,0.0
2008-02-19,44.400001525878906,44.5,43.27000045776367,43.7400016784668,37.539608001708984,110507600,0.0,0.0,0.0
2008-02-20,43.2599983215332,44.09000015258789,43.2400016784668,43.939998626708984,37.711238861083984,137338800,0.0,0.0,0.0
2008-02-21,44.36000061035156,44.470001220703125,43.34000015258789,43.52000045776367,37.35078048706055,127857000,0.0,0.0,0.0
2008-02-22,43.66999816894531,43.689998626708984,42.599998474121094,43.68000030517578,37.488128662109375,157364700,0.0,0.0,0.0
2008-02-25,43.630001068115234,44.06999969482422,43.34000015258789,43.900001525878906,37.676937103271484,121444300,0.0,0.0,0.0
2008-02-26,43.650001525878906,44.47999954223633,43.369998931884766,44.06999969482422,37.822818756103516,148375900,0.0,0.0,0.0
2008-02-27,43.77000045776367,44.459999084472656,43.66999816894531,44.290000915527344,38.01164245605469,125682600,0.0,0.0,0.0
2008-02-28,44.119998931884766,44.529998779296875,43.95000076293945,44.119998931884766,37.86573028564453,129196700,0.0,0.0,0.0
2008-02-29,43.650001525878906,43.77000045776367,42.849998474121094,42.95000076293945,36.861595153808594,188724500,0.0,0.0,0.0
2008-03-03,42.91999816894531,42.9900016784668,42.2400016784668,42.66999816894531,36.62129592895508,132963800,0.0,0.0,0.0
2008-03-04,42.400001525878906,43.040000915527344,42.02000045776367,42.90999984741211,36.8272705078125,183851000,0.0,0.0,0.0
2008-03-05,42.9900016784668,43.540000915527344,42.75,43.119998931884766,37.00750732421875,183208300,0.0,0.0,0.0
2008-03-06,43.09000015258789,43.27000045776367,42.099998474121094,42.16999816894531,36.1921501159668,152752200,0.0,0.0,0.0
2008-03-07,41.91999816894531,42.63999938964844,41.380001068115234,42.06999969482422,36.1063232421875,242552400,0.0,0.0,0.0
2008-03-10,42.0099983215332,42.13999938964844,41.16999816894531,41.2599983215332,35.41117477416992,146801900,0.0,0.0,0.0
2008-03-11,41.86000061035156,42.849998474121094,41.5099983215332,42.83000183105469,36.758609771728516,196755300,0.0,0.0,0.0
2008-03-12,43.0,43.439998626708984,42.599998474121094,42.709999084472656,36.655609130859375,155566100,0.0,0.0,0.0
2008-03-13,42.22999954223633,43.33000183105469,41.810001373291016,43.040000915527344,36.93885040283203,208967900,0.0,0.0,0.0
2008-03-14,43.33000183105469,43.380001068115234,41.7400016784668,42.25,36.260833740234375,309589800,0.0,0.0,0.0
2008-03-17,41.290000915527344,42.0099983215332,41.04999923706055,41.47999954223633,35.599971771240234,193130600,0.0,0.0,0.0
2008-03-18,42.2400016784668,43.34000015258789,42.11000061035156,43.33000183105469,37.187747955322266,216300400,0.0,0.0,0.0
2008-03-19,43.5099983215332,43.599998474121094,42.22999954223633,42.2599983215332,36.2693977355957,216157200,0.0,0.0,0.0
2008-03-20,42.349998474121094,43.099998474121094,42.099998474121094,43.09000015258789,37.0106315612793,128397000,0.033,0.0,0.0
2008-03-24,43.279998779296875,44.7599983215332,43.279998779296875,44.58000183105469,38.290443420410156,125018000,0.0,0.0,0.0
2008-03-25,44.70000076293945,45.06999969482422,44.279998779296875,44.83000183105469,38.505157470703125,118107500,0.0,0.0,0.0
2008-03-26,44.66999816894531,44.849998474121094,44.279998779296875,44.70000076293945,38.39351272583008,124824600,0.0,0.0,0.0
2008-03-27,44.439998626708984,44.5099983215332,43.709999084472656,43.709999084472656,37.54319381713867,143868600,0.0,0.0,0.0
2008-03-28,44.02000045776367,44.34000015258789,43.33000183105469,43.4900016784668,37.35420608520508,111822300,0.0,0.0,0.0
2008-03-31,43.650001525878906,44.02000045776367,43.45000076293945,43.720001220703125,37.5517692565918,113644800,0.0,0.0,0.0
2008-04-01,44.41999816894531,45.61000061035156,44.40999984741211,45.59000015258789,39.15792465209961,137494400,0.0,0.0,0.0
2008-04-02,45.70000076293945,46.02000045776367,45.16999816894531,45.4900016784668,39.07203674316406,132486800,0.0,0.0,0.0
2008-04-03,45.290000915527344,45.90999984741211,45.13999938964844,45.59000015258789,39.15792465209961,140033800,0.0,0.0,0.0
2008-04-04,45.77000045776367,46.349998474121094,45.400001525878906,45.86000061035156,39.38983917236328,139261000,0.0,0.0,0.0
2008-04-07,46.13999938964844,46.40999984741211,45.650001525878906,45.7599983215332,39.3039436340332,102297100,0.0,0.0,0.0
2008-04-08,45.40999984741211,45.720001220703125,45.18000030517578,45.40999984741211,39.00334548950195,97435200,0.0,0.0,0.0
2008-04-09,45.470001220703125,45.4900016784668,44.630001068115234,44.900001525878906,38.5652961730957,127182300,0.0,0.0,0.0
2008-04-10,44.93000030517578,45.84000015258789,44.93000030517578,45.540000915527344,39.114994049072266,112773800,0.0,0.0,0.0
2008-04-11,45.02000045776367,45.099998474121094,44.119998931884766,44.279998779296875,38.032772064208984,120135400,0.0,0.0,0.0
2008-04-14,44.209999084472656,44.47999954223633,43.95000076293945,44.08000183105469,37.860984802246094,89274600,0.0,0.0,0.0
2008-04-15,44.2400016784668,44.349998474121094,43.68000030517578,44.13999938964844,37.91252136230469,124232300,0.0,0.0,0.0
2008-04-16,44.689998626708984,45.47999954223633,44.650001525878906,45.369998931884766,38.968990325927734,134027900,0.0,0.0,0.0
2008-04-17,45.41999816894531,45.470001220703125,44.97999954223633,45.27000045776367,38.883087158203125,124953100,0.0,0.0,0.0
2008-04-18,46.470001220703125,46.93000030517578,46.220001220703125,46.709999084472656,40.11992645263672,133022500,0.0,0.0,0.0
2008-04-21,46.619998931884766,47.08000183105469,46.4900016784668,47.040000915527344,40.40337371826172,83303200,0.0,0.0,0.0
2008-04-22,46.75,46.77000045776367,45.93000030517578,46.34000015258789,39.802120208740234,104689600,0.0,0.0,0.0
2008-04-23,46.68000030517578,47.060001373291016,46.27000045776367,46.849998474121094,40.240177154541016,131086200,0.0,0.0,0.0
2008-04-24,46.869998931884766,47.790000915527344,46.38999938964844,47.27000045776367,40.600929260253906,166509000,0.0,0.0,0.0
2008-04-25,47.31999969482422,47.349998474121094,46.56999969482422,47.150001525878906,40.49785614013672,121945400,0.0,0.0,0.0
2008-04-28,47.2599983215332,47.619998931884766,47.130001068115234,47.2400016784668,40.57514572143555,71244000,0.0,0.0,0.0
2008-04-29,47.150001525878906,47.7599983215332,47.060001373291016,47.599998474121094,40.88435745239258,91270600,0.0,0.0,0.0
2008-04-30,47.70000076293945,48.060001373291016,47.029998779296875,47.209999084472656,40.54938507080078,132152700,0.0,0.0,0.0
2008-05-01,47.22999954223633,48.720001220703125,47.220001220703125,48.70000076293945,41.829158782958984,143596900,0.0,0.0,0.0
2008-05-02,49.15999984741211,49.189998626708984,48.34000015258789,48.77000045776367,41.88930130004883,124990000,0.0,0.0,0.0
2008-05-05,48.77000045776367,49.029998779296875,48.400001525878906,48.630001068115234,41.7690315246582,75624700,0.0,0.0,0.0
2008-05-06,48.4900016784668,49.130001068115234,48.13999938964844,48.93000030517578,42.026710510253906,139582600,0.0,0.0,0.0
2008-05-07,48.939998626708984,49.22999954223633,47.869998931884766,48.040000915527344,41.262271881103516,140008300,0.0,0.0,0.0
2008-05-08,48.2400016784668,48.70000076293945,48.060001373291016,48.400001525878906,41.57149124145508,128058700,0.0,0.0,0.0
2008-05-09,48.040000915527344,48.459999084472656,47.900001525878906,48.209999084472656,41.40827941894531,97062000,0.0,0.0,0.0
2008-05-12,48.279998779296875,49.189998626708984,48.20000076293945,49.09000015258789,42.16413879394531,89606500,0.0,0.0,0.0
2008-05-13,49.11000061035156,49.33000183105469,48.7599983215332,49.220001220703125,42.27578353881836,85448100,0.0,0.0,0.0
2008-05-14,49.40999984741211,49.93000030517578,49.040000915527344,49.11000061035156,42.18130874633789,143598200,0.0,0.0,0.0
2008-05-15,49.119998931884766,50.02000045776367,48.97999954223633,49.970001220703125,42.91998291015625,157248900,0.0,0.0,0.0
2008-05-16,50.06999969482422,50.11000061035156,49.45000076293945,50.0099983215332,42.95433044433594,146563200,0.0,0.0,0.0
2008-05-19,50.04999923706055,50.470001220703125,49.34000015258789,49.650001525878906,42.6451416015625,140048700,0.0,0.0,0.0
2008-05-20,49.470001220703125,49.470001220703125,48.88999938964844,49.27000045776367,42.318756103515625,137163700,0.0,0.0,0.0
2008-05-21,49.33000183105469,49.599998474121094,48.02000045776367,48.18000030517578,41.38253402709961,192806700,0.0,0.0,0.0
2008-05-22,48.29999923706055,48.689998626708984,48.11000061035156,48.349998474121094,41.52854537963867,153198200,0.0,0.0,0.0
2008-05-23,48.18000030517578,48.349998474121094,47.81999969482422,48.20000076293945,41.399723052978516,121698400,0.0,0.0,0.0
2008-05-27,48.29999923706055,49.11000061035156,48.290000915527344,49.04999923706055,42.12976837158203,106984300,0.0,0.0,0.0
2008-05-28,49.279998779296875,49.36000061035156,48.75,49.25,42.30156707763672,121363000,0.0,0.0,0.0
2008-05-29,49.279998779296875,49.970001220703125,49.25,49.689998626708984,42.679500579833984,143993000,0.0,0.0,0.0
2008-05-30,49.880001068115234,50.2400016784668,49.75,50.0099983215332,42.95433044433594,94153600,0.0,0.0,0.0
2008-06-02,49.91999816894531,49.91999816894531,48.959999084472656,49.400001525878906,42.4304084777832,144359900,0.0,0.0,0.0
2008-06-03,49.59000015258789,49.900001525878906,48.66999816894531,49.130001068115234,42.19849395751953,167606900,0.0,0.0,0.0
2008-06-04,48.97999954223633,50.099998474121094,48.939998626708984,49.7599983215332,42.73960876464844,174870800,0.0,0.0,0.0
2008-06-05,49.88999938964844,50.61000061035156,49.70000076293945,50.54999923706055,43.41815948486328,126653700,0.0,0.0,0.0
2008-06-06,50.11000061035156,50.209999084472656,49.02000045776367,49.029998779296875,42.11262130737305,189136000,0.0,0.0,0.0
2008-06-09,49.130001068115234,49.189998626708984,47.95000076293945,48.77000045776367,41.88930130004883,208897300,0.0,0.0,0.0
2008-06-10,48.27000045776367,48.939998626708984,48.15999984741211,48.540000915527344,41.69173049926758,162798500,0.0,0.0,0.0
2008-06-11,48.439998626708984,48.52000045776367,47.349998474121094,47.369998931884766,40.68681335449219,170366900,0.0,0.0,0.0
2008-06-12,47.709999084472656,48.11000061035156,47.0,47.41999816894531,40.72975540161133,189913200,0.0,0.0,0.0
2008-06-13,47.709999084472656,48.470001220703125,47.459999084472656,48.369998931884766,41.54572296142578,167855000,0.0,0.0,0.0
2008-06-16,48.119998931884766,49.02000045776367,48.06999969482422,48.79999923706055,41.91505432128906,136343900,0.0,0.0,0.0
2008-06-17,48.95000076293945,49.060001373291016,48.470001220703125,48.540000915527344,41.69173049926758,122932000,0.0,0.0,0.0
2008-06-18,48.2599983215332,48.45000076293945,47.83000183105469,48.02000045776367,41.24510955810547,169338100,0.0,0.0,0.0
2008-06-19,47.93000030517578,49.0099983215332,47.61000061035156,48.77000045776367,41.88930130004883,221304200,0.0,0.0,0.0
2008-06-20,48.33000183105469,48.349998474121094,47.209999084472656,47.41999816894531,40.7581672668457,197434200,0.034,0.0,0.0
2008-06-23,47.61000061035156,47.7400016784668,46.97999954223633,47.04999923706055,40.44012451171875,131488800,0.0,0.0,0.0
2008-06-24,46.83000183105469,47.369998931884766,46.40999984741211,46.810001373291016,40.23384094238281,178293800,0.0,0.0,0.0
2008-06-25,47.0099983215332,48.0,46.939998626708984,47.56999969482422,40.8870849609375,179023400,0.0,0.0,0.0
2008-06-26,46.689998626708984,46.70000076293945,45.63999938964844,45.650001525878906,39.23682403564453,190028300,0.0,0.0,0.0
2008-06-27,45.599998474121094,45.900001525878906,44.970001220703125,45.650001525878906,39.23682403564453,181351800,0.0,0.0,0.0
2008-06-30,45.5099983215332,45.83000183105469,45.150001525878906,45.16999816894531,38.82425308227539,132912400,0.0,0.0,0.0
2008-07-01,44.810001373291016,45.86000061035156,44.68000030517578,45.810001373291016,39.37437057495117,245494300,0.0,0.0,0.0
2008-07-02,45.95000076293945,46.130001068115234,44.63999938964844,44.709999084472656,38.42889404296875,199576400,0.0,0.0,0.0
2008-07-03,44.97999954223633,45.08000183105469,44.279998779296875,44.630001068115234,38.36012649536133,123118300,0.0,0.0,0.0
2008-07-07,45.040000915527344,45.459999084472656,44.2400016784668,44.900001525878906,38.592201232910156,181011300,0.0,0.0,0.0
2008-07-08,44.95000076293945,46.0099983215332,44.77000045776367,45.970001220703125,39.51189422607422,206151200,0.0,0.0,0.0
2008-07-09,45.959999084472656,46.029998779296875,44.72999954223633,44.75,38.463260650634766,168500300,0.0,0.0,0.0
2008-07-10,44.81999969482422,45.41999816894531,44.380001068115234,45.279998779296875,38.918800354003906,238811500,0.0,0.0,0.0
2008-07-11,44.810001373291016,45.27000045776367,43.849998474121094,44.560001373291016,38.299957275390625,265514700,0.0,0.0,0.0
2008-07-14,45.13999938964844,45.18000030517578,44.06999969482422,44.22999954223633,38.01630401611328,177389800,0.0,0.0,0.0
2008-07-15,44.0099983215332,44.93000030517578,43.29999923706055,44.2400016784668,38.02491760253906,283891100,0.0,0.0,0.0
2008-07-16,44.36000061035156,45.380001068115234,43.91999816894531,45.34000015258789,38.97037124633789,186047800,0.0,0.0,0.0
2008-07-17,45.61000061035156,45.81999969482422,44.97999954223633,45.63999938964844,39.22822570800781,197555100,0.0,0.0,0.0
2008-07-18,45.13999938964844,45.16999816894531,44.59000015258789,44.59000015258789,38.32573699951172,160661000,0.0,0.0,0.0
2008-07-21,45.0,45.189998626708984,44.4900016784668,44.779998779296875,38.48906326293945,128107800,0.0,0.0,0.0
2008-07-22,44.029998779296875,44.810001373291016,43.86000061035156,44.779998779296875,38.48906326293945,152524500,0.0,0.0,0.0
2008-07-23,44.849998474121094,45.88999938964844,44.720001220703125,45.369998931884766,38.996177673339844,169259100,0.0,0.0,0.0
2008-07-24,45.58000183105469,45.61000061035156,44.650001525878906,44.689998626708984,38.411685943603516,145561000,0.0,0.0,0.0
2008-07-25,44.97999954223633,45.47999954223633,44.7599983215332,45.27000045776367,38.91020965576172,111616700,0.0,0.0,0.0
2008-07-28,45.2599983215332,45.52000045776367,44.209999084472656,44.41999816894531,38.17964172363281,124028500,0.0,0.0,0.0
2008-07-29,44.61000061035156,45.540000915527344,44.56999969482422,45.34000015258789,38.97037124633789,142290900,0.0,0.0,0.0
2008-07-30,45.470001220703125,45.81999969482422,44.880001068115234,45.56999969482422,39.16807174682617,165679900,0.0,0.0,0.0
2008-07-31,45.119998931884766,46.150001525878906,45.02000045776367,45.459999084472656,39.07352066040039,180473100,0.0,0.0,0.0
2008-08-01,45.5099983215332,45.54999923706055,44.400001525878906,44.880001068115234,38.57499313354492,180350400,0.0,0.0,0.0
2008-08-04,44.869998931884766,44.91999816894531,44.29999923706055,44.43000030517578,38.1882209777832,116298000,0.0,0.0,0.0
2008-08-05,44.88999938964844,45.970001220703125,44.84000015258789,45.93000030517578,39.47749328613281,151657400,0.0,0.0,0.0
2008-08-06,45.95000076293945,46.810001373291016,45.58000183105469,46.630001068115234,40.07915496826172,133463700,0.0,0.0,0.0
2008-08-07,46.349998474121094,46.849998474121094,46.08000183105469,46.27000045776367,39.76973342895508,152805800,0.0,0.0,0.0
2008-08-08,46.2400016784668,47.439998626708984,46.150001525878906,47.31999969482422,40.672203063964844,143121500,0.0,0.0,0.0
2008-08-11,47.29999923706055,48.279998779296875,47.13999938964844,47.75,41.04179763793945,157290100,0.0,0.0,0.0
2008-08-12,47.7400016784668,48.15999984741211,47.5099983215332,47.79999923706055,41.084781646728516,140549300,0.0,0.0,0.0
2008-08-13,47.720001220703125,48.119998931884766,47.25,47.70000076293945,40.99885559082031,169652100,0.0,0.0,0.0
2008-08-14,47.540000915527344,48.459999084472656,47.4900016784668,48.25,41.4715690612793,158069200,0.0,0.0,0.0
2008-08-15,48.33000183105469,48.56999969482422,47.959999084472656,48.15999984741211,41.39421463012695,123115900,0.0,0.0,0.0
2008-08-18,48.29999923706055,48.310001373291016,47.2599983215332,47.599998474121094,40.91287612915039,151399100,0.0,0.0,0.0
2008-08-19,47.36000061035156,47.59000015258789,46.75,47.0099983215332,40.40575408935547,155410600,0.0,0.0,0.0
2008-08-20,47.34000015258789,47.560001373291016,46.7400016784668,47.09000015258789,40.474517822265625,155466700,0.0,0.0,0.0
2008-08-21,46.7400016784668,47.08000183105469,46.380001068115234,46.869998931884766,40.28544235229492,118916200,0.0,0.0,0.0
2008-08-22,47.119998931884766,47.68000030517578,47.08000183105469,47.4900016784668,40.818328857421875,96515500,0.0,0.0,0.0
2008-08-25,47.15999984741211,47.209999084472656,46.369998931884766,46.4900016784668,39.95881652832031,128076500,0.0,0.0,0.0
2008-08-26,46.52000045776367,46.77000045776367,46.119998931884766,46.43000030517578,39.90724563598633,107225500,0.0,0.0,0.0
2008-08-27,46.45000076293945,47.09000015258789,46.290000915527344,46.72999954223633,40.16508483886719,108489900,0.0,0.0,0.0
2008-08-28,46.91999816894531,47.279998779296875,46.83000183105469,47.11000061035156,40.49171447753906,112808600,0.0,0.0,0.0
2008-08-29,46.61000061035156,47.119998931884766,45.91999816894531,46.119998931884766,39.64080047607422,133184300,0.0,0.0,0.0
2008-09-02,46.869998931884766,47.08000183105469,45.34000015258789,45.54999923706055,39.15087127685547,162277500,0.0,0.0,0.0
2008-09-03,45.45000076293945,45.63999938964844,44.790000915527344,45.119998931884766,38.78129196166992,161682900,0.0,0.0,0.0
2008-09-04,44.86000061035156,44.90999984741211,43.65999984741211,43.65999984741211,37.526405334472656,219004700,0.0,0.0,0.0
2008-09-05,43.279998779296875,43.779998779296875,42.810001373291016,43.45000076293945,37.34590148925781,247977500,0.0,0.0,0.0
2008-09-08,44.02000045776367,44.220001220703125,42.68000030517578,43.369998931884766,37.277137756347656,311065100,0.0,0.0,0.0
2008-09-09,43.349998474121094,43.790000915527344,42.349998474121094,42.45000076293945,36.48636245727539,214180600,0.0,0.0,0.0
2008-09-10,42.86000061035156,43.18000030517578,42.45000076293945,42.79999923706055,36.787200927734375,160658100,0.0,0.0,0.0
2008-09-11,42.20000076293945,43.689998626708984,42.16999816894531,43.599998474121094,37.47480010986328,203398200,0.0,0.0,0.0
2008-09-12,43.22999954223633,43.709999084472656,42.900001525878906,43.43000030517578,37.32869338989258,172094300,0.0,0.0,0.0
2008-09-15,42.400001525878906,43.290000915527344,42.029998779296875,42.08000183105469,36.16835021972656,616772300,0.0,0.0,0.0
2008-09-16,41.47999954223633,42.84000015258789,41.43000030517578,42.40999984741211,36.452003479003906,349506500,0.0,0.0,0.0
2008-09-17,41.869998931884766,42.41999816894531,40.189998626708984,40.209999084472656,34.56106948852539,340088000,0.0,0.0,0.0
2008-09-18,41.099998474121094,41.970001220703125,39.5,41.56999969482422,35.72999954223633,423934000,0.0,0.0,0.0
2008-09-19,43.77000045776367,43.83000183105469,42.099998474121094,42.900001525878906,36.89801788330078,263394000,0.028,0.0,0.0
2008-09-22,42.7400016784668,42.84000015258789,40.79999923706055,40.880001068115234,35.16062545776367,164698200,0.0,0.0,0.0
2008-09-23,41.20000076293945,41.75,40.439998626708984,40.56999969482422,34.89400863647461,184011200,0.0,0.0,0.0
2008-09-24,40.810001373291016,41.2599983215332,40.52000045776367,40.849998474121094,35.13481903076172,159270800,0.0,0.0,0.0
2008-09-25,41.22999954223633,42.02000045776367,41.029998779296875,41.5,35.69388198852539,148586800,0.0,0.0,0.0
2008-09-26,40.310001373291016,41.4900016784668,40.220001220703125,41.08000183105469,35.33265686035156,182678600,0.0,0.0,0.0
2008-09-29,40.2599983215332,40.380001068115234,37.18000030517578,37.81999969482422,32.52874755859375,307954400,0.0,0.0,0.0
2008-09-30,37.720001220703125,39.29999923706055,37.599998474121094,38.90999984741211,33.466251373291016,195436700,0.0,0.0,0.0
2008-10-01,38.84000015258789,38.970001220703125,38.029998779296875,38.5,33.11360549926758,174033300,0.0,0.0,0.0
2008-10-02,38.25,38.25,36.63999938964844,36.75,31.608442306518555,192124000,0.0,0.0,0.0
2008-10-03,37.2599983215332,38.18000030517578,36.099998474121094,36.18000030517578,31.118186950683594,272116100,0.0,0.0,0.0
2008-10-06,35.2599983215332,35.529998779296875,32.90999984741211,34.86000061035156,29.982868194580078,394046600,0.0,0.0,0.0
2008-10-07,35.13999938964844,35.20000076293945,32.27000045776367,32.650001525878906,28.08205223083496,329365700,0.0,0.0,0.0
2008-10-08,31.950000762939453,34.119998931884766,31.84000015258789,32.38999938964844,27.85843276977539,452066500,0.0,0.0,0.0
2008-10-09,33.150001525878906,33.68000030517578,30.969999313354492,31.520000457763672,27.110145568847656,352433900,0.0,0.0,0.0
2008-10-10,30.520000457763672,32.47999954223633,29.3799991607666,31.31999969482422,26.938140869140625,472339100,0.0,0.0,0.0
2008-10-13,32.86000061035156,35.25,32.400001525878906,35.130001068115234,30.215078353881836,276998700,0.0,0.0,0.0
2008-10-14,36.150001525878906,36.150001525878906,33.189998626708984,33.61000061035156,28.907737731933594,341595900,0.0,0.0,0.0
2008-10-15,33.22999954223633,33.349998474121094,30.540000915527344,30.600000381469727,26.318866729736328,312088500,0.0,0.0,0.0
2008-10-16,30.809999465942383,32.27000045776367,29.25,32.2599983215332,27.746614456176758,494783500,0.0,0.0,0.0
2008-10-17,31.670000076293945,33.650001525878906,31.40999984741211,32.29999923706055,27.781030654907227,326571300,0.0,0.0,0.0
2008-10-20,32.7599983215332,33.2599983215332,31.700000762939453,33.20000076293945,28.555110931396484,232783400,0.0,0.0,0.0
2008-10-21,32.65999984741211,33.2599983215332,31.479999542236328,31.479999542236328,27.07574462890625,239932400,0.0,0.0,0.0
2008-10-22,31.3700008392334,31.600000381469727,29.709999084472656,30.610000610351562,26.327455520629883,289993600,0.0,0.0,0.0
2008-10-23,30.489999771118164,31.09000015258789,28.899999618530273,30.489999771118164,26.224252700805664,377966900,0.0,0.0,0.0
2008-10-24,28.229999542236328,30.25,28.09000015258789,29.510000228881836,25.381372451782227,322129500,0.0,0.0,0.0
2008-10-27,29.170000076293945,30.200000762939453,28.65999984741211,28.690000534057617,24.676082611083984,239302300,0.0,0.0,0.0
2008-10-28,29.68000030517578,31.8799991607666,28.850000381469727,31.860000610351562,27.402584075927734,327239500,0.0,0.0,0.0
2008-10-29,31.90999984741211,33.08000183105469,31.25,31.780000686645508,27.333765029907227,341316000,0.0,0.0,0.0
2008-10-30,32.66999816894531,33.060001373291016,31.979999542236328,32.84000015258789,28.2454833984375,255292100,0.0,0.0,0.0
2008-10-31,32.369998931884766,33.43000030517578,32.09000015258789,32.88999938964844,28.28847312927246,224261000,0.0,0.0,0.0
2008-11-03,32.810001373291016,33.290000915527344,32.5099983215332,32.81999969482422,28.228275299072266,128455500,0.0,0.0,0.0
2008-11-04,33.459999084472656,34.0099983215332,32.97999954223633,33.75,29.02816390991211,182487600,0.0,0.0,0.0
2008-11-05,33.529998779296875,33.599998474121094,31.920000076293945,31.989999771118164,27.514392852783203,183893900,0.0,0.0,0.0
2008-11-06,31.489999771118164,31.8700008392334,30.399999618530273,30.559999465942383,26.284456253051758,220677200,0.0,0.0,0.0
2008-11-07,30.920000076293945,31.479999542236328,30.59000015258789,31.190000534057617,26.82632064819336,176946200,0.0,0.0,0.0
2008-11-10,31.969999313354492,31.969999313354492,30.399999618530273,30.770000457763672,26.465078353881836,142584500,0.0,0.0,0.0
2008-11-11,30.479999542236328,30.760000228881836,29.719999313354492,30.100000381469727,25.888822555541992,162869800,0.0,0.0,0.0
2008-11-12,29.649999618530273,29.799999237060547,28.649999618530273,28.709999084472656,24.69328498840332,184946400,0.0,0.0,0.0
2008-11-13,28.610000610351562,30.530000686645508,27.280000686645508,30.459999084472656,26.198455810546875,317943900,0.0,0.0,0.0
2008-11-14,29.780000686645508,30.420000076293945,28.8700008392334,28.979999542236328,24.925514221191406,259407000,0.0,0.0,0.0
2008-11-17,28.489999771118164,29.229999542236328,28.260000228881836,28.3700008392334,24.400854110717773,202835200,0.0,0.0,0.0
2008-11-18,28.559999465942383,28.75,27.389999389648438,28.34000015258789,24.37505531311035,252661800,0.0,0.0,0.0
2008-11-19,28.399999618530273,28.780000686645508,26.790000915527344,26.860000610351562,23.10211944580078,244180600,0.0,0.0,0.0
2008-11-20,26.530000686645508,27.450000762939453,25.469999313354492,25.559999465942383,21.983993530273438,342472400,0.0,0.0,0.0
2008-11-21,26.010000228881836,26.68000030517578,25.049999237060547,26.670000076293945,22.938695907592773,282746800,0.0,0.0,0.0
2008-11-24,27.219999313354492,28.639999389648438,26.979999542236328,28.299999237060547,24.34065055847168,225058200,0.0,0.0,0.0
2008-11-25,28.610000610351562,28.639999389648438,27.520000457763672,28.170000076293945,24.228851318359375,202968700,0.0,0.0,0.0
2008-11-26,27.8799991607666,29.360000610351562,27.809999465942383,29.350000381469727,25.243745803833008,164912000,0.0,0.0,0.0
2008-11-28,29.020000457763672,29.190000534057617,28.829999923706055,29.1200008392334,25.045923233032227,41238200,0.0,0.0,0.0
2008-12-01,28.5,28.510000228881836,26.889999389648438,26.93000030517578,23.162321090698242,149161500,0.0,0.0,0.0
2008-12-02,27.299999237060547,27.889999389648438,26.84000015258789,27.829999923706055,23.936397552490234,181743000,0.0,0.0,0.0
2008-12-03,27.1299991607666,28.709999084472656,27.06999969482422,28.6200008392334,24.615877151489258,230944900,0.0,0.0,0.0
2008-12-04,28.170000076293945,28.780000686645508,27.31999969482422,27.809999465942383,23.919193267822266,188868700,0.0,0.0,0.0
2008-12-05,27.5,29.06999969482422,26.950000762939453,28.940000534057617,24.891111373901367,212283700,0.0,0.0,0.0
2008-12-08,29.59000015258789,30.459999084472656,29.440000534057617,30.079999923706055,25.871620178222656,185782500,0.0,0.0,0.0
2008-12-09,29.68000030517578,30.829999923706055,29.56999969482422,30.010000228881836,25.81141471862793,178148300,0.0,0.0,0.0
2008-12-10,30.100000381469727,30.459999084472656,29.6200008392334,29.90999984741211,25.72540283203125,162335100,0.0,0.0,0.0
2008-12-11,29.809999465942383,30.270000457763672,28.940000534057617,29.09000015258789,25.02012062072754,167161400,0.0,0.0,0.0
2008-12-12,28.690000534057617,29.860000610351562,28.469999313354492,29.68000030517578,25.527570724487305,158600100,0.0,0.0,0.0
2008-12-15,29.729999542236328,29.760000228881836,28.739999771118164,29.15999984741211,25.080320358276367,107887000,0.0,0.0,0.0
2008-12-16,29.420000076293945,30.65999984741211,29.100000381469727,30.559999465942383,26.284456253051758,169300100,0.0,0.0,0.0
2008-12-17,30.25,30.600000381469727,29.81999969482422,30.190000534057617,25.966230392456055,159813500,0.0,0.0,0.0
2008-12-18,30.190000534057617,30.399999618530273,29.360000610351562,29.65999984741211,25.5103702545166,142656400,0.0,0.0,0.0
2008-12-19,29.93000030517578,30.3700008392334,29.65999984741211,29.860000610351562,25.719696044921875,118308900,0.043,0.0,0.0
2008-12-22,29.860000610351562,29.920000076293945,28.739999771118164,29.209999084472656,25.159812927246094,95379600,0.0,0.0,0.0
2008-12-23,29.329999923706055,29.6200008392334,28.889999389648438,29.059999465942383,25.030607223510742,68764800,0.0,0.0,0.0
2008-12-24,29.200000762939453,29.209999084472656,28.979999542236328,29.139999389648438,25.099515914916992,27194700,0.0,0.0,0.0
2008-12-26,29.200000762939453,29.229999542236328,28.969999313354492,29.1299991607666,25.090898513793945,20937000,0.0,0.0,0.0
2008-12-29,29.209999084472656,29.239999771118164,28.459999084472656,28.889999389648438,24.88418197631836,52688300,0.0,0.0,0.0
2008-12-30,28.969999313354492,29.59000015258789,28.940000534057617,29.489999771118164,25.40097427368164,77089500,0.0,0.0,0.0
2008-12-31,29.459999084472656,30.079999923706055,29.450000762939453,29.739999771118164,25.61631965637207,89189700,0.0,0.0,0.0
2009-01-02,29.75,31.1299991607666,29.690000534057617,31.030000686645508,26.727458953857422,107891500,0.0,0.0,0.0
2009-01-05,30.829999923706055,31.329999923706055,30.59000015258789,31.020000457763672,26.718828201293945,91751900,0.0,0.0,0.0
2009-01-06,31.25,31.6299991607666,31.110000610351562,31.329999923706055,26.985855102539062,136791700,0.0,0.0,0.0
2009-01-07,30.729999542236328,30.899999618530273,30.190000534057617,30.440000534057617,26.219261169433594,133879800,0.0,0.0,0.0
2009-01-08,30.3799991607666,30.799999237060547,30.079999923706055,30.760000228881836,26.49489402770996,131926600,0.0,0.0,0.0
2009-01-09,30.770000457763672,30.790000915527344,29.920000076293945,30.06999969482422,25.900564193725586,117137900,0.0,0.0,0.0
2009-01-12,30.110000610351562,30.149999618530273,29.200000762939453,29.520000457763672,25.426822662353516,102726200,0.0,0.0,0.0
2009-01-13,29.510000228881836,29.979999542236328,29.18000030517578,29.530000686645508,25.435443878173828,186266700,0.0,0.0,0.0
2009-01-14,29.190000534057617,29.280000686645508,28.469999313354492,28.6299991607666,24.660228729248047,136294000,0.0,0.0,0.0
2009-01-15,28.56999969482422,29.34000015258789,28.06999969482422,29.100000381469727,25.065067291259766,192567200,0.0,0.0,0.0
2009-01-16,29.5,29.600000381469727,28.700000762939453,29.420000076293945,25.340702056884766,175478100,0.0,0.0,0.0
2009-01-20,29.299999237060547,29.43000030517578,27.959999084472656,27.959999084472656,24.0831356048584,135105800,0.0,0.0,0.0
2009-01-21,28.43000030517578,29.190000534057617,28.100000381469727,29.149999618530273,25.108135223388672,149179600,0.0,0.0,0.0
2009-01-22,28.520000457763672,29.229999542236328,28.260000228881836,28.760000228881836,24.77220916748047,200602700,0.0,0.0,0.0
2009-01-23,28.290000915527344,29.350000381469727,28.139999389648438,28.899999618530273,24.892791748046875,170164100,0.0,0.0,0.0
2009-01-26,28.940000534057617,29.59000015258789,28.75,29.110000610351562,25.07367706298828,140398700,0.0,0.0,0.0
2009-01-27,29.1200008392334,29.56999969482422,29.1200008392334,29.31999969482422,25.25455665588379,110591300,0.0,0.0,0.0
2009-01-28,29.809999465942383,30.649999618530273,29.809999465942383,30.350000381469727,26.141742706298828,139722800,0.0,0.0,0.0
2009-01-29,29.979999542236328,30.399999618530273,29.479999542236328,29.579999923706055,25.478513717651367,130731800,0.0,0.0,0.0
2009-01-30,29.799999237060547,29.93000030517578,28.940000534057617,29.059999465942383,25.030607223510742,140334200,0.0,0.0,0.0
2009-02-02,28.780000686645508,29.610000610351562,28.739999771118164,29.40999984741211,25.332075119018555,126796100,0.0,0.0,0.0
2009-02-03,29.469999313354492,30.43000030517578,29.030000686645508,29.8700008392334,25.72829246520996,120541100,0.0,0.0,0.0
2009-02-04,29.940000534057617,30.8700008392334,29.790000915527344,29.90999984741211,25.76275062561035,175780900,0.0,0.0,0.0
2009-02-05,29.479999542236328,30.770000457763672,29.459999084472656,30.56999969482422,26.331235885620117,217578900,0.0,0.0,0.0
2009-02-06,30.68000030517578,31.510000228881836,30.579999923706055,31.3700008392334,27.020315170288086,164513200,0.0,0.0,0.0
2009-02-09,31.389999389648438,31.670000076293945,31.190000534057617,31.5,27.132286071777344,98856900,0.0,0.0,0.0
2009-02-10,31.299999237060547,31.68000030517578,30.100000381469727,30.34000015258789,26.13312339782715,232795200,0.0,0.0,0.0
2009-02-11,30.3799991607666,30.530000686645508,29.729999542236328,30.200000762939453,26.012535095214844,169117200,0.0,0.0,0.0
2009-02-12,29.850000381469727,30.610000610351562,29.639999389648438,30.56999969482422,26.331235885620117,201151400,0.0,0.0,0.0
2009-02-13,30.479999542236328,30.780000686645508,30.290000915527344,30.43000030517578,26.210651397705078,145066700,0.0,0.0,0.0
2009-02-17,29.489999771118164,29.670000076293945,29.059999465942383,29.219999313354492,25.168420791625977,157783300,0.0,0.0,0.0
2009-02-18,29.40999984741211,29.670000076293945,28.8700008392334,29.239999771118164,25.185644149780273,161271900,0.0,0.0,0.0
2009-02-19,29.420000076293945,29.610000610351562,28.719999313354492,28.790000915527344,24.798046112060547,155322400,0.0,0.0,0.0
2009-02-20,28.469999313354492,29.149999618530273,28.389999389648438,28.8700008392334,24.86695098876953,210752400,0.0,0.0,0.0
2009-02-23,29.030000686645508,29.049999237060547,27.729999542236328,27.860000610351562,23.996990203857422,169473500,0.0,0.0,0.0
2009-02-24,28.010000228881836,28.979999542236328,27.959999084472656,28.780000686645508,24.789432525634766,181337300,0.0,0.0,0.0
2009-02-25,28.610000610351562,29.170000076293945,28.139999389648438,28.59000015258789,24.625778198242188,220224700,0.0,0.0,0.0
2009-02-26,28.780000686645508,28.950000762939453,27.700000762939453,27.790000915527344,23.936710357666016,211218500,0.0,0.0,0.0
2009-02-27,27.5,27.979999542236328,27.389999389648438,27.530000686645508,23.712759017944336,204492600,0.0,0.0,0.0
2009-03-02,27.1200008392334,27.510000228881836,26.469999313354492,26.639999389648438,22.9461612701416,188180400,0.0,0.0,0.0
2009-03-03,26.860000610351562,27.15999984741211,26.420000076293945,26.6200008392334,22.928937911987305,158758800,0.0,0.0,0.0
2009-03-04,27.010000228881836,27.709999084472656,26.920000076293945,27.329999923706055,23.540485382080078,164911000,0.0,0.0,0.0
2009-03-05,27.030000686645508,27.239999771118164,26.420000076293945,26.510000228881836,22.83418846130371,199626900,0.0,0.0,0.0
2009-03-06,26.649999618530273,26.809999465942383,25.709999084472656,26.299999237060547,22.653305053710938,218421600,0.0,0.0,0.0
2009-03-09,26.09000015258789,26.809999465942383,25.6299991607666,25.739999771118164,22.17095184326172,181098800,0.0,0.0,0.0
2009-03-10,26.25,27.389999389648438,26.15999984741211,27.329999923706055,23.540485382080078,175068200,0.0,0.0,0.0
2009-03-11,27.610000610351562,27.989999771118164,27.260000228881836,27.75,23.90224838256836,173094900,0.0,0.0,0.0
2009-03-12,27.729999542236328,28.760000228881836,27.440000534057617,28.670000076293945,24.69468879699707,184395100,0.0,0.0,0.0
2009-03-13,28.65999984741211,28.84000015258789,28.31999969482422,28.739999771118164,24.754985809326172,156783500,0.0,0.0,0.0
2009-03-16,28.93000030517578,28.979999542236328,28.190000534057617,28.260000228881836,24.341533660888672,190269800,0.0,0.0,0.0
2009-03-17,28.399999618530273,29.329999923706055,28.299999237060547,29.329999923706055,25.263174057006836,169773800,0.0,0.0,0.0
2009-03-18,29.209999084472656,30.200000762939453,29.079999923706055,29.700000762939453,25.581865310668945,208033900,0.0,0.0,0.0
2009-03-19,30.110000610351562,30.1299991607666,29.459999084472656,29.68000030517578,25.56464195251465,146753400,0.0,0.0,0.0
2009-03-20,29.690000534057617,30.030000686645508,28.979999542236328,29.18000030517578,25.17552947998047,149410800,0.049,0.0,0.0
2009-03-23,29.899999618530273,30.940000534057617,29.200000762939453,30.899999618530273,26.65949249267578,179499000,0.0,0.0,0.0
2009-03-24,30.639999389648438,30.8799991607666,30.309999465942383,30.329999923706055,26.1677188873291,118757600,0.0,0.0,0.0
2009-03-25,30.59000015258789,31.049999237060547,29.65999984741211,30.469999313354492,26.288503646850586,190555200,0.0,0.0,0.0
2009-03-26,30.799999237060547,31.459999084472656,30.420000076293945,31.40999984741211,27.099502563476562,182459500,0.0,0.0,0.0
2009-03-27,31.0,31.18000030517578,30.709999084472656,30.81999969482422,26.59047508239746,156108100,0.0,0.0,0.0
2009-03-30,30.299999237060547,30.31999969482422,29.6200008392334,30.059999465942383,25.934768676757812,162919700,0.0,0.0,0.0
2009-03-31,30.290000915527344,30.950000762939453,30.270000457763672,30.31999969482422,26.15908432006836,150243800,0.0,0.0,0.0
2009-04-01,29.940000534057617,30.8799991607666,29.790000915527344,30.770000457763672,26.547332763671875,137950000,0.0,0.0,0.0
2009-04-02,31.31999969482422,32.27000045776367,31.229999542236328,31.760000228881836,27.40146827697754,212272400,0.0,0.0,0.0
2009-04-03,32.09000015258789,32.400001525878906,31.829999923706055,32.349998474121094,27.910503387451172,134577300,0.0,0.0,0.0
2009-04-06,31.989999771118164,32.33000183105469,31.649999618530273,32.27000045776367,27.84147071838379,160413700,0.0,0.0,0.0
2009-04-07,31.920000076293945,31.920000076293945,31.209999084472656,31.420000076293945,27.108129501342773,147531200,0.0,0.0,0.0
2009-04-08,31.729999542236328,32.150001525878906,31.489999771118164,31.950000762939453,27.565401077270508,126126000,0.0,0.0,0.0
2009-04-09,32.54999923706055,33.0099983215332,32.43000030517578,32.939998626708984,28.41953468322754,131871500,0.0,0.0,0.0
2009-04-13,32.84000015258789,33.06999969482422,32.529998779296875,32.88999938964844,28.37639045715332,119310500,0.0,0.0,0.0
2009-04-14,32.689998626708984,32.880001068115234,32.27000045776367,32.4900016784668,28.03128433227539,124069000,0.0,0.0,0.0
2009-04-15,32.2599983215332,32.43000030517578,31.850000381469727,32.400001525878906,27.95363426208496,124808200,0.0,0.0,0.0
2009-04-16,32.849998474121094,33.43000030517578,32.5099983215332,33.2400016784668,28.678354263305664,171168000,0.0,0.0,0.0
2009-04-17,33.16999816894531,33.5,32.93000030517578,33.310001373291016,28.738758087158203,129835400,0.0,0.0,0.0
2009-04-20,32.709999084472656,32.81999969482422,32.060001373291016,32.2400016784668,27.81559944152832,123080500,0.0,0.0,0.0
2009-04-21,32.119998931884766,32.7400016784668,32.08000183105469,32.689998626708984,28.20383644104004,145490200,0.0,0.0,0.0
2009-04-22,32.5,33.529998779296875,32.38999938964844,32.790000915527344,28.290122985839844,165040500,0.0,0.0,0.0
2009-04-23,33.0,33.13999938964844,32.4900016784668,33.11000061035156,28.56620216369629,181666600,0.0,0.0,0.0
2009-04-24,33.34000015258789,33.93000030517578,33.06999969482422,33.689998626708984,29.06660270690918,141170000,0.0,0.0,0.0
2009-04-27,33.41999816894531,34.060001373291016,33.349998474121094,33.72999954223633,29.10112190246582,120749100,0.0,0.0,0.0
2009-04-28,33.52000045776367,33.90999984741211,33.36000061035156,33.47999954223633,28.885435104370117,108968000,0.0,0.0,0.0
2009-04-29,33.75,34.400001525878906,33.70000076293945,33.939998626708984,29.282297134399414,141413600,0.0,0.0,0.0
2009-04-30,34.38999938964844,34.900001525878906,34.040000915527344,34.279998779296875,29.575645446777344,144120400,0.0,0.0,0.0
2009-05-01,34.27000045776367,34.540000915527344,34.0099983215332,34.369998931884766,29.653297424316406,100112000,0.0,0.0,0.0
2009-05-04,34.68000030517578,35.09000015258789,34.52000045776367,35.04999923706055,30.239971160888672,119317400,0.0,0.0,0.0
2009-05-05,34.9900016784668,35.060001373291016,34.630001068115234,35.02000045776367,30.21409797668457,113569500,0.0,0.0,0.0
2009-05-06,35.290000915527344,35.34000015258789,34.459999084472656,35.029998779296875,30.222719192504883,178840500,0.0,0.0,0.0
2009-05-07,35.27000045776367,35.27000045776367,33.880001068115234,34.209999084472656,29.515249252319336,216484700,0.0,0.0,0.0
2009-05-08,34.470001220703125,34.7400016784668,33.880001068115234,34.22999954223633,29.532508850097656,183507300,0.0,0.0,0.0
2009-05-11,33.790000915527344,34.720001220703125,33.68000030517578,34.349998474121094,29.636045455932617,142775900,0.0,0.0,0.0
2009-05-12,34.41999816894531,34.47999954223633,33.52000045776367,33.93000030517578,29.2736759185791,147842200,0.0,0.0,0.0
2009-05-13,33.630001068115234,33.650001525878906,32.959999084472656,33.02000045776367,28.488557815551758,175548300,0.0,0.0,0.0
2009-05-14,33.099998474121094,33.70000076293945,33.08000183105469,33.38999938964844,28.807783126831055,140021700,0.0,0.0,0.0
2009-05-15,33.34000015258789,33.81999969482422,33.22999954223633,33.369998931884766,28.790523529052734,121326400,0.0,0.0,0.0
2009-05-18,33.599998474121094,34.279998779296875,33.38999938964844,34.2400016784668,29.541120529174805,114333400,0.0,0.0,0.0
2009-05-19,34.15999984741211,34.7400016784668,33.95000076293945,34.400001525878906,29.679162979125977,129086400,0.0,0.0,0.0
2009-05-20,34.529998779296875,35.040000915527344,34.18000030517578,34.279998779296875,29.575645446777344,131873700,0.0,0.0,0.0
2009-05-21,34.02000045776367,34.2599983215332,33.310001373291016,33.650001525878906,29.032089233398438,139253200,0.0,0.0,0.0
2009-05-22,33.779998779296875,33.970001220703125,33.31999969482422,33.540000915527344,28.93718910217285,83510600,0.0,0.0,0.0
2009-05-26,33.25,34.83000183105469,33.18000030517578,34.790000915527344,30.015649795532227,144857200,0.0,0.0,0.0
2009-05-27,34.689998626708984,35.189998626708984,34.43000030517578,34.54999923706055,29.808595657348633,121348800,0.0,0.0,0.0
2009-05-28,34.7599983215332,35.06999969482422,34.209999084472656,34.95000076293945,30.153684616088867,118931300,0.0,0.0,0.0
2009-05-29,34.970001220703125,35.5,34.7599983215332,35.380001068115234,30.524688720703125,111535700,0.0,0.0,0.0
2009-06-01,35.7599983215332,36.5,35.61000061035156,36.38999938964844,31.396074295043945,119126200,0.0,0.0,0.0
2009-06-02,36.189998626708984,36.790000915527344,36.11000061035156,36.439998626708984,31.43922233581543,126858600,0.0,0.0,0.0
2009-06-03,36.33000183105469,36.369998931884766,35.93000030517578,36.33000183105469,31.344318389892578,93329800,0.0,0.0,0.0
2009-06-04,36.40999984741211,36.790000915527344,36.34000015258789,36.7400016784668,31.69804573059082,89280600,0.0,0.0,0.0
2009-06-05,36.959999084472656,37.08000183105469,36.41999816894531,36.779998779296875,31.732553482055664,121958800,0.0,0.0,0.0
2009-06-08,36.54999923706055,36.95000076293945,36.119998931884766,36.66999816894531,31.637666702270508,89194100,0.0,0.0,0.0
2009-06-09,36.84000015258789,37.16999816894531,36.66999816894531,36.95000076293945,31.879220962524414,109187800,0.0,0.0,0.0
2009-06-10,37.15999984741211,37.16999816894531,36.290000915527344,36.81999969482422,31.76708221435547,133404700,0.0,0.0,0.0
2009-06-11,36.77000045776367,37.22999954223633,36.75,36.81999969482422,31.76708221435547,147909800,0.0,0.0,0.0
2009-06-12,36.66999816894531,36.720001220703125,36.20000076293945,36.650001525878906,31.620405197143555,109452500,0.0,0.0,0.0
2009-06-15,36.29999923706055,36.33000183105469,35.58000183105469,35.900001525878906,30.973329544067383,112152900,0.0,0.0,0.0
2009-06-16,36.040000915527344,36.189998626708984,35.52000045776367,35.54999923706055,30.671367645263672,110550300,0.0,0.0,0.0
2009-06-17,35.70000076293945,36.209999084472656,35.45000076293945,35.88999938964844,30.96470069885254,153421800,0.0,0.0,0.0
2009-06-18,35.83000183105469,36.060001373291016,35.56999969482422,35.81999969482422,30.904300689697266,126266700,0.0,0.0,0.0
2009-06-19,36.04999923706055,36.36000061035156,35.90999984741211,36.15999984741211,31.23602867126465,122044700,0.044,0.0,0.0
2009-06-22,35.83000183105469,35.88999938964844,35.02000045776367,35.08000183105469,30.303077697753906,137714900,0.0,0.0,0.0
2009-06-23,35.18000030517578,35.2599983215332,34.77000045776367,35.0,30.233963012695312,114903100,0.0,0.0,0.0
2009-06-24,35.29999923706055,35.869998931884766,35.279998779296875,35.59000015258789,30.743623733520508,103314600,0.0,0.0,0.0
2009-06-25,35.36000061035156,36.36000061035156,35.279998779296875,36.290000915527344,31.34830093383789,112538200,0.0,0.0,0.0
2009-06-26,36.119998931884766,36.5,36.04999923706055,36.369998931884766,31.41740608215332,87677300,0.0,0.0,0.0
2009-06-29,36.470001220703125,36.75,36.119998931884766,36.45000076293945,31.48653221130371,93817600,0.0,0.0,0.0
2009-06-30,36.54999923706055,36.72999954223633,36.11000061035156,36.380001068115234,31.42605209350586,97843000,0.0,0.0,0.0
2009-07-01,36.560001373291016,36.84000015258789,36.38999938964844,36.400001525878906,31.443326950073242,85976000,0.0,0.0,0.0
2009-07-02,36.09000015258789,36.099998474121094,35.5,35.599998474121094,30.75226402282715,113309800,0.0,0.0,0.0
2009-07-06,35.380001068115234,35.540000915527344,35.040000915527344,35.40999984741211,30.588138580322266,107632500,0.0,0.0,0.0
2009-07-07,35.41999816894531,35.4900016784668,34.5099983215332,34.529998779296875,29.827980041503906,149773000,0.0,0.0,0.0
2009-07-08,34.7400016784668,34.869998931884766,34.29999923706055,34.709999084472656,29.983455657958984,152776400,0.0,0.0,0.0
2009-07-09,34.84000015258789,35.0099983215332,34.650001525878906,34.77000045776367,30.035297393798828,97851500,0.0,0.0,0.0
2009-07-10,34.66999816894531,35.13999938964844,34.560001373291016,34.91999816894531,30.164867401123047,108482000,0.0,0.0,0.0
2009-07-13,34.95000076293945,35.599998474121094,34.47999954223633,35.59000015258789,30.743623733520508,127140300,0.0,0.0,0.0
2009-07-14,35.54999923706055,35.790000915527344,35.400001525878906,35.720001220703125,30.855934143066406,115631700,0.0,0.0,0.0
2009-07-15,36.31999969482422,36.93000030517578,36.13999938964844,36.91999816894531,31.89253807067871,160869700,0.0,0.0,0.0
2009-07-16,36.75,37.439998626708984,36.720001220703125,37.36000061035156,32.272613525390625,120142500,0.0,0.0,0.0
2009-07-17,37.349998474121094,37.56999969482422,37.16999816894531,37.560001373291016,32.44534683227539,104906500,0.0,0.0,0.0
2009-07-20,37.7599983215332,38.0,37.61000061035156,37.91999816894531,32.75634765625,97168800,0.0,0.0,0.0
2009-07-21,38.06999969482422,38.18000030517578,37.63999938964844,38.18000030517578,32.98093795776367,130587600,0.0,0.0,0.0
2009-07-22,38.209999084472656,38.689998626708984,38.130001068115234,38.5,33.25736618041992,113808600,0.0,0.0,0.0
2009-07-23,38.459999084472656,39.4900016784668,38.38999938964844,39.349998474121094,33.991607666015625,160239300,0.0,0.0,0.0
2009-07-24,38.93000030517578,39.369998931884766,38.779998779296875,39.04999923706055,33.73247528076172,109312300,0.0,0.0,0.0
2009-07-27,39.33000183105469,39.40999984741211,38.869998931884766,39.349998474121094,33.991607666015625,94718600,0.0,0.0,0.0
2009-07-28,39.18000030517578,39.59000015258789,38.93000030517578,39.08000183105469,33.75840377807617,111564300,0.0,0.0,0.0
2009-07-29,39.31999969482422,39.43000030517578,39.0,39.34000015258789,33.98297882080078,126538200,0.0,0.0,0.0
2009-07-30,39.75,40.18000030517578,39.5099983215332,39.56999969482422,34.1816520690918,108969900,0.0,0.0,0.0
2009-07-31,39.56999969482422,39.849998474121094,39.40999984741211,39.45000076293945,34.07799530029297,78208300,0.0,0.0,0.0
2009-08-03,39.869998931884766,40.060001373291016,39.63999938964844,40.040000915527344,34.58766555786133,111722800,0.0,0.0,0.0
2009-08-04,39.849998474121094,40.189998626708984,39.77000045776367,40.040000915527344,34.58766555786133,100690800,0.0,0.0,0.0
2009-08-05,40.130001068115234,40.13999938964844,39.459999084472656,39.72999954223633,34.31987762451172,118093000,0.0,0.0,0.0
2009-08-06,39.81999969482422,39.93000030517578,39.2400016784668,39.380001068115234,34.01754379272461,116937500,0.0,0.0,0.0
2009-08-07,39.91999816894531,40.06999969482422,39.59000015258789,39.880001068115234,34.44944381713867,107442100,0.0,0.0,0.0
2009-08-10,39.7400016784668,39.849998474121094,39.34000015258789,39.599998474121094,34.20759582519531,87163200,0.0,0.0,0.0
2009-08-11,39.470001220703125,39.5,39.04999923706055,39.2599983215332,33.913875579833984,91922700,0.0,0.0,0.0
2009-08-12,39.22999954223633,40.220001220703125,39.20000076293945,39.869998931884766,34.440818786621094,147240000,0.0,0.0,0.0
2009-08-13,40.11000061035156,40.15999984741211,39.63999938964844,40.09000015258789,34.630863189697266,110107000,0.0,0.0,0.0
2009-08-14,39.869998931884766,39.959999084472656,39.279998779296875,39.630001068115234,34.233497619628906,124480200,0.0,0.0,0.0
2009-08-17,38.959999084472656,39.0099983215332,38.459999084472656,38.47999954223633,33.24009704589844,131797200,0.0,0.0,0.0
2009-08-18,38.720001220703125,39.11000061035156,38.61000061035156,39.029998779296875,33.71519088745117,84496200,0.0,0.0,0.0
2009-08-19,38.56999969482422,39.400001525878906,38.540000915527344,39.29999923706055,33.94843673706055,88036300,0.0,0.0,0.0
2009-08-20,39.279998779296875,39.84000015258789,39.20000076293945,39.7599983215332,34.345794677734375,81473500,0.0,0.0,0.0
2009-08-21,39.9900016784668,40.36000061035156,39.7400016784668,40.290000915527344,34.80363082885742,114660200,0.0,0.0,0.0
2009-08-24,40.36000061035156,40.56999969482422,40.099998474121094,40.25,34.769065856933594,109904900,0.0,0.0,0.0
2009-08-25,40.34000015258789,40.7599983215332,40.25,40.369998931884766,34.87271499633789,92900400,0.0,0.0,0.0
2009-08-26,40.279998779296875,40.599998474121094,40.08000183105469,40.29999923706055,34.812259674072266,96407500,0.0,0.0,0.0
2009-08-27,40.290000915527344,40.470001220703125,39.66999816894531,40.400001525878906,34.898651123046875,121957800,0.0,0.0,0.0
2009-08-28,40.900001525878906,41.08000183105469,40.15999984741211,40.439998626708984,34.93320083618164,114300900,0.0,0.0,0.0
2009-08-31,40.13999938964844,40.20000076293945,39.790000915527344,40.029998779296875,34.57903289794922,96415300,0.0,0.0,0.0
2009-09-01,39.88999938964844,40.59000015258789,39.15999984741211,39.279998779296875,33.93115234375,162958900,0.0,0.0,0.0
2009-09-02,39.06999969482422,39.470001220703125,39.040000915527344,39.25,33.90523910522461,92757200,0.0,0.0,0.0
2009-09-03,39.439998626708984,39.56999969482422,39.02000045776367,39.5099983215332,34.12983322143555,76783100,0.0,0.0,0.0
2009-09-04,39.58000183105469,40.380001068115234,39.52000045776367,40.36000061035156,34.86409378051758,74866600,0.0,0.0,0.0
2009-09-08,40.68000030517578,40.779998779296875,40.459999084472656,40.7400016784668,35.19236373901367,71024400,0.0,0.0,0.0
2009-09-09,40.77000045776367,41.290000915527344,40.59000015258789,41.09000015258789,35.49467849731445,99280800,0.0,0.0,0.0
2009-09-10,41.11000061035156,41.529998779296875,41.0,41.47999954223633,35.83156967163086,99289100,0.0,0.0,0.0
2009-09-11,41.5099983215332,41.619998931884766,41.220001220703125,41.52000045776367,35.866146087646484,93868400,0.0,0.0,0.0
2009-09-14,41.25,41.709999084472656,41.209999084472656,41.68000030517578,36.00434875488281,90435600,0.0,0.0,0.0
2009-09-15,41.650001525878906,41.95000076293945,41.56999969482422,41.810001373291016,36.11664581298828,91594600,0.0,0.0,0.0
2009-09-16,42.0,42.47999954223633,41.84000015258789,42.41999816894531,36.64357376098633,96888500,0.0,0.0,0.0
2009-09-17,42.310001373291016,42.65999984741211,42.209999084472656,42.40999984741211,36.634952545166016,102169600,0.0,0.0,0.0
2009-09-18,42.540000915527344,42.619998931884766,42.209999084472656,42.439998626708984,36.696327209472656,87444200,0.041,0.0,0.0
2009-09-21,42.20000076293945,42.70000076293945,42.15999984741211,42.56999969482422,36.80873107910156,71351400,0.0,0.0,0.0
2009-09-22,42.810001373291016,42.83000183105469,42.439998626708984,42.650001525878906,36.87791061401367,75638400,0.0,0.0,0.0
2009-09-23,42.83000183105469,43.16999816894531,42.380001068115234,42.45000076293945,36.70497131347656,143924100,0.0,0.0,0.0
2009-09-24,42.619998931884766,42.689998626708984,41.77000045776367,42.06999969482422,36.376407623291016,111016400,0.0,0.0,0.0
2009-09-25,41.7599983215332,42.09000015258789,41.58000183105469,41.70000076293945,36.056480407714844,109216000,0.0,0.0,0.0
2009-09-28,41.93000030517578,42.65999984741211,41.88999938964844,42.40999984741211,36.67041015625,84478500,0.0,0.0,0.0
2009-09-29,42.40999984741211,42.619998931884766,42.029998779296875,42.220001220703125,36.506107330322266,106686400,0.0,0.0,0.0
2009-09-30,42.38999938964844,42.599998474121094,41.599998474121094,42.25,36.53203582763672,173102700,0.0,0.0,0.0
2009-10-01,42.099998474121094,42.130001068115234,41.0,41.0,35.451210021972656,140119100,0.0,0.0,0.0
2009-10-02,40.720001220703125,41.25,40.720001220703125,40.880001068115234,35.347469329833984,145286400,0.0,0.0,0.0
2009-10-05,41.09000015258789,41.400001525878906,40.83000183105469,41.209999084472656,35.6328010559082,97054200,0.0,0.0,0.0
2009-10-06,41.439998626708984,42.13999938964844,41.41999816894531,41.939998626708984,36.26399230957031,124628000,0.0,0.0,0.0
2009-10-07,41.88999938964844,42.08000183105469,41.77000045776367,42.060001373291016,36.36774826049805,93787600,0.0,0.0,0.0
2009-10-08,42.310001373291016,42.619998931884766,42.13999938964844,42.2400016784668,36.52338790893555,107850400,0.0,0.0,0.0
2009-10-09,42.150001525878906,42.54999923706055,42.060001373291016,42.47999954223633,36.73091506958008,62828000,0.0,0.0,0.0
2009-10-12,42.650001525878906,42.869998931884766,42.279998779296875,42.56999969482422,36.80873107910156,53221900,0.0,0.0,0.0
2009-10-13,42.529998779296875,42.75,42.369998931884766,42.58000183105469,36.81740188598633,70939300,0.0,0.0,0.0
2009-10-14,43.11000061035156,43.209999084472656,42.849998474121094,43.15999984741211,37.31888961791992,91004900,0.0,0.0,0.0
2009-10-15,42.93000030517578,43.119998931884766,42.869998931884766,43.060001373291016,37.23240661621094,85772800,0.0,0.0,0.0
2009-10-16,42.900001525878906,42.9900016784668,42.47999954223633,42.779998779296875,36.99032211303711,111859300,0.0,0.0,0.0
2009-10-19,42.810001373291016,43.27000045776367,42.59000015258789,43.209999084472656,37.36210632324219,83512000,0.0,0.0,0.0
2009-10-20,43.459999084472656,43.459999084472656,42.939998626708984,43.220001220703125,37.370758056640625,89847900,0.0,0.0,0.0
2009-10-21,43.209999084472656,43.81999969482422,43.060001373291016,43.13999938964844,37.301597595214844,110397400,0.0,0.0,0.0
2009-10-22,43.060001373291016,43.4900016784668,42.790000915527344,43.310001373291016,37.44859313964844,85871800,0.0,0.0,0.0
2009-10-23,43.72999954223633,43.72999954223633,43.02000045776367,43.130001068115234,37.29293441772461,117020400,0.0,0.0,0.0
2009-10-26,43.20000076293945,43.7599983215332,42.790000915527344,42.9900016784668,37.171897888183594,107068600,0.0,0.0,0.0
2009-10-27,42.93000030517578,43.11000061035156,42.18000030517578,42.34000015258789,36.609859466552734,121438200,0.0,0.0,0.0
2009-10-28,42.189998626708984,42.31999969482422,41.29999923706055,41.38999938964844,35.78841781616211,143553600,0.0,0.0,0.0
2009-10-29,41.630001068115234,42.189998626708984,41.540000915527344,42.09000015258789,36.39370346069336,85207600,0.0,0.0,0.0
2009-10-30,42.060001373291016,42.150001525878906,40.91999816894531,40.959999084472656,35.4166259765625,162796500,0.0,0.0,0.0
2009-11-02,41.0,41.56999969482422,40.63999938964844,41.130001068115234,35.56361770629883,142456600,0.0,0.0,0.0
2009-11-03,40.90999984741211,41.31999969482422,40.84000015258789,41.2599983215332,35.67601013183594,95107000,0.0,0.0,0.0
2009-11-04,41.529998779296875,41.869998931884766,41.279998779296875,41.33000183105469,35.73655319213867,107970600,0.0,0.0,0.0
2009-11-05,41.810001373291016,42.400001525878906,41.779998779296875,42.349998474121094,36.618507385253906,135204800,0.0,0.0,0.0
2009-11-06,42.119998931884766,42.650001525878906,42.08000183105469,42.599998474121094,36.83466720581055,96312300,0.0,0.0,0.0
2009-11-09,42.93000030517578,43.52000045776367,42.880001068115234,43.5099983215332,37.62150955200195,101620800,0.0,0.0,0.0
2009-11-10,43.459999084472656,43.77000045776367,43.400001525878906,43.619998931884766,37.71662521362305,72846500,0.0,0.0,0.0
2009-11-11,43.95000076293945,44.13999938964844,43.61000061035156,43.900001525878906,37.958740234375,84676200,0.0,0.0,0.0
2009-11-12,43.93000030517578,44.15999984741211,43.54999923706055,43.650001525878906,37.74258041381836,92426100,0.0,0.0,0.0
2009-11-13,43.779998779296875,44.13999938964844,43.630001068115234,44.0099983215332,38.05385208129883,87959500,0.0,0.0,0.0
2009-11-16,44.20000076293945,44.650001525878906,44.119998931884766,44.459999084472656,38.44294738769531,87776100,0.0,0.0,0.0
2009-11-17,44.34000015258789,44.599998474121094,44.25,44.599998474121094,38.56400680541992,81884000,0.0,0.0,0.0
2009-11-18,44.459999084472656,44.4900016784668,44.04999923706055,44.349998474121094,38.34782409667969,100240800,0.0,0.0,0.0
2009-11-19,44.04999923706055,44.08000183105469,43.349998474121094,43.65999984741211,37.75121307373047,114558000,0.0,0.0,0.0
2009-11-20,43.43000030517578,43.54999923706055,43.279998779296875,43.439998626708984,37.560997009277344,70912100,0.0,0.0,0.0
2009-11-23,43.88999938964844,44.400001525878906,43.86000061035156,44.13999938964844,38.1662483215332,91621500,0.0,0.0,0.0
2009-11-24,44.119998931884766,44.150001525878906,43.72999954223633,43.9900016784668,38.036563873291016,60670000,0.0,0.0,0.0
2009-11-25,44.13999938964844,44.220001220703125,44.0099983215332,44.18000030517578,38.20085906982422,37630100,0.0,0.0,0.0
2009-11-27,42.970001220703125,43.83000183105469,42.900001525878906,43.5099983215332,37.62150955200195,61230000,0.0,0.0,0.0
2009-11-30,43.40999984741211,43.619998931884766,43.11000061035156,43.560001373291016,37.66473388671875,84819400,0.0,0.0,0.0
2009-12-01,43.88999938964844,44.29999923706055,43.880001068115234,44.0099983215332,38.05385208129883,81817800,0.0,0.0,0.0
2009-12-02,44.15999984741211,44.4900016784668,43.97999954223633,44.06999969482422,38.10572814941406,81653600,0.0,0.0,0.0
2009-12-03,44.22999954223633,44.5,43.880001068115234,43.88999938964844,37.9500846862793,72460400,0.0,0.0,0.0
2009-12-04,44.45000076293945,44.72999954223633,43.65999984741211,44.119998931884766,38.148956298828125,125062600,0.0,0.0,0.0
2009-12-07,44.09000015258789,44.290000915527344,43.81999969482422,43.90999984741211,37.967369079589844,67471900,0.0,0.0,0.0
2009-12-08,43.65999984741211,44.0,43.36000061035156,43.63999938964844,37.73393630981445,86621400,0.0,0.0,0.0
2009-12-09,43.599998474121094,44.119998931884766,43.31999969482422,44.08000183105469,38.1143913269043,78820500,0.0,0.0,0.0
2009-12-10,44.27000045776367,44.540000915527344,44.2400016784668,44.29999923706055,38.304595947265625,76722400,0.0,0.0,0.0
2009-12-11,44.540000915527344,44.59000015258789,43.95000076293945,44.130001068115234,38.1576042175293,66643700,0.0,0.0,0.0
2009-12-14,44.43000030517578,44.599998474121094,44.189998626708984,44.54999923706055,38.52075958251953,47965500,0.0,0.0,0.0
2009-12-15,44.40999984741211,44.66999816894531,44.16999816894531,44.29999923706055,38.304595947265625,61171100,0.0,0.0,0.0
2009-12-16,44.470001220703125,44.70000076293945,44.290000915527344,44.36000061035156,38.35649871826172,61629700,0.0,0.0,0.0
2009-12-17,44.15999984741211,44.209999084472656,43.7599983215332,43.81999969482422,37.889549255371094,90440900,0.0,0.0,0.0
2009-12-18,44.15999984741211,44.47999954223633,44.0,44.459999084472656,38.5070915222168,96442600,0.073,0.0,0.0
2009-12-21,44.689998626708984,45.130001068115234,44.66999816894531,44.959999084472656,38.940155029296875,82357400,0.0,0.0,0.0
2009-12-22,45.11000061035156,45.290000915527344,45.029998779296875,45.22999954223633,39.17399597167969,51569100,0.0,0.0,0.0
2009-12-23,45.31999969482422,45.56999969482422,45.209999084472656,45.560001373291016,39.45981979370117,73932200,0.0,0.0,0.0
2009-12-24,45.61000061035156,45.97999954223633,45.599998474121094,45.97999954223633,39.823585510253906,31770400,0.0,0.0,0.0
2009-12-28,46.09000015258789,46.29999923706055,45.939998626708984,46.220001220703125,40.03144454956055,49381400,0.0,0.0,0.0
2009-12-29,46.22999954223633,46.25,45.9900016784668,46.029998779296875,39.86690902709961,32410200,0.0,0.0,0.0
2009-12-30,45.97999954223633,46.2599983215332,45.959999084472656,46.16999816894531,39.988128662109375,57612700,0.0,0.0,0.0
2009-12-31,46.2599983215332,46.279998779296875,45.75,45.75,39.624385833740234,50079200,0.0,0.0,0.0
2010-01-04,46.33000183105469,46.4900016784668,46.27000045776367,46.41999816894531,40.20465087890625,62822800,0.0,0.0,0.0
2010-01-05,46.38999938964844,46.5,46.15999984741211,46.41999816894531,40.20465087890625,62935600,0.0,0.0,0.0
2010-01-06,46.400001525878906,46.54999923706055,46.06999969482422,46.13999938964844,39.962158203125,96033000,0.0,0.0,0.0
2010-01-07,46.209999084472656,46.27000045776367,45.91999816894531,46.16999816894531,39.988128662109375,77094100,0.0,0.0,0.0
2010-01-08,46.06999969482422,46.54999923706055,45.93000030517578,46.54999923706055,40.3172607421875,88886600,0.0,0.0,0.0
2010-01-11,46.61000061035156,46.63999938964844,46.119998931884766,46.36000061035156,40.152706146240234,104673400,0.0,0.0,0.0
2010-01-12,46.08000183105469,46.13999938964844,45.529998779296875,45.779998779296875,39.65035629272461,90673900,0.0,0.0,0.0
2010-01-13,45.91999816894531,46.4900016784668,45.61000061035156,46.349998474121094,40.14403533935547,100661000,0.0,0.0,0.0
2010-01-14,46.2599983215332,46.52000045776367,46.220001220703125,46.38999938964844,40.17868423461914,75209000,0.0,0.0,0.0
2010-01-15,46.470001220703125,46.54999923706055,45.650001525878906,45.849998474121094,39.71099853515625,126849300,0.0,0.0,0.0
2010-01-19,45.959999084472656,46.63999938964844,45.95000076293945,46.59000015258789,40.35189437866211,84388200,0.0,0.0,0.0
2010-01-20,46.2599983215332,46.599998474121094,45.43000030517578,45.91999816894531,39.77162170410156,145680000,0.0,0.0,0.0
2010-01-21,46.04999923706055,46.349998474121094,45.29999923706055,45.4900016784668,39.39918518066406,204939600,0.0,0.0,0.0
2010-01-22,45.34000015258789,45.47999954223633,44.040000915527344,44.15999984741211,38.24725341796875,171098700,0.0,0.0,0.0
2010-01-25,44.43000030517578,44.599998474121094,44.119998931884766,44.310001373291016,38.377197265625,154218700,0.0,0.0,0.0
2010-01-26,44.2599983215332,44.88999938964844,44.04999923706055,44.349998474121094,38.411842346191406,140816500,0.0,0.0,0.0
2010-01-27,44.27000045776367,44.849998474121094,44.0099983215332,44.70000076293945,38.7149543762207,161632700,0.0,0.0,0.0
2010-01-28,44.400001525878906,44.43000030517578,43.31999969482422,43.54999923706055,37.71894454956055,221439800,0.0,0.0,0.0
2010-01-29,43.90999984741211,44.02000045776367,42.630001068115234,42.790000915527344,37.060707092285156,212099600,0.0,0.0,0.0
2010-02-01,42.900001525878906,43.279998779296875,42.880001068115234,43.2599983215332,37.4677734375,136827100,0.0,0.0,0.0
2010-02-02,43.33000183105469,43.779998779296875,43.029998779296875,43.650001525878906,37.80554962158203,110727700,0.0,0.0,0.0
2010-02-03,43.439998626708984,43.970001220703125,43.41999816894531,43.88999938964844,38.0134162902832,93581600,0.0,0.0,0.0
2010-02-04,43.56999969482422,43.65999984741211,42.619998931884766,42.619998931884766,36.9134521484375,151652500,0.0,0.0,0.0
2010-02-05,42.72999954223633,43.02000045776367,42.119998931884766,42.97999954223633,37.225257873535156,213618600,0.0,0.0,0.0
2010-02-08,42.90999984741211,43.18000030517578,42.63999938964844,42.66999816894531,36.9567756652832,94354400,0.0,0.0,0.0
2010-02-09,43.18000030517578,43.5099983215332,42.7599983215332,43.11000061035156,37.33784866333008,118956000,0.0,0.0,0.0
2010-02-10,43.11000061035156,43.310001373291016,42.75,43.02000045776367,37.259918212890625,94102900,0.0,0.0,0.0
2010-02-11,43.029998779296875,43.790000915527344,42.7599983215332,43.66999816894531,37.8228874206543,93050800,0.0,0.0,0.0
2010-02-12,43.279998779296875,43.880001068115234,43.15999984741211,43.7599983215332,37.90082550048828,93938500,0.0,0.0,0.0
2010-02-16,44.08000183105469,44.349998474121094,43.849998474121094,44.31999969482422,38.38584518432617,83861400,0.0,0.0,0.0
2010-02-17,44.52000045776367,44.56999969482422,44.2599983215332,44.56999969482422,38.60235595703125,82691700,0.0,0.0,0.0
2010-02-18,44.540000915527344,44.93000030517578,44.45000076293945,44.849998474121094,38.84487533569336,65752600,0.0,0.0,0.0
2010-02-19,44.72999954223633,45.04999923706055,44.619998931884766,44.83000183105469,38.82757568359375,80416500,0.0,0.0,0.0
2010-02-22,45.0099983215332,45.029998779296875,44.560001373291016,44.7400016784668,38.7496223449707,72055000,0.0,0.0,0.0
2010-02-23,44.709999084472656,44.7400016784668,43.95000076293945,44.15999984741211,38.24725341796875,95814400,0.0,0.0,0.0
2010-02-24,44.38999938964844,44.790000915527344,44.31999969482422,44.61000061035156,38.637020111083984,86591000,0.0,0.0,0.0
2010-02-25,44.13999938964844,44.70000076293945,43.83000183105469,44.599998474121094,38.628360748291016,97961300,0.0,0.0,0.0
2010-02-26,44.59000015258789,44.86000061035156,44.400001525878906,44.7599983215332,38.76692581176758,66222400,0.0,0.0,0.0
2010-03-01,44.959999084472656,45.4900016784668,44.95000076293945,45.40999984741211,39.32989501953125,77290100,0.0,0.0,0.0
2010-03-02,45.56999969482422,45.849998474121094,45.45000076293945,45.54999923706055,39.45114517211914,76368500,0.0,0.0,0.0
2010-03-03,45.65999984741211,45.81999969482422,45.43000030517578,45.599998474121094,39.494468688964844,65735500,0.0,0.0,0.0
2010-03-04,45.630001068115234,45.810001373291016,45.400001525878906,45.75,39.624385833740234,54470900,0.0,0.0,0.0
2010-03-05,46.09000015258789,46.540000915527344,45.9900016784668,46.439998626708984,40.22197723388672,68136300,0.0,0.0,0.0
2010-03-08,46.459999084472656,46.63999938964844,46.439998626708984,46.529998779296875,40.29994201660156,58712400,0.0,0.0,0.0
2010-03-09,46.43000030517578,47.04999923706055,46.400001525878906,46.790000915527344,40.52513122558594,98002800,0.0,0.0,0.0
2010-03-10,46.81999969482422,47.279998779296875,46.79999923706055,47.16999816894531,40.854251861572266,102578900,0.0,0.0,0.0
2010-03-11,47.060001373291016,47.349998474121094,46.97999954223633,47.349998474121094,41.010154724121094,67510300,0.0,0.0,0.0
2010-03-12,47.5,47.529998779296875,47.099998474121094,47.36000061035156,41.01881790161133,64068300,0.0,0.0,0.0
2010-03-15,47.2599983215332,47.380001068115234,46.90999984741211,47.2400016784668,40.914886474609375,60150500,0.0,0.0,0.0
2010-03-16,47.38999938964844,47.61000061035156,47.22999954223633,47.540000915527344,41.17470932006836,74950600,0.0,0.0,0.0
2010-03-17,47.61000061035156,47.900001525878906,47.529998779296875,47.66999816894531,41.28727722167969,75643500,0.0,0.0,0.0
2010-03-18,47.709999084472656,47.880001068115234,47.599998474121094,47.83000183105469,41.425872802734375,77829400,0.0,0.0,0.0
2010-03-19,47.91999816894531,47.95000076293945,47.31999969482422,47.4900016784668,41.175315856933594,86337100,0.051,0.0,0.0
2010-03-22,47.29999923706055,48.11000061035156,47.25,47.91999816894531,41.54811096191406,71902800,0.0,0.0,0.0
2010-03-23,47.9900016784668,48.29999923706055,47.77000045776367,48.25,41.83424377441406,59182600,0.0,0.0,0.0
2010-03-24,48.16999816894531,48.16999816894531,47.90999984741211,48.02000045776367,41.63481903076172,62995700,0.0,0.0,0.0
2010-03-25,48.41999816894531,48.599998474121094,47.900001525878906,47.95000076293945,41.57415008544922,76294800,0.0,0.0,0.0
2010-03-26,48.150001525878906,48.33000183105469,47.7400016784668,48.0,41.617496490478516,78067900,0.0,0.0,0.0
2010-03-29,48.2400016784668,48.400001525878906,48.099998474121094,48.22999954223633,41.81690979003906,57993300,0.0,0.0,0.0
2010-03-30,48.380001068115234,48.54999923706055,48.060001373291016,48.38999938964844,41.95561981201172,49437300,0.0,0.0,0.0
2010-03-31,48.2400016784668,48.45000076293945,48.06999969482422,48.15999984741211,41.756221771240234,59947400,0.0,0.0,0.0
2010-04-01,48.36000061035156,48.70000076293945,47.790000915527344,48.15999984741211,41.756221771240234,83728600,0.0,0.0,0.0
2010-04-05,48.27000045776367,48.720001220703125,48.13999938964844,48.61000061035156,42.14637756347656,56220300,0.0,0.0,0.0
2010-04-06,48.5,48.900001525878906,48.38999938964844,48.75,42.267757415771484,54097100,0.0,0.0,0.0
2010-04-07,48.68000030517578,48.869998931884766,48.369998931884766,48.630001068115234,42.16372299194336,77211500,0.0,0.0,0.0
2010-04-08,48.4900016784668,48.81999969482422,48.2400016784668,48.7400016784668,42.25911331176758,68314300,0.0,0.0,0.0
2010-04-09,48.75,49.04999923706055,48.630001068115234,49.029998779296875,42.510528564453125,54227300,0.0,0.0,0.0
2010-04-12,49.04999923706055,49.20000076293945,48.939998626708984,49.06999969482422,42.54521179199219,44280600,0.0,0.0,0.0
2010-04-13,49.02000045776367,49.349998474121094,48.86000061035156,49.31999969482422,42.761966705322266,59376000,0.0,0.0,0.0
2010-04-14,49.58000183105469,49.91999816894531,49.5,49.90999984741211,43.27351379394531,69004800,0.0,0.0,0.0
2010-04-15,49.869998931884766,50.189998626708984,49.869998931884766,50.130001068115234,43.46427536010742,72254200,0.0,0.0,0.0
2010-04-16,49.95000076293945,50.119998931884766,49.20000076293945,49.529998779296875,42.944053649902344,127388000,0.0,0.0,0.0
2010-04-19,49.349998474121094,49.65999984741211,48.900001525878906,49.5,42.91804504394531,98251700,0.0,0.0,0.0
2010-04-20,49.77000045776367,49.880001068115234,49.43000030517578,49.75,43.13480758666992,69543700,0.0,0.0,0.0
2010-04-21,50.09000015258789,50.189998626708984,49.720001220703125,50.029998779296875,43.37757873535156,74748700,0.0,0.0,0.0
2010-04-22,49.54999923706055,50.36000061035156,49.2599983215332,50.310001373291016,43.62033462524414,110477200,0.0,0.0,0.0
2010-04-23,50.29999923706055,50.56999969482422,50.09000015258789,50.52000045776367,43.80241394042969,77205200,0.0,0.0,0.0
2010-04-26,50.56999969482422,50.650001525878906,50.29999923706055,50.40999984741211,43.70702362060547,67361000,0.0,0.0,0.0
2010-04-27,50.209999084472656,50.43000030517578,49.209999084472656,49.34000015258789,42.779296875,112608000,0.0,0.0,0.0
2010-04-28,49.599998474121094,49.630001068115234,48.97999954223633,49.369998931884766,42.805328369140625,130082100,0.0,0.0,0.0
2010-04-29,49.650001525878906,50.33000183105469,49.61000061035156,50.22999954223633,43.55098342895508,84180200,0.0,0.0,0.0
2010-04-30,50.209999084472656,50.290000915527344,49.20000076293945,49.2400016784668,42.692596435546875,110897000,0.0,0.0,0.0
2010-05-03,49.45000076293945,50.16999816894531,49.43000030517578,49.93000030517578,43.29087829589844,74169700,0.0,0.0,0.0
2010-05-04,49.31999969482422,49.31999969482422,48.08000183105469,48.43000030517578,41.990325927734375,141136500,0.0,0.0,0.0
2010-05-05,47.91999816894531,48.5,47.63999938964844,48.18000030517578,41.7735595703125,128560200,0.0,0.0,0.0
2010-05-06,47.849998474121094,48.31999969482422,42.63999938964844,46.56999969482422,40.37763595581055,274356800,0.0,0.0,0.0
2010-05-07,46.220001220703125,46.79999923706055,44.279998779296875,45.40999984741211,39.37188720703125,288200400,0.0,0.0,0.0
2010-05-10,47.43000030517578,47.79999923706055,47.310001373291016,47.77000045776367,41.41807556152344,136041600,0.0,0.0,0.0
2010-05-11,47.290000915527344,48.38999938964844,47.20000076293945,47.720001220703125,41.37472915649414,113016100,0.0,0.0,0.0
2010-05-12,47.97999954223633,48.65999984741211,47.900001525878906,48.619998931884766,42.15504837036133,85462400,0.0,0.0,0.0
2010-05-13,48.40999984741211,48.790000915527344,47.72999954223633,47.849998474121094,41.48744201660156,102844300,0.0,0.0,0.0
2010-05-14,47.4900016784668,47.52000045776367,46.380001068115234,46.93000030517578,40.68976974487305,147386100,0.0,0.0,0.0
2010-05-17,47.02000045776367,47.27000045776367,46.06999969482422,47.08000183105469,40.81981658935547,120969600,0.0,0.0,0.0
2010-05-18,47.47999954223633,47.58000183105469,46.220001220703125,46.43000030517578,40.256256103515625,153072100,0.0,0.0,0.0
2010-05-19,46.2599983215332,46.630001068115234,45.54999923706055,46.060001373291016,39.93545150756836,159000300,0.0,0.0,0.0
2010-05-20,45.15999984741211,45.279998779296875,44.25,44.349998474121094,38.45283126831055,189289800,0.0,0.0,0.0
2010-05-21,43.65999984741211,45.63999938964844,43.4900016784668,44.84000015258789,38.8776741027832,190631100,0.0,0.0,0.0
2010-05-24,44.81999969482422,45.33000183105469,44.63999938964844,44.65999984741211,38.721595764160156,113038000,0.0,0.0,0.0
2010-05-25,43.68000030517578,44.7599983215332,43.22999954223633,44.70000076293945,38.75628662109375,155643000,0.0,0.0,0.0
2010-05-26,45.0099983215332,45.56999969482422,44.119998931884766,44.20000076293945,38.32276153564453,140203200,0.0,0.0,0.0
2010-05-27,45.20000076293945,45.88999938964844,45.09000015258789,45.869998931884766,39.77070999145508,110671600,0.0,0.0,0.0
2010-05-28,45.95000076293945,45.9900016784668,45.20000076293945,45.599998474121094,39.53661346435547,128535300,0.0,0.0,0.0
2010-06-01,45.43000030517578,46.25,45.130001068115234,45.18000030517578,39.1724739074707,104242700,0.0,0.0,0.0
2010-06-02,45.439998626708984,46.279998779296875,45.130001068115234,46.25,40.100196838378906,97249300,0.0,0.0,0.0
2010-06-03,46.380001068115234,46.77000045776367,46.08000183105469,46.689998626708984,40.481689453125,98928400,0.0,0.0,0.0
2010-06-04,45.70000076293945,46.290000915527344,44.939998626708984,45.09000015258789,39.09443283081055,112849900,0.0,0.0,0.0
2010-06-07,45.31999969482422,45.459999084472656,44.220001220703125,44.27000045776367,38.38344955444336,88436600,0.0,0.0,0.0
2010-06-08,44.349998474121094,44.47999954223633,43.59000015258789,44.189998626708984,38.314083099365234,133030100,0.0,0.0,0.0
2010-06-09,44.5,44.90999984741211,43.689998626708984,43.81999969482422,37.99330520629883,101949200,0.0,0.0,0.0
2010-06-10,44.36000061035156,45.119998931884766,44.2400016784668,45.06999969482422,39.07709884643555,76892300,0.0,0.0,0.0
2010-06-11,44.61000061035156,45.540000915527344,44.61000061035156,45.5,39.44990921020508,74346800,0.0,0.0,0.0
2010-06-14,45.91999816894531,46.2400016784668,45.40999984741211,45.4900016784668,39.441261291503906,68085000,0.0,0.0,0.0
2010-06-15,45.72999954223633,46.77000045776367,45.45000076293945,46.709999084472656,40.4990234375,76332600,0.0,0.0,0.0
2010-06-16,46.58000183105469,47.13999938964844,46.5,46.900001525878906,40.66374588012695,78399700,0.0,0.0,0.0
2010-06-17,47.15999984741211,47.18000030517578,46.63999938964844,47.04999923706055,40.79380416870117,77111900,0.0,0.0,0.0
2010-06-18,47.04999923706055,47.34000015258789,46.86000061035156,47.0,40.82767868041992,75921400,0.089,0.0,0.0
2010-06-21,47.599998474121094,47.68000030517578,46.33000183105469,46.599998474121094,40.4802131652832,95488100,0.0,0.0,0.0
2010-06-22,46.79999923706055,47.13999938964844,46.150001525878906,46.2400016784668,40.16750717163086,94493400,0.0,0.0,0.0
2010-06-23,46.290000915527344,46.470001220703125,45.689998626708984,46.04999923706055,40.00244903564453,92397600,0.0,0.0,0.0
2010-06-24,45.849998474121094,45.9900016784668,45.20000076293945,45.349998474121094,39.39436340332031,114145900,0.0,0.0,0.0
2010-06-25,45.5099983215332,45.65999984741211,44.95000076293945,45.27000045776367,39.402217864990234,88740300,0.089,0.0,0.0
2010-06-28,45.27000045776367,45.54999923706055,44.810001373291016,45.11000061035156,39.262935638427734,71350000,0.0,0.0,0.0
2010-06-29,44.41999816894531,44.459999084472656,43.06999969482422,43.369998931884766,37.74848175048828,136384200,0.0,0.0,0.0
2010-06-30,43.22999954223633,43.66999816894531,42.63999938964844,42.709999084472656,37.17401885986328,101313200,0.0,0.0,0.0
2010-07-01,42.84000015258789,42.959999084472656,41.77000045776367,42.59000015258789,37.0695915222168,158695000,0.0,0.0,0.0
2010-07-02,42.65999984741211,42.81999969482422,42.09000015258789,42.470001220703125,36.96512222290039,78565300,0.0,0.0,0.0
2010-07-06,43.099998474121094,43.369998931884766,42.25,42.599998474121094,37.07828903198242,88591900,0.0,0.0,0.0
2010-07-07,42.7400016784668,44.0099983215332,42.70000076293945,43.959999084472656,38.26200866699219,72448400,0.0,0.0,0.0
2010-07-08,44.310001373291016,44.380001068115234,43.68000030517578,44.20000076293945,38.47089767456055,78264600,0.0,0.0,0.0
2010-07-09,44.18000030517578,44.630001068115234,44.08000183105469,44.619998931884766,38.83645248413086,47851200,0.0,0.0,0.0
2010-07-12,44.58000183105469,45.029998779296875,44.459999084472656,44.75,38.94960403442383,60927500,0.0,0.0,0.0
2010-07-13,45.13999938964844,45.5,44.79999923706055,45.33000183105469,39.45445251464844,93310500,0.0,0.0,0.0
2010-07-14,45.41999816894531,45.810001373291016,45.2400016784668,45.560001373291016,39.65460968017578,87687100,0.0,0.0,0.0
2010-07-15,45.470001220703125,45.7400016784668,44.9900016784668,45.599998474121094,39.6894416809082,95992500,0.0,0.0,0.0
2010-07-16,45.439998626708984,45.630001068115234,44.29999923706055,44.34000015258789,38.592769622802734,98831900,0.0,0.0,0.0
2010-07-19,44.470001220703125,44.810001373291016,44.099998474121094,44.720001220703125,38.92350769042969,81800800,0.0,0.0,0.0
2010-07-20,44.0,45.2599983215332,43.86000061035156,45.2599983215332,39.39350891113281,89061200,0.0,0.0,0.0
2010-07-21,45.7400016784668,45.7599983215332,44.560001373291016,44.63999938964844,38.8538818359375,83577000,0.0,0.0,0.0
2010-07-22,45.27000045776367,45.97999954223633,45.2400016784668,45.77000045776367,39.83740997314453,82890300,0.0,0.0,0.0
2010-07-23,45.459999084472656,46.099998474121094,45.380001068115234,46.060001373291016,40.08980941772461,81056100,0.0,0.0,0.0
2010-07-26,46.119998931884766,46.459999084472656,45.90999984741211,46.439998626708984,40.420555114746094,64850900,0.0,0.0,0.0
2010-07-27,46.63999938964844,46.720001220703125,46.209999084472656,46.41999816894531,40.40312957763672,67655600,0.0,0.0,0.0
2010-07-28,46.369998931884766,46.58000183105469,45.880001068115234,46.04999923706055,40.081111907958984,51988200,0.0,0.0,0.0
2010-07-29,46.31999969482422,46.40999984741211,45.25,45.709999084472656,39.78517532348633,85669500,0.0,0.0,0.0
2010-07-30,45.33000183105469,46.09000015258789,45.06999969482422,45.810001373291016,39.87223434448242,98958100,0.0,0.0,0.0
2010-08-02,46.38999938964844,46.790000915527344,46.209999084472656,46.66999816894531,40.62073516845703,68706800,0.0,0.0,0.0
2010-08-03,46.63999938964844,46.70000076293945,46.25,46.470001220703125,40.446678161621094,60856600,0.0,0.0,0.0
2010-08-04,46.68000030517578,46.9900016784668,46.5,46.939998626708984,40.85575866699219,43820600,0.0,0.0,0.0
2010-08-05,46.709999084472656,46.91999816894531,46.52000045776367,46.83000183105469,40.760013580322266,39150200,0.0,0.0,0.0
2010-08-06,46.31999969482422,46.849998474121094,46.04999923706055,46.7599983215332,40.69908142089844,71339200,0.0,0.0,0.0
2010-08-09,47.0,47.189998626708984,46.790000915527344,47.08000183105469,40.97760009765625,26927600,0.0,0.0,0.0
2010-08-10,46.70000076293945,46.95000076293945,46.279998779296875,46.66999816894531,40.62073516845703,86694500,0.0,0.0,0.0
2010-08-11,45.900001525878906,45.91999816894531,45.209999084472656,45.400001525878906,39.515377044677734,92219700,0.0,0.0,0.0
2010-08-12,44.529998779296875,45.2400016784668,44.45000076293945,45.040000915527344,39.20203399658203,66000200,0.0,0.0,0.0
2010-08-13,44.869998931884766,45.060001373291016,44.709999084472656,44.720001220703125,38.92350769042969,46387300,0.0,0.0,0.0
2010-08-16,44.5,45.11000061035156,44.29999923706055,44.79999923706055,38.99313735961914,55472900,0.0,0.0,0.0
2010-08-17,45.119998931884766,45.779998779296875,45.029998779296875,45.369998931884766,39.48924255371094,56927100,0.0,0.0,0.0
2010-08-18,45.279998779296875,45.81999969482422,45.11000061035156,45.54999923706055,39.64593505859375,61835400,0.0,0.0,0.0
2010-08-19,45.279998779296875,45.459999084472656,44.560001373291016,44.86000061035156,39.04536056518555,82969500,0.0,0.0,0.0
2010-08-20,44.790000915527344,45.029998779296875,44.540000915527344,44.91999816894531,39.09756088256836,65806700,0.0,0.0,0.0
2010-08-23,45.20000076293945,45.34000015258789,44.459999084472656,44.47999954223633,38.71460723876953,69612200,0.0,0.0,0.0
2010-08-24,43.970001220703125,44.119998931884766,43.470001220703125,43.650001525878906,37.9921989440918,79095800,0.0,0.0,0.0
2010-08-25,43.34000015258789,44.2599983215332,43.27000045776367,44.06999969482422,38.357749938964844,87247900,0.0,0.0,0.0
2010-08-26,44.220001220703125,44.31999969482422,43.5,43.540000915527344,37.896461486816406,91199000,0.0,0.0,0.0
2010-08-27,43.86000061035156,44.15999984741211,42.970001220703125,44.06999969482422,38.357749938964844,109568800,0.0,0.0,0.0
2010-08-30,43.86000061035156,44.25,43.599998474121094,43.61000061035156,37.957374572753906,49373200,0.0,0.0,0.0
2010-08-31,43.380001068115234,43.849998474121094,43.18000030517578,43.459999084472656,37.82682800292969,72066900,0.0,0.0,0.0
2010-09-01,44.099998474121094,44.90999984741211,44.06999969482422,44.7599983215332,38.95832824707031,83523100,0.0,0.0,0.0
2010-09-02,44.84000015258789,45.279998779296875,44.72999954223633,45.2599983215332,39.39350891113281,41816800,0.0,0.0,0.0
2010-09-03,45.7599983215332,46.02000045776367,45.54999923706055,46.0099983215332,40.046287536621094,64041100,0.0,0.0,0.0
2010-09-07,45.81999969482422,46.029998779296875,45.630001068115234,45.70000076293945,39.77648162841797,51195200,0.0,0.0,0.0
2010-09-08,45.83000183105469,46.45000076293945,45.81999969482422,46.25,40.255184173583984,66879800,0.0,0.0,0.0
2010-09-09,46.65999984741211,46.70000076293945,46.31999969482422,46.43000030517578,40.41185760498047,61476400,0.0,0.0,0.0
2010-09-10,46.47999954223633,46.66999816894531,46.25,46.599998474121094,40.559810638427734,66995700,0.0,0.0,0.0
2010-09-13,46.959999084472656,47.369998931884766,46.939998626708984,47.25,41.12557601928711,64523400,0.0,0.0,0.0
2010-09-14,47.189998626708984,47.70000076293945,47.08000183105469,47.45000076293945,41.299644470214844,91405800,0.0,0.0,0.0
2010-09-15,47.33000183105469,47.79999923706055,47.189998626708984,47.75,41.56075668334961,67108200,0.0,0.0,0.0
2010-09-16,47.65999984741211,47.97999954223633,47.540000915527344,47.939998626708984,41.72614288330078,66885800,0.0,0.0,0.0
2010-09-17,48.13999938964844,48.13999938964844,47.75,47.9900016784668,41.867469787597656,76372600,0.112,0.0,0.0
2010-09-20,48.16999816894531,48.93000030517578,48.11000061035156,48.83000183105469,42.600303649902344,84475000,0.0,0.0,0.0
2010-09-21,48.86000061035156,49.16999816894531,48.61000061035156,48.81999969482422,42.591575622558594,82272000,0.0,0.0,0.0
2010-09-22,48.619998931884766,49.02000045776367,48.41999816894531,48.689998626708984,42.47816467285156,88315900,0.0,0.0,0.0
2010-09-23,48.369998931884766,49.15999984741211,48.31999969482422,48.66999816894531,42.460716247558594,85040000,0.0,0.0,0.0
2010-09-24,49.220001220703125,49.689998626708984,49.150001525878906,49.65999984741211,43.32440185546875,79495900,0.0,0.0,0.0
2010-09-27,49.630001068115234,49.75,49.349998474121094,49.38999938964844,43.08884811401367,43859800,0.0,0.0,0.0
2010-09-28,49.5099983215332,49.540000915527344,48.59000015258789,49.369998931884766,43.07139205932617,104922900,0.0,0.0,0.0
2010-09-29,49.29999923706055,49.529998779296875,49.11000061035156,49.290000915527344,43.001609802246094,81679200,0.0,0.0,0.0
2010-09-30,49.540000915527344,49.84000015258789,48.75,49.06999969482422,42.80967330932617,122458600,0.0,0.0,0.0
2010-10-01,49.47999954223633,49.529998779296875,48.779998779296875,49.0099983215332,42.757328033447266,77675400,0.0,0.0,0.0
2010-10-04,48.869998931884766,49.04999923706055,48.20000076293945,48.47999954223633,42.29494857788086,71359900,0.0,0.0,0.0
2010-10-05,49.029998779296875,49.7599983215332,49.0,49.65999984741211,43.32440185546875,99301300,0.0,0.0,0.0
2010-10-06,49.599998474121094,49.709999084472656,48.90999984741211,49.22999954223633,42.949256896972656,81831200,0.0,0.0,0.0
2010-10-07,49.5099983215332,49.540000915527344,49.0,49.40999984741211,43.1063117980957,75693300,0.0,0.0,0.0
2010-10-08,49.43000030517578,49.869998931884766,49.08000183105469,49.75,43.402923583984375,83223900,0.0,0.0,0.0
2010-10-11,49.779998779296875,50.02000045776367,49.619998931884766,49.77000045776367,43.420379638671875,46880000,0.0,0.0,0.0
2010-10-12,49.689998626708984,50.209999084472656,49.2599983215332,50.11000061035156,43.717002868652344,88571700,0.0,0.0,0.0
2010-10-13,50.43000030517578,50.75,50.279998779296875,50.52000045776367,44.07470703125,71122900,0.0,0.0,0.0
2010-10-14,50.54999923706055,50.63999938964844,50.16999816894531,50.41999816894531,43.9874382019043,68464000,0.0,0.0,0.0
2010-10-15,51.040000915527344,51.5,50.630001068115234,51.4900016784668,44.92094802856445,104654000,0.0,0.0,0.0
2010-10-18,51.5,51.720001220703125,51.29999923706055,51.29999923706055,44.755165100097656,72399400,0.0,0.0,0.0
2010-10-19,50.81999969482422,51.29999923706055,50.41999816894531,50.81999969482422,44.33642578125,105739800,0.0,0.0,0.0
2010-10-20,50.959999084472656,51.56999969482422,50.869998931884766,51.189998626708984,44.659202575683594,80861400,0.0,0.0,0.0
2010-10-21,51.5099983215332,51.709999084472656,50.790000915527344,51.290000915527344,44.7464599609375,85885400,0.0,0.0,0.0
2010-10-22,51.29999923706055,51.689998626708984,51.209999084472656,51.63999938964844,45.05179977416992,47406900,0.0,0.0,0.0
2010-10-25,51.849998474121094,52.22999954223633,51.849998474121094,51.88999938964844,45.2699089050293,51413900,0.0,0.0,0.0
2010-10-26,51.630001068115234,52.150001525878906,51.41999816894531,52.029998779296875,45.39204406738281,60498300,0.0,0.0,0.0
2010-10-27,51.7599983215332,52.22999954223633,51.65999984741211,52.189998626708984,45.53163146972656,57483400,0.0,0.0,0.0
2010-10-28,52.40999984741211,52.45000076293945,51.84000015258789,52.29999923706055,45.62759017944336,61220000,0.0,0.0,0.0
2010-10-29,52.29999923706055,52.4900016784668,52.16999816894531,52.18000030517578,45.522918701171875,46668700,0.0,0.0,0.0
2010-11-01,52.369998931884766,52.75,51.97999954223633,52.220001220703125,45.55780029296875,60555600,0.0,0.0,0.0
2010-11-02,52.650001525878906,52.93000030517578,52.58000183105469,52.779998779296875,46.04636764526367,48137500,0.0,0.0,0.0
2010-11-03,52.83000183105469,53.040000915527344,52.36000061035156,53.02000045776367,46.2557373046875,126225800,0.0,0.0,0.0
2010-11-04,53.599998474121094,53.86000061035156,53.5,53.66999816894531,46.822811126708984,84201000,0.0,0.0,0.0
2010-11-05,53.70000076293945,53.810001373291016,53.5099983215332,53.66999816894531,46.822811126708984,77937100,0.0,0.0,0.0
2010-11-08,53.58000183105469,53.83000183105469,53.45000076293945,53.7400016784668,46.88387680053711,39623500,0.0,0.0,0.0
2010-11-09,53.95000076293945,54.040000915527344,53.209999084472656,53.45000076293945,46.63087463378906,66828700,0.0,0.0,0.0
2010-11-10,53.52000045776367,53.77000045776367,53.099998474121094,53.720001220703125,46.86643600463867,83553700,0.0,0.0,0.0
2010-11-11,52.90999984741211,53.47999954223633,52.65999984741211,53.380001068115234,46.569820404052734,85163600,0.0,0.0,0.0
2010-11-12,53.099998474121094,53.369998931884766,52.11000061035156,52.5099983215332,45.81079864501953,99164300,0.0,0.0,0.0
2010-11-15,52.779998779296875,52.880001068115234,52.290000915527344,52.310001373291016,45.636329650878906,56723400,0.0,0.0,0.0
2010-11-16,51.939998626708984,52.25,50.849998474121094,51.45000076293945,44.886043548583984,101097000,0.0,0.0,0.0
2010-11-17,51.47999954223633,51.869998931884766,51.349998474121094,51.599998474121094,45.01689910888672,77836200,0.0,0.0,0.0
2010-11-18,52.15999984741211,52.790000915527344,52.130001068115234,52.43000030517578,45.74101638793945,71488300,0.0,0.0,0.0
2010-11-19,52.36000061035156,52.59000015258789,52.13999938964844,52.470001220703125,45.77590560913086,54506100,0.0,0.0,0.0
2010-11-22,52.2599983215332,52.90999984741211,52.16999816894531,52.90999984741211,46.15978240966797,69918900,0.0,0.0,0.0
2010-11-23,52.369998931884766,52.45000076293945,51.77000045776367,52.06999969482422,45.426944732666016,76818300,0.0,0.0,0.0
2010-11-24,52.58000183105469,53.25,52.560001373291016,53.119998931884766,46.34297180175781,53444200,0.0,0.0,0.0
2010-11-26,52.779998779296875,53.130001068115234,52.66999816894531,52.77000045776367,46.037620544433594,23640300,0.0,0.0,0.0
2010-11-29,52.70000076293945,52.900001525878906,52.099998474121094,52.72999954223633,46.00274658203125,89269100,0.0,0.0,0.0
2010-11-30,52.18000030517578,52.7400016784668,51.880001068115234,52.09000015258789,45.444393157958984,118862100,0.0,0.0,0.0
2010-12-01,52.86000061035156,53.459999084472656,52.84000015258789,53.189998626708984,46.40406799316406,81758800,0.0,0.0,0.0
2010-12-02,53.27000045776367,53.810001373291016,53.209999084472656,53.72999954223633,46.87517166137695,56844600,0.0,0.0,0.0
2010-12-03,53.5,53.939998626708984,53.5,53.869998931884766,46.99729919433594,38014200,0.0,0.0,0.0
2010-12-06,53.880001068115234,53.95000076293945,53.68000030517578,53.849998474121094,46.97984313964844,39312000,0.0,0.0,0.0
2010-12-07,54.5,54.52000045776367,53.81999969482422,53.880001068115234,47.00603103637695,59067300,0.0,0.0,0.0
2010-12-08,54.02000045776367,54.150001525878906,53.689998626708984,54.08000183105469,47.180503845214844,48066900,0.0,0.0,0.0
2010-12-09,54.40999984741211,54.439998626708984,53.95000076293945,54.130001068115234,47.22412872314453,51679800,0.0,0.0,0.0
2010-12-10,54.290000915527344,54.54999923706055,54.09000015258789,54.4900016784668,47.538204193115234,44696200,0.0,0.0,0.0
2010-12-13,54.70000076293945,54.7400016784668,54.27000045776367,54.29999923706055,47.372440338134766,53110200,0.0,0.0,0.0
2010-12-14,54.439998626708984,54.619998931884766,54.22999954223633,54.400001525878906,47.459693908691406,69884800,0.0,0.0,0.0
2010-12-15,54.369998931884766,54.70000076293945,54.029998779296875,54.15999984741211,47.25029373168945,76951900,0.0,0.0,0.0
2010-12-16,54.209999084472656,54.65999984741211,54.060001373291016,54.58000183105469,47.61672592163086,65519400,0.0,0.0,0.0
2010-12-17,54.540000915527344,54.68000030517578,54.40999984741211,54.52000045776367,47.658687591552734,36844200,0.108,0.0,0.0
2010-12-20,54.619998931884766,54.7599983215332,54.15999984741211,54.560001373291016,47.69364547729492,48159600,0.0,0.0,0.0
2010-12-21,54.77000045776367,54.88999938964844,54.619998931884766,54.88999938964844,47.98210144042969,35775400,0.0,0.0,0.0
2010-12-22,54.869998931884766,54.959999084472656,54.790000915527344,54.880001068115234,47.97337341308594,35766500,0.0,0.0,0.0
2010-12-23,54.779998779296875,54.869998931884766,54.61000061035156,54.7400016784668,47.850990295410156,21664800,0.0,0.0,0.0
2010-12-27,54.58000183105469,54.86000061035156,54.209999084472656,54.77000045776367,47.87721252441406,29263700,0.0,0.0,0.0
2010-12-28,54.880001068115234,54.91999816894531,54.54999923706055,54.66999816894531,47.78978729248047,24160500,0.0,0.0,0.0
2010-12-29,54.81999969482422,54.900001525878906,54.72999954223633,54.790000915527344,47.89468765258789,24132700,0.0,0.0,0.0
2010-12-30,54.790000915527344,54.79999923706055,54.54999923706055,54.65999984741211,47.781063079833984,27553300,0.0,0.0,0.0
2010-12-31,54.59000015258789,54.619998931884766,54.209999084472656,54.459999084472656,47.60621643066406,38540100,0.0,0.0,0.0
2011-01-03,54.970001220703125,55.689998626708984,54.95000076293945,55.310001373291016,48.34925079345703,90994300,0.0,0.0,0.0
2011-01-04,55.5099983215332,55.54999923706055,54.91999816894531,55.27000045776367,48.31428527832031,43851500,0.0,0.0,0.0
2011-01-05,55.099998474121094,55.7599983215332,55.06999969482422,55.7400016784668,48.725135803222656,43787400,0.0,0.0,0.0
2011-01-06,55.79999923706055,55.959999084472656,55.68000030517578,55.91999816894531,48.882484436035156,46139600,0.0,0.0,0.0
2011-01-07,56.02000045776367,56.04999923706055,55.31999969482422,55.869998931884766,48.838768005371094,72261700,0.0,0.0,0.0
2011-01-10,55.75,56.18000030517578,55.58000183105469,56.08000183105469,49.02235412597656,55551800,0.0,0.0,0.0
2011-01-11,56.310001373291016,56.36000061035156,55.95000076293945,56.15999984741211,49.09228515625,56663800,0.0,0.0,0.0
2011-01-12,56.43000030517578,56.560001373291016,56.20000076293945,56.560001373291016,49.44194412231445,51979300,0.0,0.0,0.0
2011-01-13,56.599998474121094,56.72999954223633,56.40999984741211,56.58000183105469,49.459442138671875,47364500,0.0,0.0,0.0
2011-01-14,56.599998474121094,57.02000045776367,56.459999084472656,57.0,49.82658004760742,43867400,0.0,0.0,0.0
2011-01-18,56.56999969482422,57.22999954223633,56.4900016784668,57.15999984741211,49.966434478759766,65805600,0.0,0.0,0.0
2011-01-19,57.2599983215332,57.2599983215332,56.31999969482422,56.5099983215332,49.39822006225586,67767200,0.0,0.0,0.0
2011-01-20,56.27000045776367,56.349998474121094,55.68000030517578,56.11000061035156,49.048587799072266,92357800,0.0,0.0,0.0
2011-01-21,56.38999938964844,56.4900016784668,55.650001525878906,55.68000030517578,48.67268753051758,59673300,0.0,0.0,0.0
2011-01-24,55.790000915527344,56.459999084472656,55.68000030517578,56.45000076293945,49.34577941894531,64103300,0.0,0.0,0.0
2011-01-25,56.16999816894531,56.54999923706055,56.04999923706055,56.529998779296875,49.41572189331055,55305100,0.0,0.0,0.0
2011-01-26,56.61000061035156,56.97999954223633,56.45000076293945,56.83000183105469,49.677955627441406,60547700,0.0,0.0,0.0
2011-01-27,57.0099983215332,57.349998474121094,56.91999816894531,57.18000030517578,49.98392105102539,53656100,0.0,0.0,0.0
2011-01-28,57.16999816894531,57.220001220703125,55.470001220703125,55.72999954223633,48.716407775878906,123359900,0.0,0.0,0.0
2011-01-31,55.810001373291016,56.15999984741211,55.38999938964844,56.0,48.952423095703125,70571300,0.0,0.0,0.0
2011-02-01,56.41999816894531,57.18000030517578,56.36000061035156,57.04999923706055,49.87028121948242,76952900,0.0,0.0,0.0
2011-02-02,56.93000030517578,57.16999816894531,56.84000015258789,56.959999084472656,49.791595458984375,48661000,0.0,0.0,0.0
2011-02-03,56.849998474121094,57.13999938964844,56.400001525878906,57.060001373291016,49.879024505615234,45341900,0.0,0.0,0.0
2011-02-04,57.04999923706055,57.41999816894531,56.900001525878906,57.380001068115234,50.15874481201172,47647800,0.0,0.0,0.0
2011-02-07,57.4900016784668,57.970001220703125,57.400001525878906,57.650001525878906,50.3947639465332,45627100,0.0,0.0,0.0
2011-02-08,57.66999816894531,58.06999969482422,57.560001373291016,58.029998779296875,50.72693634033203,38099900,0.0,0.0,0.0
2011-02-09,57.939998626708984,58.119998931884766,57.75,57.93000030517578,50.639522552490234,62540800,0.0,0.0,0.0
2011-02-10,57.54999923706055,58.099998474121094,57.4900016784668,58.02000045776367,50.71818923950195,70194700,0.0,0.0,0.0
2011-02-11,57.849998474121094,58.47999954223633,57.77000045776367,58.439998626708984,51.08535385131836,47853500,0.0,0.0,0.0
2011-02-14,58.439998626708984,58.65999984741211,58.380001068115234,58.58000183105469,51.207725524902344,48506100,0.0,0.0,0.0
2011-02-15,58.439998626708984,58.56999969482422,58.22999954223633,58.5,51.13779067993164,39723800,0.0,0.0,0.0
2011-02-16,58.650001525878906,59.040000915527344,58.630001068115234,58.880001068115234,51.469970703125,53061700,0.0,0.0,0.0
2011-02-17,58.59000015258789,58.970001220703125,58.54999923706055,58.86000061035156,51.45246887207031,38361900,0.0,0.0,0.0
2011-02-18,58.86000061035156,58.970001220703125,58.5099983215332,58.72999954223633,51.33883285522461,44334300,0.0,0.0,0.0
2011-02-22,57.93000030517578,58.130001068115234,56.939998626708984,57.029998779296875,49.85280990600586,92598100,0.0,0.0,0.0
2011-02-23,57.029998779296875,57.22999954223633,56.130001068115234,56.560001373291016,49.44194412231445,97842900,0.0,0.0,0.0
2011-02-24,56.68000030517578,57.029998779296875,56.13999938964844,56.86000061035156,49.70417404174805,98716100,0.0,0.0,0.0
2011-02-25,57.18000030517578,57.720001220703125,57.119998931884766,57.650001525878906,50.3947639465332,54094600,0.0,0.0,0.0
2011-02-28,57.880001068115234,58.04999923706055,57.43000030517578,57.77000045776367,50.49967956542969,51402800,0.0,0.0,0.0
2011-03-01,58.02000045776367,58.02000045776367,56.70000076293945,56.84000015258789,49.686710357666016,91993900,0.0,0.0,0.0
2011-03-02,56.810001373291016,57.5099983215332,56.790000915527344,57.13999938964844,49.94894790649414,61552900,0.0,0.0,0.0
2011-03-03,57.66999816894531,58.369998931884766,57.66999816894531,58.27000045776367,50.93675994873047,64146600,0.0,0.0,0.0
2011-03-04,58.25,58.2599983215332,57.59000015258789,57.970001220703125,50.674503326416016,62328400,0.0,0.0,0.0
2011-03-07,58.209999084472656,58.2599983215332,56.66999816894531,57.189998626708984,49.99265670776367,98470000,0.0,0.0,0.0
2011-03-08,57.119998931884766,57.68000030517578,56.77000045776367,57.41999816894531,50.193702697753906,62399100,0.0,0.0,0.0
2011-03-09,57.209999084472656,57.27000045776367,56.720001220703125,57.029998779296875,49.85280990600586,84764200,0.0,0.0,0.0
2011-03-10,56.38999938964844,56.52000045776367,55.90999984741211,56.13999938964844,49.074806213378906,102894400,0.0,0.0,0.0
2011-03-11,55.81999969482422,56.65999984741211,55.81999969482422,56.4900016784668,49.38075256347656,81679400,0.0,0.0,0.0
2011-03-14,56.18000030517578,56.59000015258789,55.86000061035156,56.290000915527344,49.20592498779297,73565800,0.0,0.0,0.0
2011-03-15,54.63999938964844,55.81999969482422,54.470001220703125,55.4900016784668,48.50661087036133,101276500,0.0,0.0,0.0
2011-03-16,55.029998779296875,55.34000015258789,53.77000045776367,54.150001525878906,47.33525085449219,176507700,0.0,0.0,0.0
2011-03-17,55.0099983215332,55.2400016784668,54.130001068115234,54.650001525878906,47.77233123779297,94434500,0.0,0.0,0.0
2011-03-18,55.220001220703125,55.220001220703125,54.40999984741211,54.45000076293945,47.664634704589844,94887200,0.077,0.0,0.0
2011-03-21,55.279998779296875,55.779998779296875,54.5,55.5,48.583805084228516,57423000,0.0,0.0,0.0
2011-03-22,55.58000183105469,55.61000061035156,55.279998779296875,55.400001525878906,48.49627685546875,36162100,0.0,0.0,0.0
2011-03-23,55.20000076293945,55.869998931884766,54.81999969482422,55.709999084472656,48.767601013183594,60365100,0.0,0.0,0.0
2011-03-24,56.130001068115234,56.81999969482422,55.81999969482422,56.70000076293945,49.63425827026367,69502400,0.0,0.0,0.0
2011-03-25,56.880001068115234,57.220001220703125,56.72999954223633,56.84000015258789,49.756813049316406,74131100,0.0,0.0,0.0
2011-03-28,57.09000015258789,57.099998474121094,56.5,56.529998779296875,49.48543930053711,37824000,0.0,0.0,0.0
2011-03-29,56.400001525878906,57.08000183105469,56.22999954223633,57.08000183105469,49.966915130615234,47994800,0.0,0.0,0.0
2011-03-30,57.36000061035156,57.43000030517578,57.08000183105469,57.349998474121094,50.2032585144043,44935900,0.0,0.0,0.0
2011-03-31,57.25,57.47999954223633,57.150001525878906,57.43000030517578,50.273277282714844,50004300,0.0,0.0,0.0
2011-04-01,57.720001220703125,57.900001525878906,57.290000915527344,57.459999084472656,50.2995491027832,68031800,0.0,0.0,0.0
2011-04-04,57.619998931884766,57.68000030517578,57.02000045776367,57.27000045776367,50.133235931396484,48659100,0.0,0.0,0.0
2011-04-05,57.15999984741211,57.4900016784668,57.0,57.119998931884766,50.00191879272461,55349400,0.0,0.0,0.0
2011-04-06,57.560001373291016,57.72999954223633,56.93000030517578,57.2599983215332,50.12446594238281,49532100,0.0,0.0,0.0
2011-04-07,57.2400016784668,57.599998474121094,56.810001373291016,57.220001220703125,50.08946228027344,60697000,0.0,0.0,0.0
2011-04-08,57.47999954223633,57.56999969482422,56.650001525878906,56.95000076293945,49.85311508178711,42782200,0.0,0.0,0.0
2011-04-11,57.16999816894531,57.290000915527344,56.560001373291016,56.7599983215332,49.686790466308594,42451700,0.0,0.0,0.0
2011-04-12,56.5,56.63999938964844,56.150001525878906,56.369998931884766,49.34538269042969,50422800,0.0,0.0,0.0
2011-04-13,56.790000915527344,57.0,56.400001525878906,56.849998474121094,49.76556396484375,49979800,0.0,0.0,0.0
2011-04-14,56.459999084472656,56.83000183105469,56.22999954223633,56.75,49.678016662597656,53544100,0.0,0.0,0.0
2011-04-15,56.529998779296875,56.869998931884766,56.279998779296875,56.650001525878906,49.59048843383789,68530000,0.0,0.0,0.0
2011-04-18,56.08000183105469,56.27000045776367,55.31999969482422,56.25,49.24032211303711,69065000,0.0,0.0,0.0
2011-04-19,56.400001525878906,56.599998474121094,56.099998474121094,56.599998474121094,49.546714782714844,38608400,0.0,0.0,0.0
2011-04-20,57.599998474121094,57.939998626708984,57.529998779296875,57.880001068115234,50.66722106933594,67397500,0.0,0.0,0.0
2011-04-21,58.439998626708984,58.470001220703125,58.15999984741211,58.34000015258789,51.069881439208984,43666800,0.0,0.0,0.0
2011-04-25,58.38999938964844,58.52000045776367,58.279998779296875,58.4900016784668,51.201194763183594,25376800,0.0,0.0,0.0
2011-04-26,58.63999938964844,59.029998779296875,58.5099983215332,58.81999969482422,51.49006271362305,49400000,0.0,0.0,0.0
2011-04-27,58.93000030517578,59.290000915527344,58.65999984741211,59.220001220703125,51.840232849121094,56465500,0.0,0.0,0.0
2011-04-28,59.040000915527344,59.22999954223633,58.880001068115234,59.130001068115234,51.76144790649414,48100000,0.0,0.0,0.0
2011-04-29,59.02000045776367,59.290000915527344,58.97999954223633,59.08000183105469,51.71767807006836,44831200,0.0,0.0,0.0
2011-05-02,59.16999816894531,59.34000015258789,58.81999969482422,58.970001220703125,51.621360778808594,48149400,0.0,0.0,0.0
2011-05-03,58.939998626708984,59.0,58.33000183105469,58.689998626708984,51.37626266479492,38100000,0.0,0.0,0.0
2011-05-04,58.720001220703125,58.869998931884766,58.11000061035156,58.599998474121094,51.297481536865234,53097200,0.0,0.0,0.0
2011-05-05,58.310001373291016,58.970001220703125,58.08000183105469,58.279998779296875,51.01736068725586,72200000,0.0,0.0,0.0
2011-05-06,58.86000061035156,59.20000076293945,58.310001373291016,58.470001220703125,51.183677673339844,72507000,0.0,0.0,0.0
2011-05-09,58.56999969482422,58.91999816894531,58.34000015258789,58.689998626708984,51.37626266479492,40022000,0.0,0.0,0.0
2011-05-10,58.86000061035156,59.279998779296875,58.779998779296875,59.189998626708984,51.81397247314453,38053600,0.0,0.0,0.0
2011-05-11,59.099998474121094,59.310001373291016,58.36000061035156,58.7599983215332,51.43755340576172,61900000,0.0,0.0,0.0
2011-05-12,58.58000183105469,59.189998626708984,58.2400016784668,59.11000061035156,51.74392318725586,66100000,0.0,0.0,0.0
2011-05-13,58.970001220703125,59.06999969482422,58.38999938964844,58.40999984741211,51.13117218017578,63506600,0.0,0.0,0.0
2011-05-16,58.13999938964844,58.31999969482422,57.27000045776367,57.400001525878906,50.247032165527344,73115300,0.0,0.0,0.0
2011-05-17,57.099998474121094,57.56999969482422,56.97999954223633,57.560001373291016,50.38709259033203,63136000,0.0,0.0,0.0
2011-05-18,57.47999954223633,58.13999938964844,57.40999984741211,58.040000915527344,50.80727767944336,42351100,0.0,0.0,0.0
2011-05-19,58.220001220703125,58.34000015258789,57.849998474121094,58.209999084472656,50.95609664916992,35015800,0.0,0.0,0.0
2011-05-20,58.150001525878906,58.209999084472656,57.689998626708984,57.77000045776367,50.57093048095703,44703300,0.0,0.0,0.0
2011-05-23,56.97999954223633,57.150001525878906,56.650001525878906,56.91999816894531,49.82684326171875,43700000,0.0,0.0,0.0
2011-05-24,57.060001373291016,57.06999969482422,56.560001373291016,56.56999969482422,49.52045822143555,39314800,0.0,0.0,0.0
2011-05-25,56.5,57.060001373291016,56.470001220703125,56.790000915527344,49.713043212890625,41369000,0.0,0.0,0.0
2011-05-26,56.619998931884766,57.29999923706055,56.61000061035156,57.13999938964844,50.019432067871094,40564100,0.0,0.0,0.0
2011-05-27,57.2400016784668,57.4900016784668,57.189998626708984,57.43000030517578,50.273277282714844,30127200,0.0,0.0,0.0
2011-05-31,57.970001220703125,58.36000061035156,57.66999816894531,58.36000061035156,51.08738327026367,47590100,0.0,0.0,0.0
2011-06-01,58.220001220703125,58.36000061035156,57.040000915527344,57.09000015258789,49.97566223144531,51795000,0.0,0.0,0.0
2011-06-02,57.20000076293945,57.40999984741211,56.88999938964844,57.209999084472656,50.080711364746094,50198100,0.0,0.0,0.0
2011-06-03,56.54999923706055,56.9900016784668,56.27000045776367,56.349998474121094,49.3278694152832,57773700,0.0,0.0,0.0
2011-06-06,56.220001220703125,56.529998779296875,55.86000061035156,55.88999938964844,48.925193786621094,50175600,0.0,0.0,0.0
2011-06-07,56.040000915527344,56.2599983215332,55.75,55.790000915527344,48.83767318725586,46311100,0.0,0.0,0.0
2011-06-08,55.66999816894531,55.77000045776367,55.22999954223633,55.38999938964844,48.48750686645508,46426400,0.0,0.0,0.0
2011-06-09,55.40999984741211,55.7599983215332,55.22999954223633,55.4900016784668,48.575042724609375,45307500,0.0,0.0,0.0
2011-06-10,55.22999954223633,55.34000015258789,54.59000015258789,54.63999938964844,47.83095932006836,53740600,0.0,0.0,0.0
2011-06-13,54.66999816894531,54.93000030517578,54.45000076293945,54.63999938964844,47.83095932006836,37736800,0.0,0.0,0.0
2011-06-14,55.060001373291016,55.470001220703125,55.029998779296875,55.34000015258789,48.4437370300293,40565300,0.0,0.0,0.0
2011-06-15,54.810001373291016,55.150001525878906,54.18000030517578,54.290000915527344,47.52457809448242,59022400,0.0,0.0,0.0
2011-06-16,54.31999969482422,54.5,53.619998931884766,54.08000183105469,47.34074401855469,66316200,0.0,0.0,0.0
2011-06-17,54.400001525878906,54.599998474121094,53.630001068115234,53.790000915527344,47.19247817993164,70337000,0.121,0.0,0.0
2011-06-20,53.63999938964844,54.22999954223633,53.63999938964844,54.06999969482422,47.43813705444336,37402900,0.0,0.0,0.0
2011-06-21,54.2599983215332,55.290000915527344,54.029998779296875,55.22999954223633,48.45586395263672,55892800,0.0,0.0,0.0
2011-06-22,55.0,55.31999969482422,54.81999969482422,54.83000183105469,48.10491180419922,36833300,0.0,0.0,0.0
2011-06-23,54.2400016784668,55.369998931884766,54.060001373291016,55.34000015258789,48.552364349365234,80743300,0.0,0.0,0.0
2011-06-24,55.08000183105469,55.130001068115234,54.27000045776367,54.380001068115234,47.71010208129883,56298300,0.0,0.0,0.0
2011-06-27,54.439998626708984,55.529998779296875,54.31999969482422,55.25,48.473411560058594,49968900,0.0,0.0,0.0
2011-06-28,55.369998931884766,56.08000183105469,55.290000915527344,56.06999969482422,49.19282913208008,47028800,0.0,0.0,0.0
2011-06-29,56.20000076293945,56.40999984741211,55.900001525878906,56.29999923706055,49.39461898803711,65407300,0.0,0.0,0.0
2011-06-30,56.5,57.09000015258789,56.470001220703125,57.04999923706055,50.05263137817383,50347200,0.0,0.0,0.0
2011-07-01,57.08000183105469,57.9900016784668,56.91999816894531,57.90999984741211,50.807151794433594,53203900,0.0,0.0,0.0
2011-07-05,57.970001220703125,58.2599983215332,57.83000183105469,58.20000076293945,51.06159210205078,43128800,0.0,0.0,0.0
2011-07-06,58.130001068115234,58.4900016784668,57.939998626708984,58.38999938964844,51.22827911376953,49282700,0.0,0.0,0.0
2011-07-07,58.83000183105469,59.36000061035156,58.7400016784668,59.189998626708984,51.93014907836914,54799800,0.0,0.0,0.0
2011-07-08,58.68000030517578,59.040000915527344,58.369998931884766,59.029998779296875,51.78977966308594,69519500,0.0,0.0,0.0
2011-07-11,58.40999984741211,58.709999084472656,57.7599983215332,57.959999084472656,50.85101318359375,52080800,0.0,0.0,0.0
2011-07-12,57.95000076293945,58.06999969482422,57.459999084472656,57.52000045776367,50.4649772644043,84000700,0.0,0.0,0.0
2011-07-13,57.939998626708984,58.34000015258789,57.54999923706055,57.7599983215332,50.67554473876953,82378100,0.0,0.0,0.0
2011-07-14,57.90999984741211,58.18000030517578,56.869998931884766,57.09000015258789,50.08771514892578,98774200,0.0,0.0,0.0
2011-07-15,57.72999954223633,57.849998474121094,57.310001373291016,57.849998474121094,50.75450134277344,68281500,0.0,0.0,0.0
2011-07-18,57.529998779296875,57.790000915527344,56.97999954223633,57.540000915527344,50.482521057128906,59512200,0.0,0.0,0.0
2011-07-19,58.09000015258789,58.900001525878906,58.09000015258789,58.849998474121094,51.63187789916992,73904600,0.0,0.0,0.0
2011-07-20,59.18000030517578,59.189998626708984,58.5,58.599998474121094,51.41252517700195,57085500,0.0,0.0,0.0
2011-07-21,58.65999984741211,59.31999969482422,58.34000015258789,58.9900016784668,51.75468444824219,70148800,0.0,0.0,0.0
2011-07-22,58.959999084472656,59.70000076293945,58.91999816894531,59.599998474121094,52.28986740112305,43620400,0.0,0.0,0.0
2011-07-25,59.130001068115234,59.810001373291016,59.02000045776367,59.47999954223633,52.1845817565918,48916100,0.0,0.0,0.0
2011-07-26,59.439998626708984,59.83000183105469,59.31999969482422,59.630001068115234,52.316184997558594,40918900,0.0,0.0,0.0
2011-07-27,59.2400016784668,59.290000915527344,57.939998626708984,58.09000015258789,50.9650764465332,83969500,0.0,0.0,0.0
2011-07-28,58.119998931884766,58.93000030517578,57.88999938964844,58.189998626708984,51.052818298339844,61031900,0.0,0.0,0.0
2011-07-29,57.720001220703125,58.61000061035156,57.439998626708984,58.0,50.8861083984375,82860500,0.0,0.0,0.0
2011-08-01,58.70000076293945,58.81999969482422,57.029998779296875,57.72999954223633,50.64922332763672,85421100,0.0,0.0,0.0
2011-08-02,57.459999084472656,57.720001220703125,56.209999084472656,56.27000045776367,49.368309020996094,90853300,0.0,0.0,0.0
2011-08-03,56.34000015258789,56.880001068115234,55.349998474121094,56.810001373291016,49.84207534790039,103612300,0.0,0.0,0.0
2011-08-04,56.0,56.09000015258789,54.16999816894531,54.16999816894531,47.52587127685547,132830000,0.0,0.0,0.0
2011-08-05,54.720001220703125,55.029998779296875,52.31999969482422,53.83000183105469,47.22758102416992,214111800,0.0,0.0,0.0
2011-08-08,52.18000030517578,53.119998931884766,50.59000015258789,50.59000015258789,44.38496780395508,204804500,0.0,0.0,0.0
2011-08-09,51.349998474121094,53.08000183105469,49.93000030517578,53.029998779296875,46.52570343017578,193707100,0.0,0.0,0.0
2011-08-10,51.83000183105469,53.040000915527344,50.79999923706055,50.86000061035156,44.62185287475586,205917900,0.0,0.0,0.0
2011-08-11,51.59000015258789,53.689998626708984,51.34000015258789,53.099998474121094,46.58708572387695,143825300,0.0,0.0,0.0
2011-08-12,53.43000030517578,53.900001525878906,52.880001068115234,53.56999969482422,46.99947738647461,90483300,0.0,0.0,0.0
2011-08-15,53.790000915527344,54.36000061035156,53.529998779296875,54.36000061035156,47.69255447387695,73554300,0.0,0.0,0.0
2011-08-16,53.83000183105469,54.349998474121094,53.18000030517578,53.900001525878906,47.28898620605469,89219200,0.0,0.0,0.0
2011-08-17,53.970001220703125,54.41999816894531,53.02000045776367,53.58000183105469,47.00824737548828,84416600,0.0,0.0,0.0
2011-08-18,52.130001068115234,52.13999938964844,50.47999954223633,50.95000076293945,44.70082092285156,130019400,0.0,0.0,0.0
2011-08-19,50.41999816894531,51.66999816894531,49.9900016784668,50.029998779296875,43.89366912841797,96674600,0.0,0.0,0.0
2011-08-22,51.22999954223633,51.2400016784668,50.060001373291016,50.209999084472656,44.05157470703125,77107700,0.0,0.0,0.0
2011-08-23,50.54999923706055,52.279998779296875,50.34000015258789,52.279998779296875,45.86769104003906,75688400,0.0,0.0,0.0
2011-08-24,52.130001068115234,52.790000915527344,51.709999084472656,52.689998626708984,46.2274055480957,80197700,0.0,0.0,0.0
2011-08-25,52.65999984741211,52.900001525878906,51.650001525878906,51.83000183105469,45.47288131713867,93623700,0.0,0.0,0.0
2011-08-26,51.65999984741211,53.310001373291016,51.150001525878906,53.130001068115234,46.61344528198242,91573300,0.0,0.0,0.0
2011-08-29,53.65999984741211,54.66999816894531,53.63999938964844,54.61000061035156,47.91191101074219,45985800,0.0,0.0,0.0
2011-08-30,54.40999984741211,55.29999923706055,54.11000061035156,54.970001220703125,48.227760314941406,61617900,0.0,0.0,0.0
2011-08-31,55.29999923706055,55.7400016784668,54.599998474121094,55.060001373291016,48.30671691894531,60900400,0.0,0.0,0.0
2011-09-01,55.20000076293945,55.63999938964844,54.459999084472656,54.560001373291016,47.868045806884766,57158400,0.0,0.0,0.0
2011-09-02,53.58000183105469,54.61000061035156,52.9900016784668,53.279998779296875,46.745033264160156,58185700,0.0,0.0,0.0
2011-09-06,52.040000915527344,53.369998931884766,51.90999984741211,53.290000915527344,46.7537956237793,52992200,0.0,0.0,0.0
2011-09-07,54.04999923706055,54.650001525878906,53.900001525878906,54.63999938964844,47.93822479248047,48952200,0.0,0.0,0.0
2011-09-08,54.36000061035156,55.16999816894531,54.209999084472656,54.38999938964844,47.718910217285156,61422800,0.0,0.0,0.0
2011-09-09,54.0099983215332,54.2400016784668,52.849998474121094,53.18000030517578,46.65729904174805,63663500,0.0,0.0,0.0
2011-09-12,52.59000015258789,53.900001525878906,52.56999969482422,53.86000061035156,47.25389862060547,65973000,0.0,0.0,0.0
2011-09-13,54.060001373291016,54.689998626708984,53.79999923706055,54.58000183105469,47.885597229003906,59020000,0.0,0.0,0.0
2011-09-14,54.86000061035156,55.97999954223633,54.31999969482422,55.36000061035156,48.56991195678711,90757300,0.0,0.0,0.0
2011-09-15,55.959999084472656,56.279998779296875,55.38999938964844,56.18000030517578,49.28932571411133,83536100,0.0,0.0,0.0
2011-09-16,56.20000076293945,56.650001525878906,56.09000015258789,56.59000015258789,49.74113082885742,91902100,0.104,0.0,0.0
2011-09-19,55.88999938964844,56.90999984741211,55.43000030517578,56.61000061035156,49.75871276855469,73042900,0.0,0.0,0.0
2011-09-20,56.900001525878906,57.349998474121094,56.22999954223633,56.36000061035156,49.53897476196289,66570100,0.0,0.0,0.0
2011-09-21,56.650001525878906,56.93000030517578,55.369998931884766,55.380001068115234,48.677574157714844,79938000,0.0,0.0,0.0
2011-09-22,53.970001220703125,54.459999084472656,52.75,53.58000183105469,47.09542465209961,151885500,0.0,0.0,0.0
2011-09-23,53.130001068115234,54.380001068115234,53.09000015258789,54.150001525878906,47.596439361572266,85940600,0.0,0.0,0.0
2011-09-26,54.41999816894531,54.880001068115234,53.209999084472656,54.779998779296875,48.15018844604492,96261400,0.0,0.0,0.0
2011-09-27,55.709999084472656,56.20000076293945,54.97999954223633,55.349998474121094,48.65120315551758,81148600,0.0,0.0,0.0
2011-09-28,55.59000015258789,55.970001220703125,54.400001525878906,54.529998779296875,47.93043899536133,76757100,0.0,0.0,0.0
2011-09-29,55.36000061035156,55.43000030517578,52.970001220703125,53.880001068115234,47.35911560058594,116900200,0.0,0.0,0.0
2011-09-30,53.15999984741211,53.61000061035156,52.459999084472656,52.4900016784668,46.1373291015625,104870100,0.0,0.0,0.0
2011-10-03,52.02000045776367,52.849998474121094,51.11000061035156,51.13999938964844,44.95072555541992,99149500,0.0,0.0,0.0
2011-10-04,50.619998931884766,52.290000915527344,50.099998474121094,52.189998626708984,45.87364196777344,137013700,0.0,0.0,0.0
2011-10-05,52.060001373291016,53.68000030517578,51.65999984741211,53.529998779296875,47.05146026611328,108825700,0.0,0.0,0.0
2011-10-06,53.459999084472656,54.439998626708984,53.209999084472656,54.43000030517578,47.84254837036133,71939200,0.0,0.0,0.0
2011-10-07,54.400001525878906,54.65999984741211,53.720001220703125,54.06999969482422,47.526119232177734,72525200,0.0,0.0,0.0
2011-10-10,54.9900016784668,55.939998626708984,54.88999938964844,55.939998626708984,49.16980743408203,48230200,0.0,0.0,0.0
2011-10-11,55.790000915527344,56.459999084472656,55.70000076293945,56.31999969482422,49.503814697265625,66449100,0.0,0.0,0.0
2011-10-12,56.86000061035156,57.22999954223633,56.560001373291016,56.599998474121094,49.74991989135742,85627600,0.0,0.0,0.0
2011-10-13,56.4900016784668,57.189998626708984,56.43000030517578,57.119998931884766,50.207000732421875,63443700,0.0,0.0,0.0
2011-10-14,57.81999969482422,58.189998626708984,57.5099983215332,58.18000030517578,51.13870620727539,65643600,0.0,0.0,0.0
2011-10-17,57.90999984741211,58.09000015258789,56.970001220703125,57.279998779296875,50.347633361816406,65161300,0.0,0.0,0.0
2011-10-18,57.189998626708984,58.290000915527344,56.65999984741211,57.9900016784668,50.971683502197266,91434600,0.0,0.0,0.0
2011-10-19,57.66999816894531,57.849998474121094,56.68000030517578,56.869998931884766,49.98724365234375,67639400,0.0,0.0,0.0
2011-10-20,56.86000061035156,56.91999816894531,55.790000915527344,56.59000015258789,49.74113082885742,80378300,0.0,0.0,0.0
2011-10-21,57.189998626708984,57.65999984741211,56.779998779296875,57.29999923706055,50.36521530151367,60455800,0.0,0.0,0.0
2011-10-24,57.5099983215332,58.650001525878906,57.310001373291016,58.4900016784668,51.41119384765625,61449500,0.0,0.0,0.0
2011-10-25,58.29999923706055,58.31999969482422,57.220001220703125,57.34000015258789,50.400367736816406,65299200,0.0,0.0,0.0
2011-10-26,57.65999984741211,57.779998779296875,56.209999084472656,57.27000045776367,50.33884048461914,98193800,0.0,0.0,0.0
2011-10-27,58.63999938964844,59.20000076293945,58.029998779296875,58.849998474121094,51.72761535644531,104455500,0.0,0.0,0.0
2011-10-28,58.52000045776367,59.0099983215332,58.5,58.939998626708984,51.80672073364258,42950000,0.0,0.0,0.0
2011-10-31,58.43000030517578,58.63999938964844,57.90999984741211,57.95000076293945,50.936527252197266,60520200,0.0,0.0,0.0
2011-11-01,56.52000045776367,57.90999984741211,56.119998931884766,56.439998626708984,49.609291076660156,99933000,0.0,0.0,0.0
2011-11-02,57.029998779296875,57.15999984741211,56.380001068115234,56.91999816894531,50.03118896484375,65003800,0.0,0.0,0.0
2011-11-03,57.369998931884766,58.18000030517578,56.709999084472656,58.099998474121094,51.06838607788086,78994200,0.0,0.0,0.0
2011-11-04,57.81999969482422,58.04999923706055,57.220001220703125,57.79999923706055,50.80469512939453,61527800,0.0,0.0,0.0
2011-11-07,57.7599983215332,58.25,57.16999816894531,58.209999084472656,51.16506576538086,65559000,0.0,0.0,0.0
2011-11-08,58.630001068115234,58.97999954223633,57.970001220703125,58.880001068115234,51.753990173339844,62906900,0.0,0.0,0.0
2011-11-09,57.7400016784668,57.83000183105469,56.630001068115234,56.810001373291016,49.93452072143555,69539000,0.0,0.0,0.0
2011-11-10,57.369998931884766,57.41999816894531,56.22999954223633,56.779998779296875,49.90813446044922,66052400,0.0,0.0,0.0
2011-11-11,57.27000045776367,58.02000045776367,57.20000076293945,57.849998474121094,50.8486442565918,54471000,0.0,0.0,0.0
2011-11-14,57.689998626708984,58.0099983215332,57.279998779296875,57.4900016784668,50.532222747802734,44617600,0.0,0.0,0.0
2011-11-15,57.31999969482422,58.36000061035156,57.2599983215332,58.130001068115234,51.09476089477539,52203900,0.0,0.0,0.0
2011-11-16,57.709999084472656,58.15999984741211,57.060001373291016,57.16999816894531,50.25092697143555,68342800,0.0,0.0,0.0
2011-11-17,57.02000045776367,57.040000915527344,55.47999954223633,55.83000183105469,49.0731201171875,101706900,0.0,0.0,0.0
2011-11-18,55.84000015258789,55.900001525878906,55.29999923706055,55.400001525878906,48.69516372680664,60417000,0.0,0.0,0.0
2011-11-21,54.650001525878906,54.72999954223633,53.779998779296875,54.34000015258789,47.763423919677734,52283700,0.0,0.0,0.0
2011-11-22,54.20000076293945,54.68000030517578,53.869998931884766,54.52000045776367,47.921661376953125,51940100,0.0,0.0,0.0
2011-11-23,54.11000061035156,54.16999816894531,53.2599983215332,53.290000915527344,46.84050369262695,48437300,0.0,0.0,0.0
2011-11-25,53.060001373291016,53.66999816894531,52.869998931884766,52.880001068115234,46.480140686035156,25448100,0.0,0.0,0.0
2011-11-28,54.16999816894531,54.790000915527344,54.13999938964844,54.720001220703125,48.09745788574219,46710700,0.0,0.0,0.0
2011-11-29,54.689998626708984,55.099998474121094,54.220001220703125,54.380001068115234,47.79860305786133,52056700,0.0,0.0,0.0
2011-11-30,55.86000061035156,56.439998626708984,55.66999816894531,56.38999938964844,49.56532669067383,66918600,0.0,0.0,0.0
2011-12-01,56.380001068115234,56.93000030517578,56.349998474121094,56.779998779296875,49.90813446044922,45362200,0.0,0.0,0.0
2011-12-02,57.34000015258789,57.34000015258789,56.56999969482422,56.619998931884766,49.76750564575195,36938900,0.0,0.0,0.0
2011-12-05,57.470001220703125,57.619998931884766,56.91999816894531,57.2400016784668,50.312461853027344,40492200,0.0,0.0,0.0
2011-12-06,57.290000915527344,57.45000076293945,56.88999938964844,57.08000183105469,50.17184066772461,38670000,0.0,0.0,0.0
2011-12-07,56.91999816894531,57.34000015258789,56.349998474121094,57.08000183105469,50.17184066772461,44576200,0.0,0.0,0.0
2011-12-08,56.709999084472656,57.150001525878906,56.0099983215332,56.119998931884766,49.3280143737793,51692600,0.0,0.0,0.0
2011-12-09,56.2599983215332,57.189998626708984,56.2400016784668,57.02000045776367,50.11909484863281,55757900,0.0,0.0,0.0
2011-12-12,56.41999816894531,57.0099983215332,55.900001525878906,56.380001068115234,49.556575775146484,55411700,0.0,0.0,0.0
2011-12-13,56.75,56.97999954223633,55.529998779296875,55.7599983215332,49.0115852355957,68557700,0.0,0.0,0.0
2011-12-14,55.54999923706055,55.59000015258789,54.58000183105469,54.88999938964844,48.24687957763672,63682800,0.0,0.0,0.0
2011-12-15,55.36000061035156,55.41999816894531,54.65999984741211,54.7400016784668,48.11504364013672,58732900,0.0,0.0,0.0
2011-12-16,54.869998931884766,55.61000061035156,54.77000045776367,54.86000061035156,48.36276626586914,60978900,0.161,0.0,0.0
2011-12-19,55.06999969482422,55.20000076293945,54.16999816894531,54.31999969482422,47.88669204711914,46733900,0.0,0.0,0.0
2011-12-20,55.20000076293945,56.0,55.16999816894531,55.93000030517578,49.306026458740234,81758800,0.0,0.0,0.0
2011-12-21,55.599998474121094,55.63999938964844,54.4900016784668,55.130001068115234,48.60077667236328,78552300,0.0,0.0,0.0
2011-12-22,55.25,55.630001068115234,55.16999816894531,55.599998474121094,49.01511001586914,40334100,0.0,0.0,0.0
2011-12-23,55.709999084472656,56.08000183105469,55.58000183105469,56.08000183105469,49.438262939453125,26594600,0.0,0.0,0.0
2011-12-27,55.9900016784668,56.41999816894531,55.93000030517578,56.2400016784668,49.6226692199707,21443500,0.049,0.0,0.0
2011-12-28,56.16999816894531,56.2599983215332,55.439998626708984,55.59000015258789,49.04914093017578,38180100,0.0,0.0,0.0
2011-12-29,55.68000030517578,56.029998779296875,55.5,55.9900016784668,49.4020881652832,28077900,0.0,0.0,0.0
2011-12-30,55.869998931884766,56.119998931884766,55.81999969482422,55.83000183105469,49.26092529296875,21832400,0.0,0.0,0.0
2012-01-03,56.90999984741211,57.189998626708984,56.75,56.900001525878906,50.20500564575195,39514100,0.0,0.0,0.0
2012-01-04,56.810001373291016,57.220001220703125,56.560001373291016,57.13999938964844,50.416778564453125,29403400,0.0,0.0,0.0
2012-01-05,57.02000045776367,57.65999984741211,56.79999923706055,57.61000061035156,50.83146667480469,41260600,0.0,0.0,0.0
2012-01-06,57.619998931884766,57.939998626708984,57.400001525878906,57.810001373291016,51.0079460144043,46325200,0.0,0.0,0.0
2012-01-09,57.959999084472656,57.97999954223633,57.43000030517578,57.619998931884766,50.84030532836914,39195500,0.0,0.0,0.0
2012-01-10,58.22999954223633,58.400001525878906,57.63999938964844,58.040000915527344,51.21088409423828,35949900,0.0,0.0,0.0
2012-01-11,58.029998779296875,58.290000915527344,57.810001373291016,58.15999984741211,51.31675338745117,37144100,0.0,0.0,0.0
2012-01-12,58.290000915527344,58.470001220703125,57.86000061035156,58.38999938964844,51.51969528198242,26188300,0.0,0.0,0.0
2012-01-13,58.08000183105469,58.20000076293945,57.68000030517578,58.18000030517578,51.33440399169922,35980400,0.0,0.0,0.0
2012-01-17,58.689998626708984,58.959999084472656,58.4900016784668,58.709999084472656,51.80204391479492,41790800,0.0,0.0,0.0
2012-01-18,58.81999969482422,59.4900016784668,58.68000030517578,59.4900016784668,52.490272521972656,48692700,0.0,0.0,0.0
2012-01-19,59.7599983215332,59.970001220703125,59.650001525878906,59.86000061035156,52.81674575805664,47774500,0.0,0.0,0.0
2012-01-20,59.599998474121094,59.79999923706055,59.560001373291016,59.77000045776367,52.73733901977539,41041700,0.0,0.0,0.0
2012-01-23,59.779998779296875,60.209999084472656,59.439998626708984,59.790000915527344,52.75495147705078,40958300,0.0,0.0,0.0
2012-01-24,59.52000045776367,59.84000015258789,59.40999984741211,59.68000030517578,52.65791702270508,38440200,0.0,0.0,0.0
2012-01-25,60.2599983215332,60.58000183105469,59.83000183105469,60.43000030517578,53.31967544555664,61591800,0.0,0.0,0.0
2012-01-26,60.689998626708984,60.79999923706055,59.93000030517578,60.220001220703125,53.13438034057617,37852700,0.0,0.0,0.0
2012-01-27,60.09000015258789,60.5099983215332,60.060001373291016,60.400001525878906,53.293182373046875,45532300,0.0,0.0,0.0
2012-01-30,59.88999938964844,60.540000915527344,59.65999984741211,60.45000076293945,53.33731460571289,42797800,0.0,0.0,0.0
2012-01-31,60.75,60.86000061035156,60.13999938964844,60.529998779296875,53.40789794921875,51449600,0.0,0.0,0.0
2012-02-01,60.880001068115234,61.2400016784668,60.65999984741211,61.02000045776367,53.84026336669922,46146700,0.0,0.0,0.0
2012-02-02,61.220001220703125,61.40999984741211,60.970001220703125,61.209999084472656,54.00788116455078,46373600,0.0,0.0,0.0
2012-02-03,61.779998779296875,62.119998931884766,61.68000030517578,62.04999923706055,54.749046325683594,36453800,0.0,0.0,0.0
2012-02-06,61.81999969482422,62.02000045776367,61.65999984741211,62.0,54.704933166503906,28541300,0.0,0.0,0.0
2012-02-07,61.95000076293945,62.25,61.66999816894531,62.130001068115234,54.81965637207031,37935700,0.0,0.0,0.0
2012-02-08,62.13999938964844,62.459999084472656,61.90999984741211,62.459999084472656,55.110816955566406,41171100,0.0,0.0,0.0
2012-02-09,62.70000076293945,62.97999954223633,62.31999969482422,62.90999984741211,55.50785446166992,46856400,0.0,0.0,0.0
2012-02-10,62.459999084472656,62.63999938964844,62.25,62.470001220703125,55.1196403503418,58090500,0.0,0.0,0.0
2012-02-13,62.939998626708984,63.130001068115234,62.650001525878906,63.04999923706055,55.631385803222656,36810200,0.0,0.0,0.0
2012-02-14,62.90999984741211,63.220001220703125,62.689998626708984,63.209999084472656,55.77255630493164,51648200,0.0,0.0,0.0
2012-02-15,63.5099983215332,63.86000061035156,62.66999816894531,62.77000045776367,55.38434600830078,105709100,0.0,0.0,0.0
2012-02-16,62.790000915527344,63.70000076293945,62.630001068115234,63.630001068115234,56.14313888549805,83642300,0.0,0.0,0.0
2012-02-17,63.63999938964844,63.689998626708984,63.150001525878906,63.43000030517578,55.96669387817383,76112300,0.0,0.0,0.0
2012-02-21,63.5,63.88999938964844,63.209999084472656,63.61000061035156,56.12548828125,38141300,0.0,0.0,0.0
2012-02-22,63.4900016784668,63.68000030517578,63.22999954223633,63.31999969482422,55.86961364746094,43174700,0.0,0.0,0.0
2012-02-23,63.400001525878906,63.810001373291016,63.09000015258789,63.7400016784668,56.24018859863281,54250000,0.0,0.0,0.0
2012-02-24,63.91999816894531,64.06999969482422,63.79999923706055,63.959999084472656,56.4343147277832,41364900,0.0,0.0,0.0
2012-02-27,63.61000061035156,64.26000213623047,63.33000183105469,64.05000305175781,56.51374435424805,42678500,0.0,0.0,0.0
2012-02-28,64.11000061035156,64.69999694824219,64.02999877929688,64.69999694824219,57.087242126464844,43717500,0.0,0.0,0.0
2012-02-29,64.75,64.95999908447266,64.19999694824219,64.41000366210938,56.83137130737305,59784400,0.0,0.0,0.0
2012-03-01,64.6500015258789,64.9800033569336,64.45999908447266,64.91999816894531,57.281341552734375,67558900,0.0,0.0,0.0
2012-03-02,64.83000183105469,65.08000183105469,64.66000366210938,64.87000274658203,57.23725509643555,33358200,0.0,0.0,0.0
2012-03-05,64.83000183105469,64.91000366210938,63.9900016784668,64.19999694824219,56.646080017089844,45788800,0.0,0.0,0.0
2012-03-06,63.56999969482422,63.720001220703125,63.22999954223633,63.56999969482422,56.09020233154297,54638600,0.0,0.0,0.0
2012-03-07,63.869998931884766,64.20999908447266,63.77000045776367,64.05999755859375,56.522552490234375,42741800,0.0,0.0,0.0
2012-03-08,64.44000244140625,64.94000244140625,64.30000305175781,64.75,57.13136672973633,43711100,0.0,0.0,0.0
2012-03-09,64.86000061035156,65.13999938964844,64.81999969482422,65.0199966430664,57.369598388671875,43117200,0.0,0.0,0.0
2012-03-12,65.0,65.11000061035156,64.72000122070312,65.05000305175781,57.396053314208984,32687300,0.0,0.0,0.0
2012-03-13,65.4000015258789,66.26000213623047,65.2699966430664,66.26000213623047,58.46367263793945,61559100,0.0,0.0,0.0
2012-03-14,66.33000183105469,66.73999786376953,66.08000183105469,66.48999786376953,58.66663360595703,59926900,0.0,0.0,0.0
2012-03-15,66.69000244140625,66.81999969482422,66.3499984741211,66.68000030517578,58.834266662597656,65531200,0.0,0.0,0.0
2012-03-16,66.66999816894531,66.66999816894531,66.36000061035156,66.5199966430664,58.792724609375,53023100,0.113,0.0,0.0
2012-03-19,66.62999725341797,67.1500015258789,66.44999694824219,66.98999786376953,59.208152770996094,60966200,0.0,0.0,0.0
2012-03-20,66.63999938964844,67.18000030517578,66.45999908447266,67.11000061035156,59.31420135498047,47290600,0.0,0.0,0.0
2012-03-21,67.12000274658203,67.48999786376953,67.02999877929688,67.12000274658203,59.32304382324219,39648100,0.0,0.0,0.0
2012-03-22,66.72000122070312,67.13999938964844,66.68000030517578,66.9800033569336,59.199302673339844,56953900,0.0,0.0,0.0
2012-03-23,67.05999755859375,67.08000183105469,66.55999755859375,66.94000244140625,59.16395950317383,45541700,0.0,0.0,0.0
2012-03-26,67.38999938964844,68.11000061035156,67.33000183105469,68.11000061035156,60.19804000854492,40855300,0.0,0.0,0.0
2012-03-27,68.16000366210938,68.48999786376953,68.12999725341797,68.20999908447266,60.28642654418945,37278200,0.0,0.0,0.0
2012-03-28,68.25,68.51000213623047,67.54000091552734,67.94000244140625,60.04781723022461,44421900,0.0,0.0,0.0
2012-03-29,67.5999984741211,67.93000030517578,67.19999694824219,67.68000030517578,59.8179817199707,53975300,0.0,0.0,0.0
2012-03-30,67.9800033569336,68.0199966430664,67.27999877929688,67.55000305175781,59.70309066772461,39480900,0.0,0.0,0.0
2012-04-02,67.4800033569336,68.33999633789062,67.36000061035156,68.25,60.32176208496094,40031600,0.0,0.0,0.0
2012-04-03,68.30999755859375,68.55000305175781,67.8499984741211,68.2300033569336,60.30409240722656,45539900,0.0,0.0,0.0
2012-04-04,67.72000122070312,67.76000213623047,66.91000366210938,67.30000305175781,59.48212432861328,54088100,0.0,0.0,0.0
2012-04-05,67.18000030517578,67.77999877929688,67.12999725341797,67.72000122070312,59.85334777832031,42979900,0.0,0.0,0.0
2012-04-09,66.87999725341797,67.4800033569336,66.76000213623047,67.20999908447266,59.402591705322266,36908200,0.0,0.0,0.0
2012-04-10,67.18000030517578,67.44000244140625,65.91999816894531,66.12999725341797,58.44802474975586,69254200,0.0,0.0,0.0
2012-04-11,66.70999908447266,66.88999938964844,66.27999877929688,66.44999694824219,58.730873107910156,62950000,0.0,0.0,0.0
2012-04-12,66.58000183105469,67.27999877929688,66.4800033569336,67.20999908447266,59.402591705322266,57407400,0.0,0.0,0.0
2012-04-13,66.9800033569336,67.19999694824219,66.16000366210938,66.19000244140625,58.50105285644531,55227500,0.0,0.0,0.0
2012-04-16,66.5199966430664,66.55999755859375,65.23999786376953,65.44999694824219,57.847042083740234,57588000,0.0,0.0,0.0
2012-04-17,65.7300033569336,66.98999786376953,65.62999725341797,66.77999877929688,59.022544860839844,47362400,0.0,0.0,0.0
2012-04-18,66.58999633789062,67.0,66.41000366210938,66.61000061035156,58.87228012084961,42536100,0.0,0.0,0.0
2012-04-19,66.37000274658203,67.16999816894531,65.62000274658203,65.86000061035156,58.20943069458008,81110900,0.0,0.0,0.0
2012-04-20,66.22000122070312,66.51000213623047,65.58000183105469,65.68000030517578,58.05031967163086,59906900,0.0,0.0,0.0
2012-04-23,65.05999755859375,65.18000030517578,64.48999786376953,65.08000183105469,57.52001953125,70514400,0.0,0.0,0.0
2012-04-24,64.95999908447266,65.2300033569336,64.44999694824219,64.7300033569336,57.21066665649414,49661500,0.0,0.0,0.0
2012-04-25,66.06999969482422,66.48999786376953,65.97000122070312,66.44999694824219,58.730873107910156,57526900,0.0,0.0,0.0
2012-04-26,66.44000244140625,66.98999786376953,66.3499984741211,66.83999633789062,59.07558059692383,41799500,0.0,0.0,0.0
2012-04-27,67.12000274658203,67.44999694824219,66.7699966430664,67.23999786376953,59.42909622192383,46003800,0.0,0.0,0.0
2012-04-30,67.04000091552734,67.16999816894531,66.70999908447266,66.76000213623047,59.00484848022461,37787700,0.0,0.0,0.0
2012-05-01,66.69000244140625,67.62999725341797,66.58999633789062,66.87000274658203,59.102073669433594,37643800,0.0,0.0,0.0
2012-05-02,66.54000091552734,67.11000061035156,66.37999725341797,67.05999755859375,59.27001953125,38299300,0.0,0.0,0.0
2012-05-03,67.0999984741211,67.1500015258789,66.18000030517578,66.3499984741211,58.64249038696289,51297600,0.0,0.0,0.0
2012-05-04,65.73999786376953,66.3499984741211,64.69000244140625,64.69999694824219,57.18415069580078,107554000,0.0,0.0,0.0
2012-05-07,64.30999755859375,65.06999969482422,64.29000091552734,64.76000213623047,57.2371940612793,50267800,0.0,0.0,0.0
2012-05-08,64.3499984741211,64.73999786376953,63.47999954223633,64.5199966430664,57.02507019042969,72659700,0.0,0.0,0.0
2012-05-09,63.77000045776367,64.68000030517578,63.5099983215332,64.31999969482422,56.84830856323242,85715300,0.0,0.0,0.0
2012-05-10,64.61000061035156,64.62999725341797,63.95000076293945,64.19000244140625,56.73340606689453,49448900,0.0,0.0,0.0
2012-05-11,63.970001220703125,64.86000061035156,63.90999984741211,64.18000030517578,56.72456359863281,47099900,0.0,0.0,0.0
2012-05-14,63.630001068115234,64.08000183105469,63.47999954223633,63.58000183105469,56.19425964355469,46360000,0.0,0.0,0.0
2012-05-15,63.75,64.2699966430664,63.2599983215332,63.369998931884766,56.0086555480957,66908600,0.0,0.0,0.0
2012-05-16,63.59000015258789,63.779998779296875,62.810001373291016,62.939998626708984,55.628597259521484,52825900,0.0,0.0,0.0
2012-05-17,62.959999084472656,63.060001373291016,61.599998474121094,61.61000061035156,54.453102111816406,62253900,0.0,0.0,0.0
2012-05-18,61.79999923706055,61.959999084472656,60.7599983215332,60.810001373291016,53.746028900146484,79496500,0.0,0.0,0.0
2012-05-21,60.93000030517578,62.56999969482422,60.849998474121094,62.5099983215332,55.24855422973633,61473000,0.0,0.0,0.0
2012-05-22,62.689998626708984,62.95000076293945,61.9900016784668,62.439998626708984,55.186683654785156,62954800,0.0,0.0,0.0
2012-05-23,61.90999984741211,62.709999084472656,61.369998931884766,62.560001373291016,55.29275131225586,56951100,0.0,0.0,0.0
2012-05-24,62.650001525878906,62.709999084472656,61.689998626708984,62.150001525878906,54.93037414550781,83131200,0.0,0.0,0.0
2012-05-25,62.209999084472656,62.31999969482422,61.88999938964844,62.06999969482422,54.85966491699219,32078900,0.0,0.0,0.0
2012-05-29,62.650001525878906,63.150001525878906,62.279998779296875,62.86000061035156,55.55791473388672,44216700,0.0,0.0,0.0
2012-05-30,62.290000915527344,62.54999923706055,61.68000030517578,62.33000183105469,55.08946990966797,56431800,0.0,0.0,0.0
2012-05-31,62.25,62.40999984741211,61.59000015258789,62.060001373291016,54.85084533691406,55260100,0.0,0.0,0.0
2012-06-01,60.939998626708984,61.31999969482422,60.38999938964844,60.40999984741211,53.39250564575195,71430800,0.0,0.0,0.0
2012-06-04,60.58000183105469,60.959999084472656,60.040000915527344,60.869998931884766,53.7990608215332,74119500,0.0,0.0,0.0
2012-06-05,60.65999984741211,61.2400016784668,60.630001068115234,61.119998931884766,54.020023345947266,47916900,0.0,0.0,0.0
2012-06-06,61.58000183105469,62.56999969482422,61.52000045776367,62.52000045776367,55.25740432739258,58781800,0.0,0.0,0.0
2012-06-07,63.18000030517578,63.18000030517578,62.220001220703125,62.27000045776367,55.03642654418945,38414800,0.0,0.0,0.0
2012-06-08,62.16999816894531,62.95000076293945,61.959999084472656,62.869998931884766,55.56673049926758,39730800,0.0,0.0,0.0
2012-06-11,63.349998474121094,63.380001068115234,61.77000045776367,61.810001373291016,54.62987518310547,51008900,0.0,0.0,0.0
2012-06-12,62.099998474121094,62.59000015258789,61.68000030517578,62.560001373291016,55.29275131225586,48802600,0.0,0.0,0.0
2012-06-13,62.380001068115234,62.849998474121094,61.91999816894531,62.130001068115234,54.91271209716797,50840100,0.0,0.0,0.0
2012-06-14,62.119998931884766,62.61000061035156,61.79999923706055,62.36000061035156,55.11598587036133,65170600,0.0,0.0,0.0
2012-06-15,62.38999938964844,63.08000183105469,62.36000061035156,62.9900016784668,55.80076217651367,41536100,0.143,0.0,0.0
2012-06-18,62.72999954223633,63.7400016784668,62.630001068115234,63.58000183105469,56.32341766357422,32191200,0.0,0.0,0.0
2012-06-19,63.900001525878906,64.51000213623047,63.849998474121094,64.23999786376953,56.90808868408203,36476500,0.0,0.0,0.0
2012-06-20,64.37999725341797,64.56999969482422,63.810001373291016,64.29000091552734,56.95238494873047,51389700,0.0,0.0,0.0
2012-06-21,64.23999786376953,64.30999755859375,62.619998931884766,62.689998626708984,55.53498458862305,42492700,0.0,0.0,0.0
2012-06-22,62.900001525878906,63.43000030517578,62.72999954223633,63.349998474121094,56.119667053222656,29504200,0.0,0.0,0.0
2012-06-25,62.83000183105469,62.849998474121094,61.95000076293945,62.130001068115234,55.038917541503906,33136400,0.0,0.0,0.0
2012-06-26,62.34000015258789,62.70000076293945,62.060001373291016,62.52000045776367,55.384403228759766,30611100,0.0,0.0,0.0
2012-06-27,62.7599983215332,63.18000030517578,62.689998626708984,62.900001525878906,55.72102355957031,35705800,0.0,0.0,0.0
2012-06-28,62.43000030517578,62.470001220703125,61.540000915527344,62.20000076293945,55.10091018676758,49793400,0.0,0.0,0.0
2012-06-29,63.400001525878906,64.16000366210938,63.209999084472656,64.16000366210938,56.83723068237305,44761300,0.0,0.0,0.0
2012-07-02,64.25,64.37999725341797,63.869998931884766,64.3499984741211,57.00554275512695,33425600,0.0,0.0,0.0
2012-07-03,64.38999938964844,64.88999938964844,64.29000091552734,64.88999938964844,57.48389434814453,15895100,0.0,0.0,0.0
2012-07-05,64.83000183105469,65.25,64.4800033569336,64.93000030517578,57.51934814453125,37016200,0.0,0.0,0.0
2012-07-06,64.62999725341797,64.69000244140625,63.650001525878906,64.12000274658203,56.801795959472656,40684100,0.0,0.0,0.0
2012-07-09,64.05000305175781,64.26000213623047,63.68000030517578,64.0,56.69547653198242,35628300,0.0,0.0,0.0
2012-07-10,64.3499984741211,64.51000213623047,63.119998931884766,63.369998931884766,56.137386322021484,47365700,0.0,0.0,0.0
2012-07-11,63.290000915527344,63.459999084472656,62.5,63.02000045776367,55.82733917236328,43432000,0.0,0.0,0.0
2012-07-12,62.52000045776367,62.689998626708984,61.86000061035156,62.43000030517578,55.304664611816406,57680400,0.0,0.0,0.0
2012-07-13,62.599998474121094,63.52000045776367,62.560001373291016,63.380001068115234,56.1462516784668,32357200,0.0,0.0,0.0
2012-07-16,63.2400016784668,63.52000045776367,62.95000076293945,63.20000076293945,55.98678207397461,27621400,0.0,0.0,0.0
2012-07-17,63.599998474121094,63.7400016784668,62.630001068115234,63.529998779296875,56.27912521362305,42467800,0.0,0.0,0.0
2012-07-18,63.40999984741211,64.58000183105469,63.38999938964844,64.38999938964844,57.04096984863281,44489700,0.0,0.0,0.0
2012-07-19,64.83999633789062,65.30999755859375,64.72000122070312,65.0999984741211,57.66994857788086,53017800,0.0,0.0,0.0
2012-07-20,65.08000183105469,65.0999984741211,64.20999908447266,64.23999786376953,56.90808868408203,40573100,0.0,0.0,0.0
2012-07-23,62.9900016784668,63.68000030517578,62.5099983215332,63.459999084472656,56.217105865478516,48657800,0.0,0.0,0.0
2012-07-24,63.56999969482422,63.65999984741211,62.54999923706055,62.959999084472656,55.7741813659668,57269700,0.0,0.0,0.0
2012-07-25,62.470001220703125,62.95000076293945,62.150001525878906,62.540000915527344,55.40211868286133,46264400,0.0,0.0,0.0
2012-07-26,63.439998626708984,63.72999954223633,62.970001220703125,63.369998931884766,56.137386322021484,41928200,0.0,0.0,0.0
2012-07-27,63.83000183105469,64.98999786376953,63.63999938964844,64.87000274658203,57.466190338134766,42621000,0.0,0.0,0.0
2012-07-30,65.02999877929688,65.30999755859375,64.5999984741211,64.81999969482422,57.421897888183594,37821300,0.0,0.0,0.0
2012-07-31,64.91999816894531,65.18000030517578,64.73999786376953,64.80000305175781,57.4041862487793,34588300,0.0,0.0,0.0
2012-08-01,65.26000213623047,65.27999877929688,64.3499984741211,64.61000061035156,57.23584747314453,30920200,0.0,0.0,0.0
2012-08-02,64.12000274658203,65.0199966430664,63.90999984741211,64.37999725341797,57.03209686279297,40534900,0.0,0.0,0.0
2012-08-03,65.41999816894531,65.87999725341797,65.19000244140625,65.5999984741211,58.11286544799805,42117400,0.0,0.0,0.0
2012-08-06,65.94000244140625,66.38999938964844,65.80000305175781,66.0999984741211,58.55580139160156,23523600,0.0,0.0,0.0
2012-08-07,66.37999725341797,66.91999816894531,66.27999877929688,66.6500015258789,59.04301452636719,28223300,0.0,0.0,0.0
2012-08-08,66.4800033569336,66.76000213623047,66.37000274658203,66.62000274658203,59.01645278930664,20723500,0.0,0.0,0.0
2012-08-09,66.61000061035156,66.91000366210938,66.48999786376953,66.81999969482422,59.193634033203125,20726200,0.0,0.0,0.0
2012-08-10,66.58000183105469,66.87999725341797,66.41000366210938,66.86000061035156,59.22906494140625,20312000,0.0,0.0,0.0
2012-08-13,66.83999633789062,67.02999877929688,66.5,67.0199966430664,59.37079620361328,19890300,0.0,0.0,0.0
2012-08-14,67.2699966430664,67.41000366210938,66.86000061035156,67.05000305175781,59.39738464355469,24218700,0.0,0.0,0.0
2012-08-15,67.0,67.31999969482422,66.98999786376953,67.22000122070312,59.547969818115234,29100400,0.0,0.0,0.0
2012-08-16,67.47000122070312,68.16999816894531,67.38999938964844,68.0199966430664,60.25667190551758,35699900,0.0,0.0,0.0
2012-08-17,68.16999816894531,68.33000183105469,68.01000213623047,68.31999969482422,60.52241897583008,22584800,0.0,0.0,0.0
2012-08-20,68.2699966430664,68.43000030517578,68.0,68.41999816894531,60.61100387573242,26924000,0.0,0.0,0.0
2012-08-21,68.5999984741211,68.87999725341797,67.87999725341797,68.1500015258789,60.37183380126953,41391000,0.0,0.0,0.0
2012-08-22,68.0,68.55999755859375,67.80999755859375,68.43000030517578,60.61988067626953,44555700,0.0,0.0,0.0
2012-08-23,68.12000274658203,68.33999633789062,67.69000244140625,67.87000274658203,60.1237907409668,28800400,0.0,0.0,0.0
2012-08-24,67.70999908447266,68.44999694824219,67.5999984741211,68.29000091552734,60.495845794677734,38384800,0.0,0.0,0.0
2012-08-27,68.58000183105469,68.66999816894531,68.25,68.4000015258789,60.59330749511719,20671400,0.0,0.0,0.0
2012-08-28,68.33999633789062,68.58999633789062,68.11000061035156,68.4000015258789,60.59330749511719,27337900,0.0,0.0,0.0
2012-08-29,68.4000015258789,68.56999969482422,68.11000061035156,68.4000015258789,60.59330749511719,26672400,0.0,0.0,0.0
2012-08-30,68.0999984741211,68.12999725341797,67.5999984741211,67.70999908447266,59.982032775878906,24425400,0.0,0.0,0.0
2012-08-31,68.19999694824219,68.44999694824219,67.47000122070312,68.16000366210938,60.38069152832031,42128000,0.0,0.0,0.0
2012-09-04,68.02999877929688,68.3499984741211,67.41999816894531,68.08999633789062,60.31868362426758,32017200,0.0,0.0,0.0
2012-09-05,68.05999755859375,68.3499984741211,67.83999633789062,68.0199966430664,60.25667190551758,26129300,0.0,0.0,0.0
2012-09-06,68.44000244140625,69.55000305175781,68.41999816894531,69.52999877929688,61.59432601928711,43100000,0.0,0.0,0.0
2012-09-07,69.37000274658203,69.55000305175781,69.2300033569336,69.43000030517578,61.505733489990234,32958600,0.0,0.0,0.0
2012-09-10,69.25,69.4000015258789,68.48999786376953,68.54000091552734,60.71733474731445,25490000,0.0,0.0,0.0
2012-09-11,68.55000305175781,68.81999969482422,68.31999969482422,68.43000030517578,60.61988067626953,29810100,0.0,0.0,0.0
2012-09-12,68.68000030517578,68.80999755859375,68.20999908447266,68.62999725341797,60.79704284667969,42203400,0.0,0.0,0.0
2012-09-13,68.69000244140625,69.86000061035156,68.62000274658203,69.55999755859375,61.62090301513672,45417800,0.0,0.0,0.0
2012-09-14,69.80999755859375,70.43000030517578,69.79000091552734,70.18000030517578,62.17015838623047,38880300,0.0,0.0,0.0
2012-09-17,70.22000122070312,70.23999786376953,69.95999908447266,70.20999908447266,62.19672775268555,31798400,0.0,0.0,0.0
2012-09-18,70.02999877929688,70.30000305175781,70.0199966430664,70.2699966430664,62.24988555908203,27169800,0.0,0.0,0.0
2012-09-19,70.26000213623047,70.58000183105469,70.05999755859375,70.4000015258789,62.36503219604492,36484600,0.0,0.0,0.0
2012-09-20,70.05999755859375,70.4000015258789,69.87000274658203,70.33000183105469,62.30302429199219,42520200,0.0,0.0,0.0
2012-09-21,70.4800033569336,70.54000091552734,70.08000183105469,70.1500015258789,62.320777893066406,23678500,0.2,0.0,0.0
2012-09-24,69.56999969482422,69.86000061035156,69.41999816894531,69.73999786376953,61.956546783447266,32341600,0.0,0.0,0.0
2012-09-25,69.91999816894531,70.08000183105469,68.7300033569336,68.76000213623047,61.085914611816406,41299600,0.0,0.0,0.0
2012-09-26,68.66999816894531,68.70999908447266,67.8499984741211,68.19999694824219,60.58840560913086,32770400,0.0,0.0,0.0
2012-09-27,68.37000274658203,69.30000305175781,68.25,69.13999938964844,61.42351150512695,25339500,0.0,0.0,0.0
2012-09-28,68.91000366210938,69.12000274658203,68.51000213623047,68.56999969482422,60.9171142578125,30112600,0.0,0.0,0.0
2012-10-01,68.9000015258789,69.33000183105469,68.25,68.47000122070312,60.82829666137695,37715300,0.0,0.0,0.0
2012-10-02,68.7699966430664,68.9800033569336,68.12999725341797,68.66999816894531,61.00596618652344,33254300,0.0,0.0,0.0
2012-10-03,68.86000061035156,69.23999786376953,68.58999633789062,69.11000061035156,61.3968620300293,38236000,0.0,0.0,0.0
2012-10-04,69.22000122070312,69.54000091552734,69.0,69.3499984741211,61.610076904296875,26128600,0.0,0.0,0.0
2012-10-05,69.69999694824219,69.80000305175781,68.80000305175781,68.9800033569336,61.281375885009766,25207900,0.0,0.0,0.0
2012-10-08,68.58000183105469,68.72000122070312,68.19000244140625,68.3499984741211,60.72169876098633,30911500,0.0,0.0,0.0
2012-10-09,68.16999816894531,68.33999633789062,67.0999984741211,67.26000213623047,59.75332260131836,67974000,0.0,0.0,0.0
2012-10-10,67.23999786376953,67.43000030517578,66.80000305175781,66.91999816894531,59.451271057128906,45134300,0.0,0.0,0.0
2012-10-11,67.41999816894531,67.47000122070312,66.66999816894531,66.70999908447266,59.26469802856445,30469400,0.0,0.0,0.0
2012-10-12,66.69999694824219,67.05999755859375,66.55000305175781,66.68000030517578,59.23805618286133,24891200,0.0,0.0,0.0
2012-10-15,66.93000030517578,67.26000213623047,66.52999877929688,67.16999816894531,59.67339324951172,22220100,0.0,0.0,0.0
2012-10-16,67.2699966430664,68.19999694824219,67.25,68.12000274658203,60.517356872558594,33960600,0.0,0.0,0.0
2012-10-17,67.7699966430664,68.30000305175781,67.68000030517578,68.08000183105469,60.48180389404297,33439400,0.0,0.0,0.0
2012-10-18,67.86000061035156,68.08000183105469,67.04000091552734,67.29000091552734,59.77998733520508,61707600,0.0,0.0,0.0
2012-10-19,67.20999908447266,67.2699966430664,65.5999984741211,65.68000030517578,58.349666595458984,75362600,0.0,0.0,0.0
2012-10-22,65.6500015258789,66.19000244140625,65.5,66.0199966430664,58.6517333984375,38621500,0.0,0.0,0.0
2012-10-23,65.4800033569336,65.94999694824219,65.19000244140625,65.38999938964844,58.0920524597168,52591200,0.0,0.0,0.0
2012-10-24,65.76000213623047,65.87000274658203,65.05999755859375,65.16000366210938,57.887699127197266,39872400,0.0,0.0,0.0
2012-10-25,65.61000061035156,65.72000122070312,64.97000122070312,65.16000366210938,57.887699127197266,52688700,0.0,0.0,0.0
2012-10-26,65.16000366210938,65.62000274658203,64.6500015258789,65.3499984741211,58.05651092529297,54213100,0.0,0.0,0.0
2012-10-31,65.2699966430664,65.38999938964844,64.7300033569336,64.94999694824219,57.70112991333008,38524500,0.0,0.0,0.0
2012-11-01,65.36000061035156,66.0,65.16999816894531,65.87000274658203,58.518463134765625,26945000,0.0,0.0,0.0
2012-11-02,66.16999816894531,66.20999908447266,65.11000061035156,65.16999816894531,57.89659118652344,44083000,0.0,0.0,0.0
2012-11-05,65.18000030517578,65.7300033569336,65.04000091552734,65.5999984741211,58.278594970703125,28094700,0.0,0.0,0.0
2012-11-06,65.70999908447266,66.16999816894531,65.45999908447266,65.72000122070312,58.38520050048828,29608400,0.0,0.0,0.0
2012-11-07,65.0199966430664,65.0999984741211,63.900001525878906,64.16999816894531,57.008209228515625,70737800,0.0,0.0,0.0
2012-11-08,64.3499984741211,64.5,63.15999984741211,63.15999984741211,56.11091995239258,58585800,0.0,0.0,0.0
2012-11-09,63.20000076293945,64.11000061035156,63.15999984741211,63.43000030517578,56.350791931152344,51542100,0.0,0.0,0.0
2012-11-12,63.79999923706055,63.869998931884766,63.25,63.41999816894531,56.34191131591797,32663700,0.0,0.0,0.0
2012-11-13,62.93000030517578,63.58000183105469,62.779998779296875,62.97999954223633,55.95099639892578,43288300,0.0,0.0,0.0
2012-11-14,63.290000915527344,63.36000061035156,62.13999938964844,62.2400016784668,55.29360580444336,82655300,0.0,0.0,0.0
2012-11-15,62.279998779296875,62.4900016784668,61.79999923706055,62.029998779296875,55.10703659057617,55124200,0.0,0.0,0.0
2012-11-16,62.08000183105469,62.47999954223633,61.310001373291016,62.29999923706055,55.34688949584961,70873100,0.0,0.0,0.0
2012-11-19,62.97999954223633,63.83000183105469,62.959999084472656,63.779998779296875,56.66172409057617,55306400,0.0,0.0,0.0
2012-11-20,63.7599983215332,63.88999938964844,63.189998626708984,63.79999923706055,56.67949295043945,52012700,0.0,0.0,0.0
2012-11-21,63.869998931884766,64.0199966430664,63.599998474121094,63.93000030517578,56.79499053955078,19611700,0.0,0.0,0.0
2012-11-23,64.29000091552734,64.91999816894531,64.25,64.9000015258789,57.65673065185547,16462900,0.0,0.0,0.0
2012-11-26,64.73999786376953,65.22000122070312,64.54000091552734,65.18000030517578,57.90548324584961,26430900,0.0,0.0,0.0
2012-11-27,65.16999816894531,65.4000015258789,64.8499984741211,64.95999908447266,57.71001434326172,25828600,0.0,0.0,0.0
2012-11-28,64.6500015258789,65.56999969482422,64.25,65.5199966430664,58.207523345947266,37295800,0.0,0.0,0.0
2012-11-29,65.87000274658203,66.13999938964844,65.58000183105469,65.91000366210938,58.554012298583984,41136100,0.0,0.0,0.0
2012-11-30,65.91999816894531,65.97000122070312,65.61000061035156,65.80000305175781,58.45625686645508,33497400,0.0,0.0,0.0
2012-12-03,66.30999755859375,66.37000274658203,65.63999938964844,65.66999816894531,58.340789794921875,28240000,0.0,0.0,0.0
2012-12-04,65.69999694824219,65.7699966430664,65.19999694824219,65.62999725341797,58.30524444580078,49584500,0.0,0.0,0.0
2012-12-05,65.52999877929688,65.54000091552734,64.55000305175781,64.9000015258789,57.65673065185547,54076200,0.0,0.0,0.0
2012-12-06,64.69999694824219,65.4800033569336,64.52999877929688,65.31999969482422,58.02983856201172,47512300,0.0,0.0,0.0
2012-12-07,65.63999938964844,65.70999908447266,64.70999908447266,64.93000030517578,57.683387756347656,30089400,0.0,0.0,0.0
2012-12-10,64.75,65.45999908447266,64.75,65.12000274658203,57.8521614074707,33219600,0.0,0.0,0.0
2012-12-11,65.56999969482422,66.33999633789062,65.5199966430664,65.97000122070312,58.6072883605957,40750800,0.0,0.0,0.0
2012-12-12,66.31999969482422,66.31999969482422,65.6500015258789,65.83000183105469,58.48295211791992,45917700,0.0,0.0,0.0
2012-12-13,65.69999694824219,66.16000366210938,65.02999877929688,65.30999755859375,58.02095031738281,45467700,0.0,0.0,0.0
2012-12-14,64.87000274658203,65.08000183105469,64.47000122070312,64.69000244140625,57.47016906738281,39630300,0.0,0.0,0.0
2012-12-17,64.75,65.56999969482422,64.66000366210938,65.55000305175781,58.23418045043945,42302900,0.0,0.0,0.0
2012-12-18,65.87999725341797,66.6500015258789,65.69999694824219,66.55000305175781,59.1225700378418,55596000,0.0,0.0,0.0
2012-12-19,66.73999786376953,66.76000213623047,66.22000122070312,66.26000213623047,58.86491775512695,34832500,0.0,0.0,0.0
2012-12-20,66.37999725341797,66.41000366210938,65.93000030517578,66.26000213623047,58.86491775512695,40754300,0.0,0.0,0.0
2012-12-21,64.87999725341797,65.27999877929688,64.5999984741211,65.19999694824219,58.24584197998047,51152900,0.367,0.0,0.0
2012-12-24,65.02999877929688,65.13999938964844,64.91999816894531,65.06999969482422,58.12971496582031,11418300,0.0,0.0,0.0
2012-12-26,65.12000274658203,65.18000030517578,64.29000091552734,64.5,57.620513916015625,21751300,0.0,0.0,0.0
2012-12-27,64.55999755859375,64.63999938964844,63.599998474121094,64.4000015258789,57.53117370605469,52933200,0.0,0.0,0.0
2012-12-28,63.90999984741211,64.43000030517578,63.75,63.779998779296875,56.9773063659668,33082100,0.0,0.0,0.0
2012-12-31,63.709999084472656,65.25,63.58000183105469,65.12999725341797,58.18330764770508,57544000,0.0,0.0,0.0
2013-01-02,66.7300033569336,67.2300033569336,66.4800033569336,67.19999694824219,60.032535552978516,70695900,0.0,0.0,0.0
2013-01-03,67.19999694824219,67.33999633789062,66.6500015258789,66.8499984741211,59.71986389160156,47366500,0.0,0.0,0.0
2013-01-04,66.87999725341797,66.87999725341797,66.47000122070312,66.62999725341797,59.52333068847656,33972500,0.0,0.0,0.0
2013-01-07,66.45999908447266,66.76000213623047,66.25,66.6500015258789,59.54119110107422,26766200,0.0,0.0,0.0
2013-01-08,66.63999938964844,66.81999969482422,66.16999816894531,66.5199966430664,59.425045013427734,28734900,0.0,0.0,0.0
2013-01-09,66.62000274658203,66.94999694824219,66.55000305175781,66.7699966430664,59.64839553833008,25600300,0.0,0.0,0.0
2013-01-10,67.2300033569336,67.2699966430664,66.55000305175781,67.16999816894531,60.00575637817383,37528000,0.0,0.0,0.0
2013-01-11,67.13999938964844,67.29000091552734,67.0,67.26000213623047,60.086124420166016,21158600,0.0,0.0,0.0
2013-01-14,66.91999816894531,67.1500015258789,66.66999816894531,66.95999908447266,59.81812286376953,36768500,0.0,0.0,0.0
2013-01-15,66.62999725341797,66.7300033569336,66.33000183105469,66.62999725341797,59.52333068847656,31675300,0.0,0.0,0.0
2013-01-16,66.72000122070312,67.12999725341797,66.5999984741211,66.9000015258789,59.76454162597656,33822300,0.0,0.0,0.0
2013-01-17,67.16999816894531,67.4800033569336,67.05999755859375,67.22000122070312,60.05038833618164,32024200,0.0,0.0,0.0
2013-01-18,67.0199966430664,67.13999938964844,66.7699966430664,67.06999969482422,59.91640090942383,31992000,0.0,0.0,0.0
2013-01-22,67.13999938964844,67.2300033569336,66.7300033569336,67.18000030517578,60.01467514038086,32123100,0.0,0.0,0.0
2013-01-23,67.55999755859375,67.79000091552734,67.45999908447266,67.58999633789062,60.38092803955078,31975700,0.0,0.0,0.0
2013-01-24,66.66000366210938,67.27999877929688,66.55999755859375,66.66000366210938,59.550140380859375,42596300,0.0,0.0,0.0
2013-01-25,66.87000274658203,67.19000244140625,66.73999786376953,67.0,59.85386657714844,39240100,0.0,0.0,0.0
2013-01-28,67.01000213623047,67.37999725341797,66.93000030517578,67.1500015258789,59.987857818603516,32926100,0.0,0.0,0.0
2013-01-29,67.06999969482422,67.30999755859375,66.62999725341797,67.16000366210938,59.996803283691406,35554700,0.0,0.0,0.0
2013-01-30,67.27999877929688,67.4800033569336,66.87000274658203,67.0199966430664,59.8717155456543,34445000,0.0,0.0,0.0
2013-01-31,66.98999786376953,67.3499984741211,66.80999755859375,66.87000274658203,59.73772048950195,34870500,0.0,0.0,0.0
2013-02-01,67.33999633789062,67.77999877929688,67.06999969482422,67.66000366210938,60.44346237182617,53120800,0.0,0.0,0.0
2013-02-04,67.2699966430664,67.45999908447266,66.45999908447266,66.4800033569336,59.38933563232422,48483700,0.0,0.0,0.0
2013-02-05,66.7699966430664,67.66999816894531,66.61000061035156,67.45999908447266,60.26481246948242,35120300,0.0,0.0,0.0
2013-02-06,67.23999786376953,67.55000305175781,67.04000091552734,67.23999786376953,60.068267822265625,43593200,0.0,0.0,0.0
2013-02-07,67.31999969482422,67.37000274658203,66.55999755859375,67.30000305175781,60.12186050415039,46017900,0.0,0.0,0.0
2013-02-08,67.63999938964844,68.12999725341797,67.62999725341797,67.98999786376953,60.73828887939453,39837200,0.0,0.0,0.0
2013-02-11,68.02999877929688,68.05999755859375,67.77999877929688,68.01000213623047,60.756141662597656,17650400,0.0,0.0,0.0
2013-02-12,67.91999816894531,68.05000305175781,67.66000366210938,67.7300033569336,60.50600814819336,22057900,0.0,0.0,0.0
2013-02-13,67.93000030517578,68.2300033569336,67.7699966430664,67.97000122070312,60.720394134521484,23494700,0.0,0.0,0.0
2013-02-14,67.66000366210938,68.05000305175781,67.62000274658203,67.94999694824219,60.702545166015625,24478800,0.0,0.0,0.0
2013-02-15,67.94000244140625,68.11000061035156,67.55999755859375,67.75,60.52385711669922,25333600,0.0,0.0,0.0
2013-02-19,67.87999725341797,68.26000213623047,67.86000061035156,68.23999786376953,60.96162796020508,23436500,0.0,0.0,0.0
2013-02-20,68.22000122070312,68.25,67.18000030517578,67.19000244140625,60.023616790771484,38200300,0.0,0.0,0.0
2013-02-21,66.94000244140625,67.01000213623047,66.2300033569336,66.47000122070312,59.38039016723633,45855600,0.0,0.0,0.0
2013-02-22,66.8499984741211,67.1500015258789,66.58999633789062,67.13999938964844,59.97892761230469,21968000,0.0,0.0,0.0
2013-02-25,67.56999969482422,67.80999755859375,66.25,66.30999755859375,59.23745346069336,40927600,0.0,0.0,0.0
2013-02-26,66.4000015258789,66.68000030517578,65.95999908447266,66.55999755859375,59.4608039855957,42088800,0.0,0.0,0.0
2013-02-27,66.55999755859375,67.6500015258789,66.47000122070312,67.23999786376953,60.068267822265625,36339500,0.0,0.0,0.0
2013-02-28,67.25,67.73999786376953,67.08999633789062,67.0999984741211,59.94317626953125,28557300,0.0,0.0,0.0
2013-03-01,66.87000274658203,67.5,66.54000091552734,67.37999725341797,60.193336486816406,31617200,0.0,0.0,0.0
2013-03-04,67.16000366210938,67.69000244140625,67.06999969482422,67.68000030517578,60.46132278442383,19380500,0.0,0.0,0.0
2013-03-05,68.08000183105469,68.7699966430664,68.08000183105469,68.68000030517578,61.35466384887695,35581900,0.0,0.0,0.0
2013-03-06,68.88999938964844,68.91000366210938,68.41999816894531,68.51000213623047,61.202823638916016,29071100,0.0,0.0,0.0
2013-03-07,68.58999633789062,68.80000305175781,68.44999694824219,68.69000244140625,61.363616943359375,21775900,0.0,0.0,0.0
2013-03-08,68.91999816894531,69.0199966430664,68.5,68.7699966430664,61.4350700378418,26159900,0.0,0.0,0.0
2013-03-11,68.68000030517578,68.98999786376953,68.47000122070312,68.97000122070312,61.613765716552734,23187900,0.0,0.0,0.0
2013-03-12,68.7699966430664,68.93000030517578,68.38999938964844,68.72000122070312,61.39043426513672,27575400,0.0,0.0,0.0
2013-03-13,68.80999755859375,68.88999938964844,68.38999938964844,68.62999725341797,61.30999755859375,34297300,0.0,0.0,0.0
2013-03-14,68.87000274658203,69.01000213623047,68.70999908447266,68.86000061035156,61.51548767089844,31530800,0.0,0.0,0.0
2013-03-15,68.75,68.79000091552734,68.33999633789062,68.51000213623047,61.344459533691406,30752600,0.159,0.0,0.0
2013-03-18,67.87999725341797,68.63999938964844,67.7300033569336,68.36000061035156,61.21012878417969,36163000,0.0,0.0,0.0
2013-03-19,68.56999969482422,68.69999694824219,67.62000274658203,68.2300033569336,61.093727111816406,33125100,0.0,0.0,0.0
2013-03-20,68.70999908447266,68.86000061035156,68.38999938964844,68.70999908447266,61.523536682128906,28035400,0.0,0.0,0.0
2013-03-21,68.08000183105469,68.25,67.7699966430664,67.93000030517578,60.82510757446289,30050800,0.0,0.0,0.0
2013-03-22,68.20999908447266,68.63999938964844,68.12999725341797,68.58999633789062,61.41606140136719,28837200,0.0,0.0,0.0
2013-03-25,68.80999755859375,68.95999908447266,68.01000213623047,68.33999633789062,61.192237854003906,24909800,0.0,0.0,0.0
2013-03-26,68.5999984741211,68.7300033569336,68.44999694824219,68.70999908447266,61.523536682128906,19725200,0.0,0.0,0.0
2013-03-27,68.23999786376953,68.8499984741211,68.13999938964844,68.80000305175781,61.60410690307617,22539500,0.0,0.0,0.0
2013-03-28,68.80000305175781,69.05999755859375,68.63999938964844,68.97000122070312,61.75634765625,23662800,0.0,0.0,0.0
2013-04-01,69.0199966430664,69.08999633789062,68.30999755859375,68.5,61.335479736328125,28112800,0.0,0.0,0.0
2013-04-02,68.83000183105469,69.2699966430664,68.7699966430664,69.04000091552734,61.818992614746094,29431900,0.0,0.0,0.0
2013-04-03,69.08000183105469,69.18000030517578,68.23999786376953,68.41000366210938,61.25490188598633,35131200,0.0,0.0,0.0
2013-04-04,68.37999725341797,68.5999984741211,68.05999755859375,68.43000030517578,61.272830963134766,32287400,0.0,0.0,0.0
2013-04-05,67.3499984741211,67.95999908447266,67.19000244140625,67.86000061035156,60.76244354248047,55610800,0.0,0.0,0.0
2013-04-08,67.88999938964844,68.23999786376953,67.69000244140625,68.22000122070312,61.08477783203125,17891600,0.0,0.0,0.0
2013-04-09,68.4000015258789,68.95999908447266,68.08999633789062,68.68000030517578,61.496681213378906,30931400,0.0,0.0,0.0
2013-04-10,68.91999816894531,70.16999816894531,68.87999725341797,70.0199966430664,62.69651794433594,55271300,0.0,0.0,0.0
2013-04-11,69.8499984741211,70.1500015258789,69.7699966430664,69.98999786376953,62.6696662902832,37233600,0.0,0.0,0.0
2013-04-12,69.81999969482422,69.98999786376953,69.41000366210938,69.94000244140625,62.62489318847656,32783700,0.0,0.0,0.0
2013-04-15,69.68000030517578,69.79000091552734,68.4800033569336,68.55999755859375,61.389198303222656,48795800,0.0,0.0,0.0
2013-04-16,68.94999694824219,69.55000305175781,68.80999755859375,69.47000122070312,62.20405197143555,27682600,0.0,0.0,0.0
2013-04-17,68.87000274658203,68.88999938964844,67.70999908447266,68.11000061035156,60.986289978027344,60204800,0.0,0.0,0.0
2013-04-18,68.29000091552734,68.33000183105469,66.87999725341797,67.16999816894531,60.14461898803711,56798200,0.0,0.0,0.0
2013-04-19,67.30000305175781,68.2300033569336,67.19999694824219,68.08999633789062,60.96840286254883,43062800,0.0,0.0,0.0
2013-04-22,68.33000183105469,69.04000091552734,68.08000183105469,68.79000091552734,61.595184326171875,34412100,0.0,0.0,0.0
2013-04-23,69.18000030517578,69.69999694824219,68.81999969482422,69.44999694824219,62.18611145019531,53078300,0.0,0.0,0.0
2013-04-24,69.27999877929688,69.66999816894531,69.12000274658203,69.41999816894531,62.15928268432617,44500700,0.0,0.0,0.0
2013-04-25,69.5999984741211,70.05000305175781,69.58999633789062,69.79000091552734,62.490577697753906,26437100,0.0,0.0,0.0
2013-04-26,69.62000274658203,69.7699966430664,69.2699966430664,69.56999969482422,62.2935791015625,24079800,0.0,0.0,0.0
2013-04-29,69.79000091552734,70.4800033569336,69.76000213623047,70.20999908447266,62.86665725708008,31664000,0.0,0.0,0.0
2013-04-30,70.30000305175781,70.7300033569336,70.04000091552734,70.72000122070312,63.32331085205078,30135800,0.0,0.0,0.0
2013-05-01,70.73999786376953,70.8499984741211,70.25,70.38999938964844,63.02783966064453,28537200,0.0,0.0,0.0
2013-05-02,70.51000213623047,71.43000030517578,70.44999694824219,71.27999877929688,63.824703216552734,31744200,0.0,0.0,0.0
2013-05-03,71.97000122070312,72.33999633789062,71.91000366210938,72.12000274658203,64.576904296875,34061700,0.0,0.0,0.0
2013-05-06,72.25,72.51000213623047,72.19000244140625,72.4000015258789,64.82759094238281,19244300,0.0,0.0,0.0
2013-05-07,72.5199966430664,72.56999969482422,72.08999633789062,72.36000061035156,64.79180145263672,25838100,0.0,0.0,0.0
2013-05-08,72.31999969482422,72.7699966430664,72.19999694824219,72.70999908447266,65.10516357421875,24252100,0.0,0.0,0.0
2013-05-09,72.56999969482422,73.0999984741211,72.47000122070312,72.61000061035156,65.015625,29337200,0.0,0.0,0.0
2013-05-10,72.76000213623047,73.08000183105469,72.62999725341797,73.05000305175781,65.40957641601562,20663700,0.0,0.0,0.0
2013-05-13,72.93000030517578,73.31999969482422,72.86000061035156,73.13999938964844,65.4902114868164,29730100,0.0,0.0,0.0
2013-05-14,73.16000366210938,73.73999786376953,73.12999725341797,73.5199966430664,65.8304672241211,36009800,0.0,0.0,0.0
2013-05-15,73.37999725341797,73.73999786376953,73.19999694824219,73.66999816894531,65.96478271484375,27214400,0.0,0.0,0.0
2013-05-16,73.7300033569336,74.0999984741211,73.55000305175781,73.58999633789062,65.89315795898438,27253400,0.0,0.0,0.0
2013-05-17,73.97000122070312,74.33000183105469,73.7300033569336,74.30000305175781,66.52890014648438,31114500,0.0,0.0,0.0
2013-05-20,74.16000366210938,74.43000030517578,73.88999938964844,74.19000244140625,66.43038177490234,25132400,0.0,0.0,0.0
2013-05-21,74.1500015258789,74.54000091552734,73.88999938964844,74.2699966430664,66.50199127197266,25900000,0.0,0.0,0.0
2013-05-22,74.36000061035156,74.94999694824219,73.23999786376953,73.62000274658203,65.91999053955078,59843200,0.0,0.0,0.0
2013-05-23,72.97000122070312,73.69999694824219,72.83000183105469,73.44999694824219,65.76774597167969,48222100,0.0,0.0,0.0
2013-05-24,72.95999908447266,73.43000030517578,72.76000213623047,73.41000366210938,65.73198699951172,26430300,0.0,0.0,0.0
2013-05-28,74.2699966430664,74.54000091552734,73.66000366210938,73.88999938964844,66.16175079345703,27057100,0.0,0.0,0.0
2013-05-29,73.5999984741211,73.80000305175781,73.12000274658203,73.54000091552734,65.84837341308594,32090300,0.0,0.0,0.0
2013-05-30,73.56999969482422,74.27999877929688,73.55000305175781,73.93000030517578,66.19758605957031,32390500,0.0,0.0,0.0
2013-05-31,73.6500015258789,74.20999908447266,73.16999816894531,73.25,65.5887222290039,38347600,0.0,0.0,0.0
2013-06-03,73.26000213623047,73.4000015258789,72.43000030517578,73.37999725341797,65.7050552368164,47613100,0.0,0.0,0.0
2013-06-04,73.52999877929688,73.81999969482422,72.69999694824219,73.0,65.36483764648438,35251900,0.0,0.0,0.0
2013-06-05,72.76000213623047,73.04000091552734,71.98999786376953,72.05000305175781,64.51417541503906,48654200,0.0,0.0,0.0
2013-06-06,72.1500015258789,72.41000366210938,71.47000122070312,72.4000015258789,64.82759094238281,62524100,0.0,0.0,0.0
2013-06-07,72.69999694824219,73.47000122070312,72.5199966430664,73.38999938964844,65.71408081054688,31969800,0.0,0.0,0.0
2013-06-10,73.52999877929688,73.76000213623047,73.26000213623047,73.41999816894531,65.74091339111328,25390000,0.0,0.0,0.0
2013-06-11,72.69000244140625,73.33999633789062,72.44000244140625,72.69000244140625,65.08726501464844,40278900,0.0,0.0,0.0
2013-06-12,73.11000061035156,73.13999938964844,71.73999786376953,71.8499984741211,64.33514404296875,42081900,0.0,0.0,0.0
2013-06-13,71.75,72.91999816894531,71.55000305175781,72.76000213623047,65.14995574951172,28221500,0.0,0.0,0.0
2013-06-14,72.76000213623047,72.83999633789062,72.16999816894531,72.27999877929688,64.72013092041016,27690700,0.0,0.0,0.0
2013-06-17,72.8499984741211,73.4000015258789,72.5999984741211,72.9800033569336,65.346923828125,32441900,0.0,0.0,0.0
2013-06-18,73.08000183105469,73.72000122070312,73.05999755859375,73.58000183105469,65.88420104980469,24853100,0.0,0.0,0.0
2013-06-19,73.5999984741211,73.68000030517578,72.68000030517578,72.76000213623047,65.14995574951172,43145100,0.0,0.0,0.0
2013-06-20,71.91999816894531,72.16000366210938,70.79000091552734,71.02999877929688,63.600887298583984,60908400,0.0,0.0,0.0
2013-06-21,70.77999877929688,70.97000122070312,69.83999633789062,70.43000030517578,63.26315689086914,51558900,0.224,0.0,0.0
2013-06-24,69.8499984741211,70.2699966430664,69.1500015258789,69.7300033569336,62.6343879699707,41492300,0.0,0.0,0.0
2013-06-25,70.4000015258789,70.5199966430664,69.80999755859375,70.23999786376953,63.092491149902344,28897400,0.0,0.0,0.0
2013-06-26,70.83999633789062,71.0,70.58999633789062,70.87000274658203,63.65835952758789,23742300,0.0,0.0,0.0
2013-06-27,71.23999786376953,71.62000274658203,71.12999725341797,71.16999816894531,63.9278450012207,23545000,0.0,0.0,0.0
2013-06-28,70.94999694824219,71.69000244140625,70.79000091552734,71.2699966430664,64.0177001953125,28301100,0.0,0.0,0.0
2013-07-01,71.75,72.30000305175781,71.63999938964844,71.70999908447266,64.41287994384766,24942800,0.0,0.0,0.0
2013-07-02,71.68000030517578,72.18000030517578,71.3499984741211,71.73999786376953,64.43985748291016,23067900,0.0,0.0,0.0
2013-07-03,71.4800033569336,72.37000274658203,71.41999816894531,72.02999877929688,64.7003402709961,18847500,0.0,0.0,0.0
2013-07-05,72.44000244140625,72.61000061035156,71.86000061035156,72.58000183105469,65.19438934326172,28795900,0.0,0.0,0.0
2013-07-08,72.95999908447266,72.98999786376953,72.37999725341797,72.6500015258789,65.25724792480469,20558500,0.0,0.0,0.0
2013-07-09,72.98999786376953,73.25,72.6500015258789,73.08999633789062,65.65245819091797,26108600,0.0,0.0,0.0
2013-07-10,73.0199966430664,73.62000274658203,72.9800033569336,73.51000213623047,66.02971649169922,25598900,0.0,0.0,0.0
2013-07-11,74.30000305175781,75.02999877929688,74.25,74.97000122070312,67.3411636352539,47768900,0.0,0.0,0.0
2013-07-12,75.0199966430664,75.3499984741211,74.81999969482422,75.30000305175781,67.63758850097656,31412600,0.0,0.0,0.0
2013-07-15,75.37999725341797,75.5199966430664,75.16999816894531,75.47000122070312,67.790283203125,19783600,0.0,0.0,0.0
2013-07-16,75.52999877929688,75.58999633789062,75.18000030517578,75.37000274658203,67.70046997070312,31747100,0.0,0.0,0.0
2013-07-17,75.5999984741211,75.73999786376953,75.3499984741211,75.55999755859375,67.8711166381836,24631500,0.0,0.0,0.0
2013-07-18,75.55000305175781,75.73999786376953,75.25,75.37000274658203,67.70046997070312,36278800,0.0,0.0,0.0
2013-07-19,74.72000122070312,74.73999786376953,74.37000274658203,74.58999633789062,66.99981689453125,37732400,0.0,0.0,0.0
2013-07-22,74.87000274658203,74.9800033569336,74.58000183105469,74.80999755859375,67.19744110107422,21135900,0.0,0.0,0.0
2013-07-23,74.94999694824219,74.95999908447266,74.19999694824219,74.26000213623047,66.70342254638672,24739500,0.0,0.0,0.0
2013-07-24,74.98999786376953,75.0199966430664,74.33000183105469,74.5,66.91899108886719,24426900,0.0,0.0,0.0
2013-07-25,74.8499984741211,75.05999755859375,74.45999908447266,74.97000122070312,67.3411636352539,23162200,0.0,0.0,0.0
2013-07-26,74.66999816894531,75.37999725341797,74.55000305175781,75.37000274658203,67.70046997070312,20885600,0.0,0.0,0.0
2013-07-29,75.22000122070312,75.54000091552734,75.02999877929688,75.2300033569336,67.57473754882812,20958400,0.0,0.0,0.0
2013-07-30,75.5,75.94999694824219,75.3499984741211,75.62999725341797,67.93402099609375,24104600,0.0,0.0,0.0
2013-07-31,75.77999877929688,76.20999908447266,75.62999725341797,75.7699966430664,68.05973815917969,25007600,0.0,0.0,0.0
2013-08-01,76.29000091552734,76.6500015258789,76.20999908447266,76.54000091552734,68.75141143798828,16880000,0.0,0.0,0.0
2013-08-02,76.55000305175781,76.98999786376953,76.37999725341797,76.97000122070312,69.1376724243164,18105300,0.0,0.0,0.0
2013-08-05,76.93000030517578,77.08000183105469,76.77999877929688,77.0199966430664,69.18254089355469,15462800,0.0,0.0,0.0
2013-08-06,76.91999816894531,76.98999786376953,76.25,76.55999755859375,68.76937103271484,23675400,0.0,0.0,0.0
2013-08-07,76.33999633789062,76.56999969482422,75.87000274658203,76.41999816894531,68.64362335205078,20281200,0.0,0.0,0.0
2013-08-08,76.83999633789062,76.9800033569336,76.30000305175781,76.80000305175781,68.98491668701172,19994000,0.0,0.0,0.0
2013-08-09,76.66999816894531,76.94000244140625,76.2699966430664,76.48999786376953,68.70649719238281,18558500,0.0,0.0,0.0
2013-08-12,76.19999694824219,76.80999755859375,76.19000244140625,76.66999816894531,68.86817932128906,20515900,0.0,0.0,0.0
2013-08-13,76.7699966430664,77.2699966430664,76.22000122070312,77.0999984741211,69.25444030761719,23917000,0.0,0.0,0.0
2013-08-14,77.06999969482422,77.18000030517578,76.69999694824219,76.80999755859375,68.9939193725586,29921000,0.0,0.0,0.0
2013-08-15,75.94999694824219,75.98999786376953,75.29000091552734,75.51000213623047,67.82621002197266,39406600,0.0,0.0,0.0
2013-08-16,75.5199966430664,75.87000274658203,75.3499984741211,75.4800033569336,67.79925537109375,23825000,0.0,0.0,0.0
2013-08-19,75.48999786376953,76.12999725341797,75.33000183105469,75.3499984741211,67.68247985839844,29586900,0.0,0.0,0.0
2013-08-20,75.48999786376953,76.02999877929688,75.43000030517578,75.68000030517578,67.9789047241211,18842800,0.0,0.0,0.0
2013-08-21,75.44000244140625,76.08999633789062,75.13999938964844,75.41999816894531,67.74536895751953,30705100,0.0,0.0,0.0
2013-08-22,75.75,76.20999908447266,75.70999908447266,76.16000366210938,68.41006469726562,17269500,0.0,0.0,0.0
2013-08-23,76.69999694824219,76.7699966430664,76.4000015258789,76.66999816894531,68.86817932128906,20697300,0.0,0.0,0.0
2013-08-26,76.7300033569336,77.27999877929688,76.55000305175781,76.70999908447266,68.90410614013672,27525500,0.0,0.0,0.0
2013-08-27,75.80000305175781,76.18000030517578,74.95999908447266,75.13999938964844,67.4938735961914,40068900,0.0,0.0,0.0
2013-08-28,75.05000305175781,75.75,75.05000305175781,75.43000030517578,67.75434112548828,20490400,0.0,0.0,0.0
2013-08-29,75.41000366210938,76.33999633789062,75.30000305175781,75.95999908447266,68.2303695678711,27287900,0.0,0.0,0.0
2013-08-30,76.04000091552734,76.04000091552734,75.19999694824219,75.47000122070312,67.790283203125,26228500,0.0,0.0,0.0
2013-09-03,76.08999633789062,76.44000244140625,75.54000091552734,75.9000015258789,68.17654418945312,27241500,0.0,0.0,0.0
2013-09-04,76.16000366210938,76.83999633789062,75.93000030517578,76.70999908447266,68.90410614013672,27142900,0.0,0.0,0.0
2013-09-05,76.76000213623047,77.05999755859375,76.7300033569336,76.83999633789062,69.02088165283203,17809700,0.0,0.0,0.0
2013-09-06,77.0999984741211,77.33999633789062,76.05000305175781,76.93000030517578,69.10171508789062,27715100,0.0,0.0,0.0
2013-09-09,77.26000213623047,77.95999908447266,77.2300033569336,77.83000183105469,69.9101333618164,25161900,0.0,0.0,0.0
2013-09-10,78.27999877929688,78.31999969482422,77.91999816894531,78.20999908447266,70.25147247314453,27619400,0.0,0.0,0.0
2013-09-11,77.69000244140625,78.11000061035156,77.58999633789062,78.05999755859375,70.11673736572266,28132900,0.0,0.0,0.0
2013-09-12,78.08000183105469,78.25,77.8499984741211,78.01000213623047,70.07182312011719,18332700,0.0,0.0,0.0
2013-09-13,78.08999633789062,78.13999938964844,77.63999938964844,78.05999755859375,70.11673736572266,16932500,0.0,0.0,0.0
2013-09-16,78.72000122070312,78.72000122070312,77.66999816894531,77.8499984741211,69.92811584472656,25704300,0.0,0.0,0.0
2013-09-17,78.0199966430664,78.47000122070312,77.9800033569336,78.37000274658203,70.39518737792969,27174300,0.0,0.0,0.0
2013-09-18,78.48999786376953,79.47000122070312,78.33000183105469,79.30999755859375,71.23955535888672,31714700,0.0,0.0,0.0
2013-09-19,79.55999755859375,79.69000244140625,79.36000061035156,79.5,71.4101791381836,26435700,0.0,0.0,0.0
2013-09-20,79.44999694824219,79.54000091552734,78.94999694824219,78.98999786376953,71.16515350341797,26328900,0.238,0.0,0.0
2013-09-23,79.31999969482422,79.41000366210938,78.45999908447266,78.83000183105469,71.02099609375,30319400,0.0,0.0,0.0
2013-09-24,79.0,79.25,78.56999969482422,78.83000183105469,71.02099609375,21871300,0.0,0.0,0.0
2013-09-25,78.88999938964844,79.0,78.4000015258789,78.55999755859375,70.77774047851562,22746400,0.0,0.0,0.0
2013-09-26,78.87999725341797,79.36000061035156,78.8499984741211,79.16999816894531,71.32732391357422,22421700,0.0,0.0,0.0
2013-09-27,78.70999908447266,79.20999908447266,78.58999633789062,79.06999969482422,71.23726654052734,25151600,0.0,0.0,0.0
2013-09-30,78.25,79.08999633789062,78.0,78.87999725341797,71.06603240966797,28031900,0.0,0.0,0.0
2013-10-01,78.88999938964844,79.72000122070312,78.8499984741211,79.68000030517578,71.78681182861328,33129700,0.0,0.0,0.0
2013-10-02,79.13999938964844,79.76000213623047,79.05999755859375,79.6500015258789,71.75977325439453,25503800,0.0,0.0,0.0
2013-10-03,79.55000305175781,79.72000122070312,78.30000305175781,78.72000122070312,70.92189025878906,42998200,0.0,0.0,0.0
2013-10-04,78.72000122070312,79.51000213623047,78.6500015258789,79.4000015258789,71.53450775146484,22852700,0.0,0.0,0.0
2013-10-07,78.69999694824219,79.3499984741211,78.66999816894531,78.73999786376953,70.93990325927734,20227100,0.0,0.0,0.0
2013-10-08,78.73999786376953,78.80999755859375,77.19000244140625,77.22000122070312,69.57048034667969,43660700,0.0,0.0,0.0
2013-10-09,77.4000015258789,77.44000244140625,76.3499984741211,76.9800033569336,69.35425567626953,64526700,0.0,0.0,0.0
2013-10-10,77.80999755859375,78.79000091552734,77.79000091552734,78.61000061035156,70.82279205322266,48062700,0.0,0.0,0.0
2013-10-11,78.41000366210938,79.29000091552734,78.4000015258789,79.2300033569336,71.38138580322266,25214100,0.0,0.0,0.0
2013-10-14,78.73999786376953,79.79000091552734,78.68000030517578,79.79000091552734,71.88589477539062,31471900,0.0,0.0,0.0
2013-10-15,79.7300033569336,80.11000061035156,79.37999725341797,79.4800033569336,71.60662841796875,38684000,0.0,0.0,0.0
2013-10-16,79.8499984741211,80.41999816894531,79.79000091552734,80.37999725341797,72.41744995117188,46735900,0.0,0.0,0.0
2013-10-17,80.0199966430664,80.87000274658203,79.94999694824219,80.83999633789062,72.83189392089844,32193500,0.0,0.0,0.0
2013-10-18,81.58000183105469,82.18000030517578,81.3499984741211,82.1500015258789,74.01213836669922,39628200,0.0,0.0,0.0
2013-10-21,82.33999633789062,82.54000091552734,82.06999969482422,82.33000183105469,74.17428588867188,31176900,0.0,0.0,0.0
2013-10-22,82.6500015258789,82.9000015258789,81.93000030517578,82.44999694824219,74.28239440917969,43944800,0.0,0.0,0.0
2013-10-23,82.05000305175781,82.19999694824219,81.55000305175781,81.94999694824219,73.8319320678711,38021300,0.0,0.0,0.0
2013-10-24,82.0,82.4800033569336,81.87999725341797,82.30999755859375,74.15624237060547,23155100,0.0,0.0,0.0
2013-10-25,83.08000183105469,83.27999877929688,82.5,82.9000015258789,74.68782043457031,35824500,0.0,0.0,0.0
2013-10-28,82.91000366210938,83.05000305175781,82.55000305175781,82.91999816894531,74.70586395263672,28618400,0.0,0.0,0.0
2013-10-29,83.19999694824219,83.26000213623047,82.69999694824219,83.05999755859375,74.83195495605469,36878100,0.0,0.0,0.0
2013-10-30,83.3499984741211,83.48999786376953,82.58000183105469,82.9800033569336,74.7599105834961,33535500,0.0,0.0,0.0
2013-10-31,82.7699966430664,83.30000305175781,82.4800033569336,82.79000091552734,74.58869171142578,31309900,0.0,0.0,0.0
2013-11-01,83.06999969482422,83.16999816894531,82.4000015258789,82.80999755859375,74.60675048828125,30867800,0.0,0.0,0.0
2013-11-04,83.05999755859375,83.06999969482422,82.63999938964844,82.93000030517578,74.7148666381836,16834000,0.0,0.0,0.0
2013-11-05,82.61000061035156,83.22000122070312,82.37000274658203,83.0199966430664,74.79590606689453,27975600,0.0,0.0,0.0
2013-11-06,83.37000274658203,83.4000015258789,82.7300033569336,83.0,74.77789306640625,25576800,0.0,0.0,0.0
2013-11-07,83.01000213623047,83.12999725341797,81.37000274658203,81.44000244140625,73.3724136352539,52173200,0.0,0.0,0.0
2013-11-08,81.73999786376953,82.55999755859375,81.51000213623047,82.54000091552734,74.36349487304688,31470500,0.0,0.0,0.0
2013-11-11,82.41999816894531,82.63999938964844,82.13999938964844,82.41000366210938,74.24635314941406,24822900,0.0,0.0,0.0
2013-11-12,82.16000366210938,82.66000366210938,82.12000274658203,82.54000091552734,74.36349487304688,20108500,0.0,0.0,0.0
2013-11-13,82.0,83.55000305175781,82.0,83.54000091552734,75.26439666748047,31345900,0.0,0.0,0.0
2013-11-14,83.31999969482422,83.86000061035156,83.13999938964844,83.80000305175781,75.49864196777344,31101200,0.0,0.0,0.0
2013-11-15,83.81999969482422,83.95999908447266,83.61000061035156,83.95999908447266,75.64280700683594,20511300,0.0,0.0,0.0
2013-11-18,83.94000244140625,84.11000061035156,82.9800033569336,83.13999938964844,74.90403747558594,31679600,0.0,0.0,0.0
2013-11-19,83.08999633789062,83.48999786376953,82.76000213623047,82.9000015258789,74.68782043457031,25545300,0.0,0.0,0.0
2013-11-20,83.12000274658203,83.43000030517578,82.45999908447266,82.69999694824219,74.50763702392578,32177400,0.0,0.0,0.0
2013-11-21,83.05000305175781,83.61000061035156,82.9800033569336,83.54000091552734,75.26439666748047,28125000,0.0,0.0,0.0
2013-11-22,83.68000030517578,84.0199966430664,83.62000274658203,83.98999786376953,75.66983795166016,25361300,0.0,0.0,0.0
2013-11-25,84.29000091552734,84.37999725341797,83.9800033569336,84.19000244140625,75.85004425048828,21695100,0.0,0.0,0.0
2013-11-26,84.20999908447266,84.83999633789062,84.02999877929688,84.62999725341797,76.2464599609375,26621000,0.0,0.0,0.0
2013-11-27,84.80000305175781,85.23999786376953,84.7300033569336,85.22000122070312,76.77801513671875,21638100,0.0,0.0,0.0
2013-11-29,85.55999755859375,85.83999633789062,85.47000122070312,85.7300033569336,77.23747253417969,16708900,0.0,0.0,0.0
2013-12-02,85.83000183105469,85.95999908447266,85.3499984741211,85.4800033569336,77.0122299194336,26354600,0.0,0.0,0.0
2013-12-03,85.41999816894531,85.63999938964844,85.08000183105469,85.41000366210938,76.94918823242188,37147000,0.0,0.0,0.0
2013-12-04,85.05000305175781,85.7699966430664,84.77999877929688,85.48999786376953,77.0212173461914,37193200,0.0,0.0,0.0
2013-12-05,85.55999755859375,85.66000366210938,85.16999816894531,85.37999725341797,76.92215728759766,39829300,0.0,0.0,0.0
2013-12-06,86.0999984741211,86.18000030517578,85.58999633789062,86.0,77.48075103759766,36842900,0.0,0.0,0.0
2013-12-09,86.3499984741211,86.52999877929688,86.19999694824219,86.3499984741211,77.79606628417969,22590000,0.0,0.0,0.0
2013-12-10,86.20999908447266,86.44999694824219,86.12000274658203,86.29000091552734,77.74197387695312,26965900,0.0,0.0,0.0
2013-12-11,86.27999877929688,86.4000015258789,85.05999755859375,85.18000030517578,76.74198150634766,36830600,0.0,0.0,0.0
2013-12-12,85.20999908447266,85.41999816894531,84.9000015258789,84.95999908447266,76.54373168945312,33662600,0.0,0.0,0.0
2013-12-13,85.36000061035156,85.4000015258789,84.70999908447266,84.8499984741211,76.44463348388672,34072000,0.0,0.0,0.0
2013-12-16,85.2699966430664,85.80999755859375,85.20999908447266,85.31999969482422,76.86810302734375,24902500,0.0,0.0,0.0
2013-12-17,85.31999969482422,85.52999877929688,84.98999786376953,85.1500015258789,76.71495819091797,24454900,0.0,0.0,0.0
2013-12-18,85.25,86.22000122070312,84.05000305175781,86.13999938964844,77.60681915283203,68387200,0.0,0.0,0.0
2013-12-19,86.0,86.01000213623047,85.5199966430664,85.9000015258789,77.3906478881836,44964100,0.0,0.0,0.0
2013-12-20,85.79000091552734,86.68000030517578,85.7300033569336,86.5,78.17876434326172,40475400,0.272,0.0,0.0
2013-12-23,87.20999908447266,87.41000366210938,86.94999694824219,87.41000366210938,79.00119018554688,28181800,0.0,0.0,0.0
2013-12-24,87.43000030517578,87.51000213623047,87.2699966430664,87.44999694824219,79.03736877441406,13852500,0.0,0.0,0.0
2013-12-26,87.61000061035156,87.80999755859375,87.44000244140625,87.73999786376953,79.29944610595703,15241100,0.0,0.0,0.0
2013-12-27,87.8499984741211,87.9000015258789,87.41000366210938,87.5199966430664,79.1006088256836,15827400,0.0,0.0,0.0
2013-12-30,87.38999938964844,87.51000213623047,87.13999938964844,87.38999938964844,78.9831314086914,18983700,0.0,0.0,0.0
2013-12-31,87.55000305175781,87.95999908447266,87.5199966430664,87.95999908447266,79.49829864501953,24890500,0.0,0.0,0.0
2014-01-02,87.55000305175781,87.58000183105469,87.0199966430664,87.2699966430664,78.87467193603516,29177500,0.0,0.0,0.0
2014-01-03,87.2699966430664,87.3499984741211,86.62000274658203,86.63999938964844,78.30525970458984,35723700,0.0,0.0,0.0
2014-01-06,86.66000366210938,86.76000213623047,86.0,86.31999969482422,78.01606750488281,32073100,0.0,0.0,0.0
2014-01-07,86.72000122070312,87.25,86.55999755859375,87.12000274658203,78.7391128540039,25860600,0.0,0.0,0.0
2014-01-08,87.13999938964844,87.55000305175781,86.94999694824219,87.30999755859375,78.91081237792969,27197400,0.0,0.0,0.0
2014-01-09,87.62999725341797,87.63999938964844,86.72000122070312,87.0199966430664,78.64871978759766,23674700,0.0,0.0,0.0
2014-01-10,87.2300033569336,87.4000015258789,86.58000183105469,87.30000305175781,78.90181732177734,38008900,0.0,0.0,0.0
2014-01-13,87.18000030517578,87.4800033569336,85.68000030517578,86.01000213623047,77.73588562011719,48842300,0.0,0.0,0.0
2014-01-14,86.30000305175781,87.72000122070312,86.30000305175781,87.6500015258789,79.21813201904297,37178900,0.0,0.0,0.0
2014-01-15,88.02999877929688,88.54000091552734,87.94000244140625,88.37000274658203,79.86885833740234,39835600,0.0,0.0,0.0
2014-01-16,88.30000305175781,88.51000213623047,88.16000366210938,88.37999725341797,79.87789916992188,31630100,0.0,0.0,0.0
2014-01-17,88.11000061035156,88.37000274658203,87.66999816894531,87.87999725341797,79.42598724365234,36895800,0.0,0.0,0.0
2014-01-21,88.44000244140625,88.58999633789062,87.80999755859375,88.55000305175781,80.03153991699219,26412700,0.0,0.0,0.0
2014-01-22,88.77999877929688,89.0,88.5199966430664,88.77999877929688,80.23942565917969,29376900,0.0,0.0,0.0
2014-01-23,88.51000213623047,88.5199966430664,87.86000061035156,88.4800033569336,79.96827697753906,35011900,0.0,0.0,0.0
2014-01-24,88.05000305175781,88.18000030517578,86.70999908447266,86.73999786376953,78.39566040039062,63974600,0.0,0.0,0.0
2014-01-27,86.73999786376953,86.88999938964844,85.25,85.9000015258789,77.63648223876953,63519300,0.0,0.0,0.0
2014-01-28,85.5,85.94000244140625,85.30999755859375,85.8499984741211,77.59129333496094,44378800,0.0,0.0,0.0
2014-01-29,85.11000061035156,85.73999786376953,84.76000213623047,84.93000030517578,76.75979614257812,51939300,0.0,0.0,0.0
2014-01-30,85.97000122070312,86.80000305175781,85.87999725341797,86.5,78.17876434326172,65833600,0.0,0.0,0.0
2014-01-31,85.54000091552734,86.68000030517578,85.44999694824219,86.2699966430664,77.97090148925781,45187000,0.0,0.0,0.0
2014-02-03,86.11000061035156,86.5,84.06999969482422,84.29000091552734,76.18135070800781,65596900,0.0,0.0,0.0
2014-02-04,84.72000122070312,85.25,84.45999908447266,84.91000366210938,76.74171447753906,37675500,0.0,0.0,0.0
2014-02-05,84.62999725341797,84.98999786376953,83.73999786376953,84.69000244140625,76.54289245605469,41721800,0.0,0.0,0.0
2014-02-06,84.94000244140625,85.87999725341797,84.91999816894531,85.7699966430664,77.5189437866211,32308600,0.0,0.0,0.0
2014-02-07,86.25,87.36000061035156,86.0,87.30000305175781,78.90181732177734,38359400,0.0,0.0,0.0
2014-02-10,87.2699966430664,87.83999633789062,87.20999908447266,87.80000305175781,79.35367584228516,30205400,0.0,0.0,0.0
2014-02-11,87.98999786376953,88.97000122070312,87.88999938964844,88.80000305175781,80.25751495361328,38635500,0.0,0.0,0.0
2014-02-12,88.9800033569336,89.16999816894531,88.69999694824219,88.97000122070312,80.4111328125,32507200,0.0,0.0,0.0
2014-02-13,88.31999969482422,89.69999694824219,88.30000305175781,89.62999725341797,81.00763702392578,40454500,0.0,0.0,0.0
2014-02-14,89.5999984741211,90.01000213623047,89.33000183105469,89.80999755859375,81.17031860351562,33212400,0.0,0.0,0.0
2014-02-18,89.95999908447266,90.41999816894531,89.73999786376953,90.25,81.5680160522461,29546600,0.0,0.0,0.0
2014-02-19,90.08000183105469,90.29000091552734,89.44999694824219,89.62999725341797,81.00763702392578,41749900,0.0,0.0,0.0
2014-02-20,89.69000244140625,90.22000122070312,89.30999755859375,90.05000305175781,81.38724517822266,41814800,0.0,0.0,0.0
2014-02-21,90.33999633789062,90.47000122070312,89.81999969482422,89.93000030517578,81.2787857055664,31192200,0.0,0.0,0.0
2014-02-24,90.13999938964844,90.81999969482422,90.04000091552734,90.41000366210938,81.71260070800781,31500400,0.0,0.0,0.0
2014-02-25,90.54000091552734,90.72000122070312,90.0199966430664,90.30999755859375,81.6222152709961,26771700,0.0,0.0,0.0
2014-02-26,90.55000305175781,90.83999633789062,89.87000274658203,90.2300033569336,81.5499496459961,42953700,0.0,0.0,0.0
2014-02-27,89.87000274658203,90.52999877929688,89.7300033569336,90.44000244140625,82.07902526855469,28742400,0.373,0.0,0.0
2014-02-28,90.41999816894531,90.95999908447266,89.54000091552734,90.33999633789062,81.98828887939453,48609800,0.0,0.0,0.0
2014-03-03,89.48999786376953,89.91000366210938,88.87000274658203,89.66999816894531,81.3802261352539,38885700,0.0,0.0,0.0
2014-03-04,90.6500015258789,90.9800033569336,90.55999755859375,90.80999755859375,82.4148178100586,33189000,0.0,0.0,0.0
2014-03-05,90.95999908447266,91.22000122070312,90.7699966430664,91.05999755859375,82.6417236328125,27203300,0.0,0.0,0.0
2014-03-06,91.2699966430664,91.33999633789062,90.6500015258789,90.9800033569336,82.56912994384766,24063900,0.0,0.0,0.0
2014-03-07,91.2699966430664,91.36000061035156,90.06999969482422,90.52999877929688,82.16070556640625,31167800,0.0,0.0,0.0
2014-03-10,90.4800033569336,90.66000366210938,90.02999877929688,90.61000061035156,82.23330688476562,18131700,0.0,0.0,0.0
2014-03-11,90.83000183105469,91.05999755859375,89.94999694824219,90.22000122070312,81.87935638427734,27484300,0.0,0.0,0.0
2014-03-12,89.80999755859375,90.61000061035156,89.4800033569336,90.55999755859375,82.18792724609375,27977200,0.0,0.0,0.0
2014-03-13,90.9000015258789,90.93000030517578,88.87000274658203,89.27999877929688,81.02626037597656,48542000,0.0,0.0,0.0
2014-03-14,88.98999786376953,89.37999725341797,88.62999725341797,88.66999816894531,80.47264862060547,38732300,0.0,0.0,0.0
2014-03-17,89.23999786376953,89.91000366210938,89.19000244140625,89.44999694824219,81.18053436279297,28467200,0.0,0.0,0.0
2014-03-18,89.55999755859375,90.63999938964844,89.52999877929688,90.52999877929688,82.16070556640625,31250200,0.0,0.0,0.0
2014-03-19,90.55999755859375,90.66000366210938,89.44999694824219,90.04000091552734,81.71601104736328,40869400,0.0,0.0,0.0
2014-03-20,89.76000213623047,90.55999755859375,89.58000183105469,90.29000091552734,81.94287872314453,31634500,0.0,0.0,0.0
2014-03-21,90.5999984741211,90.6500015258789,88.83000183105469,89.0,80.95686340332031,62754000,0.206,0.0,0.0
2014-03-24,89.31999969482422,89.38999938964844,87.41000366210938,88.22000122070312,80.24736022949219,77735300,0.0,0.0,0.0
2014-03-25,88.68000030517578,89.25,87.7699966430664,88.51000213623047,80.51115417480469,41723300,0.0,0.0,0.0
2014-03-26,88.94999694824219,89.1500015258789,87.36000061035156,87.37000274658203,79.47417449951172,40930400,0.0,0.0,0.0
2014-03-27,87.25,87.63999938964844,86.4000015258789,86.87999725341797,79.02842712402344,64784500,0.0,0.0,0.0
2014-03-28,87.16000366210938,88.01000213623047,86.80999755859375,87.05000305175781,79.18306732177734,39895100,0.0,0.0,0.0
2014-03-31,87.7300033569336,88.26000213623047,87.62000274658203,87.66999816894531,79.7470474243164,33924300,0.0,0.0,0.0
2014-04-01,88.0999984741211,89.2699966430664,87.70999908447266,89.20999908447266,81.14788818359375,38683800,0.0,0.0,0.0
2014-04-02,89.58999633789062,89.68000030517578,89.04000091552734,89.44000244140625,81.35709381103516,34631600,0.0,0.0,0.0
2014-04-03,89.52999877929688,89.68000030517578,88.22000122070312,88.7300033569336,80.71124267578125,30319100,0.0,0.0,0.0
2014-04-04,89.31999969482422,89.41000366210938,86.13999938964844,86.37000274658203,78.56454467773438,131213200,0.0,0.0,0.0
2014-04-07,85.83000183105469,86.62999725341797,84.94999694824219,85.55000305175781,77.81865692138672,83995800,0.0,0.0,0.0
2014-04-08,85.6500015258789,86.45999908447266,85.3499984741211,86.33999633789062,78.53723907470703,51495700,0.0,0.0,0.0
2014-04-09,86.66000366210938,87.87000274658203,86.43000030517578,87.81999969482422,79.88351440429688,45685200,0.0,0.0,0.0
2014-04-10,87.87999725341797,87.87999725341797,84.86000061035156,85.0999984741211,77.40931701660156,73659600,0.0,0.0,0.0
2014-04-11,84.33999633789062,85.44000244140625,83.91000366210938,84.11000061035156,76.5087890625,93657400,0.0,0.0,0.0
2014-04-14,84.8499984741211,85.22000122070312,83.98999786376953,84.7699966430664,77.10910034179688,46500700,0.0,0.0,0.0
2014-04-15,85.08000183105469,85.54000091552734,83.27999877929688,85.05000305175781,77.36384582519531,84631500,0.0,0.0,0.0
2014-04-16,85.79000091552734,86.18000030517578,85.08999633789062,86.18000030517578,78.39169311523438,46970900,0.0,0.0,0.0
2014-04-17,85.8499984741211,86.62999725341797,85.62999725341797,86.19999694824219,78.40990447998047,53719500,0.0,0.0,0.0
2014-04-21,86.4000015258789,86.83999633789062,86.0,86.83999633789062,78.99205780029297,25947900,0.0,0.0,0.0
2014-04-22,87.13999938964844,87.75,86.98999786376953,87.52999877929688,79.6197280883789,38593400,0.0,0.0,0.0
2014-04-23,87.52999877929688,87.55999755859375,86.70999908447266,86.76000213623047,78.9192886352539,34376700,0.0,0.0,0.0
2014-04-24,88.19000244140625,88.20999908447266,86.6500015258789,87.58999633789062,79.67426300048828,48926300,0.0,0.0,0.0
2014-04-25,87.06999969482422,87.16999816894531,85.9800033569336,86.19000244140625,78.40080261230469,44334000,0.0,0.0,0.0
2014-04-28,86.5999984741211,87.11000061035156,85.11000061035156,86.47000122070312,78.65548706054688,58623800,0.0,0.0,0.0
2014-04-29,86.7300033569336,87.31999969482422,86.30999755859375,87.16000366210938,79.28315734863281,36742700,0.0,0.0,0.0
2014-04-30,86.76000213623047,87.4800033569336,86.54000091552734,87.38999938964844,79.49236297607422,38689400,0.0,0.0,0.0
2014-05-01,87.52999877929688,88.1500015258789,87.30999755859375,87.6500015258789,79.72885131835938,37127200,0.0,0.0,0.0
2014-05-02,87.94999694824219,88.11000061035156,87.27999877929688,87.48999786376953,79.58331298828125,40074200,0.0,0.0,0.0
2014-05-05,86.97000122070312,87.97000122070312,86.76000213623047,87.94999694824219,80.0017318725586,27924400,0.0,0.0,0.0
2014-05-06,87.80999755859375,87.86000061035156,86.7699966430664,86.80999755859375,78.96477508544922,33698500,0.0,0.0,0.0
2014-05-07,86.98999786376953,87.08000183105469,85.52999877929688,86.55999755859375,78.73737335205078,67489100,0.0,0.0,0.0
2014-05-08,86.25,87.52999877929688,86.05000305175781,86.4800033569336,78.66460418701172,46556900,0.0,0.0,0.0
2014-05-09,86.43000030517578,86.86000061035156,85.8499984741211,86.80000305175781,78.95568084716797,35081500,0.0,0.0,0.0
2014-05-12,87.31999969482422,88.26000213623047,87.23999786376953,88.2300033569336,80.25643157958984,38951100,0.0,0.0,0.0
2014-05-13,88.30999755859375,88.61000061035156,88.12000274658203,88.29000091552734,80.31103515625,30311900,0.0,0.0,0.0
2014-05-14,88.0199966430664,88.3499984741211,87.62000274658203,87.83000183105469,79.89260864257812,26483600,0.0,0.0,0.0
2014-05-15,87.80999755859375,87.95999908447266,86.58000183105469,87.13999938964844,79.26493835449219,59680300,0.0,0.0,0.0
2014-05-16,87.23999786376953,87.76000213623047,86.63999938964844,87.70999908447266,79.78343200683594,66804100,0.0,0.0,0.0
2014-05-19,87.44999694824219,88.45999908447266,87.30000305175781,88.31999969482422,80.33832550048828,32017000,0.0,0.0,0.0
2014-05-20,88.27999877929688,88.5999984741211,87.63999938964844,88.0,80.04723358154297,33716000,0.0,0.0,0.0
2014-05-21,88.16000366210938,88.88999938964844,88.11000061035156,88.83999633789062,80.8113021850586,36837700,0.0,0.0,0.0
2014-05-22,88.94000244140625,89.4800033569336,88.80000305175781,89.2300033569336,81.16605377197266,30617100,0.0,0.0,0.0
2014-05-23,89.31999969482422,89.9000015258789,89.12000274658203,89.87999725341797,81.7573471069336,22687300,0.0,0.0,0.0
2014-05-27,90.27999877929688,91.0199966430664,90.19999694824219,91.0,82.7761001586914,29725200,0.0,0.0,0.0
2014-05-28,90.97000122070312,91.0999984741211,90.6500015258789,90.72000122070312,82.52141571044922,30468100,0.0,0.0,0.0
2014-05-29,91.04000091552734,91.30999755859375,90.86000061035156,91.30000305175781,83.04895782470703,33036100,0.0,0.0,0.0
2014-05-30,91.31999969482422,91.44999694824219,90.83000183105469,91.30999755859375,83.0580825805664,29906400,0.0,0.0,0.0
2014-06-02,91.41999816894531,91.44000244140625,90.63999938964844,91.22000122070312,82.97625732421875,30409900,0.0,0.0,0.0
2014-06-03,90.91999816894531,91.33000183105469,90.80000305175781,91.18000030517578,82.9398422241211,21774500,0.0,0.0,0.0
2014-06-04,90.94999694824219,91.66999816894531,90.80999755859375,91.5199966430664,83.24909973144531,20118300,0.0,0.0,0.0
2014-06-05,91.5999984741211,92.45999908447266,91.29000091552734,92.29000091552734,83.94954681396484,35583100,0.0,0.0,0.0
2014-06-06,92.62999725341797,92.81999969482422,92.44999694824219,92.81999969482422,84.431640625,22680600,0.0,0.0,0.0
2014-06-09,92.83999633789062,92.9800033569336,92.5,92.75,84.3679428100586,23399500,0.0,0.0,0.0
2014-06-10,92.66999816894531,92.95999908447266,92.55999755859375,92.91000366210938,84.51350402832031,20626000,0.0,0.0,0.0
2014-06-11,92.58999633789062,93.0199966430664,92.5,92.88999938964844,84.49530792236328,22878200,0.0,0.0,0.0
2014-06-12,92.69000244140625,92.79000091552734,91.7300033569336,92.05000305175781,83.7312240600586,35275900,0.0,0.0,0.0
2014-06-13,92.44999694824219,92.55000305175781,91.91999816894531,92.31999969482422,83.97683715820312,39447100,0.0,0.0,0.0
2014-06-16,92.16000366210938,92.66999816894531,91.95999908447266,92.4000015258789,84.0495834350586,25212300,0.0,0.0,0.0
2014-06-17,92.33000183105469,92.69999694824219,92.18000030517578,92.44999694824219,84.09507751464844,19977900,0.0,0.0,0.0
2014-06-18,92.54000091552734,93.0999984741211,91.9800033569336,92.97000122070312,84.56806945800781,34514000,0.0,0.0,0.0
2014-06-19,93.11000061035156,93.16999816894531,92.48999786376953,92.91000366210938,84.51350402832031,38422200,0.0,0.0,0.0
2014-06-20,92.69999694824219,92.87000274658203,92.52999877929688,92.7699966430664,84.6129150390625,25897500,0.249,0.0,0.0
2014-06-23,92.76000213623047,92.81999969482422,92.51000213623047,92.79000091552734,84.63115692138672,20837900,0.0,0.0,0.0
2014-06-24,92.77999877929688,93.56999969482422,92.43000030517578,92.69999694824219,84.54908752441406,31945800,0.0,0.0,0.0
2014-06-25,92.48999786376953,93.44999694824219,92.4800033569336,93.29000091552734,85.08719635009766,32818600,0.0,0.0,0.0
2014-06-26,93.3499984741211,93.36000061035156,92.62000274658203,93.33999633789062,85.1327896118164,22563900,0.0,0.0,0.0
2014-06-27,93.22000122070312,93.7699966430664,93.19000244140625,93.75,85.50674438476562,22877800,0.0,0.0,0.0
2014-06-30,93.7300033569336,94.13999938964844,93.66999816894531,93.91000366210938,85.65270233154297,19751900,0.0,0.0,0.0
2014-07-01,94.23999786376953,95.19000244140625,94.19999694824219,94.94000244140625,86.59208679199219,31862500,0.0,0.0,0.0
2014-07-02,95.0,95.23999786376953,94.91000366210938,95.0999984741211,86.73805236816406,18777300,0.0,0.0,0.0
2014-07-03,95.41000366210938,95.69999694824219,95.1500015258789,95.69999694824219,87.28530883789062,15291700,0.0,0.0,0.0
2014-07-07,95.58999633789062,95.70999908447266,95.2300033569336,95.41000366210938,87.02079772949219,23266400,0.0,0.0,0.0
2014-07-08,95.2300033569336,95.30000305175781,93.87000274658203,94.26000213623047,85.97187805175781,40612400,0.0,0.0,0.0
2014-07-09,94.51000213623047,95.06999969482422,94.23999786376953,94.95999908447266,86.6103515625,29919000,0.0,0.0,0.0
2014-07-10,93.73999786376953,95.05000305175781,93.62999725341797,94.66000366210938,86.33674621582031,44245300,0.0,0.0,0.0
2014-07-11,94.9000015258789,95.2699966430664,94.61000061035156,95.2699966430664,86.89308166503906,19566300,0.0,0.0,0.0
2014-07-14,95.69999694824219,96.05999755859375,95.54000091552734,95.83999633789062,87.41295623779297,19579000,0.0,0.0,0.0
2014-07-15,95.98999786376953,96.12999725341797,94.83000183105469,95.51000213623047,87.11198425292969,39467500,0.0,0.0,0.0
2014-07-16,96.19999694824219,96.30000305175781,95.79000091552734,95.88999938964844,87.45858001708984,22052600,0.0,0.0,0.0
2014-07-17,95.62999725341797,95.97000122070312,94.31999969482422,94.62000274658203,86.30026245117188,43111500,0.0,0.0,0.0
2014-07-18,95.11000061035156,96.16999816894531,95.0,96.12000274658203,87.66834259033203,36682200,0.0,0.0,0.0
2014-07-21,95.91999816894531,96.16000366210938,95.55000305175781,96.0,87.55890655517578,29750700,0.0,0.0,0.0
2014-07-22,96.44999694824219,96.76000213623047,96.3499984741211,96.61000061035156,88.11527252197266,25770400,0.0,0.0,0.0
2014-07-23,96.94999694824219,97.33999633789062,96.7699966430664,97.2300033569336,88.6807861328125,28947500,0.0,0.0,0.0
2014-07-24,97.4000015258789,97.51000213623047,96.9800033569336,97.12000274658203,88.58042907714844,24707200,0.0,0.0,0.0
2014-07-25,96.62000274658203,96.87000274658203,96.2300033569336,96.73999786376953,88.23385620117188,29898900,0.0,0.0,0.0
2014-07-28,96.83999633789062,97.0199966430664,96.0199966430664,96.7699966430664,88.26122283935547,25603400,0.0,0.0,0.0
2014-07-29,96.9800033569336,97.19999694824219,96.5199966430664,96.5999984741211,88.10617065429688,27022200,0.0,0.0,0.0
2014-07-30,97.13999938964844,97.31999969482422,96.5999984741211,96.9800033569336,88.45274353027344,35348500,0.0,0.0,0.0
2014-07-31,96.18000030517578,96.33999633789062,94.87999725341797,95.0199966430664,86.66507720947266,50047900,0.0,0.0,0.0
2014-08-01,94.81999969482422,95.33999633789062,94.04000091552734,94.66999816894531,86.34583282470703,60708000,0.0,0.0,0.0
2014-08-04,94.87000274658203,95.69000244140625,94.5199966430664,95.31999969482422,86.93871307373047,33230500,0.0,0.0,0.0
2014-08-05,94.94000244140625,95.20999908447266,94.1500015258789,94.58999633789062,86.27287292480469,50331100,0.0,0.0,0.0
2014-08-06,94.0,95.11000061035156,93.91999816894531,94.5199966430664,86.20904541015625,34431900,0.0,0.0,0.0
2014-08-07,94.95999908447266,95.13999938964844,93.88999938964844,94.22000122070312,85.9354248046875,33274700,0.0,0.0,0.0
2014-08-08,94.37000274658203,95.01000213623047,93.97000122070312,94.9000015258789,86.55564880371094,40236900,0.0,0.0,0.0
2014-08-11,95.2699966430664,95.76000213623047,95.19999694824219,95.45999908447266,87.06640625,28277500,0.0,0.0,0.0
2014-08-12,95.36000061035156,95.66999816894531,94.93000030517578,95.41999816894531,87.02986907958984,28152300,0.0,0.0,0.0
2014-08-13,95.80999755859375,96.47000122070312,95.76000213623047,96.43000030517578,87.95108032226562,27996500,0.0,0.0,0.0
2014-08-14,96.55999755859375,96.94999694824219,96.43000030517578,96.93000030517578,88.40713500976562,25006600,0.0,0.0,0.0
2014-08-15,97.48999786376953,97.62999725341797,96.4800033569336,97.4000015258789,88.83583068847656,55205500,0.0,0.0,0.0
2014-08-18,97.91000366210938,98.23999786376953,97.7699966430664,98.1500015258789,89.51988983154297,38938300,0.0,0.0,0.0
2014-08-19,98.37999725341797,98.76000213623047,98.31999969482422,98.69999694824219,90.02149963378906,21363400,0.0,0.0,0.0
2014-08-20,98.62000274658203,98.9000015258789,98.52999877929688,98.69999694824219,90.02149963378906,23435600,0.0,0.0,0.0
2014-08-21,98.75,98.94999694824219,98.5999984741211,98.9000015258789,90.20391845703125,19339500,0.0,0.0,0.0
2014-08-22,98.94000244140625,99.25,98.72000122070312,99.05000305175781,90.34073638916016,24692000,0.0,0.0,0.0
2014-08-25,99.5199966430664,99.68000030517578,99.16000366210938,99.4000015258789,90.65995788574219,24124700,0.0,0.0,0.0
2014-08-26,99.55000305175781,99.61000061035156,99.2699966430664,99.5,90.75115203857422,20100400,0.0,0.0,0.0
2014-08-27,99.52999877929688,99.63999938964844,99.30999755859375,99.5199966430664,90.7693862915039,15589100,0.0,0.0,0.0
2014-08-28,99.18000030517578,99.52999877929688,99.08000183105469,99.41000366210938,90.66908264160156,23563900,0.0,0.0,0.0
2014-08-29,99.62999725341797,99.91000366210938,99.2699966430664,99.77999877929688,91.00653076171875,17906300,0.0,0.0,0.0
2014-09-02,100.0199966430664,100.0999984741211,99.66000366210938,100.06999969482422,91.27103424072266,18326800,0.0,0.0,0.0
2014-09-03,100.33999633789062,100.33999633789062,99.30000305175781,99.4800033569336,90.73290252685547,25950700,0.0,0.0,0.0
2014-09-04,99.70999908447266,100.22000122070312,99.13999938964844,99.38999938964844,90.65083312988281,24663500,0.0,0.0,0.0
2014-09-05,99.54000091552734,99.94999694824219,99.02999877929688,99.88999938964844,91.10687255859375,30798200,0.0,0.0,0.0
2014-09-08,99.91999816894531,100.33000183105469,99.62000274658203,100.08000183105469,91.2801742553711,25571300,0.0,0.0,0.0
2014-09-09,100.08999633789062,100.45999908447266,99.05999755859375,99.25,90.52312469482422,36449200,0.0,0.0,0.0
2014-09-10,99.37999725341797,100.11000061035156,99.0999984741211,100.06999969482422,91.27103424072266,31080100,0.0,0.0,0.0
2014-09-11,99.63999938964844,100.04000091552734,99.23999786376953,99.98999786376953,91.19807434082031,28691900,0.0,0.0,0.0
2014-09-12,99.9000015258789,99.93000030517578,99.16999816894531,99.4800033569336,90.73290252685547,30444400,0.0,0.0,0.0
2014-09-15,99.58999633789062,99.5999984741211,98.22000122070312,98.5199966430664,89.85733795166016,32972200,0.0,0.0,0.0
2014-09-16,98.1500015258789,99.56999969482422,98.05000305175781,99.37999725341797,90.6417465209961,38166900,0.0,0.0,0.0
2014-09-17,99.36000061035156,100.0,98.93000030517578,99.52999877929688,90.77852630615234,37196500,0.0,0.0,0.0
2014-09-18,99.83999633789062,100.29000091552734,99.7300033569336,100.27999877929688,91.46256256103516,30196700,0.0,0.0,0.0
2014-09-19,100.45999908447266,100.55999755859375,99.58000183105469,99.9800033569336,91.40589141845703,46918000,0.238,0.0,0.0
2014-09-22,99.73999786376953,99.75,98.62000274658203,99.05000305175781,90.55564880371094,48658000,0.0,0.0,0.0
2014-09-23,98.6500015258789,99.22000122070312,98.58000183105469,98.77999877929688,90.30879974365234,33989600,0.0,0.0,0.0
2014-09-24,98.87999725341797,99.88999938964844,98.54000091552734,99.83999633789062,91.27787017822266,35959000,0.0,0.0,0.0
2014-09-25,99.5199966430664,99.6500015258789,97.69999694824219,97.73999786376953,89.35798645019531,68642500,0.0,0.0,0.0
2014-09-26,98.05999755859375,98.95999908447266,97.88999938964844,98.77999877929688,90.30879974365234,56106200,0.0,0.0,0.0
2014-09-29,97.80000305175781,98.91999816894531,97.75,98.6500015258789,90.18995666503906,33342700,0.0,0.0,0.0
2014-09-30,98.91999816894531,99.30000305175781,98.31999969482422,98.79000091552734,90.31791687011719,41834300,0.0,0.0,0.0
2014-10-01,98.51000213623047,98.61000061035156,96.9000015258789,97.20999908447266,88.8734359741211,58164900,0.0,0.0,0.0
2014-10-02,97.16999816894531,97.51000213623047,95.97000122070312,97.20999908447266,88.8734359741211,54501300,0.0,0.0,0.0
2014-10-03,97.77999877929688,98.56999969482422,97.44000244140625,98.16999816894531,89.75109100341797,41627800,0.0,0.0,0.0
2014-10-06,98.4800033569336,98.72000122070312,97.66000366210938,97.95999908447266,89.55913543701172,36038700,0.0,0.0,0.0
2014-10-07,97.5,97.77999877929688,96.55999755859375,96.56999969482422,88.288330078125,45154000,0.0,0.0,0.0
2014-10-08,96.62000274658203,98.76000213623047,96.05999755859375,98.44999694824219,90.00708770751953,64931600,0.0,0.0,0.0
2014-10-09,98.31999969482422,98.56999969482422,96.70999908447266,96.86000061035156,88.5534439086914,62497100,0.0,0.0,0.0
2014-10-10,96.29000091552734,96.83000183105469,94.41999816894531,94.44000244140625,86.34101867675781,77579400,0.0,0.0,0.0
2014-10-13,94.2699966430664,94.98999786376953,92.87999725341797,92.95999908447266,84.9879379272461,80835900,0.0,0.0,0.0
2014-10-14,93.54000091552734,94.16999816894531,92.70999908447266,92.97000122070312,84.99705505371094,71814500,0.0,0.0,0.0
2014-10-15,91.56999969482422,92.76000213623047,90.23999786376953,92.37000274658203,84.44853210449219,108847800,0.0,0.0,0.0
2014-10-16,90.41999816894531,92.58000183105469,90.38999938964844,91.79000091552734,83.9182357788086,93165800,0.0,0.0,0.0
2014-10-17,93.0,93.88999938964844,92.45999908447266,93.0,85.02449035644531,69546700,0.0,0.0,0.0
2014-10-20,92.98999786376953,94.47000122070312,92.80000305175781,94.38999938964844,86.29528045654297,41479300,0.0,0.0,0.0
2014-10-21,95.55999755859375,96.87000274658203,95.31999969482422,96.87000274658203,88.56260681152344,53609800,0.0,0.0,0.0
2014-10-22,97.16999816894531,97.30000305175781,96.30999755859375,96.37000274658203,88.10546875,39178000,0.0,0.0,0.0
2014-10-23,97.33999633789062,98.36000061035156,97.16999816894531,97.81999969482422,89.43116760253906,48123800,0.0,0.0,0.0
2014-10-24,98.02999877929688,98.69000244140625,97.63999938964844,98.62000274658203,90.16252899169922,43157600,0.0,0.0,0.0
2014-10-27,98.43000030517578,98.87000274658203,98.0199966430664,98.69000244140625,90.22652435302734,29545700,0.0,0.0,0.0
2014-10-28,99.1500015258789,100.19999694824219,99.08000183105469,100.18000030517578,91.5887451171875,34495100,0.0,0.0,0.0
2014-10-29,99.8499984741211,100.12000274658203,99.0999984741211,99.80999755859375,91.2505111694336,40552800,0.0,0.0,0.0
2014-10-30,99.36000061035156,100.26000213623047,99.13999938964844,100.0199966430664,91.44247436523438,35935800,0.0,0.0,0.0
2014-10-31,101.68000030517578,101.75,101.06999969482422,101.4000015258789,92.70410919189453,54254100,0.0,0.0,0.0
2014-11-03,101.58000183105469,101.97000122070312,101.43000030517578,101.69999694824219,92.9783935546875,33481000,0.0,0.0,0.0
2014-11-04,101.37999725341797,101.62000274658203,100.66999816894531,101.36000061035156,92.66754150390625,22773300,0.0,0.0,0.0
2014-11-05,102.02999877929688,102.02999877929688,101.0199966430664,101.37000274658203,92.67672729492188,25818600,0.0,0.0,0.0
2014-11-06,101.36000061035156,101.72000122070312,100.91999816894531,101.69000244140625,92.96925354003906,24671900,0.0,0.0,0.0
2014-11-07,101.87000274658203,101.91000366210938,101.06999969482422,101.5999984741211,92.88695526123047,20931700,0.0,0.0,0.0
2014-11-10,101.6500015258789,102.08999633789062,101.37999725341797,101.95999908447266,93.21609497070312,20360000,0.0,0.0,0.0
2014-11-11,101.9800033569336,102.27999877929688,101.69999694824219,102.27999877929688,93.50865936279297,15454000,0.0,0.0,0.0
2014-11-12,101.87000274658203,102.56999969482422,101.87000274658203,102.45999908447266,93.6732177734375,22050300,0.0,0.0,0.0
2014-11-13,102.6500015258789,103.27999877929688,102.41999816894531,102.9000015258789,94.07547760009766,28027800,0.0,0.0,0.0
2014-11-14,102.87000274658203,103.22000122070312,102.52999877929688,103.22000122070312,94.36803436279297,19251300,0.0,0.0,0.0
2014-11-17,102.9800033569336,103.20999908447266,102.41999816894531,102.91000366210938,94.0846176147461,23361600,0.0,0.0,0.0
2014-11-18,103.0,103.81999969482422,102.98999786376953,103.68000030517578,94.7885971069336,26336800,0.0,0.0,0.0
2014-11-19,103.56999969482422,103.56999969482422,102.7300033569336,103.20999908447266,94.3588638305664,23760200,0.0,0.0,0.0
2014-11-20,102.7699966430664,103.76000213623047,102.69000244140625,103.66999816894531,94.77943420410156,22874000,0.0,0.0,0.0
2014-11-21,104.58999633789062,104.69000244140625,103.54000091552734,103.87000274658203,94.96229553222656,34049100,0.0,0.0,0.0
2014-11-24,104.1500015258789,104.7300033569336,104.05999755859375,104.68000030517578,95.70282745361328,17928300,0.0,0.0,0.0
2014-11-25,104.83999633789062,105.1500015258789,104.56999969482422,104.83999633789062,95.84910583496094,17526000,0.0,0.0,0.0
2014-11-26,104.94000244140625,105.58000183105469,104.83000183105469,105.5199966430664,96.47079467773438,18973800,0.0,0.0,0.0
2014-11-28,105.80000305175781,106.25,105.7300033569336,106.01000213623047,96.91876220703125,17360400,0.0,0.0,0.0
2014-12-01,105.72000122070312,105.91999816894531,104.41999816894531,104.80999755859375,95.82170104980469,35969500,0.0,0.0,0.0
2014-12-02,104.91999816894531,105.41999816894531,104.69999694824219,105.2300033569336,96.20565032958984,26031300,0.0,0.0,0.0
2014-12-03,105.38999938964844,105.56999969482422,104.76000213623047,105.41999816894531,96.37934875488281,32974300,0.0,0.0,0.0
2014-12-04,105.31999969482422,105.77999877929688,104.93000030517578,105.37000274658203,96.33366394042969,31008800,0.0,0.0,0.0
2014-12-05,105.54000091552734,105.69999694824219,105.1500015258789,105.37999725341797,96.3427963256836,25622200,0.0,0.0,0.0
2014-12-08,105.11000061035156,105.56999969482422,104.08000183105469,104.62999725341797,95.6571044921875,32685800,0.0,0.0,0.0
2014-12-09,103.41000366210938,105.04000091552734,103.04000091552734,104.95999908447266,95.95880889892578,46035100,0.0,0.0,0.0
2014-12-10,104.7699966430664,105.02999877929688,103.12000274658203,103.30999755859375,94.45030212402344,39330100,0.0,0.0,0.0
2014-12-11,103.61000061035156,105.04000091552734,103.58999633789062,103.80000305175781,94.89830017089844,47576000,0.0,0.0,0.0
2014-12-12,102.80999755859375,103.98999786376953,102.66000366210938,102.66999816894531,93.86518859863281,46889400,0.0,0.0,0.0
2014-12-15,103.19999694824219,103.58000183105469,101.31999969482422,101.61000061035156,92.8961181640625,52968400,0.0,0.0,0.0
2014-12-16,100.97000122070312,102.47000122070312,99.95999908447266,99.9800033569336,91.40589141845703,65348600,0.0,0.0,0.0
2014-12-17,100.05000305175781,102.08999633789062,99.91999816894531,101.80000305175781,93.06981658935547,79715300,0.0,0.0,0.0
2014-12-18,103.26000213623047,104.26000213623047,102.9800033569336,104.25,95.30967712402344,49840900,0.0,0.0,0.0
2014-12-19,103.97000122070312,104.73999786376953,103.70999908447266,104.31999969482422,95.72905731201172,51419900,0.387,0.0,0.0
2014-12-22,104.1500015258789,104.61000061035156,104.0999984741211,104.58000183105469,95.9676742553711,33869200,0.0,0.0,0.0
2014-12-23,104.95999908447266,104.97000122070312,104.08999633789062,104.20999908447266,95.62813568115234,30156900,0.0,0.0,0.0
2014-12-24,104.33999633789062,104.69999694824219,104.2699966430664,104.30000305175781,95.71072387695312,14291300,0.0,0.0,0.0
2014-12-26,104.5999984741211,105.26000213623047,104.56999969482422,105.04000091552734,96.38980102539062,13924300,0.0,0.0,0.0
2014-12-29,104.94000244140625,105.25,104.87999725341797,105.0199966430664,96.37141418457031,17073800,0.0,0.0,0.0
2014-12-30,104.72000122070312,104.95999908447266,104.18000030517578,104.31999969482422,95.72905731201172,18604000,0.0,0.0,0.0
2014-12-31,104.5,104.91000366210938,103.0999984741211,103.25,94.7472152709961,24367100,0.0,0.0,0.0
2015-01-02,103.76000213623047,104.19999694824219,102.44000244140625,102.94000244140625,94.46272277832031,31314600,0.0,0.0,0.0
2015-01-05,102.48999786376953,102.61000061035156,101.13999938964844,101.43000030517578,93.07707977294922,36521300,0.0,0.0,0.0
2015-01-06,101.58000183105469,101.75,99.62000274658203,100.06999969482422,91.8290786743164,66205500,0.0,0.0,0.0
2015-01-07,100.7300033569336,101.5999984741211,100.48999786376953,101.36000061035156,93.01282501220703,37577400,0.0,0.0,0.0
2015-01-08,102.22000122070312,103.5,102.11000061035156,103.30000305175781,94.79309844970703,40212600,0.0,0.0,0.0
2015-01-09,103.62000274658203,103.6500015258789,102.0199966430664,102.62000274658203,94.1690673828125,41410100,0.0,0.0,0.0
2015-01-12,102.81999969482422,102.93000030517578,101.29000091552734,101.55000305175781,93.18718719482422,34129800,0.0,0.0,0.0
2015-01-13,102.54000091552734,103.62000274658203,100.69999694824219,101.5199966430664,93.15965270996094,56162300,0.0,0.0,0.0
2015-01-14,100.5,101.4800033569336,100.06999969482422,100.95999908447266,92.6457748413086,51354200,0.0,0.0,0.0
2015-01-15,101.43000030517578,101.58999633789062,99.52999877929688,99.6500015258789,91.44364929199219,51005400,0.0,0.0,0.0
2015-01-16,99.5199966430664,100.94999694824219,99.36000061035156,100.81999969482422,92.51728057861328,35362200,0.0,0.0,0.0
2015-01-20,101.43000030517578,101.87999725341797,100.29000091552734,101.62000274658203,93.25144958496094,30964100,0.0,0.0,0.0
2015-01-21,101.31999969482422,102.62000274658203,100.95999908447266,102.13999938964844,93.72859191894531,40128800,0.0,0.0,0.0
2015-01-22,102.54000091552734,104.13999938964844,101.63999938964844,104.02999877929688,95.46292877197266,40887200,0.0,0.0,0.0
2015-01-23,104.0199966430664,104.58000183105469,103.72000122070312,104.26000213623047,95.67401885986328,34783000,0.0,0.0,0.0
2015-01-26,104.13999938964844,104.33000183105469,103.61000061035156,104.13999938964844,95.56390380859375,19960900,0.0,0.0,0.0
2015-01-27,102.5,102.55999755859375,101.0999984741211,101.44000244140625,93.08625030517578,45253200,0.0,0.0,0.0
2015-01-28,103.06999969482422,103.18000030517578,100.9000015258789,100.91999816894531,92.60906982421875,43591700,0.0,0.0,0.0
2015-01-29,100.83999633789062,102.08000183105469,99.95999908447266,101.88999938964844,93.49918365478516,46539700,0.0,0.0,0.0
2015-01-30,101.80000305175781,102.58000183105469,100.95999908447266,101.0999984741211,92.77423858642578,42927600,0.0,0.0,0.0
2015-02-02,101.33000183105469,102.06999969482422,99.75,101.9800033569336,93.58177185058594,43624700,0.0,0.0,0.0
2015-02-03,102.3499984741211,103.02999877929688,101.68000030517578,102.95999908447266,94.4810791015625,30750400,0.0,0.0,0.0
2015-02-04,102.54000091552734,103.55000305175781,102.30999755859375,102.87000274658203,94.39848327636719,34073200,0.0,0.0,0.0
2015-02-05,103.12999725341797,103.83000183105469,102.87000274658203,103.76000213623047,95.21517944335938,23605500,0.0,0.0,0.0
2015-02-06,103.91999816894531,104.16999816894531,102.76000213623047,103.12999725341797,94.63707733154297,34169300,0.0,0.0,0.0
2015-02-09,102.7300033569336,103.29000091552734,102.55000305175781,102.80000305175781,94.33425903320312,22604700,0.0,0.0,0.0
2015-02-10,103.37000274658203,104.54000091552734,103.20999908447266,104.4000015258789,95.80248260498047,23686500,0.0,0.0,0.0
2015-02-11,104.5199966430664,105.0199966430664,104.31999969482422,104.77999877929688,96.15120697021484,20303600,0.0,0.0,0.0
2015-02-12,105.45999908447266,106.04000091552734,105.30000305175781,106.0,97.2707290649414,22520300,0.0,0.0,0.0
2015-02-13,106.30000305175781,106.93000030517578,106.0999984741211,106.91000366210938,98.10575866699219,29030200,0.0,0.0,0.0
2015-02-17,106.91000366210938,107.08000183105469,106.63999938964844,107.01000213623047,98.19754028320312,17675300,0.0,0.0,0.0
2015-02-18,106.87999725341797,107.22000122070312,106.73999786376953,107.16000366210938,98.33516693115234,15149600,0.0,0.0,0.0
2015-02-19,107.08999633789062,107.76000213623047,107.05999755859375,107.69000244140625,98.82152557373047,19828100,0.0,0.0,0.0
2015-02-20,107.62000274658203,108.47000122070312,107.27999877929688,108.41000366210938,99.48226165771484,28336700,0.0,0.0,0.0
2015-02-23,108.3499984741211,108.55000305175781,108.11000061035156,108.5199966430664,99.58319091796875,17868000,0.0,0.0,0.0
2015-02-24,108.37999725341797,108.7300033569336,108.05000305175781,108.5999984741211,99.65663146972656,19745000,0.0,0.0,0.0
2015-02-25,108.44000244140625,108.86000061035156,108.08999633789062,108.33000183105469,99.40884399414062,19472300,0.0,0.0,0.0
2015-02-26,108.44000244140625,108.94000244140625,108.13999938964844,108.87999725341797,99.91356658935547,22255500,0.0,0.0,0.0
2015-02-27,108.83999633789062,108.91000366210938,108.2300033569336,108.4000015258789,99.47308349609375,27757600,0.0,0.0,0.0
2015-03-02,108.61000061035156,109.41999816894531,108.58999633789062,109.37999725341797,100.37236785888672,22988600,0.0,0.0,0.0
2015-03-03,109.05000305175781,109.16000366210938,108.18000030517578,108.87000274658203,99.9043960571289,20788900,0.0,0.0,0.0
2015-03-04,108.51000213623047,108.66999816894531,107.86000061035156,108.44999694824219,99.51893615722656,21007400,0.0,0.0,0.0
2015-03-05,108.7300033569336,108.97000122070312,108.19000244140625,108.63999938964844,99.69332122802734,15381000,0.0,0.0,0.0
2015-03-06,108.5,108.70999908447266,107.13999938964844,107.41000366210938,98.5645980834961,30990400,0.0,0.0,0.0
2015-03-09,107.62999725341797,107.98999786376953,107.19000244140625,107.72000122070312,98.84906768798828,26237100,0.0,0.0,0.0
2015-03-10,106.94999694824219,106.9800033569336,105.72000122070312,105.72000122070312,97.01377868652344,34234500,0.0,0.0,0.0
2015-03-11,105.87999725341797,106.01000213623047,105.06999969482422,105.11000061035156,96.4540023803711,25459700,0.0,0.0,0.0
2015-03-12,105.02999877929688,105.91999816894531,104.95999908447266,105.80000305175781,97.08718872070312,21473200,0.0,0.0,0.0
2015-03-13,105.69999694824219,106.12000274658203,104.68000030517578,105.33999633789062,96.66506958007812,42021100,0.0,0.0,0.0
2015-03-16,105.7300033569336,106.73999786376953,105.62000274658203,106.69999694824219,97.91305541992188,25674100,0.0,0.0,0.0
2015-03-17,106.41000366210938,107.04000091552734,106.16000366210938,106.87000274658203,98.06906127929688,19603800,0.0,0.0,0.0
2015-03-18,106.58000183105469,108.41000366210938,106.02999877929688,107.91999816894531,99.03258514404297,40622200,0.0,0.0,0.0
2015-03-19,108.02999877929688,108.37999725341797,107.87000274658203,108.08000183105469,99.17942810058594,31314000,0.0,0.0,0.0
2015-03-20,108.72000122070312,109.06999969482422,108.51000213623047,108.52999877929688,99.8214340209961,31761400,0.248,0.0,0.0
2015-03-23,108.47000122070312,108.7699966430664,108.27999877929688,108.31999969482422,99.62824249267578,17268500,0.0,0.0,0.0
2015-03-24,108.30999755859375,108.80999755859375,107.91000366210938,107.93000030517578,99.26957702636719,22445300,0.0,0.0,0.0
2015-03-25,108.0999984741211,108.19999694824219,105.41999816894531,105.45999908447266,96.99777221679688,41581400,0.0,0.0,0.0
2015-03-26,104.58999633789062,105.69999694824219,104.23999786376953,105.0999984741211,96.66665649414062,47846300,0.0,0.0,0.0
2015-03-27,105.08000183105469,105.7699966430664,104.91999816894531,105.5199966430664,97.05294036865234,33878400,0.0,0.0,0.0
2015-03-30,106.16000366210938,106.81999969482422,106.16000366210938,106.7300033569336,98.16584777832031,30570200,0.0,0.0,0.0
2015-03-31,106.43000030517578,106.6500015258789,105.56999969482422,105.5999984741211,97.12651824951172,30488100,0.0,0.0,0.0
2015-04-01,105.5999984741211,105.62000274658203,104.37000274658203,105.05000305175781,96.62068176269531,32970500,0.0,0.0,0.0
2015-04-02,105.1500015258789,105.45999908447266,104.77999877929688,105.12000274658203,96.6850357055664,19164200,0.0,0.0,0.0
2015-04-06,104.5,106.2699966430664,104.33999633789062,105.9800033569336,97.47602844238281,24451100,0.0,0.0,0.0
2015-04-07,105.91999816894531,106.69999694824219,105.80000305175781,105.80000305175781,97.31047821044922,19379400,0.0,0.0,0.0
2015-04-08,105.83999633789062,106.79000091552734,105.83000183105469,106.63999938964844,98.08307647705078,25866900,0.0,0.0,0.0
2015-04-09,106.58999633789062,107.3499984741211,106.2300033569336,107.30999755859375,98.69933319091797,23114700,0.0,0.0,0.0
2015-04-10,107.2699966430664,107.76000213623047,107.02999877929688,107.75,99.10401916503906,17164300,0.0,0.0,0.0
2015-04-13,107.83000183105469,108.37999725341797,107.36000061035156,107.4800033569336,98.85568237304688,17783500,0.0,0.0,0.0
2015-04-14,107.37000274658203,107.68000030517578,106.55999755859375,107.16999816894531,98.570556640625,23755700,0.0,0.0,0.0
2015-04-15,107.44999694824219,108.06999969482422,107.31999969482422,107.83999633789062,99.18677520751953,21128600,0.0,0.0,0.0
2015-04-16,107.55000305175781,107.87999725341797,107.4000015258789,107.69000244140625,99.04881286621094,16195300,0.0,0.0,0.0
2015-04-17,106.66000366210938,106.94999694824219,105.55000305175781,106.01000213623047,97.50364685058594,46514000,0.0,0.0,0.0
2015-04-20,106.54000091552734,107.79000091552734,106.5,107.5999984741211,98.9660415649414,28945900,0.0,0.0,0.0
2015-04-21,108.22000122070312,108.41000366210938,107.93000030517578,108.05999755859375,99.38915252685547,22759800,0.0,0.0,0.0
2015-04-22,108.33999633789062,108.83000183105469,107.63999938964844,108.6500015258789,99.93179321289062,21429200,0.0,0.0,0.0
2015-04-23,108.27999877929688,109.55000305175781,108.26000213623047,109.05999755859375,100.30889129638672,29473200,0.0,0.0,0.0
2015-04-24,110.20999908447266,110.69000244140625,110.02999877929688,110.54000091552734,101.67013549804688,32508100,0.0,0.0,0.0
2015-04-27,110.94999694824219,111.16000366210938,110.0199966430664,110.26000213623047,101.41261291503906,31121300,0.0,0.0,0.0
2015-04-28,110.33999633789062,110.55000305175781,109.11000061035156,110.04000091552734,101.21028137207031,36849200,0.0,0.0,0.0
2015-04-29,109.43000030517578,110.06999969482422,108.75,109.3499984741211,100.57563018798828,34043900,0.0,0.0,0.0
2015-04-30,108.7300033569336,109.16999816894531,107.05999755859375,107.62999725341797,98.99363708496094,44080500,0.0,0.0,0.0
2015-05-01,108.05000305175781,109.12000274658203,108.02999877929688,109.05000305175781,100.29972076416016,32874300,0.0,0.0,0.0
2015-05-04,109.4000015258789,109.91000366210938,109.16999816894531,109.2300033569336,100.46524810791016,23507300,0.0,0.0,0.0
2015-05-05,108.80000305175781,109.0,107.4000015258789,107.44999694824219,98.82807922363281,47843300,0.0,0.0,0.0
2015-05-06,107.63999938964844,107.94999694824219,106.0,106.70999908447266,98.14747619628906,42687200,0.0,0.0,0.0
2015-05-07,106.68000030517578,107.6500015258789,106.5999984741211,107.3499984741211,98.7361068725586,29335800,0.0,0.0,0.0
2015-05-08,108.45999908447266,108.91999816894531,108.30000305175781,108.69000244140625,99.96858215332031,33023300,0.0,0.0,0.0
2015-05-11,108.76000213623047,108.9800033569336,108.19000244140625,108.2699966430664,99.58226776123047,19679300,0.0,0.0,0.0
2015-05-12,107.62999725341797,108.33000183105469,106.80000305175781,107.77999877929688,99.131591796875,33665000,0.0,0.0,0.0
2015-05-13,108.25,108.80999755859375,107.83999633789062,108.0,99.33394622802734,20738400,0.0,0.0,0.0
2015-05-14,108.87999725341797,109.66999816894531,108.4800033569336,109.58000183105469,100.78717803955078,23904200,0.0,0.0,0.0
2015-05-15,109.86000061035156,110.01000213623047,109.30999755859375,109.58000183105469,100.78717803955078,23937400,0.0,0.0,0.0
2015-05-18,109.4000015258789,110.27999877929688,109.31999969482422,110.05999755859375,101.2286148071289,17631100,0.0,0.0,0.0
2015-05-19,110.18000030517578,110.3499984741211,109.76000213623047,109.94000244140625,101.11829376220703,14212900,0.0,0.0,0.0
2015-05-20,110.0199966430664,110.66999816894531,109.43000030517578,110.01000213623047,101.18266296386719,21131900,0.0,0.0,0.0
2015-05-21,109.81999969482422,110.7300033569336,109.66000366210938,110.58000183105469,101.70693969726562,16771800,0.0,0.0,0.0
2015-05-22,110.44999694824219,110.87000274658203,110.37999725341797,110.47000122070312,101.60575103759766,13543800,0.0,0.0,0.0
2015-05-26,110.2300033569336,110.37999725341797,108.76000213623047,109.19999694824219,100.4376449584961,25488400,0.0,0.0,0.0
2015-05-27,109.52999877929688,111.08000183105469,109.29000091552734,110.95999908447266,102.05641174316406,30572700,0.0,0.0,0.0
2015-05-28,110.75,111.01000213623047,110.37000274658203,110.70999908447266,101.82647705078125,17302400,0.0,0.0,0.0
2015-05-29,110.63999938964844,110.79000091552734,109.79000091552734,110.05000305175781,101.2194595336914,30383000,0.0,0.0,0.0
2015-06-01,110.63999938964844,110.72000122070312,109.5199966430664,110.41999816894531,101.55976867675781,24570200,0.0,0.0,0.0
2015-06-02,110.01000213623047,110.61000061035156,109.47000122070312,110.06999969482422,101.23783111572266,19449600,0.0,0.0,0.0
2015-06-03,110.56999969482422,110.80999755859375,110.12999725341797,110.4000015258789,101.54137420654297,20507200,0.0,0.0,0.0
2015-06-04,109.77999877929688,110.4800033569336,109.20999908447266,109.55999755859375,100.76876068115234,31374600,0.0,0.0,0.0
2015-06-05,109.43000030517578,109.69000244140625,108.62999725341797,109.30000305175781,100.52965545654297,22641700,0.0,0.0,0.0
2015-06-08,109.25,109.33000183105469,107.97000122070312,108.19000244140625,99.50871276855469,24549200,0.0,0.0,0.0
2015-06-09,107.93000030517578,108.4000015258789,107.19999694824219,108.01000213623047,99.3431396484375,27554600,0.0,0.0,0.0
2015-06-10,108.37999725341797,109.80999755859375,108.26000213623047,109.48999786376953,100.70438385009766,30297900,0.0,0.0,0.0
2015-06-11,109.86000061035156,110.1500015258789,109.45999908447266,109.6500015258789,100.85153198242188,17593500,0.0,0.0,0.0
2015-06-12,109.06999969482422,109.30000305175781,108.5999984741211,108.75,100.02376556396484,27201800,0.0,0.0,0.0
2015-06-15,107.94000244140625,108.37999725341797,107.30999755859375,108.20999908447266,99.5270767211914,31238800,0.0,0.0,0.0
2015-06-16,108.0999984741211,108.9800033569336,108.05000305175781,108.80000305175781,100.06976318359375,16456900,0.0,0.0,0.0
2015-06-17,108.9800033569336,109.44999694824219,108.43000030517578,109.0999984741211,100.34568786621094,23296700,0.0,0.0,0.0
2015-06-18,109.5,110.87999725341797,109.44000244140625,110.69000244140625,101.80810546875,43032400,0.0,0.0,0.0
2015-06-19,110.48999786376953,110.58000183105469,109.80999755859375,109.88999938964844,101.30474853515625,27877600,0.254,0.0,0.0
2015-06-22,110.69999694824219,111.02999877929688,110.44999694824219,110.69999694824219,102.05146026611328,19120900,0.0,0.0,0.0
2015-06-23,110.81999969482422,110.88999938964844,110.33000183105469,110.79000091552734,102.13443756103516,18127900,0.0,0.0,0.0
2015-06-24,110.66000366210938,111.12999725341797,110.19000244140625,110.22000122070312,101.6089859008789,15815900,0.0,0.0,0.0
2015-06-25,110.6500015258789,110.76000213623047,109.81999969482422,110.0,101.40617370605469,18326700,0.0,0.0,0.0
2015-06-26,109.9800033569336,110.2300033569336,108.86000061035156,109.2699966430664,100.73316192626953,32311700,0.0,0.0,0.0
2015-06-29,108.05999755859375,108.66000366210938,106.63999938964844,106.69000244140625,98.35474395751953,50874900,0.0,0.0,0.0
2015-06-30,107.48999786376953,107.72000122070312,106.73999786376953,107.06999969482422,98.705078125,34809900,0.0,0.0,0.0
2015-07-01,108.12999725341797,108.3499984741211,107.41999816894531,107.91999816894531,99.4886474609375,21293000,0.0,0.0,0.0
2015-07-02,108.2300033569336,108.31999969482422,107.62000274658203,107.94999694824219,99.51631164550781,20499400,0.0,0.0,0.0
2015-07-06,107.2699966430664,108.31999969482422,107.04000091552734,107.69999694824219,99.28585815429688,24311000,0.0,0.0,0.0
2015-07-07,107.81999969482422,108.06999969482422,105.83000183105469,107.97000122070312,99.5347671508789,44230800,0.0,0.0,0.0
2015-07-08,107.19999694824219,107.33000183105469,105.88999938964844,106.08999633789062,97.80162048339844,39691500,0.0,0.0,0.0
2015-07-09,107.5,107.5999984741211,106.0199966430664,106.02999877929688,97.74633026123047,28381000,0.0,0.0,0.0
2015-07-10,107.44000244140625,108.05000305175781,107.05000305175781,107.6500015258789,99.23973846435547,26415800,0.0,0.0,0.0
2015-07-13,108.58000183105469,109.62999725341797,108.56999969482422,109.54000091552734,100.98208618164062,25780700,0.0,0.0,0.0
2015-07-14,109.69000244140625,110.55999755859375,109.62999725341797,110.26000213623047,101.6458511352539,21977200,0.0,0.0,0.0
2015-07-15,110.47000122070312,110.80999755859375,110.06999969482422,110.37999725341797,101.75650024414062,28631500,0.0,0.0,0.0
2015-07-16,111.29000091552734,111.95999908447266,111.06999969482422,111.94000244140625,103.19461059570312,29838900,0.0,0.0,0.0
2015-07-17,112.83999633789062,113.58999633789062,112.6500015258789,113.58999633789062,104.7156753540039,35926800,0.0,0.0,0.0
2015-07-20,113.83000183105469,114.38999938964844,113.4800033569336,113.9800033569336,105.07523345947266,26539000,0.0,0.0,0.0
2015-07-21,114.0199966430664,114.19999694824219,113.58000183105469,113.91000366210938,105.01069641113281,35468900,0.0,0.0,0.0
2015-07-22,112.16999816894531,113.16999816894531,112.16999816894531,112.62000274658203,103.82148742675781,35575000,0.0,0.0,0.0
2015-07-23,112.7300033569336,113.0999984741211,111.91000366210938,112.19999694824219,103.43428802490234,25698300,0.0,0.0,0.0
2015-07-24,112.80000305175781,113.0,110.93000030517578,111.0999984741211,102.42024230957031,30844700,0.0,0.0,0.0
2015-07-27,110.47000122070312,110.94999694824219,109.94000244140625,110.18000030517578,101.57210540771484,35994800,0.0,0.0,0.0
2015-07-28,110.66999816894531,111.3499984741211,109.79000091552734,111.12999725341797,102.44790649414062,33553500,0.0,0.0,0.0
2015-07-29,111.37000274658203,111.79000091552734,110.94000244140625,111.55000305175781,102.83506774902344,26714100,0.0,0.0,0.0
2015-07-30,111.29000091552734,112.2699966430664,110.62000274658203,112.08000183105469,103.32366180419922,25438100,0.0,0.0,0.0
2015-07-31,112.43000030517578,112.48999786376953,111.72000122070312,111.94999694824219,103.20381927490234,22081700,0.0,0.0,0.0
2015-08-03,111.97000122070312,112.27999877929688,110.86000061035156,111.5999984741211,102.88114166259766,25001800,0.0,0.0,0.0
2015-08-04,111.55000305175781,111.75,110.93000030517578,111.38999938964844,102.68756103515625,22132300,0.0,0.0,0.0
2015-08-05,112.01000213623047,113.0,111.87999725341797,112.25,103.48037719726562,28989900,0.0,0.0,0.0
2015-08-06,112.3499984741211,112.5,109.94999694824219,110.44999694824219,101.8210220336914,42125400,0.0,0.0,0.0
2015-08-07,110.18000030517578,110.56999969482422,109.4000015258789,110.30999755859375,101.6919174194336,30006800,0.0,0.0,0.0
2015-08-10,111.01000213623047,111.80999755859375,111.0,111.56999969482422,102.85354614257812,21500800,0.0,0.0,0.0
2015-08-11,110.9800033569336,111.41000366210938,109.52999877929688,110.13999938964844,101.53524780273438,36123300,0.0,0.0,0.0
2015-08-12,109.37999725341797,110.73999786376953,108.22000122070312,110.5199966430664,101.88554382324219,41889000,0.0,0.0,0.0
2015-08-13,110.62999725341797,111.16000366210938,110.0999984741211,110.33999633789062,101.71961975097656,22510500,0.0,0.0,0.0
2015-08-14,110.08000183105469,110.66999816894531,109.86000061035156,110.51000213623047,101.8763198852539,17924900,0.0,0.0,0.0
2015-08-17,110.23999786376953,111.45999908447266,109.95999908447266,111.43000030517578,102.72444152832031,21224900,0.0,0.0,0.0
2015-08-18,111.27999877929688,111.37000274658203,110.70999908447266,110.86000061035156,102.19900512695312,13984400,0.0,0.0,0.0
2015-08-19,110.5199966430664,111.11000061035156,109.48999786376953,110.12999725341797,101.52599334716797,42511400,0.0,0.0,0.0
2015-08-20,109.11000061035156,109.45999908447266,107.06999969482422,107.08000183105469,98.71429443359375,57747300,0.0,0.0,0.0
2015-08-21,105.56999969482422,106.47000122070312,102.4000015258789,102.4000015258789,94.39991760253906,97763400,0.0,0.0,0.0
2015-08-24,94.2300033569336,102.52999877929688,84.73999786376953,98.45999908447266,90.76773834228516,150829900,0.0,0.0,0.0
2015-08-25,102.06999969482422,102.73999786376953,98.01000213623047,98.08999633789062,90.42662048339844,75088300,0.0,0.0,0.0
2015-08-26,100.95999908447266,103.2300033569336,98.93000030517578,103.02999877929688,94.980712890625,104103800,0.0,0.0,0.0
2015-08-27,104.5199966430664,105.70999908447266,103.27999877929688,105.63999938964844,97.38677978515625,69377700,0.0,0.0,0.0
2015-08-28,105.08000183105469,106.0,104.8499984741211,105.62000274658203,97.36835479736328,49919600,0.0,0.0,0.0
2015-08-31,105.02999877929688,105.61000061035156,104.05000305175781,104.30999755859375,96.16069793701172,39549400,0.0,0.0,0.0
2015-09-01,101.70999908447266,103.29000091552734,100.62999725341797,101.05000305175781,93.15538787841797,73155500,0.0,0.0,0.0
2015-09-02,102.87999725341797,103.91999816894531,101.69999694824219,103.9000015258789,95.78271484375,43963600,0.0,0.0,0.0
2015-09-03,104.30999755859375,105.0199966430664,103.0999984741211,103.38999938964844,95.31257629394531,45131800,0.0,0.0,0.0
2015-09-04,101.97000122070312,102.8499984741211,101.58999633789062,102.16000366210938,94.1786880493164,49379600,0.0,0.0,0.0
2015-09-08,104.12000274658203,105.16999816894531,103.69000244140625,105.04000091552734,96.83366394042969,37343500,0.0,0.0,0.0
2015-09-09,106.27999877929688,106.30999755859375,103.58999633789062,103.86000061035156,95.74586486816406,47146700,0.0,0.0,0.0
2015-09-10,103.73999786376953,105.68000030517578,103.62000274658203,104.98999786376953,96.78756713867188,47686700,0.0,0.0,0.0
2015-09-11,104.51000213623047,105.56999969482422,104.20999908447266,105.56999969482422,97.32228088378906,29106100,0.0,0.0,0.0
2015-09-14,105.95999908447266,105.9800033569336,104.8499984741211,105.25,97.02728271484375,19718800,0.0,0.0,0.0
2015-09-15,105.5,106.81999969482422,105.11000061035156,106.48999786376953,98.17036437988281,30020200,0.0,0.0,0.0
2015-09-16,106.51000213623047,107.19000244140625,106.13999938964844,107.08999633789062,98.72350311279297,31329100,0.0,0.0,0.0
2015-09-17,106.9800033569336,108.7300033569336,106.63999938964844,107.12999725341797,98.76036834716797,56139800,0.0,0.0,0.0
2015-09-18,105.2300033569336,106.5999984741211,105.16999816894531,105.3499984741211,97.35572052001953,48384000,0.26,0.0,0.0
2015-09-21,105.93000030517578,106.55000305175781,104.7300033569336,105.68000030517578,97.66068267822266,35772600,0.0,0.0,0.0
2015-09-22,104.05999755859375,104.41999816894531,103.12999725341797,104.0999984741211,96.2005844116211,47359700,0.0,0.0,0.0
2015-09-23,104.37999725341797,104.66000366210938,103.63999938964844,104.18000030517578,96.2745132446289,21775100,0.0,0.0,0.0
2015-09-24,103.16999816894531,104.19000244140625,102.2699966430664,103.80000305175781,95.92334747314453,38284300,0.0,0.0,0.0
2015-09-25,104.91000366210938,105.01000213623047,102.27999877929688,102.91999816894531,95.11011505126953,44700000,0.0,0.0,0.0
2015-09-28,102.4800033569336,102.55000305175781,99.69000244140625,99.98999786376953,92.4024658203125,44077500,0.0,0.0,0.0
2015-09-29,100.23999786376953,101.26000213623047,98.75,99.47000122070312,91.92192077636719,49315500,0.0,0.0,0.0
2015-09-30,100.88999938964844,101.87000274658203,100.5,101.76000213623047,94.03814697265625,41411400,0.0,0.0,0.0
2015-10-01,101.94000244140625,102.2300033569336,100.58999633789062,102.22000122070312,94.46322631835938,39339100,0.0,0.0,0.0
2015-10-02,100.80000305175781,104.01000213623047,100.4800033569336,104.01000213623047,96.11741638183594,59370900,0.0,0.0,0.0
2015-10-05,104.77999877929688,105.77999877929688,104.55000305175781,105.5,97.49437713623047,32853500,0.0,0.0,0.0
2015-10-06,105.25,105.5999984741211,104.18000030517578,105.0,97.03231048583984,33051500,0.0,0.0,0.0
2015-10-07,105.66000366210938,105.86000061035156,104.29000091552734,105.62999725341797,97.614501953125,37389300,0.0,0.0,0.0
2015-10-08,105.2300033569336,106.2300033569336,104.20999908447266,106.05000305175781,98.00262451171875,50188900,0.0,0.0,0.0
2015-10-09,106.0999984741211,106.7300033569336,105.80999755859375,106.52999877929688,98.44620513916016,23916200,0.0,0.0,0.0
2015-10-12,106.7300033569336,106.98999786376953,106.3499984741211,106.79000091552734,98.68646240234375,16162000,0.0,0.0,0.0
2015-10-13,106.18000030517578,107.26000213623047,106.0,106.0999984741211,98.04881286621094,26999600,0.0,0.0,0.0
2015-10-14,106.0999984741211,106.62999725341797,105.48999786376953,105.93000030517578,97.89170837402344,30902600,0.0,0.0,0.0
2015-10-15,106.31999969482422,107.68000030517578,106.18000030517578,107.66999816894531,99.49966430664062,38393800,0.0,0.0,0.0
2015-10-16,107.9000015258789,108.18000030517578,107.37999725341797,108.12000274658203,99.91551971435547,27091100,0.0,0.0,0.0
2015-10-19,107.9800033569336,108.80999755859375,107.73999786376953,108.73999786376953,100.4885025024414,23776300,0.0,0.0,0.0
2015-10-20,108.55000305175781,108.77999877929688,107.80999755859375,108.18000030517578,99.97099304199219,23404700,0.0,0.0,0.0
2015-10-21,108.7300033569336,108.83999633789062,107.4800033569336,107.5199966430664,99.36106872558594,30195200,0.0,0.0,0.0
2015-10-22,108.4800033569336,109.80000305175781,108.16999816894531,109.70999908447266,101.38487243652344,42778700,0.0,0.0,0.0
2015-10-23,112.66000366210938,113.23999786376953,112.06999969482422,112.77999877929688,104.22193908691406,53170900,0.0,0.0,0.0
2015-10-26,112.69999694824219,113.06999969482422,112.2699966430664,112.8499984741211,104.28660583496094,25918000,0.0,0.0,0.0
2015-10-27,112.55000305175781,113.23999786376953,112.5199966430664,113.08000183105469,104.4991683959961,31390500,0.0,0.0,0.0
2015-10-28,113.25,114.0199966430664,112.33999633789062,114.0199966430664,105.36783599853516,42221900,0.0,0.0,0.0
2015-10-29,113.5,114.02999877929688,113.37999725341797,113.83999633789062,105.20150756835938,24913300,0.0,0.0,0.0
2015-10-30,113.88999938964844,114.08000183105469,113.30000305175781,113.33000183105469,104.7302017211914,27199200,0.0,0.0,0.0
2015-11-02,113.62999725341797,114.75,113.38999938964844,114.61000061035156,105.91304016113281,22176900,0.0,0.0,0.0
2015-11-03,114.37999725341797,115.41999816894531,114.20999908447266,115.01000213623047,106.28269958496094,20418400,0.0,0.0,0.0
2015-11-04,115.38999938964844,115.47000122070312,114.54000091552734,115.0199966430664,106.29193115234375,28633000,0.0,0.0,0.0
2015-11-05,115.12000274658203,115.4000015258789,114.11000061035156,114.70999908447266,106.00545501708984,25004100,0.0,0.0,0.0
2015-11-06,114.48999786376953,114.91999816894531,113.76000213623047,114.79000091552734,106.07938385009766,29924900,0.0,0.0,0.0
2015-11-09,114.36000061035156,114.51000213623047,112.87000274658203,113.56999969482422,104.95199584960938,33479800,0.0,0.0,0.0
2015-11-10,112.97000122070312,113.38999938964844,112.62999725341797,113.27999877929688,104.68396759033203,35452100,0.0,0.0,0.0
2015-11-11,113.58999633789062,114.13999938964844,112.94999694824219,113.13999938964844,104.55461120605469,22748800,0.0,0.0,0.0
2015-11-12,112.68000030517578,113.2300033569336,111.95999908447266,112.04000091552734,103.53807830810547,31196900,0.0,0.0,0.0
2015-11-13,111.56999969482422,111.69000244140625,109.77999877929688,109.83999633789062,101.5050048828125,52836000,0.0,0.0,0.0
2015-11-16,109.7300033569336,111.44000244140625,109.4800033569336,111.41999816894531,102.9651107788086,33980600,0.0,0.0,0.0
2015-11-17,111.61000061035156,112.29000091552734,111.20999908447266,111.48999786376953,103.0298080444336,30579500,0.0,0.0,0.0
2015-11-18,111.94000244140625,113.73999786376953,111.83000183105469,113.62999725341797,105.0074234008789,32966500,0.0,0.0,0.0
2015-11-19,113.69000244140625,114.2300033569336,113.48999786376953,113.70999908447266,105.08134460449219,26188100,0.0,0.0,0.0
2015-11-20,114.25,114.56999969482422,114.13999938964844,114.4800033569336,105.79291534423828,22727600,0.0,0.0,0.0
2015-11-23,114.5199966430664,114.94000244140625,113.66000366210938,114.1500015258789,105.48795318603516,20696200,0.0,0.0,0.0
2015-11-24,113.41000366210938,114.31999969482422,112.83999633789062,114.05000305175781,105.39556884765625,26374400,0.0,0.0,0.0
2015-11-25,114.22000122070312,114.36000061035156,113.91000366210938,114.1500015258789,105.48795318603516,14159900,0.0,0.0,0.0
2015-11-27,114.4000015258789,114.54000091552734,113.91999816894531,114.30999755859375,105.63581848144531,8828000,0.0,0.0,0.0
2015-11-30,114.6500015258789,114.6500015258789,113.6500015258789,114.0199966430664,105.36783599853516,25041600,0.0,0.0,0.0
2015-12-01,114.4800033569336,115.16000366210938,114.33999633789062,115.16000366210938,106.42131805419922,28639400,0.0,0.0,0.0
2015-12-02,115.25,115.75,114.27999877929688,114.44999694824219,105.76518249511719,22395500,0.0,0.0,0.0
2015-12-03,114.76000213623047,114.95999908447266,111.83999633789062,112.51000213623047,103.97238159179688,42754300,0.0,0.0,0.0
2015-12-04,112.8499984741211,115.33000183105469,112.62000274658203,115.13999938964844,106.40283203125,40037300,0.0,0.0,0.0
2015-12-07,115.22000122070312,115.29000091552734,114.06999969482422,114.62000274658203,105.92230224609375,25892100,0.0,0.0,0.0
2015-12-08,113.41999816894531,115.0,113.37999725341797,114.62999725341797,105.9315185546875,30792600,0.0,0.0,0.0
2015-12-09,114.12999725341797,114.76000213623047,112.19999694824219,112.88999938964844,104.32357788085938,48509200,0.0,0.0,0.0
2015-12-10,113.1500015258789,114.16000366210938,112.80999755859375,113.4000015258789,104.79486846923828,30154600,0.0,0.0,0.0
2015-12-11,112.08999633789062,112.38999938964844,110.72000122070312,110.79000091552734,102.38292694091797,56022200,0.0,0.0,0.0
2015-12-14,110.94000244140625,111.68000030517578,109.37999725341797,111.62999725341797,103.15917205810547,53098500,0.0,0.0,0.0
2015-12-15,112.66000366210938,113.27999877929688,112.16999816894531,112.30999755859375,103.78755187988281,48428000,0.0,0.0,0.0
2015-12-16,113.06999969482422,114.16999816894531,111.88999938964844,113.9800033569336,105.33087158203125,44944100,0.0,0.0,0.0
2015-12-17,114.4800033569336,114.4800033569336,112.30000305175781,112.31999969482422,103.79682159423828,45668800,0.0,0.0,0.0
2015-12-18,111.62999725341797,111.87999725341797,109.83000183105469,109.83000183105469,101.8057632446289,53746100,0.342,0.0,0.0
2015-12-21,110.87000274658203,111.06999969482422,110.05000305175781,111.05000305175781,102.93663024902344,26432800,0.0,0.0,0.0
2015-12-22,111.63999938964844,111.94000244140625,111.05000305175781,111.77999877929688,103.61329650878906,26540300,0.0,0.0,0.0
2015-12-23,112.36000061035156,112.69000244140625,112.16000366210938,112.61000061035156,104.38265991210938,25656900,0.0,0.0,0.0
2015-12-24,112.61000061035156,112.9000015258789,112.54000091552734,112.58999633789062,104.36412811279297,11468600,0.0,0.0,0.0
2015-12-28,112.31999969482422,112.55000305175781,111.51000213623047,112.52999877929688,104.30850219726562,19183600,0.0,0.0,0.0
2015-12-29,113.19999694824219,114.55000305175781,113.12999725341797,114.30000305175781,105.9491958618164,27725700,0.0,0.0,0.0
2015-12-30,114.19999694824219,114.23999786376953,113.25,113.2699966430664,104.99441528320312,19520100,0.0,0.0,0.0
2015-12-31,112.87000274658203,113.08000183105469,111.83999633789062,111.86000061035156,103.68744659423828,29886800,0.0,0.0,0.0
2016-01-04,109.44999694824219,109.5999984741211,108.12000274658203,109.5,101.49983978271484,50807600,0.0,0.0,0.0
2016-01-05,110.04000091552734,110.18000030517578,108.80000305175781,109.30999755859375,101.32373046875,38795200,0.0,0.0,0.0
2016-01-06,107.41000366210938,108.88999938964844,107.41000366210938,108.26000213623047,100.35045623779297,41891100,0.0,0.0,0.0
2016-01-07,105.94999694824219,107.29000091552734,104.80999755859375,104.87000274658203,97.20811462402344,61386300,0.0,0.0,0.0
2016-01-08,105.62999725341797,106.29000091552734,103.9000015258789,104.01000213623047,96.4109878540039,69344000,0.0,0.0,0.0
2016-01-11,104.75,105.05999755859375,102.7300033569336,104.33000183105469,96.70759582519531,50024100,0.0,0.0,0.0
2016-01-12,105.33000183105469,106.08000183105469,104.08000183105469,105.54000091552734,97.82920837402344,46734200,0.0,0.0,0.0
2016-01-13,105.97000122070312,106.2300033569336,101.73999786376953,101.9000015258789,94.45513916015625,69870700,0.0,0.0,0.0
2016-01-14,102.30000305175781,104.9800033569336,100.66999816894531,104.06999969482422,96.46658325195312,78445700,0.0,0.0,0.0
2016-01-15,100.62000274658203,101.94000244140625,99.51000213623047,100.83999633789062,93.4725570678711,91443900,0.0,0.0,0.0
2016-01-19,102.20999908447266,102.37000274658203,99.87999725341797,101.05999755859375,93.67650604248047,56563800,0.0,0.0,0.0
2016-01-20,99.47000122070312,101.83000183105469,97.25,100.75,93.38911437988281,86675000,0.0,0.0,0.0
2016-01-21,101.18000030517578,102.3499984741211,99.81999969482422,100.8499984741211,93.48185729980469,61660100,0.0,0.0,0.0
2016-01-22,102.87999725341797,103.80999755859375,102.52999877929688,103.7699966430664,96.18850708007812,42229800,0.0,0.0,0.0
2016-01-25,103.4000015258789,103.98999786376953,102.13999938964844,102.2300033569336,94.76103210449219,38881500,0.0,0.0,0.0
2016-01-26,102.66000366210938,103.58999633789062,101.76000213623047,103.1500015258789,95.61381530761719,36143900,0.0,0.0,0.0
2016-01-27,102.55000305175781,102.98999786376953,100.1500015258789,100.58000183105469,93.2315902709961,54524700,0.0,0.0,0.0
2016-01-28,102.25,102.29000091552734,100.26000213623047,102.0,94.5478286743164,47641500,0.0,0.0,0.0
2016-01-29,101.97000122070312,104.16999816894531,101.94000244140625,104.12999725341797,96.52220916748047,54245100,0.0,0.0,0.0
2016-02-01,103.62999725341797,104.80000305175781,103.2300033569336,104.41000366210938,96.78173065185547,32750300,0.0,0.0,0.0
2016-02-02,103.93000030517578,103.97000122070312,101.83999633789062,102.1500015258789,94.68685913085938,44928100,0.0,0.0,0.0
2016-02-03,102.83000183105469,102.83000183105469,99.87999725341797,101.66000366210938,94.2326431274414,61572900,0.0,0.0,0.0
2016-02-04,101.38999938964844,102.45999908447266,100.44000244140625,101.6500015258789,94.22339630126953,49321600,0.0,0.0,0.0
2016-02-05,101.29000091552734,101.33000183105469,97.72000122070312,98.12000274658203,90.9512939453125,70749900,0.0,0.0,0.0
2016-02-08,96.29000091552734,97.05000305175781,94.83999633789062,96.62000274658203,89.56088256835938,91673100,0.0,0.0,0.0
2016-02-09,95.33000183105469,97.77999877929688,95.18000030517578,96.31999969482422,89.28280639648438,73778400,0.0,0.0,0.0
2016-02-10,97.43000030517578,98.69000244140625,96.62000274658203,96.69000244140625,89.62576293945312,59421700,0.0,0.0,0.0
2016-02-11,95.45999908447266,97.31999969482422,95.19000244140625,96.55000305175781,89.4959945678711,76839200,0.0,0.0,0.0
2016-02-12,97.63999938964844,98.12000274658203,96.7300033569336,98.0199966430664,90.85861206054688,49186500,0.0,0.0,0.0
2016-02-16,99.47000122070312,100.2300033569336,98.8499984741211,100.2300033569336,92.90715026855469,40565900,0.0,0.0,0.0
2016-02-17,100.95999908447266,102.63999938964844,100.69999694824219,102.5,95.01129913330078,41766500,0.0,0.0,0.0
2016-02-18,102.81999969482422,102.83999633789062,101.19999694824219,101.33000183105469,93.92677307128906,38991500,0.0,0.0,0.0
2016-02-19,100.83999633789062,101.94000244140625,100.62000274658203,101.62999725341797,94.204833984375,28257900,0.0,0.0,0.0
2016-02-22,102.58000183105469,103.37999725341797,102.4800033569336,103.27999877929688,95.73431396484375,23979100,0.0,0.0,0.0
2016-02-23,102.68000030517578,102.95999908447266,101.51000213623047,101.58000183105469,94.15853881835938,29869700,0.0,0.0,0.0
2016-02-24,100.38999938964844,102.68000030517578,99.7699966430664,102.55000305175781,95.05763244628906,40739100,0.0,0.0,0.0
2016-02-25,102.76000213623047,103.55999755859375,101.83999633789062,103.55999755859375,95.99384307861328,29389300,0.0,0.0,0.0
2016-02-26,104.3499984741211,104.37000274658203,103.18000030517578,103.43000030517578,95.87334442138672,30925000,0.0,0.0,0.0
2016-02-29,103.33000183105469,104.0999984741211,102.5,102.5,95.01129913330078,27553900,0.0,0.0,0.0
2016-03-01,103.4800033569336,105.79000091552734,103.16000366210938,105.79000091552734,98.06088256835938,37699800,0.0,0.0,0.0
2016-03-02,105.66000366210938,105.8499984741211,105.01000213623047,105.83000183105469,98.09799194335938,29209800,0.0,0.0,0.0
2016-03-03,105.72000122070312,105.75,104.87000274658203,105.62999725341797,97.91263580322266,25474600,0.0,0.0,0.0
2016-03-04,105.75,106.3499984741211,104.97000122070312,105.66999816894531,97.9496841430664,31655400,0.0,0.0,0.0
2016-03-07,105.12999725341797,105.73999786376953,104.2699966430664,105.0199966430664,97.34717559814453,25861200,0.0,0.0,0.0
2016-03-08,104.30000305175781,105.20999908447266,103.97000122070312,104.1500015258789,96.54075622558594,28898500,0.0,0.0,0.0
2016-03-09,104.54000091552734,104.83999633789062,103.95999908447266,104.81999969482422,97.16180419921875,31047400,0.0,0.0,0.0
2016-03-10,105.26000213623047,105.86000061035156,103.30999755859375,104.66000366210938,97.01347351074219,44236100,0.0,0.0,0.0
2016-03-11,105.79000091552734,106.48999786376953,105.45999908447266,106.48999786376953,98.70976257324219,31454000,0.0,0.0,0.0
2016-03-14,106.08999633789062,106.91999816894531,106.05999755859375,106.66999816894531,98.87664031982422,25374900,0.0,0.0,0.0
2016-03-15,106.29000091552734,106.75,105.94999694824219,106.62999725341797,98.83953857421875,26524600,0.0,0.0,0.0
2016-03-16,106.37000274658203,107.86000061035156,106.33999633789062,107.58000183105469,99.72015380859375,31693100,0.0,0.0,0.0
2016-03-17,107.2699966430664,107.7699966430664,106.87000274658203,107.5199966430664,99.66453552246094,29623700,0.0,0.0,0.0
2016-03-18,107.45999908447266,107.63999938964844,106.80000305175781,107.37000274658203,99.82070922851562,37682300,0.318,0.0,0.0
2016-03-21,107.18000030517578,107.88999938964844,107.12000274658203,107.79000091552734,100.21118927001953,17288600,0.0,0.0,0.0
2016-03-22,107.18000030517578,108.37000274658203,107.16000366210938,108.12000274658203,100.51798248291016,18840300,0.0,0.0,0.0
2016-03-23,107.91000366210938,107.98999786376953,106.98999786376953,107.2300033569336,99.69055938720703,20912900,0.0,0.0,0.0
2016-03-24,106.70999908447266,107.29000091552734,106.52999877929688,107.26000213623047,99.71845245361328,19017300,0.0,0.0,0.0
2016-03-28,107.55999755859375,107.58000183105469,106.91999816894531,107.11000061035156,99.57901763916016,13892300,0.0,0.0,0.0
2016-03-29,106.91000366210938,108.9000015258789,106.7300033569336,108.83000183105469,101.17808532714844,29963900,0.0,0.0,0.0
2016-03-30,109.4800033569336,110.04000091552734,109.12999725341797,109.36000061035156,101.67078399658203,23807200,0.0,0.0,0.0
2016-03-31,109.27999877929688,109.69000244140625,109.02999877929688,109.19999694824219,101.52205657958984,21447200,0.0,0.0,0.0
2016-04-01,108.54000091552734,110.4000015258789,108.38999938964844,110.36000061035156,102.60047912597656,26389000,0.0,0.0,0.0
2016-04-04,110.36000061035156,110.44000244140625,109.68000030517578,109.94000244140625,102.21002197265625,17163000,0.0,0.0,0.0
2016-04-05,109.08999633789062,109.5,108.73999786376953,108.87999725341797,101.22454071044922,20107900,0.0,0.0,0.0
2016-04-06,108.98999786376953,110.70999908447266,108.98999786376953,110.66999816894531,102.88871002197266,25056000,0.0,0.0,0.0
2016-04-07,110.02999877929688,110.2300033569336,108.61000061035156,109.08000183105469,101.41048431396484,28567200,0.0,0.0,0.0
2016-04-08,109.76000213623047,110.0199966430664,108.62000274658203,109.0,101.33610534667969,22898000,0.0,0.0,0.0
2016-04-11,109.47000122070312,110.0199966430664,108.58999633789062,108.5999984741211,100.96424865722656,25772100,0.0,0.0,0.0
2016-04-12,108.68000030517578,109.72000122070312,108.0199966430664,109.51000213623047,101.81024932861328,28564100,0.0,0.0,0.0
2016-04-13,110.3499984741211,111.08000183105469,110.20999908447266,110.91000366210938,103.11183166503906,25356700,0.0,0.0,0.0
2016-04-14,110.93000030517578,111.33000183105469,110.0,110.91999816894531,103.12110137939453,17199700,0.0,0.0,0.0
2016-04-15,110.83000183105469,111.05999755859375,110.36000061035156,110.63999938964844,102.86082458496094,21353300,0.0,0.0,0.0
2016-04-18,110.31999969482422,111.2699966430664,110.25,111.2300033569336,103.4093017578125,17126100,0.0,0.0,0.0
2016-04-19,111.44000244140625,111.44000244140625,109.87999725341797,110.55000305175781,102.7771224975586,42481400,0.0,0.0,0.0
2016-04-20,110.55000305175781,111.1500015258789,110.16999816894531,110.63999938964844,102.86082458496094,18078300,0.0,0.0,0.0
2016-04-21,110.58000183105469,111.05000305175781,110.1500015258789,110.6500015258789,102.87007904052734,20216000,0.0,0.0,0.0
2016-04-22,109.20999908447266,109.72000122070312,108.12000274658203,108.9800033569336,101.3175277709961,39074000,0.0,0.0,0.0
2016-04-25,108.6500015258789,108.98999786376953,108.44999694824219,108.9800033569336,101.3175277709961,14351900,0.0,0.0,0.0
2016-04-26,109.20999908447266,109.38999938964844,108.12000274658203,108.44999694824219,100.82476806640625,19118300,0.0,0.0,0.0
2016-04-27,107.33999633789062,107.83000183105469,106.69000244140625,107.58000183105469,100.01594543457031,33059800,0.0,0.0,0.0
2016-04-28,107.69999694824219,108.33000183105469,106.06999969482422,106.27999877929688,98.80734252929688,29818200,0.0,0.0,0.0
2016-04-29,106.27999877929688,106.5,104.87999725341797,105.72000122070312,98.2867431640625,67502800,0.0,0.0,0.0
2016-05-02,105.98999786376953,106.87000274658203,105.55000305175781,106.72000122070312,99.21641540527344,24813800,0.0,0.0,0.0
2016-05-03,105.95999908447266,106.44000244140625,105.44999694824219,105.7300033569336,98.29605102539062,38569400,0.0,0.0,0.0
2016-05-04,105.08999633789062,105.4800033569336,104.79000091552734,105.05000305175781,97.66383361816406,27474500,0.0,0.0,0.0
2016-05-05,105.43000030517578,105.66000366210938,104.80999755859375,105.0199966430664,97.63593292236328,20788100,0.0,0.0,0.0
2016-05-06,104.5,105.5999984741211,104.4000015258789,105.58000183105469,98.15656280517578,30758500,0.0,0.0,0.0
2016-05-09,105.58999633789062,106.37000274658203,105.54000091552734,105.87999725341797,98.43547821044922,19289600,0.0,0.0,0.0
2016-05-10,106.26000213623047,107.37999725341797,106.06999969482422,107.33000183105469,99.78352355957031,21178900,0.0,0.0,0.0
2016-05-11,107.16999816894531,107.48999786376953,106.33000183105469,106.36000061035156,98.88172912597656,20966300,0.0,0.0,0.0
2016-05-12,106.61000061035156,106.73999786376953,105.13999938964844,105.88999938964844,98.44478607177734,29196300,0.0,0.0,0.0
2016-05-13,105.80000305175781,106.44999694824219,105.29000091552734,105.5,98.08220672607422,21059300,0.0,0.0,0.0
2016-05-16,105.66000366210938,107.20999908447266,105.55999755859375,106.81999969482422,99.30939483642578,18311900,0.0,0.0,0.0
2016-05-17,106.7300033569336,107.04000091552734,105.19999694824219,105.4800033569336,98.0636215209961,29932700,0.0,0.0,0.0
2016-05-18,105.23999786376953,106.43000030517578,105.04000091552734,105.86000061035156,98.41688537597656,27524400,0.0,0.0,0.0
2016-05-19,105.44999694824219,105.70999908447266,104.54000091552734,105.30999755859375,97.90555572509766,27334600,0.0,0.0,0.0
2016-05-20,105.7300033569336,106.9000015258789,105.66999816894531,106.47000122070312,98.98399353027344,29549600,0.0,0.0,0.0
2016-05-23,106.58999633789062,106.97000122070312,106.2300033569336,106.33000183105469,98.85382080078125,15729800,0.0,0.0,0.0
2016-05-24,106.91999816894531,108.58999633789062,106.88999938964844,108.45999908447266,100.8340835571289,29931300,0.0,0.0,0.0
2016-05-25,108.87000274658203,109.56999969482422,108.68000030517578,109.23999786376953,101.5592041015625,37951700,0.0,0.0,0.0
2016-05-26,109.3499984741211,109.69999694824219,109.08999633789062,109.55999755859375,101.85672760009766,21885900,0.0,0.0,0.0
2016-05-27,109.62999725341797,110.13999938964844,109.61000061035156,110.12999725341797,102.38662719726562,19870000,0.0,0.0,0.0
2016-05-31,110.27999877929688,110.51000213623047,109.77999877929688,110.33999633789062,102.5818862915039,24366100,0.0,0.0,0.0
2016-06-01,110.0,110.5999984741211,109.91000366210938,110.3499984741211,102.59117889404297,19571500,0.0,0.0,0.0
2016-06-02,110.12999725341797,110.58999633789062,109.52999877929688,110.58000183105469,102.80500030517578,15696600,0.0,0.0,0.0
2016-06-03,110.37000274658203,110.41999816894531,109.33999633789062,110.05999755859375,102.32154846191406,20269900,0.0,0.0,0.0
2016-06-06,110.26000213623047,110.75,110.06999969482422,110.45999908447266,102.6934585571289,12502400,0.0,0.0,0.0
2016-06-07,110.5199966430664,110.62999725341797,110.12999725341797,110.18000030517578,102.43314361572266,12184300,0.0,0.0,0.0
2016-06-08,110.37000274658203,110.5999984741211,109.95999908447266,110.37000274658203,102.60982513427734,14568700,0.0,0.0,0.0
2016-06-09,109.91999816894531,110.30999755859375,109.70999908447266,110.19000244140625,102.44245147705078,17571600,0.0,0.0,0.0
2016-06-10,109.19000244140625,109.4000015258789,108.55999755859375,108.94000244140625,101.28032684326172,32965000,0.0,0.0,0.0
2016-06-13,108.31999969482422,108.93000030517578,107.88999938964844,108.02999877929688,100.434326171875,25154700,0.0,0.0,0.0
2016-06-14,107.73999786376953,108.41999816894531,107.23999786376953,108.02999877929688,100.434326171875,24588500,0.0,0.0,0.0
2016-06-15,108.29000091552734,108.44000244140625,107.54000091552734,107.72000122070312,100.1460952758789,24605700,0.0,0.0,0.0
2016-06-16,107.19000244140625,108.13999938964844,106.5,108.04000091552734,100.4436264038086,32079900,0.0,0.0,0.0
2016-06-17,107.52999877929688,107.68000030517578,106.23999786376953,106.48999786376953,99.26626586914062,29208800,0.287,0.0,0.0
2016-06-20,107.7300033569336,108.23999786376953,107.08000183105469,107.16000366210938,99.89082336425781,20562800,0.0,0.0,0.0
2016-06-21,107.30000305175781,107.72000122070312,107.0999984741211,107.5,100.20777130126953,22804100,0.0,0.0,0.0
2016-06-22,107.55999755859375,108.19000244140625,107.1500015258789,107.23999786376953,99.96539306640625,22724200,0.0,0.0,0.0
2016-06-23,108.06999969482422,108.79000091552734,107.62000274658203,108.7699966430664,101.39163208007812,18714200,0.0,0.0,0.0
2016-06-24,104.9000015258789,106.5,104.05999755859375,104.29000091552734,97.21551513671875,68012700,0.0,0.0,0.0
2016-06-27,103.5999984741211,103.5999984741211,101.75,102.22000122070312,95.28591918945312,48222600,0.0,0.0,0.0
2016-06-28,103.3499984741211,104.51000213623047,103.30000305175781,104.45999908447266,97.37397766113281,28260600,0.0,0.0,0.0
2016-06-29,105.27999877929688,106.52999877929688,105.2300033569336,106.30999755859375,99.09851837158203,31356700,0.0,0.0,0.0
2016-06-30,106.48999786376953,107.61000061035156,106.12999725341797,107.54000091552734,100.24504089355469,36300800,0.0,0.0,0.0
2016-07-01,107.48999786376953,108.4800033569336,107.44999694824219,108.08000183105469,100.7484130859375,19902800,0.0,0.0,0.0
2016-07-05,107.51000213623047,107.66000366210938,106.83999633789062,107.41999816894531,100.13318634033203,21167900,0.0,0.0,0.0
2016-07-06,106.91000366210938,108.3499984741211,106.56999969482422,108.30000305175781,100.95350646972656,24579300,0.0,0.0,0.0
2016-07-07,108.4000015258789,108.86000061035156,108.11000061035156,108.62000274658203,101.25178527832031,19161700,0.0,0.0,0.0
2016-07-08,109.19999694824219,110.36000061035156,109.0199966430664,110.30000305175781,102.81781768798828,29457900,0.0,0.0,0.0
2016-07-11,110.66999816894531,111.33999633789062,110.66000366210938,110.93000030517578,103.40507507324219,20218500,0.0,0.0,0.0
2016-07-12,111.61000061035156,111.79000091552734,111.33999633789062,111.48999786376953,103.92709350585938,21906100,0.0,0.0,0.0
2016-07-13,111.75,111.81999969482422,111.20999908447266,111.22000122070312,103.67542266845703,21107800,0.0,0.0,0.0
2016-07-14,111.95999908447266,112.19000244140625,111.69999694824219,111.9800033569336,104.38388061523438,20871000,0.0,0.0,0.0
2016-07-15,112.23999786376953,112.30000305175781,111.55000305175781,111.80000305175781,104.2160873413086,17999300,0.0,0.0,0.0
2016-07-18,111.87000274658203,112.73999786376953,111.8499984741211,112.54000091552734,104.90586853027344,20713900,0.0,0.0,0.0
2016-07-19,112.1500015258789,112.4800033569336,111.93000030517578,112.12999725341797,104.52368927001953,18936700,0.0,0.0,0.0
2016-07-20,112.73999786376953,113.6500015258789,112.5999984741211,113.44000244140625,105.74484252929688,24997900,0.0,0.0,0.0
2016-07-21,113.5199966430664,113.73999786376953,112.87000274658203,113.18000030517578,105.50247192382812,18885400,0.0,0.0,0.0
2016-07-22,113.26000213623047,113.77999877929688,112.91000366210938,113.6500015258789,105.94059753417969,20003400,0.0,0.0,0.0
2016-07-25,113.55999755859375,113.69000244140625,113.27999877929688,113.66000366210938,105.94991302490234,12968100,0.0,0.0,0.0
2016-07-26,113.62000274658203,114.19999694824219,113.22000122070312,113.79000091552734,106.07109832763672,21223800,0.0,0.0,0.0
2016-07-27,114.75,114.87999725341797,114.0999984741211,114.58000183105469,106.80750274658203,27646100,0.0,0.0,0.0
2016-07-28,114.76000213623047,115.11000061035156,114.4000015258789,114.9800033569336,107.18038177490234,16939700,0.0,0.0,0.0
2016-07-29,115.23999786376953,115.54000091552734,114.87000274658203,115.2300033569336,107.41341400146484,22385300,0.0,0.0,0.0
2016-08-01,115.30999755859375,116.12999725341797,115.16999816894531,115.83999633789062,107.98204040527344,13990100,0.0,0.0,0.0
2016-08-02,115.66999816894531,115.7699966430664,114.22000122070312,114.95999908447266,107.16170501708984,21278400,0.0,0.0,0.0
2016-08-03,114.87000274658203,115.3499984741211,114.80000305175781,115.33999633789062,107.51594543457031,15011300,0.0,0.0,0.0
2016-08-04,115.30000305175781,115.77999877929688,115.02999877929688,115.66999816894531,107.82356262207031,12835300,0.0,0.0,0.0
2016-08-05,116.26000213623047,117.04000091552734,116.12999725341797,116.77999877929688,108.85826110839844,23196600,0.0,0.0,0.0
2016-08-08,116.83999633789062,116.87000274658203,116.27999877929688,116.6500015258789,108.73706817626953,12358200,0.0,0.0,0.0
2016-08-09,116.73999786376953,117.29000091552734,116.66999816894531,116.91999816894531,108.98876953125,13276500,0.0,0.0,0.0
2016-08-10,116.98999786376953,117.0199966430664,116.30999755859375,116.62000274658203,108.7091064453125,14688400,0.0,0.0,0.0
2016-08-11,117.0199966430664,117.37000274658203,116.77999877929688,117.12000274658203,109.1751937866211,12969800,0.0,0.0,0.0
2016-08-12,116.91999816894531,117.20999908447266,116.79000091552734,117.19999694824219,109.24977111816406,19379000,0.0,0.0,0.0
2016-08-15,117.3499984741211,117.97000122070312,117.30999755859375,117.69999694824219,109.71585083007812,11777800,0.0,0.0,0.0
2016-08-16,117.4800033569336,117.48999786376953,117.02999877929688,117.05000305175781,109.1099624633789,14161400,0.0,0.0,0.0
2016-08-17,117.08000183105469,117.30000305175781,116.43000030517578,117.26000213623047,109.30570983886719,15980300,0.0,0.0,0.0
2016-08-18,117.1500015258789,117.45999908447266,116.94999694824219,117.29000091552734,109.33366394042969,10036300,0.0,0.0,0.0
2016-08-19,117.08000183105469,117.5199966430664,116.76000213623047,117.26000213623047,109.30570983886719,18743000,0.0,0.0,0.0
2016-08-22,117.08999633789062,117.55000305175781,116.87000274658203,117.3499984741211,109.38959503173828,14500600,0.0,0.0,0.0
2016-08-23,117.80999755859375,118.01000213623047,117.51000213623047,117.55999755859375,109.5853500366211,11997900,0.0,0.0,0.0
2016-08-24,117.4800033569336,117.63999938964844,116.41000366210938,116.80000305175781,108.87691497802734,17728700,0.0,0.0,0.0
2016-08-25,116.5,116.97000122070312,116.36000061035156,116.61000061035156,108.69979858398438,24266300,0.0,0.0,0.0
2016-08-26,116.6500015258789,117.54000091552734,116.08000183105469,116.77999877929688,108.85826110839844,23896000,0.0,0.0,0.0
2016-08-29,116.80999755859375,117.25,116.79000091552734,116.94000244140625,109.0074234008789,11184900,0.0,0.0,0.0
2016-08-30,116.75,117.08999633789062,116.16000366210938,116.55999755859375,108.6531753540039,19843300,0.0,0.0,0.0
2016-08-31,116.37999725341797,116.55999755859375,115.94999694824219,116.44000244140625,108.54132843017578,16169800,0.0,0.0,0.0
2016-09-01,116.4800033569336,116.87999725341797,115.91000366210938,116.73999786376953,108.82098388671875,20944700,0.0,0.0,0.0
2016-09-02,117.31999969482422,117.55999755859375,116.68000030517578,117.12000274658203,109.1751937866211,18088200,0.0,0.0,0.0
2016-09-06,117.31999969482422,117.8499984741211,117.05999755859375,117.8499984741211,109.8556900024414,18525200,0.0,0.0,0.0
2016-09-07,117.95999908447266,118.12000274658203,117.47000122070312,117.91999816894531,109.92092895507812,17546900,0.0,0.0,0.0
2016-09-08,117.56999969482422,117.5999984741211,116.91999816894531,117.2300033569336,109.27771759033203,20125300,0.0,0.0,0.0
2016-09-09,116.25,116.51000213623047,114.26000213623047,114.27999877929688,106.52784729003906,50813300,0.0,0.0,0.0
2016-09-12,113.63999938964844,116.48999786376953,113.62999725341797,116.33000183105469,108.43878936767578,39646000,0.0,0.0,0.0
2016-09-13,115.75,116.08999633789062,114.7300033569336,115.29000091552734,107.46934509277344,45863900,0.0,0.0,0.0
2016-09-14,115.41000366210938,116.47000122070312,115.37999725341797,115.83999633789062,107.98204040527344,28221800,0.0,0.0,0.0
2016-09-15,115.87000274658203,117.81999969482422,115.86000061035156,117.63999938964844,109.65992736816406,38521400,0.0,0.0,0.0
2016-09-16,117.22000122070312,117.41000366210938,116.70999908447266,117.29000091552734,109.60758209228516,27596500,0.294,0.0,0.0
2016-09-19,117.58999633789062,117.94999694824219,116.55000305175781,116.77999877929688,109.1310043334961,16222900,0.0,0.0,0.0
2016-09-20,117.19999694824219,117.4800033569336,116.80000305175781,117.0,109.33660888671875,18078600,0.0,0.0,0.0
2016-09-21,117.5,118.31999969482422,116.80999755859375,118.1500015258789,110.4112548828125,31546800,0.0,0.0,0.0
2016-09-22,118.83999633789062,119.22000122070312,118.72000122070312,119.08999633789062,111.28968048095703,22614400,0.0,0.0,0.0
2016-09-23,119.0,119.0,118.16000366210938,118.33000183105469,110.5794677734375,22213400,0.0,0.0,0.0
2016-09-26,117.66000366210938,117.80000305175781,117.16999816894531,117.33999633789062,109.65430450439453,16403900,0.0,0.0,0.0
2016-09-27,117.26000213623047,118.55999755859375,117.1500015258789,118.5,110.73834228515625,20238400,0.0,0.0,0.0
2016-09-28,118.6500015258789,118.7699966430664,118.08999633789062,118.69999694824219,110.92521667480469,14794300,0.0,0.0,0.0
2016-09-29,118.5,118.72000122070312,117.33000183105469,117.83999633789062,110.12156677246094,27207500,0.0,0.0,0.0
2016-09-30,118.1500015258789,119.06999969482422,118.02999877929688,118.72000122070312,110.94390869140625,25543200,0.0,0.0,0.0
2016-10-03,118.56999969482422,118.69999694824219,118.08999633789062,118.55000305175781,110.7850570678711,19216400,0.0,0.0,0.0
2016-10-04,118.9000015258789,119.16000366210938,117.91999816894531,118.37000274658203,110.61685943603516,21239700,0.0,0.0,0.0
2016-10-05,118.72000122070312,119.16999816894531,118.66999816894531,118.79000091552734,111.00933837890625,14481300,0.0,0.0,0.0
2016-10-06,118.63999938964844,118.9800033569336,118.1500015258789,118.7300033569336,110.95327758789062,11987100,0.0,0.0,0.0
2016-10-07,118.83999633789062,119.01000213623047,117.88999938964844,118.47000122070312,110.7103042602539,19984200,0.0,0.0,0.0
2016-10-10,119.08000183105469,119.4800033569336,119.02999877929688,119.22000122070312,111.41117095947266,19687300,0.0,0.0,0.0
2016-10-11,119.12000274658203,119.13999938964844,117.0,117.5199966430664,109.82251739501953,27774400,0.0,0.0,0.0
2016-10-12,117.62999725341797,117.81999969482422,117.05999755859375,117.41999816894531,109.72905731201172,14267800,0.0,0.0,0.0
2016-10-13,116.62000274658203,117.31999969482422,115.94000244140625,117.0,109.33660888671875,22821000,0.0,0.0,0.0
2016-10-14,117.58000183105469,118.05000305175781,117.06999969482422,117.13999938964844,109.46741485595703,21313300,0.0,0.0,0.0
2016-10-17,117.04000091552734,117.30000305175781,116.66999816894531,116.81999969482422,109.16838836669922,14182700,0.0,0.0,0.0
2016-10-18,118.20999908447266,118.41000366210938,117.80000305175781,117.86000061035156,110.1402587890625,19276700,0.0,0.0,0.0
2016-10-19,117.7699966430664,118.0199966430664,117.63999938964844,117.8499984741211,110.13092041015625,13702900,0.0,0.0,0.0
2016-10-20,117.7300033569336,117.97000122070312,117.02999877929688,117.70999908447266,110.00008392333984,18132200,0.0,0.0,0.0
2016-10-21,117.80000305175781,118.22000122070312,117.41000366210938,118.1500015258789,110.4112548828125,15707800,0.0,0.0,0.0
2016-10-24,118.91000366210938,119.6500015258789,118.88999938964844,119.56999969482422,111.73827362060547,19143000,0.0,0.0,0.0
2016-10-25,119.63999938964844,119.66000366210938,119.01000213623047,119.19000244140625,111.3831787109375,20341800,0.0,0.0,0.0
2016-10-26,118.41999816894531,119.02999877929688,118.02999877929688,118.37999725341797,110.6261978149414,20463700,0.0,0.0,0.0
2016-10-27,118.88999938964844,118.98999786376953,117.66999816894531,117.83999633789062,110.12156677246094,19099800,0.0,0.0,0.0
2016-10-28,117.5,118.11000061035156,116.73999786376953,117.0999984741211,109.43001556396484,35369300,0.0,0.0,0.0
2016-10-31,117.52999877929688,117.52999877929688,116.93000030517578,116.98999786376953,109.3272476196289,18749400,0.0,0.0,0.0
2016-11-01,117.19000244140625,117.20999908447266,115.0999984741211,116.11000061035156,108.50489044189453,23498700,0.0,0.0,0.0
2016-11-02,116.02999877929688,116.30000305175781,114.88999938964844,115.18000030517578,107.63575744628906,26960100,0.0,0.0,0.0
2016-11-03,114.98999786376953,115.37000274658203,113.91999816894531,114.05000305175781,106.5798110961914,36205200,0.0,0.0,0.0
2016-11-04,113.7699966430664,114.54000091552734,113.44999694824219,113.6500015258789,106.2060317993164,26997500,0.0,0.0,0.0
2016-11-07,115.48999786376953,116.47000122070312,115.30000305175781,116.3499984741211,108.7291488647461,26591200,0.0,0.0,0.0
2016-11-08,116.2300033569336,117.63999938964844,115.95999908447266,117.11000061035156,109.43939971923828,20777900,0.0,0.0,0.0
2016-11-09,115.73999786376953,117.83999633789062,115.5999984741211,117.6500015258789,109.94400024414062,70234400,0.0,0.0,0.0
2016-11-10,118.22000122070312,118.37999725341797,114.19999694824219,115.75,108.16844940185547,72825400,0.0,0.0,0.0
2016-11-11,115.25,116.05000305175781,114.83999633789062,115.80000305175781,108.2151870727539,41115200,0.0,0.0,0.0
2016-11-14,115.83000183105469,115.94000244140625,114.02999877929688,114.62999725341797,107.12181854248047,35906000,0.0,0.0,0.0
2016-11-15,115.5,116.62000274658203,115.33000183105469,116.22000122070312,108.607666015625,31796600,0.0,0.0,0.0
2016-11-16,115.66999816894531,116.98999786376953,115.66999816894531,116.91000366210938,109.25247955322266,16538100,0.0,0.0,0.0
2016-11-17,116.8499984741211,117.77999877929688,116.61000061035156,117.76000213623047,110.04680633544922,20598600,0.0,0.0,0.0
2016-11-18,117.9000015258789,118.0999984741211,117.20999908447266,117.31999969482422,109.63562774658203,16428700,0.0,0.0,0.0
2016-11-21,117.61000061035156,118.6500015258789,117.56999969482422,118.54000091552734,110.77570343017578,20268500,0.0,0.0,0.0
2016-11-22,119.01000213623047,119.19000244140625,118.61000061035156,118.9000015258789,111.11212921142578,18850600,0.0,0.0,0.0
2016-11-23,118.51000213623047,118.63999938964844,117.9000015258789,118.41999816894531,110.66356658935547,22926000,0.0,0.0,0.0
2016-11-25,118.55999755859375,118.8499984741211,118.41999816894531,118.80000305175781,111.01869201660156,7162800,0.0,0.0,0.0
2016-11-28,118.6500015258789,119.08000183105469,118.41000366210938,118.52999877929688,110.7663803100586,13479000,0.0,0.0,0.0
2016-11-29,118.63999938964844,119.51000213623047,118.30000305175781,118.94000244140625,111.14952087402344,18553000,0.0,0.0,0.0
2016-11-30,119.08999633789062,119.12999725341797,117.45999908447266,117.5,109.80384063720703,30405300,0.0,0.0,0.0
2016-12-01,117.45999908447266,117.47000122070312,115.29000091552734,115.47000122070312,107.90681457519531,39796600,0.0,0.0,0.0
2016-12-02,115.54000091552734,116.16000366210938,115.22000122070312,115.69999694824219,108.1217269897461,32876800,0.0,0.0,0.0
2016-12-05,116.30000305175781,117.05999755859375,115.7699966430664,116.5999984741211,108.96278381347656,21419700,0.0,0.0,0.0
2016-12-06,116.93000030517578,117.08000183105469,116.38999938964844,116.87999725341797,109.22445678710938,27293300,0.0,0.0,0.0
2016-12-07,116.63999938964844,118.51000213623047,116.29000091552734,118.36000061035156,110.60753631591797,26622400,0.0,0.0,0.0
2016-12-08,118.41000366210938,118.87000274658203,118.18000030517578,118.56999969482422,110.8037338256836,18578400,0.0,0.0,0.0
2016-12-09,119.01000213623047,119.54000091552734,119.0,119.5,111.6728286743164,21863100,0.0,0.0,0.0
2016-12-12,118.97000122070312,119.20999908447266,118.47000122070312,118.95999908447266,111.168212890625,23259300,0.0,0.0,0.0
2016-12-13,119.31999969482422,121.11000061035156,119.31999969482422,120.45999908447266,112.5699691772461,54477900,0.0,0.0,0.0
2016-12-14,120.61000061035156,121.0,119.86000061035156,120.20999908447266,112.33633422851562,28746000,0.0,0.0,0.0
2016-12-15,120.37000274658203,121.11000061035156,120.08000183105469,120.4000015258789,112.51390075683594,22762300,0.0,0.0,0.0
2016-12-16,120.33999633789062,120.58000183105469,119.36000061035156,119.5999984741211,112.09679412841797,26283900,0.355,0.0,0.0
2016-12-19,119.72000122070312,120.83000183105469,119.55000305175781,120.08999633789062,112.55608367919922,21138700,0.0,0.0,0.0
2016-12-20,120.47000122070312,120.7699966430664,120.33000183105469,120.55000305175781,112.98719024658203,11461800,0.0,0.0,0.0
2016-12-21,120.5999984741211,120.68000030517578,120.19000244140625,120.45999908447266,112.9028549194336,7079300,0.0,0.0,0.0
2016-12-22,120.47000122070312,120.5,119.6500015258789,120.12000274658203,112.58417510986328,16645000,0.0,0.0,0.0
2016-12-23,119.91999816894531,120.25,119.80999755859375,120.19999694824219,112.65916442871094,9007500,0.0,0.0,0.0
2016-12-27,120.45999908447266,121.5199966430664,120.41000366210938,120.81999969482422,113.24028015136719,16110600,0.0,0.0,0.0
2016-12-28,121.08000183105469,121.19000244140625,119.80000305175781,119.87999725341797,112.3592300415039,17975200,0.0,0.0,0.0
2016-12-29,119.8499984741211,120.12999725341797,119.33000183105469,119.70999908447266,112.1999282836914,13267500,0.0,0.0,0.0
2016-12-30,119.94000244140625,119.94999694824219,118.13999938964844,118.4800033569336,111.04707336425781,41749000,0.0,0.0,0.0
2017-01-03,119.2699966430664,119.98999786376953,118.88999938964844,119.54000091552734,112.04055786132812,22307600,0.0,0.0,0.0
2017-01-04,119.66999816894531,120.41000366210938,119.66000366210938,120.19000244140625,112.6497802734375,19749100,0.0,0.0,0.0
2017-01-05,120.0999984741211,120.94999694824219,120.0999984741211,120.87000274658203,113.28713989257812,20644300,0.0,0.0,0.0
2017-01-06,121.0,122.25,120.69000244140625,121.93000030517578,114.28065490722656,24074300,0.0,0.0,0.0
2017-01-09,122.02999877929688,122.55000305175781,121.94999694824219,122.33000183105469,114.6555404663086,18909200,0.0,0.0,0.0
2017-01-10,122.37999725341797,122.97000122070312,122.0999984741211,122.5999984741211,114.90857696533203,16176600,0.0,0.0,0.0
2017-01-11,122.6500015258789,122.93000030517578,122.0199966430664,122.93000030517578,115.2179183959961,20686000,0.0,0.0,0.0
2017-01-12,122.48999786376953,122.81999969482422,121.5999984741211,122.73999786376953,115.039794921875,19622500,0.0,0.0,0.0
2017-01-13,122.80000305175781,123.37000274658203,122.80000305175781,123.16000366210938,115.43346405029297,16930800,0.0,0.0,0.0
2017-01-17,122.83999633789062,123.02999877929688,122.43000030517578,122.79000091552734,115.0866928100586,14538500,0.0,0.0,0.0
2017-01-18,122.97000122070312,123.16000366210938,122.66000366210938,123.04000091552734,115.32098388671875,12499700,0.0,0.0,0.0
2017-01-19,123.22000122070312,123.6500015258789,122.72000122070312,122.9800033569336,115.26476287841797,12710700,0.0,0.0,0.0
2017-01-20,123.5199966430664,123.83000183105469,122.91999816894531,123.25,115.51781463623047,22091000,0.0,0.0,0.0
2017-01-23,123.16999816894531,123.52999877929688,122.56999969482422,123.3499984741211,115.6115493774414,17434200,0.0,0.0,0.0
2017-01-24,123.58999633789062,124.37000274658203,123.37999725341797,124.18000030517578,116.38948822021484,17640900,0.0,0.0,0.0
2017-01-25,124.95999908447266,125.45999908447266,124.8499984741211,125.43000030517578,117.56107330322266,15036200,0.0,0.0,0.0
2017-01-26,125.5999984741211,125.81999969482422,125.33999633789062,125.55999755859375,117.68289947509766,16052200,0.0,0.0,0.0
2017-01-27,125.83000183105469,125.91999816894531,125.38999938964844,125.80000305175781,117.90784454345703,15053000,0.0,0.0,0.0
2017-01-30,125.37999725341797,125.37999725341797,124.12999725341797,124.81999969482422,116.98931884765625,25006700,0.0,0.0,0.0
2017-01-31,124.37999725341797,124.5999984741211,123.8499984741211,124.56999969482422,116.75498962402344,19091100,0.0,0.0,0.0
2017-02-01,125.44999694824219,125.68000030517578,124.86000061035156,125.43000030517578,117.56107330322266,22861900,0.0,0.0,0.0
2017-02-02,125.20999908447266,125.69999694824219,124.86000061035156,125.31999969482422,117.45796966552734,15101400,0.0,0.0,0.0
2017-02-03,125.44999694824219,125.80999755859375,125.33000183105469,125.68000030517578,117.79537963867188,16957200,0.0,0.0,0.0
2017-02-06,125.47000122070312,125.8499984741211,125.3499984741211,125.83000183105469,117.93598937988281,11630100,0.0,0.0,0.0
2017-02-07,126.08999633789062,126.55000305175781,125.97000122070312,126.29000091552734,118.36710357666016,17541100,0.0,0.0,0.0
2017-02-08,126.12000274658203,126.68000030517578,125.87999725341797,126.5,118.56392669677734,12569100,0.0,0.0,0.0
2017-02-09,126.62999725341797,127.23999786376953,126.55999755859375,126.95999908447266,118.99504089355469,17542700,0.0,0.0,0.0
2017-02-10,127.23999786376953,127.55999755859375,127.0199966430664,127.37999725341797,119.38871002197266,13915700,0.0,0.0,0.0
2017-02-13,127.7699966430664,128.25999450683594,127.72000122070312,128.10000610351562,120.0635757446289,19120200,0.0,0.0,0.0
2017-02-14,128.14999389648438,128.5399932861328,127.73999786376953,128.52999877929688,120.46658325195312,16333500,0.0,0.0,0.0
2017-02-15,128.44000244140625,129.35000610351562,128.3699951171875,129.2899932861328,121.17890167236328,17891400,0.0,0.0,0.0
2017-02-16,129.3699951171875,129.6300048828125,128.9199981689453,129.25,121.14138793945312,15098300,0.0,0.0,0.0
2017-02-17,129.05999755859375,129.82000732421875,129.0399932861328,129.80999755859375,121.66627502441406,15563700,0.0,0.0,0.0
2017-02-21,130.05999755859375,130.52999877929688,129.99000549316406,130.4499969482422,122.26612091064453,18479600,0.0,0.0,0.0
2017-02-22,130.3300018310547,130.58999633789062,130.11000061035156,130.5,122.31299591064453,12110900,0.0,0.0,0.0
2017-02-23,130.6999969482422,130.6999969482422,129.49000549316406,130.00999450683594,121.85372924804688,17489000,0.0,0.0,0.0
2017-02-24,129.4199981689453,130.25999450683594,129.3800048828125,130.25999450683594,122.0880126953125,18624500,0.0,0.0,0.0
2017-02-27,130.02000427246094,130.42999267578125,129.8000030517578,130.4199981689453,122.23798370361328,12008700,0.0,0.0,0.0
2017-02-28,130.38999938964844,130.4499969482422,129.66000366210938,130.02000427246094,121.86312866210938,16598600,0.0,0.0,0.0
2017-03-01,130.85000610351562,131.67999267578125,130.60000610351562,131.44000244140625,123.19403076171875,25813800,0.0,0.0,0.0
2017-03-02,131.41000366210938,131.42999267578125,130.6199951171875,130.77999877929688,122.5754165649414,19951400,0.0,0.0,0.0
2017-03-03,130.69000244140625,131.05999755859375,130.33999633789062,131.02000427246094,122.80035400390625,13722700,0.0,0.0,0.0
2017-03-06,130.58999633789062,130.9499969482422,130.2100067138672,130.72999572753906,122.52857208251953,12026200,0.0,0.0,0.0
2017-03-07,130.47000122070312,131.0800018310547,130.27999877929688,130.50999450683594,122.32235717773438,15500900,0.0,0.0,0.0
2017-03-08,130.58999633789062,131.14999389648438,130.4600067138672,130.74000549316406,122.53793334960938,15776000,0.0,0.0,0.0
2017-03-09,130.7100067138672,131.02000427246094,130.13999938964844,130.83999633789062,122.63166046142578,20855300,0.0,0.0,0.0
2017-03-10,131.44000244140625,131.60000610351562,130.82000732421875,131.38999938964844,123.14717864990234,21922600,0.0,0.0,0.0
2017-03-13,131.33999633789062,131.63999938964844,131.27000427246094,131.61000061035156,123.35335540771484,10731600,0.0,0.0,0.0
2017-03-14,131.30999755859375,131.36000061035156,130.75999450683594,131.2899932861328,123.05341339111328,14019700,0.0,0.0,0.0
2017-03-15,131.55999755859375,132.41000366210938,131.13999938964844,132.10000610351562,123.8126220703125,22709100,0.0,0.0,0.0
2017-03-16,132.35000610351562,132.35000610351562,131.7100067138672,132.00999450683594,123.72823333740234,18457300,0.0,0.0,0.0
2017-03-17,131.89999389648438,132.0399932861328,131.6199951171875,131.69000244140625,123.68505096435547,21234500,0.274,0.0,0.0
2017-03-20,131.64999389648438,132.11000061035156,131.4600067138672,131.80999755859375,123.79773712158203,10105200,0.0,0.0,0.0
2017-03-21,132.30999755859375,132.42999267578125,129.72999572753906,129.80999755859375,121.91934204101562,35841900,0.0,0.0,0.0
2017-03-22,129.85000610351562,130.82000732421875,129.67999267578125,130.69000244140625,122.74586486816406,29177900,0.0,0.0,0.0
2017-03-23,130.52000427246094,130.8800048828125,130.13999938964844,130.36000061035156,122.43592071533203,20311700,0.0,0.0,0.0
2017-03-24,130.77999877929688,131.2899932861328,130.1300048828125,130.6300048828125,122.68951416015625,22967600,0.0,0.0,0.0
2017-03-27,129.6999969482422,131.07000732421875,129.39999389648438,130.83999633789062,122.88673400878906,18472400,0.0,0.0,0.0
2017-03-28,130.83999633789062,132.02999877929688,130.5500030517578,131.63999938964844,123.63807678222656,23721900,0.0,0.0,0.0
2017-03-29,131.72999572753906,132.3000030517578,131.58999633789062,132.25,124.21102142333984,13710000,0.0,0.0,0.0
2017-03-30,132.1999969482422,132.61000061035156,132.0800018310547,132.47000122070312,124.4176025390625,16092400,0.0,0.0,0.0
2017-03-31,132.27999877929688,132.74000549316406,132.1300048828125,132.3800048828125,124.33309936523438,19841400,0.0,0.0,0.0
2017-04-03,132.49000549316406,132.80999755859375,131.55999755859375,132.3000030517578,124.25798034667969,23700300,0.0,0.0,0.0
2017-04-04,131.9199981689453,132.52999877929688,131.8699951171875,132.50999450683594,124.45518493652344,13400000,0.0,0.0,0.0
2017-04-05,132.6999969482422,133.47999572753906,131.72000122070312,131.97000122070312,123.94800567626953,32011200,0.0,0.0,0.0
2017-04-06,132.10000610351562,132.38999938964844,131.6999969482422,132.0399932861328,124.01382446289062,18832200,0.0,0.0,0.0
2017-04-07,132.0,132.3699951171875,131.5,131.97000122070312,123.94800567626953,16743100,0.0,0.0,0.0
2017-04-10,132.10000610351562,132.57000732421875,131.66000366210938,132.02000427246094,123.99500274658203,15619300,0.0,0.0,0.0
2017-04-11,131.89999389648438,132.10000610351562,130.5,131.4499969482422,123.45962524414062,33778400,0.0,0.0,0.0
2017-04-12,131.42999267578125,131.5399932861328,130.77999877929688,130.9199981689453,122.96186065673828,15955200,0.0,0.0,0.0
2017-04-13,130.74000549316406,131.50999450683594,130.3800048828125,130.39999389648438,122.47346496582031,23683000,0.0,0.0,0.0
2017-04-17,130.77000427246094,131.5,130.72000122070312,131.47999572753906,123.48782348632812,13325500,0.0,0.0,0.0
2017-04-18,131.0399932861328,131.66000366210938,130.9499969482422,131.27999877929688,123.2999496459961,12841100,0.0,0.0,0.0
2017-04-19,131.85000610351562,132.2899932861328,131.30999755859375,131.49000549316406,123.49724578857422,17764800,0.0,0.0,0.0
2017-04-20,132.02000427246094,132.8800048828125,131.82000732421875,132.58999633789062,124.53033447265625,21977900,0.0,0.0,0.0
2017-04-21,132.7100067138672,132.75999450683594,132.22000122070312,132.55999755859375,124.50220489501953,22454900,0.0,0.0,0.0
2017-04-24,134.02999877929688,134.2899932861328,133.8000030517578,134.16000366210938,126.0049057006836,22469900,0.0,0.0,0.0
2017-04-25,134.60000610351562,135.3699951171875,134.47999572753906,135.1300048828125,126.91595458984375,19384400,0.0,0.0,0.0
2017-04-26,135.17999267578125,135.50999450683594,134.86000061035156,134.94000244140625,126.73749542236328,25398500,0.0,0.0,0.0
2017-04-27,135.27000427246094,135.75,135.19000244140625,135.75,127.49822235107422,16136500,0.0,0.0,0.0
2017-04-28,136.2899932861328,136.33999633789062,135.77000427246094,135.99000549316406,127.72371673583984,22771900,0.0,0.0,0.0
2017-05-01,136.44000244140625,137.3800048828125,136.3800048828125,137.1999969482422,128.8601531982422,24815500,0.0,0.0,0.0
2017-05-02,137.3699951171875,137.49000549316406,137.02000427246094,137.42999267578125,129.07611083984375,18345100,0.0,0.0,0.0
2017-05-03,137.1199951171875,137.1699981689453,136.6199951171875,136.99000549316406,128.66287231445312,23827600,0.0,0.0,0.0
2017-05-04,136.97000122070312,137.42999267578125,136.55999755859375,137.0399932861328,128.70980834960938,14630100,0.0,0.0,0.0
2017-05-05,137.38999938964844,137.5399932861328,136.8800048828125,137.5399932861328,129.17945861816406,19330700,0.0,0.0,0.0
2017-05-08,137.61000061035156,137.83999633789062,137.3300018310547,137.83999633789062,129.46119689941406,13279900,0.0,0.0,0.0
2017-05-09,138.0500030517578,138.6300048828125,137.92999267578125,138.32000732421875,129.91204833984375,28426100,0.0,0.0,0.0
2017-05-10,138.39999389648438,138.4499969482422,137.91000366210938,138.39999389648438,129.9871368408203,20499400,0.0,0.0,0.0
2017-05-11,138.02000427246094,138.3300018310547,137.3800048828125,138.2899932861328,129.8838348388672,27232100,0.0,0.0,0.0
2017-05-12,138.35000610351562,138.6300048828125,138.22999572753906,138.60000610351562,130.1750030517578,19738600,0.0,0.0,0.0
2017-05-15,138.66000366210938,139.1199951171875,138.52999877929688,139.0399932861328,130.58827209472656,20481300,0.0,0.0,0.0
2017-05-16,139.39999389648438,139.63999938964844,138.99000549316406,139.6199951171875,131.13299560546875,21786000,0.0,0.0,0.0
2017-05-17,138.50999450683594,138.77000427246094,136.0500030517578,136.07000732421875,127.79885864257812,55642200,0.0,0.0,0.0
2017-05-18,136.02000427246094,137.72000122070312,135.8699951171875,137.25999450683594,128.91648864746094,41319900,0.0,0.0,0.0
2017-05-19,137.75,138.4199981689453,137.66000366210938,137.83999633789062,129.46119689941406,36730100,0.0,0.0,0.0
2017-05-22,138.14999389648438,139.07000732421875,138.10000610351562,139.0,130.5507049560547,19509700,0.0,0.0,0.0
2017-05-23,139.41000366210938,139.4199981689453,138.77999877929688,139.13999938964844,130.68215942382812,19687500,0.0,0.0,0.0
2017-05-24,139.55999755859375,139.85000610351562,139.1699981689453,139.77999877929688,131.2832794189453,15891900,0.0,0.0,0.0
2017-05-25,140.30999755859375,141.3300018310547,140.00999450683594,140.97000122070312,132.40098571777344,23928600,0.0,0.0,0.0
2017-05-26,141.0,141.27999877929688,140.80999755859375,141.22000122070312,132.6357879638672,13851600,0.0,0.0,0.0
2017-05-30,141.14999389648438,141.50999450683594,141.05999755859375,141.33999633789062,132.74847412109375,20306400,0.0,0.0,0.0
2017-05-31,141.83999633789062,141.83999633789062,140.57000732421875,141.2899932861328,132.70147705078125,33229400,0.0,0.0,0.0
2017-06-01,141.5800018310547,141.89999389648438,140.97999572753906,141.83999633789062,133.21804809570312,20120700,0.0,0.0,0.0
2017-06-02,142.33999633789062,143.49000549316406,142.11000061035156,143.4600067138672,134.73956298828125,37222900,0.0,0.0,0.0
2017-06-05,143.4499969482422,143.67999267578125,143.22999572753906,143.42999267578125,134.7114715576172,15727500,0.0,0.0,0.0
2017-06-06,143.25999450683594,143.72999572753906,142.64999389648438,142.86000061035156,134.17604064941406,22393000,0.0,0.0,0.0
2017-06-07,143.25999450683594,143.5399932861328,142.60000610351562,143.4199981689453,134.7020263671875,18842400,0.0,0.0,0.0
2017-06-08,143.74000549316406,143.8000030517578,142.7899932861328,143.57000732421875,134.84291076660156,25417400,0.0,0.0,0.0
2017-06-09,143.74000549316406,143.89999389648438,138.11000061035156,139.97999572753906,131.4711456298828,109783700,0.0,0.0,0.0
2017-06-12,138.8000030517578,139.47999572753906,137.47000122070312,139.22999572753906,130.76670837402344,104454000,0.0,0.0,0.0
2017-06-13,140.00999450683594,140.55999755859375,139.27999877929688,140.36000061035156,131.8280792236328,51193000,0.0,0.0,0.0
2017-06-14,140.92999267578125,140.92999267578125,138.6199951171875,139.75,131.25509643554688,60093800,0.0,0.0,0.0
2017-06-15,138.33999633789062,139.27999877929688,137.49000549316406,139.1300048828125,130.67283630371094,55145200,0.0,0.0,0.0
2017-06-16,138.67999267578125,138.77999877929688,137.63999938964844,138.14999389648438,130.10586547851562,48087400,0.378,0.0,0.0
2017-06-19,139.49000549316406,140.58999633789062,139.27999877929688,140.4600067138672,132.2813720703125,39626500,0.0,0.0,0.0
2017-06-20,140.32000732421875,140.5,139.30999755859375,139.36000061035156,131.2454071044922,40935100,0.0,0.0,0.0
2017-06-21,139.67999267578125,140.80999755859375,139.58999633789062,140.74000549316406,132.5450439453125,35743400,0.0,0.0,0.0
2017-06-22,140.9600067138672,141.22000122070312,140.33999633789062,140.6999969482422,132.50733947753906,24099100,0.0,0.0,0.0
2017-06-23,140.5399932861328,141.4199981689453,140.14999389648438,141.24000549316406,133.01597595214844,21654300,0.0,0.0,0.0
2017-06-26,142.0500030517578,142.2899932861328,140.27000427246094,140.5800018310547,132.39437866210938,34411100,0.0,0.0,0.0
2017-06-27,140.0500030517578,140.22000122070312,138.02000427246094,138.02999877929688,129.99281311035156,65957800,0.0,0.0,0.0
2017-06-28,138.5399932861328,140.13999938964844,137.74000549316406,140.02000427246094,131.86697387695312,57427200,0.0,0.0,0.0
2017-06-29,139.44000244140625,139.44000244140625,136.25,137.58999633789062,129.57843017578125,88769400,0.0,0.0,0.0
2017-06-30,137.97999572753906,138.6699981689453,137.19000244140625,137.63999938964844,129.62551879882812,68898300,0.0,0.0,0.0
2017-07-03,138.27000427246094,138.42999267578125,136.10000610351562,136.19000244140625,128.260009765625,32797000,0.0,0.0,0.0
2017-07-05,136.6199951171875,137.89999389648438,136.16000366210938,137.52999877929688,129.52200317382812,42116600,0.0,0.0,0.0
2017-07-06,136.47999572753906,137.05999755859375,135.8000030517578,136.2899932861328,128.35418701171875,48430500,0.0,0.0,0.0
2017-07-07,136.75,138.1300048828125,136.74000549316406,137.75999450683594,129.7385711669922,36970400,0.0,0.0,0.0
2017-07-10,137.85000610351562,138.99000549316406,137.5,138.66000366210938,130.586181640625,24853500,0.0,0.0,0.0
2017-07-11,138.4600067138672,139.22000122070312,137.94000244140625,139.0500030517578,130.95346069335938,31517700,0.0,0.0,0.0
2017-07-12,140.24000549316406,140.86000061035156,139.9600067138672,140.6999969482422,132.50733947753906,36045800,0.0,0.0,0.0
2017-07-13,140.8699951171875,141.35000610351562,140.60000610351562,141.00999450683594,132.79928588867188,31073600,0.0,0.0,0.0
2017-07-14,141.63999938964844,142.3000030517578,141.19000244140625,142.1199951171875,133.8446807861328,34544800,0.0,0.0,0.0
2017-07-17,142.27000427246094,142.69000244140625,141.9199981689453,142.19000244140625,133.91061401367188,25343200,0.0,0.0,0.0
2017-07-18,142.08999633789062,143.1699981689453,141.63999938964844,143.13999938964844,134.80531311035156,25748500,0.0,0.0,0.0
2017-07-19,143.55999755859375,144.19000244140625,143.5,143.97999572753906,135.59640502929688,33752300,0.0,0.0,0.0
2017-07-20,144.35000610351562,144.44000244140625,143.52000427246094,144.1699981689453,135.77537536621094,36139400,0.0,0.0,0.0
2017-07-21,143.63999938964844,144.11000061035156,143.35000610351562,144.11000061035156,135.71885681152344,39697100,0.0,0.0,0.0
2017-07-24,144.08999633789062,144.8699951171875,143.9199981689453,144.77000427246094,136.34039306640625,26712700,0.0,0.0,0.0
2017-07-25,144.2899932861328,144.74000549316406,144.00999450683594,144.39999389648438,135.9918975830078,28120900,0.0,0.0,0.0
2017-07-26,144.75999450683594,144.9499969482422,144.52999877929688,144.8699951171875,136.43458557128906,18610600,0.0,0.0,0.0
2017-07-27,145.82000732421875,145.9600067138672,142.3000030517578,143.9600067138672,135.57752990722656,80665900,0.0,0.0,0.0
2017-07-28,143.10000610351562,144.0800018310547,142.8699951171875,143.83999633789062,135.4645538330078,38013200,0.0,0.0,0.0
2017-07-31,144.25,144.42999267578125,142.9199981689453,143.22999572753906,134.89004516601562,33848600,0.0,0.0,0.0
2017-08-01,143.72000122070312,143.75999450683594,143.1199951171875,143.55999755859375,135.20083618164062,20149400,0.0,0.0,0.0
2017-08-02,144.49000549316406,144.52000427246094,142.61000061035156,143.9499969482422,135.56814575195312,41769700,0.0,0.0,0.0
2017-08-03,144.08999633789062,144.1699981689453,143.1300048828125,143.38999938964844,135.04075622558594,27112800,0.0,0.0,0.0
2017-08-04,143.7100067138672,143.97000122070312,143.05999755859375,143.64999389648438,135.28561401367188,29472900,0.0,0.0,0.0
2017-08-07,143.91000366210938,144.55999755859375,143.7100067138672,144.55999755859375,136.14254760742188,17933900,0.0,0.0,0.0
2017-08-08,144.27999877929688,145.47000122070312,143.89999389648438,144.30999755859375,135.9071807861328,30810400,0.0,0.0,0.0
2017-08-09,143.1199951171875,144.19000244140625,142.7899932861328,144.1199951171875,135.72825622558594,36169500,0.0,0.0,0.0
2017-08-10,143.3000030517578,143.39999389648438,140.88999938964844,141.02999877929688,132.81817626953125,63331700,0.0,0.0,0.0
2017-08-11,141.22000122070312,142.41000366210938,140.89999389648438,142.10000610351562,133.8258514404297,45862500,0.0,0.0,0.0
2017-08-14,143.22999572753906,144.14999389648438,143.19000244140625,143.92999267578125,135.54930114746094,34161000,0.0,0.0,0.0
2017-08-15,144.2899932861328,144.3000030517578,143.63999938964844,144.02999877929688,135.64352416992188,25509200,0.0,0.0,0.0
2017-08-16,144.38999938964844,144.9600067138672,143.8000030517578,144.27999877929688,135.87893676757812,31913000,0.0,0.0,0.0
2017-08-17,143.72000122070312,143.94000244140625,141.3300018310547,141.3300018310547,133.10069274902344,70191000,0.0,0.0,0.0
2017-08-18,141.41000366210938,142.1999969482422,140.64999389648438,141.22999572753906,133.00653076171875,60751900,0.0,0.0,0.0
2017-08-21,141.22000122070312,141.52999877929688,140.17999267578125,141.0500030517578,132.83702087402344,37111500,0.0,0.0,0.0
2017-08-22,141.80999755859375,143.35000610351562,141.75999450683594,143.1999969482422,134.86184692382812,36294200,0.0,0.0,0.0
2017-08-23,142.47999572753906,143.00999450683594,142.3800048828125,142.69000244140625,134.38148498535156,25702300,0.0,0.0,0.0
2017-08-24,143.00999450683594,143.1699981689453,141.47000122070312,142.27000427246094,133.98597717285156,38160800,0.0,0.0,0.0
2017-08-25,142.82000732421875,143.17999267578125,141.77999877929688,141.97000122070312,133.70343017578125,26380400,0.0,0.0,0.0
2017-08-28,142.39999389648438,142.74000549316406,141.9499969482422,142.41000366210938,134.11776733398438,15362100,0.0,0.0,0.0
2017-08-29,141.19000244140625,143.2100067138672,141.05999755859375,142.97000122070312,134.64517211914062,24498300,0.0,0.0,0.0
2017-08-30,143.08999633789062,144.88999938964844,143.0,144.64999389648438,136.22738647460938,33642700,0.0,0.0,0.0
2017-08-31,145.05999755859375,146.2100067138672,144.97999572753906,146.1999969482422,137.68714904785156,38480700,0.0,0.0,0.0
2017-09-01,146.38999938964844,146.58999633789062,145.61000061035156,146.0,137.498779296875,22293600,0.0,0.0,0.0
2017-09-05,145.57000732421875,145.8800048828125,143.60000610351562,144.69000244140625,136.26504516601562,44794300,0.0,0.0,0.0
2017-09-06,145.05999755859375,145.4600067138672,144.0800018310547,145.1300048828125,136.679443359375,30722700,0.0,0.0,0.0
2017-09-07,145.39999389648438,145.83999633789062,144.94000244140625,145.47000122070312,136.99964904785156,22721100,0.0,0.0,0.0
2017-09-08,145.27999877929688,145.35000610351562,144.05999755859375,144.2100067138672,135.8130340576172,27890100,0.0,0.0,0.0
2017-09-11,145.33999633789062,146.1199951171875,145.3000030517578,145.8699951171875,137.37632751464844,27126300,0.0,0.0,0.0
2017-09-12,146.27999877929688,146.41000366210938,145.52999877929688,146.22000122070312,137.7059326171875,30256700,0.0,0.0,0.0
2017-09-13,145.97000122070312,146.44000244140625,145.72999572753906,146.4199981689453,137.8943634033203,28450900,0.0,0.0,0.0
2017-09-14,145.85000610351562,146.2899932861328,145.47000122070312,145.55999755859375,137.08436584472656,35296400,0.0,0.0,0.0
2017-09-15,145.52999877929688,146.58999633789062,145.2899932861328,146.05999755859375,137.55526733398438,46422400,0.0,0.0,0.0
2017-09-18,145.91000366210938,146.3699951171875,145.11000061035156,145.5500030517578,137.37498474121094,24858200,0.319,0.0,0.0
2017-09-19,145.80999755859375,146.00999450683594,145.30999755859375,145.8000030517578,137.6109619140625,20871200,0.0,0.0,0.0
2017-09-20,145.75,145.91000366210938,144.22999572753906,145.35000610351562,137.18621826171875,34236200,0.0,0.0,0.0
2017-09-21,145.25,145.25999450683594,143.9499969482422,144.4600067138672,136.3462677001953,28841800,0.0,0.0,0.0
2017-09-22,144.0,144.52999877929688,143.85000610351562,144.32000732421875,136.21412658691406,21702400,0.0,0.0,0.0
2017-09-25,143.75,143.8300018310547,142.10000610351562,142.8000030517578,134.7794647216797,54947700,0.0,0.0,0.0
2017-09-26,143.52999877929688,143.8000030517578,142.6699981689453,143.1699981689453,135.12869262695312,29628800,0.0,0.0,0.0
2017-09-27,143.92999267578125,145.0,143.57000732421875,144.4600067138672,136.3462677001953,33249400,0.0,0.0,0.0
2017-09-28,144.11000061035156,144.55999755859375,143.77999877929688,144.41000366210938,136.29901123046875,24149400,0.0,0.0,0.0
2017-09-29,144.6999969482422,145.55999755859375,144.32000732421875,145.4499969482422,137.28065490722656,43102400,0.0,0.0,0.0
2017-10-02,145.6699981689453,146.1699981689453,144.92999267578125,145.5800018310547,137.4033203125,27351300,0.0,0.0,0.0
2017-10-03,145.77000427246094,146.05999755859375,145.4499969482422,145.88999938964844,137.6958770751953,19715200,0.0,0.0,0.0
2017-10-04,145.61000061035156,146.33999633789062,145.47000122070312,146.02999877929688,137.8280487060547,26381100,0.0,0.0,0.0
2017-10-05,146.55999755859375,147.5399932861328,146.41000366210938,147.4600067138672,139.17770385742188,31562400,0.0,0.0,0.0
2017-10-06,146.9600067138672,147.66000366210938,146.9600067138672,147.66000366210938,139.3665008544922,23561100,0.0,0.0,0.0
2017-10-09,147.85000610351562,148.00999450683594,147.3000030517578,147.49000549316406,139.20603942871094,13704800,0.0,0.0,0.0
2017-10-10,147.99000549316406,148.13999938964844,146.9499969482422,147.60000610351562,139.3098907470703,19223100,0.0,0.0,0.0
2017-10-11,147.52999877929688,148.07000732421875,147.33999633789062,148.0399932861328,139.7251434326172,12439100,0.0,0.0,0.0
2017-10-12,147.82000732421875,148.35000610351562,147.6199951171875,147.77000427246094,139.47032165527344,14513500,0.0,0.0,0.0
2017-10-13,148.3699951171875,148.50999450683594,147.77999877929688,148.33999633789062,140.00827026367188,18409900,0.0,0.0,0.0
2017-10-16,148.7100067138672,148.88999938964844,148.38999938964844,148.85000610351562,140.48965454101562,21809400,0.0,0.0,0.0
2017-10-17,148.8000030517578,149.05999755859375,148.57000732421875,149.0399932861328,140.66897583007812,13138200,0.0,0.0,0.0
2017-10-18,149.19000244140625,149.2100067138672,148.63999938964844,148.86000061035156,140.49911499023438,17218200,0.0,0.0,0.0
2017-10-19,147.99000549316406,148.3300018310547,147.27000427246094,148.30999755859375,139.98001098632812,27680300,0.0,0.0,0.0
2017-10-20,148.91000366210938,149.0399932861328,148.52999877929688,148.7100067138672,140.3575439453125,30173300,0.0,0.0,0.0
2017-10-23,149.02000427246094,149.02999877929688,147.52999877929688,147.74000549316406,139.44198608398438,29297100,0.0,0.0,0.0
2017-10-24,148.02999877929688,148.3000030517578,147.44000244140625,147.99000549316406,139.67794799804688,20289500,0.0,0.0,0.0
2017-10-25,147.6999969482422,148.17999267578125,146.3300018310547,147.42999267578125,139.14939880371094,36179100,0.0,0.0,0.0
2017-10-26,147.33999633789062,147.7100067138672,146.9199981689453,146.9600067138672,138.70579528808594,28230200,0.0,0.0,0.0
2017-10-27,149.42999267578125,151.52000427246094,149.1999969482422,151.24000549316406,142.74542236328125,60165100,0.0,0.0,0.0
2017-10-30,151.1300048828125,152.19000244140625,150.99000549316406,151.5800018310547,143.06631469726562,31733400,0.0,0.0,0.0
2017-10-31,152.07000732421875,152.3699951171875,151.6300048828125,152.14999389648438,143.60430908203125,26319300,0.0,0.0,0.0
2017-11-01,152.75999450683594,152.8300018310547,151.5,152.10000610351562,143.55715942382812,29481600,0.0,0.0,0.0
2017-11-02,151.92999267578125,151.99000549316406,150.77000427246094,151.80999755859375,143.2833709716797,31017400,0.0,0.0,0.0
2017-11-03,152.36000061035156,153.2899932861328,151.83999633789062,153.27000427246094,144.66143798828125,26199200,0.0,0.0,0.0
2017-11-06,153.14999389648438,153.85000610351562,153.10000610351562,153.7899932861328,145.1522216796875,28693900,0.0,0.0,0.0
2017-11-07,153.6699981689453,154.0800018310547,153.33999633789062,153.8800048828125,145.2371368408203,21333100,0.0,0.0,0.0
2017-11-08,153.8000030517578,154.5399932861328,153.6199951171875,154.5,145.8223114013672,17373500,0.0,0.0,0.0
2017-11-09,153.22999572753906,153.77000427246094,152.11000061035156,153.69000244140625,145.05780029296875,40594500,0.0,0.0,0.0
2017-11-10,153.3300018310547,153.8000030517578,153.05999755859375,153.67999267578125,145.0483856201172,20150800,0.0,0.0,0.0
2017-11-13,153.10000610351562,154.07000732421875,153.10000610351562,153.8699951171875,145.22775268554688,12522400,0.0,0.0,0.0
2017-11-14,153.3300018310547,153.5,152.57000732421875,153.30999755859375,144.69915771484375,25173800,0.0,0.0,0.0
2017-11-15,152.64999389648438,153.0,151.77999877929688,152.58999633789062,144.0195770263672,24808000,0.0,0.0,0.0
2017-11-16,153.36000061035156,154.88999938964844,153.3300018310547,154.5399932861328,145.86004638671875,34790600,0.0,0.0,0.0
2017-11-17,154.5800018310547,154.69000244140625,153.8000030517578,153.9499969482422,145.30320739746094,28725800,0.0,0.0,0.0
2017-11-20,154.05999755859375,154.1999969482422,153.61000061035156,153.8300018310547,145.18995666503906,21143900,0.0,0.0,0.0
2017-11-21,154.55999755859375,155.57000732421875,154.49000549316406,155.5,146.7661590576172,20147800,0.0,0.0,0.0
2017-11-22,155.63999938964844,155.83999633789062,155.33999633789062,155.69000244140625,146.94546508789062,17299000,0.0,0.0,0.0
2017-11-24,155.85000610351562,156.30999755859375,155.75999450683594,156.25999450683594,147.4834442138672,8280600,0.0,0.0,0.0
2017-11-27,156.2100067138672,156.55999755859375,155.8300018310547,156.19000244140625,147.41738891601562,22653400,0.0,0.0,0.0
2017-11-28,156.5399932861328,156.69000244140625,155.6999969482422,156.58999633789062,147.79490661621094,25227300,0.0,0.0,0.0
2017-11-29,156.41000366210938,156.4499969482422,153.1199951171875,153.86000061035156,145.21829223632812,71986300,0.0,0.0,0.0
2017-11-30,154.50999450683594,155.4499969482422,154.14999389648438,155.14999389648438,146.43577575683594,56595500,0.0,0.0,0.0
2017-12-01,154.1999969482422,155.24000549316406,152.25999450683594,154.49000549316406,145.8129425048828,59015800,0.0,0.0,0.0
2017-12-04,155.4600067138672,155.6300048828125,152.55999755859375,152.7100067138672,144.1328887939453,51319100,0.0,0.0,0.0
2017-12-05,152.67999267578125,154.5500030517578,152.10000610351562,152.80999755859375,144.2272186279297,40604200,0.0,0.0,0.0
2017-12-06,152.24000549316406,153.74000549316406,152.05999755859375,153.5,144.8784942626953,28647800,0.0,0.0,0.0
2017-12-07,153.49000549316406,154.4600067138672,153.3300018310547,154.02000427246094,145.36927795410156,32666200,0.0,0.0,0.0
2017-12-08,155.14999389648438,155.52999877929688,154.4600067138672,154.6999969482422,146.01109313964844,28081700,0.0,0.0,0.0
2017-12-11,154.77000427246094,155.9499969482422,154.75999450683594,155.89999389648438,147.14366149902344,20821500,0.0,0.0,0.0
2017-12-12,155.8300018310547,156.14999389648438,155.36000061035156,155.69000244140625,146.94546508789062,20310300,0.0,0.0,0.0
2017-12-13,156.32000732421875,156.49000549316406,155.75999450683594,155.99000549316406,147.2286376953125,24418500,0.0,0.0,0.0
2017-12-14,156.25999450683594,156.66000366210938,155.7100067138672,155.8800048828125,147.12478637695312,24594700,0.0,0.0,0.0
2017-12-15,156.49000549316406,157.82000732421875,156.22999572753906,157.64999389648438,148.79542541503906,49816200,0.0,0.0,0.0
2017-12-18,158.36000061035156,158.77000427246094,158.07000732421875,158.63999938964844,150.0429229736328,26844500,0.329,0.0,0.0
2017-12-19,158.33999633789062,158.5,157.25999450683594,157.6999969482422,149.15383911132812,31415000,0.0,0.0,0.0
2017-12-20,158.25,158.27999877929688,156.91000366210938,157.52999877929688,148.9930877685547,38972600,0.0,0.0,0.0
2017-12-21,157.75,158.25,157.3699951171875,157.5500030517578,149.0120086669922,18638700,0.0,0.0,0.0
2017-12-22,157.30999755859375,157.42999267578125,156.9499969482422,157.3699951171875,148.84170532226562,23330400,0.0,0.0,0.0
2017-12-26,156.49000549316406,156.72000122070312,155.9499969482422,156.52000427246094,148.03785705566406,21918700,0.0,0.0,0.0
2017-12-27,156.52999877929688,156.9600067138672,156.38999938964844,156.5399932861328,148.0567169189453,22388200,0.0,0.0,0.0
2017-12-28,157.0399932861328,157.07000732421875,156.5399932861328,156.72999572753906,148.2363739013672,25393800,0.0,0.0,0.0
2017-12-29,156.8699951171875,156.89999389648438,155.6999969482422,155.75999450683594,147.3190155029297,33186000,0.0,0.0,0.0
2018-01-02,156.55999755859375,158.52999877929688,156.1699981689453,158.49000549316406,149.90101623535156,32573300,0.0,0.0,0.0
2018-01-03,158.63999938964844,160.1699981689453,158.61000061035156,160.02999877929688,151.35755920410156,29383600,0.0,0.0,0.0
2018-01-04,160.5800018310547,160.7899932861328,160.0800018310547,160.30999755859375,151.6223602294922,24776100,0.0,0.0,0.0
2018-01-05,161.07000732421875,162.02999877929688,160.77000427246094,161.9199981689453,153.14511108398438,26992300,0.0,0.0,0.0
2018-01-08,161.9199981689453,162.6300048828125,161.86000061035156,162.5500030517578,153.74105834960938,23159100,0.0,0.0,0.0
2018-01-09,162.8699951171875,163.0399932861328,162.07000732421875,162.55999755859375,153.75048828125,24782400,0.0,0.0,0.0
2018-01-10,161.83999633789062,162.2100067138672,161.1199951171875,162.17999267578125,153.39102172851562,34004000,0.0,0.0,0.0
2018-01-11,162.4600067138672,163.3000030517578,162.2100067138672,163.2899932861328,154.44094848632812,20473500,0.0,0.0,0.0
2018-01-12,163.14999389648438,164.66000366210938,162.94000244140625,164.49000549316406,155.57586669921875,37762700,0.0,0.0,0.0
2018-01-16,165.5800018310547,166.4199981689453,163.52999877929688,164.02000427246094,155.13137817382812,41231800,0.0,0.0,0.0
2018-01-17,164.8000030517578,166.0399932861328,164.0,165.7899932861328,156.805419921875,33849900,0.0,0.0,0.0
2018-01-18,165.52999877929688,166.1999969482422,165.13999938964844,165.82000732421875,156.8337860107422,26432200,0.0,0.0,0.0
2018-01-19,166.30999755859375,166.61000061035156,165.5399932861328,166.33999633789062,157.32557678222656,38937600,0.0,0.0,0.0
2018-01-22,166.27999877929688,168.1199951171875,166.08999633789062,168.1199951171875,159.0092010498047,26081400,0.0,0.0,0.0
2018-01-23,168.63999938964844,169.66000366210938,168.55999755859375,169.50999450683594,160.32382202148438,37989700,0.0,0.0,0.0
2018-01-24,169.8699951171875,170.24000549316406,167.44000244140625,168.41000366210938,159.283447265625,54287400,0.0,0.0,0.0
2018-01-25,169.57000732421875,169.6300048828125,167.80999755859375,168.35000610351562,159.22671508789062,28925000,0.0,0.0,0.0
2018-01-26,169.2899932861328,170.9499969482422,168.9600067138672,170.92999267578125,161.6668701171875,32038200,0.0,0.0,0.0
2018-01-29,170.57000732421875,170.91000366210938,169.74000549316406,170.10000610351562,160.8818817138672,37277800,0.0,0.0,0.0
2018-01-30,168.5500030517578,169.4199981689453,167.82000732421875,168.6999969482422,159.55770874023438,44987700,0.0,0.0,0.0
2018-01-31,169.64999389648438,169.99000549316406,168.33999633789062,169.39999389648438,160.21981811523438,42449200,0.0,0.0,0.0
2018-02-01,168.10000610351562,169.72999572753906,167.4199981689453,167.9600067138672,158.8578338623047,38037900,0.0,0.0,0.0
2018-02-02,167.3000030517578,167.6999969482422,164.47000122070312,164.61000061035156,155.6893768310547,68478100,0.0,0.0,0.0
2018-02-05,163.07000732421875,165.75,158.0,158.1199951171875,149.55108642578125,105372200,0.0,0.0,0.0
2018-02-06,155.80999755859375,162.50999450683594,155.10000610351562,162.30999755859375,153.51402282714844,118537900,0.0,0.0,0.0
2018-02-07,161.7899932861328,163.5500030517578,160.1999969482422,160.2100067138672,151.52781677246094,91028300,0.0,0.0,0.0
2018-02-08,160.6199951171875,160.8000030517578,153.4499969482422,153.4499969482422,145.13418579101562,94184800,0.0,0.0,0.0
2018-02-09,155.6199951171875,157.24000549316406,150.1300048828125,156.10000610351562,147.64056396484375,113836600,0.0,0.0,0.0
2018-02-12,157.6999969482422,159.9499969482422,156.4600067138672,158.8699951171875,150.26043701171875,63050600,0.0,0.0,0.0
2018-02-13,157.9600067138672,160.00999450683594,157.72000122070312,159.69000244140625,151.03599548339844,31785600,0.0,0.0,0.0
2018-02-14,158.75,162.92999267578125,158.0,162.67999267578125,153.8639678955078,52107400,0.0,0.0,0.0
2018-02-15,164.13999938964844,165.6999969482422,162.44000244140625,165.6999969482422,156.72030639648438,51633900,0.0,0.0,0.0
2018-02-16,165.16000366210938,166.75999450683594,164.67999267578125,164.9600067138672,156.02041625976562,62256300,0.0,0.0,0.0
2018-02-20,164.3800048828125,166.67999267578125,164.30999755859375,165.2899932861328,156.33255004882812,36785600,0.0,0.0,0.0
2018-02-21,166.10000610351562,167.72000122070312,164.72000122070312,164.82000732421875,155.8880157470703,41161800,0.0,0.0,0.0
2018-02-22,165.5399932861328,166.4199981689453,164.3800048828125,164.8000030517578,155.86911010742188,37074400,0.0,0.0,0.0
2018-02-23,166.1300048828125,168.1699981689453,165.4499969482422,168.1699981689453,159.05645751953125,50096900,0.0,0.0,0.0
2018-02-26,168.9600067138672,170.39999389648438,168.82000732421875,170.39999389648438,161.1655731201172,39266700,0.0,0.0,0.0
2018-02-27,170.4499969482422,170.72999572753906,168.2100067138672,168.2899932861328,159.16993713378906,42209900,0.0,0.0,0.0
2018-02-28,169.25,169.8000030517578,167.10000610351562,167.2100067138672,158.14846801757812,42936300,0.0,0.0,0.0
2018-03-01,167.3000030517578,168.07000732421875,163.0,164.47999572753906,155.5664520263672,76809900,0.0,0.0,0.0
2018-03-02,162.5,166.27999877929688,161.9600067138672,165.99000549316406,156.99461364746094,57445100,0.0,0.0,0.0
2018-03-05,165.2100067138672,168.25999450683594,164.58999633789062,167.8300018310547,158.73484802246094,38540200,0.0,0.0,0.0
2018-03-06,168.64999389648438,169.11000061035156,167.47999572753906,168.5399932861328,159.4063720703125,29480900,0.0,0.0,0.0
2018-03-07,167.25,169.07000732421875,166.9600067138672,168.92999267578125,159.7752685546875,34609400,0.0,0.0,0.0
2018-03-08,169.6300048828125,169.97999572753906,168.9499969482422,169.86000061035156,160.6548614501953,25828400,0.0,0.0,0.0
2018-03-09,171.07000732421875,173.16000366210938,170.82000732421875,173.16000366210938,163.77606201171875,38310500,0.0,0.0,0.0
2018-03-12,173.6699981689453,174.47999572753906,173.27999877929688,174.0800018310547,164.64617919921875,37635000,0.0,0.0,0.0
2018-03-13,174.47999572753906,175.2100067138672,171.27000427246094,171.7100067138672,162.40463256835938,55638900,0.0,0.0,0.0
2018-03-14,172.61000061035156,172.74000549316406,170.92999267578125,171.67999267578125,162.37628173828125,40536400,0.0,0.0,0.0
2018-03-15,171.8000030517578,172.52999877929688,170.89999389648438,171.52999877929688,162.23435974121094,28810400,0.0,0.0,0.0
2018-03-16,171.82000732421875,172.1999969482422,170.94000244140625,171.02000427246094,161.75204467773438,31176700,0.0,0.0,0.0
2018-03-19,169.10000610351562,169.22000122070312,165.63999938964844,167.10000610351562,158.30087280273438,71395100,0.277,0.0,0.0
2018-03-20,167.1699981689453,168.0399932861328,166.61000061035156,167.64999389648438,158.8218231201172,34075700,0.0,0.0,0.0
2018-03-21,167.2100067138672,168.75999450683594,166.19000244140625,166.9199981689453,158.1303253173828,43863500,0.0,0.0,0.0
2018-03-22,164.61000061035156,165.77000427246094,162.58999633789062,162.8000030517578,154.227294921875,66607300,0.0,0.0,0.0
2018-03-23,162.61000061035156,163.3000030517578,158.42999267578125,158.50999450683594,150.1631317138672,80110400,0.0,0.0,0.0
2018-03-26,161.72000122070312,164.60000610351562,159.16000366210938,164.39999389648438,155.74301147460938,57481500,0.0,0.0,0.0
2018-03-27,165.6199951171875,165.6199951171875,157.67999267578125,159.0800018310547,150.70314025878906,78889100,0.0,0.0,0.0
2018-03-28,158.1699981689453,159.77999877929688,156.0399932861328,157.25,148.9695281982422,89369700,0.0,0.0,0.0
2018-03-29,158.10000610351562,161.7100067138672,156.6300048828125,160.1300048828125,151.69789123535156,68692600,0.0,0.0,0.0
2018-04-02,158.99000549316406,159.74000549316406,153.8800048828125,155.50999450683594,147.3210906982422,85549400,0.0,0.0,0.0
2018-04-03,156.8699951171875,157.9199981689453,154.44000244140625,157.25999450683594,148.97898864746094,64090000,0.0,0.0,0.0
2018-04-04,154.22000122070312,160.22999572753906,154.0399932861328,159.74000549316406,151.32843017578125,65768700,0.0,0.0,0.0
2018-04-05,161.3300018310547,161.5800018310547,159.47999572753906,160.64999389648438,152.1905059814453,43054900,0.0,0.0,0.0
2018-04-06,158.8800048828125,160.4600067138672,155.8800048828125,156.6300048828125,148.38221740722656,59870900,0.0,0.0,0.0
2018-04-09,157.97999572753906,160.8800048828125,157.4600067138672,157.72999572753906,149.42420959472656,41810400,0.0,0.0,0.0
2018-04-10,160.2100067138672,161.72999572753906,159.07000732421875,161.2100067138672,152.72096252441406,48296800,0.0,0.0,0.0
2018-04-11,160.1999969482422,162.0,160.10000610351562,160.27999877929688,151.8399658203125,41622100,0.0,0.0,0.0
2018-04-12,161.25,162.77000427246094,161.16000366210938,162.2100067138672,153.66836547851562,30467900,0.0,0.0,0.0
2018-04-13,163.02000427246094,163.25999450683594,160.6699981689453,161.3699951171875,152.87255859375,44604900,0.0,0.0,0.0
2018-04-16,162.5,163.19000244140625,161.47999572753906,162.60000610351562,154.03778076171875,28180800,0.0,0.0,0.0
2018-04-17,164.24000549316406,166.4600067138672,163.91000366210938,166.10000610351562,157.35350036621094,35536100,0.0,0.0,0.0
2018-04-18,166.10000610351562,167.0,165.30999755859375,166.44000244140625,157.6756134033203,29573900,0.0,0.0,0.0
2018-04-19,165.60000610351562,165.99000549316406,164.33999633789062,164.91000366210938,156.22618103027344,34705700,0.0,0.0,0.0
2018-04-20,164.49000549316406,164.61000061035156,161.72999572753906,162.3000030517578,153.7535858154297,49197100,0.0,0.0,0.0
2018-04-23,163.08999633789062,163.72999572753906,161.02000427246094,161.88999938964844,153.36521911621094,33040600,0.0,0.0,0.0
2018-04-24,162.66000366210938,162.91000366210938,157.38999938964844,158.4600067138672,150.11578369140625,70256800,0.0,0.0,0.0
2018-04-25,158.74000549316406,159.30999755859375,156.47000122070312,158.64999389648438,150.2957763671875,52089300,0.0,0.0,0.0
2018-04-26,160.6999969482422,162.52999877929688,160.17999267578125,161.99000549316406,153.4599151611328,43005500,0.0,0.0,0.0
2018-04-27,164.3699951171875,164.41000366210938,161.1699981689453,162.08999633789062,153.55467224121094,51043400,0.0,0.0,0.0
2018-04-30,162.47000122070312,163.47999572753906,160.5399932861328,160.94000244140625,152.46524047851562,35615300,0.0,0.0,0.0
2018-05-01,160.52000427246094,162.8000030517578,160.13999938964844,162.77999877929688,154.20834350585938,36513500,0.0,0.0,0.0
2018-05-02,163.05999755859375,163.57000732421875,161.6300048828125,161.82000732421875,153.29888916015625,38646800,0.0,0.0,0.0
2018-05-03,161.0,162.39999389648438,159.22000122070312,161.8000030517578,153.27996826171875,60337100,0.0,0.0,0.0
2018-05-04,161.10000610351562,165.25,160.97999572753906,164.8699951171875,156.18826293945312,41543200,0.0,0.0,0.0
2018-05-07,165.63999938964844,166.77999877929688,165.50999450683594,166.24000549316406,157.4861602783203,32500200,0.0,0.0,0.0
2018-05-08,165.88999938964844,166.42999267578125,164.86000061035156,166.07000732421875,157.32505798339844,26040200,0.0,0.0,0.0
2018-05-09,166.3699951171875,168.0,165.77999877929688,167.8800048828125,159.03977966308594,29122700,0.0,0.0,0.0
2018-05-10,168.4199981689453,169.74000549316406,168.2899932861328,169.6199951171875,160.6881561279297,27067600,0.0,0.0,0.0
2018-05-11,169.4199981689453,169.86000061035156,168.72000122070312,169.4600067138672,160.53656005859375,24688800,0.0,0.0,0.0
2018-05-14,169.85000610351562,170.82000732421875,169.47000122070312,169.75,160.8112335205078,21821700,0.0,0.0,0.0
2018-05-15,168.41000366210938,168.5,166.97999572753906,167.8699951171875,159.03030395507812,49361600,0.0,0.0,0.0
2018-05-16,168.08999633789062,169.3699951171875,168.00999450683594,168.97999572753906,160.08184814453125,22941200,0.0,0.0,0.0
2018-05-17,168.38999938964844,169.61000061035156,167.50999450683594,168.3300018310547,159.46603393554688,27480200,0.0,0.0,0.0
2018-05-18,167.67999267578125,168.25999450683594,167.2100067138672,167.4600067138672,158.6418914794922,26217900,0.0,0.0,0.0
2018-05-21,168.75999450683594,169.5,167.67999267578125,168.39999389648438,159.53236389160156,22954600,0.0,0.0,0.0
2018-05-22,169.1699981689453,169.4499969482422,167.8800048828125,168.17999267578125,159.32395935058594,19477700,0.0,0.0,0.0
2018-05-23,166.89999389648438,169.6199951171875,166.8800048828125,169.60000610351562,160.66920471191406,26557800,0.0,0.0,0.0
2018-05-24,169.5500030517578,169.85000610351562,167.83999633789062,169.5500030517578,160.621826171875,27696500,0.0,0.0,0.0
2018-05-25,169.52999877929688,170.3300018310547,169.2100067138672,169.72000122070312,160.7828826904297,27460500,0.0,0.0,0.0
2018-05-29,168.9499969482422,169.9199981689453,167.9600067138672,168.97000122070312,160.07240295410156,41220500,0.0,0.0,0.0
2018-05-30,169.5800018310547,170.47999572753906,169.22000122070312,170.17999267578125,161.21864318847656,22665800,0.0,0.0,0.0
2018-05-31,170.17999267578125,171.1999969482422,169.6300048828125,170.07000732421875,161.11441040039062,35670900,0.0,0.0,0.0
2018-06-01,170.9199981689453,172.83999633789062,170.8699951171875,172.74000549316406,163.6439208984375,45543300,0.0,0.0,0.0
2018-06-04,173.17999267578125,174.33999633789062,173.07000732421875,174.3000030517578,165.12168884277344,20459600,0.0,0.0,0.0
2018-06-05,174.7100067138672,175.1300048828125,174.07000732421875,174.83999633789062,165.63331604003906,24779300,0.0,0.0,0.0
2018-06-06,175.02000427246094,175.88999938964844,174.13999938964844,175.86000061035156,166.5995635986328,25036600,0.0,0.0,0.0
2018-06-07,175.88999938964844,175.92999267578125,173.5500030517578,174.42999267578125,165.2448272705078,39600300,0.0,0.0,0.0
2018-06-08,173.61000061035156,174.8800048828125,173.17999267578125,174.44000244140625,165.25433349609375,31780300,0.0,0.0,0.0
2018-06-11,174.30999755859375,175.33999633789062,174.27999877929688,174.91000366210938,165.69961547851562,22319700,0.0,0.0,0.0
2018-06-12,175.14999389648438,176.0,174.9600067138672,175.8300018310547,166.5710906982422,22511800,0.0,0.0,0.0
2018-06-13,176.10000610351562,177.13999938964844,175.42999267578125,175.82000732421875,166.56163024902344,37858600,0.0,0.0,0.0
2018-06-14,176.6300048828125,177.88999938964844,176.5,177.60000610351562,168.24794006347656,35916000,0.0,0.0,0.0
2018-06-15,176.92999267578125,177.3300018310547,176.11000061035156,176.97999572753906,167.6605987548828,49615700,0.0,0.0,0.0
2018-06-18,175.49000549316406,176.64999389648438,174.94000244140625,176.5,167.56370544433594,31633200,0.378,0.0,0.0
2018-06-19,174.27000427246094,176.0399932861328,173.7100067138672,176.0,167.08905029296875,38236000,0.0,0.0,0.0
2018-06-20,176.80999755859375,177.97999572753906,176.64999389648438,177.25,168.27577209472656,33038000,0.0,0.0,0.0
2018-06-21,177.6999969482422,177.8800048828125,175.3699951171875,175.7100067138672,166.81373596191406,43469400,0.0,0.0,0.0
2018-06-22,176.3000030517578,176.3699951171875,174.69000244140625,175.32000732421875,166.44349670410156,30073200,0.0,0.0,0.0
2018-06-25,173.72999572753906,173.99000549316406,169.80999755859375,171.3699951171875,162.69345092773438,77799700,0.0,0.0,0.0
2018-06-26,172.0,173.05999755859375,171.3699951171875,172.07000732421875,163.35804748535156,39008100,0.0,0.0,0.0
2018-06-27,172.8000030517578,173.5800018310547,169.61000061035156,169.72999572753906,161.13650512695312,52843500,0.0,0.0,0.0
2018-06-28,169.52000427246094,171.77000427246094,169.1699981689453,171.19000244140625,162.5225830078125,46407700,0.0,0.0,0.0
2018-06-29,172.00999450683594,172.9199981689453,171.39999389648438,171.64999389648438,162.95928955078125,36408500,0.0,0.0,0.0
2018-07-02,170.0399932861328,172.85000610351562,169.6699981689453,172.8000030517578,164.0510711669922,31770000,0.0,0.0,0.0
2018-07-03,173.4499969482422,173.4499969482422,170.6300048828125,170.8000030517578,162.15234375,25512700,0.0,0.0,0.0
2018-07-05,171.91000366210938,173.05999755859375,171.02999877929688,172.9199981689453,164.1649932861328,31626200,0.0,0.0,0.0
2018-07-06,173.32000732421875,175.74000549316406,173.0,175.61000061035156,166.71881103515625,37005600,0.0,0.0,0.0
2018-07-09,176.52000427246094,177.22999572753906,175.82000732421875,177.19000244140625,168.21881103515625,27362100,0.0,0.0,0.0
2018-07-10,177.52000427246094,177.72000122070312,176.7100067138672,177.32000732421875,168.34226989746094,23902500,0.0,0.0,0.0
2018-07-11,175.92999267578125,177.07000732421875,175.8000030517578,176.4199981689453,167.48782348632812,30280600,0.0,0.0,0.0
2018-07-12,177.1999969482422,179.4600067138672,177.0800018310547,179.4600067138672,170.37387084960938,27930100,0.0,0.0,0.0
2018-07-13,179.4499969482422,179.89999389648438,178.9499969482422,179.61000061035156,170.51626586914062,28049800,0.0,0.0,0.0
2018-07-16,179.64999389648438,179.9499969482422,178.8800048828125,179.17999267578125,170.10801696777344,21405300,0.0,0.0,0.0
2018-07-17,177.27999877929688,180.64999389648438,177.27999877929688,180.27000427246094,171.14292907714844,31034100,0.0,0.0,0.0
2018-07-18,180.2899932861328,180.44000244140625,179.3800048828125,179.92999267578125,170.82005310058594,23220800,0.0,0.0,0.0
2018-07-19,179.27999877929688,179.8800048828125,178.82000732421875,179.02999877929688,169.96566772460938,31094100,0.0,0.0,0.0
2018-07-20,179.57000732421875,180.1699981689453,178.7899932861328,178.99000549316406,169.92767333984375,35897300,0.0,0.0,0.0
2018-07-23,178.4600067138672,179.63999938964844,177.74000549316406,179.55999755859375,170.4687957763672,22184700,0.0,0.0,0.0
2018-07-24,181.41000366210938,182.0500030517578,179.55999755859375,180.3000030517578,171.1713104248047,36900300,0.0,0.0,0.0
2018-07-25,180.3800048828125,182.92999267578125,180.2899932861328,182.82000732421875,173.56375122070312,35026600,0.0,0.0,0.0
2018-07-26,180.33999633789062,180.9199981689453,179.80999755859375,180.0500030517578,170.9340057373047,40873500,0.0,0.0,0.0
2018-07-27,181.19000244140625,181.30999755859375,176.60000610351562,177.6199951171875,168.62701416015625,59456100,0.0,0.0,0.0
2018-07-30,177.6300048828125,177.72999572753906,174.27000427246094,175.11000061035156,166.24404907226562,60193000,0.0,0.0,0.0
2018-07-31,175.8000030517578,177.1300048828125,174.82000732421875,176.4499969482422,167.5162811279297,47285100,0.0,0.0,0.0
2018-08-01,176.86000061035156,177.64999389648438,176.10000610351562,177.1199951171875,168.15232849121094,37101900,0.0,0.0,0.0
2018-08-02,175.8699951171875,179.74000549316406,175.7899932861328,179.52999877929688,170.4403076171875,47178200,0.0,0.0,0.0
2018-08-03,179.8699951171875,180.08999633789062,179.0800018310547,180.0800018310547,170.9624481201172,28934400,0.0,0.0,0.0
2018-08-06,179.9600067138672,181.19000244140625,179.74000549316406,181.13999938964844,171.96885681152344,24808800,0.0,0.0,0.0
2018-08-07,181.64999389648438,182.13999938964844,181.25999450683594,181.8000030517578,172.5954132080078,29895700,0.0,0.0,0.0
2018-08-08,181.5500030517578,182.35000610351562,181.05999755859375,182.02000427246094,172.80429077148438,22680700,0.0,0.0,0.0
2018-08-09,181.91000366210938,182.6300048828125,181.63999938964844,181.91000366210938,172.69979858398438,18852900,0.0,0.0,0.0
2018-08-10,180.67999267578125,181.22000122070312,179.83999633789062,180.52000427246094,171.3802490234375,33818500,0.0,0.0,0.0
2018-08-13,180.85000610351562,182.00999450683594,180.24000549316406,180.32000732421875,171.19032287597656,26089200,0.0,0.0,0.0
2018-08-14,181.00999450683594,181.66000366210938,180.0399932861328,181.4499969482422,172.26312255859375,20913000,0.0,0.0,0.0
2018-08-15,180.00999450683594,180.5800018310547,178.1199951171875,179.22999572753906,170.15553283691406,58528000,0.0,0.0,0.0
2018-08-16,180.61000061035156,180.99000549316406,179.47000122070312,179.82000732421875,170.7156982421875,27711800,0.0,0.0,0.0
2018-08-17,179.35000610351562,180.30999755859375,178.27000427246094,179.86000061035156,170.75360107421875,36092600,0.0,0.0,0.0
2018-08-20,180.25999450683594,180.3300018310547,179.0,179.6999969482422,170.6016845703125,24939000,0.0,0.0,0.0
2018-08-21,180.24000549316406,181.44000244140625,180.1300048828125,180.36000061035156,171.22833251953125,26258700,0.0,0.0,0.0
2018-08-22,179.97999572753906,181.27000427246094,179.75,181.05999755859375,171.8928985595703,18042400,0.0,0.0,0.0
2018-08-23,180.74000549316406,182.0500030517578,180.5,180.8000030517578,171.64602661132812,25776200,0.0,0.0,0.0
2018-08-24,181.39999389648438,182.6300048828125,181.36000061035156,182.47999572753906,173.2409210205078,23136100,0.0,0.0,0.0
2018-08-27,183.39999389648438,184.33999633789062,183.11000061035156,184.33999633789062,175.0068359375,29343600,0.0,0.0,0.0
2018-08-28,184.8300018310547,185.02000427246094,184.22000122070312,184.61000061035156,175.2631378173828,20277000,0.0,0.0,0.0
2018-08-29,184.92999267578125,186.83999633789062,184.86000061035156,186.74000549316406,177.28529357910156,29175600,0.0,0.0,0.0
2018-08-30,186.3800048828125,187.52000427246094,185.7899932861328,186.41000366210938,176.97201538085938,29315500,0.0,0.0,0.0
2018-08-31,186.17999267578125,187.17999267578125,185.97999572753906,186.64999389648438,177.19985961914062,28653200,0.0,0.0,0.0
2018-09-04,186.0800018310547,186.39999389648438,184.85000610351562,185.85000610351562,176.4403839111328,29063500,0.0,0.0,0.0
2018-09-05,185.52000427246094,185.5500030517578,182.82000732421875,183.4499969482422,174.161865234375,42623300,0.0,0.0,0.0
2018-09-06,183.52999877929688,183.75,180.5800018310547,181.80999755859375,172.6049041748047,46091400,0.0,0.0,0.0
2018-09-07,180.5,182.6699981689453,180.44000244140625,181.11000061035156,171.94033813476562,46629500,0.0,0.0,0.0
2018-09-10,182.14999389648438,182.25,180.72999572753906,181.72000122070312,172.51947021484375,26132000,0.0,0.0,0.0
2018-09-11,180.99000549316406,183.4199981689453,180.52000427246094,183.1199951171875,173.8485565185547,30116500,0.0,0.0,0.0
2018-09-12,182.85000610351562,182.97999572753906,181.00999450683594,182.5800018310547,173.3359375,36204000,0.0,0.0,0.0
2018-09-13,183.72000122070312,184.8800048828125,183.63999938964844,184.52999877929688,175.1872100830078,31133200,0.0,0.0,0.0
2018-09-14,184.66000366210938,184.9499969482422,183.25999450683594,183.99000549316406,174.67453002929688,31224100,0.0,0.0,0.0
2018-09-17,183.67999267578125,183.80999755859375,181.1699981689453,181.33999633789062,172.15870666503906,33071200,0.0,0.0,0.0
2018-09-18,181.49000549316406,183.72999572753906,181.39999389648438,182.83999633789062,173.582763671875,31877300,0.0,0.0,0.0
2018-09-19,182.8699951171875,183.3000030517578,181.50999450683594,182.6999969482422,173.44985961914062,31843400,0.0,0.0,0.0
2018-09-20,183.9600067138672,184.97000122070312,183.52000427246094,184.72000122070312,175.36758422851562,33295800,0.0,0.0,0.0
2018-09-21,185.22000122070312,185.47999572753906,183.47999572753906,183.7100067138672,174.40872192382812,38605400,0.0,0.0,0.0
2018-09-24,182.0500030517578,183.9600067138672,181.3000030517578,183.88999938964844,174.8937225341797,34945600,0.33,0.0,0.0
2018-09-25,183.80999755859375,184.27999877929688,183.17999267578125,184.13999938964844,175.13150024414062,25277500,0.0,0.0,0.0
2018-09-26,184.3000030517578,185.99000549316406,183.91000366210938,184.27000427246094,175.2552032470703,36210600,0.0,0.0,0.0
2018-09-27,185.02000427246094,186.49000549316406,184.9199981689453,185.8300018310547,176.7388458251953,33113300,0.0,0.0,0.0
2018-09-28,185.30999755859375,186.27999877929688,184.97000122070312,185.7899932861328,176.7008056640625,28076800,0.0,0.0,0.0
2018-10-01,186.8699951171875,187.52999877929688,185.6999969482422,186.1699981689453,177.0621795654297,27371300,0.0,0.0,0.0
2018-10-02,186.00999450683594,187.17999267578125,185.32000732421875,185.75,176.6627655029297,25618600,0.0,0.0,0.0
2018-10-03,186.52999877929688,186.97000122070312,185.66000366210938,185.9499969482422,176.85299682617188,29128700,0.0,0.0,0.0
2018-10-04,185.1999969482422,185.32000732421875,181.05999755859375,182.3800048828125,173.45761108398438,80557300,0.0,0.0,0.0
2018-10-05,182.36000061035156,182.97000122070312,178.42999267578125,180.14999389648438,171.33677673339844,83325600,0.0,0.0,0.0
2018-10-08,179.52000427246094,180.63999938964844,176.92999267578125,179.0500030517578,170.29051208496094,66864500,0.0,0.0,0.0
2018-10-09,179.17999267578125,181.02000427246094,178.75,179.6300048828125,170.84213256835938,49097900,0.0,0.0,0.0
2018-10-10,178.50999450683594,178.6199951171875,171.5,171.72999572753906,163.32864379882812,114471100,0.0,0.0,0.0
2018-10-11,171.02000427246094,173.39999389648438,167.80999755859375,169.60000610351562,161.3028564453125,143084500,0.0,0.0,0.0
2018-10-12,174.1699981689453,174.86000061035156,170.92999267578125,174.32000732421875,165.79193115234375,102078400,0.0,0.0,0.0
2018-10-15,173.7100067138672,174.0399932861328,171.55999755859375,172.2100067138672,163.78517150878906,64885300,0.0,0.0,0.0
2018-10-16,174.02000427246094,177.64999389648438,173.6999969482422,177.22000122070312,168.55003356933594,71979700,0.0,0.0,0.0
2018-10-17,178.0800018310547,178.25999450683594,175.47000122070312,177.2899932861328,168.61660766601562,66987600,0.0,0.0,0.0
2018-10-18,176.6199951171875,176.67999267578125,172.44000244140625,173.17999267578125,164.7077178955078,82486200,0.0,0.0,0.0
2018-10-19,174.5800018310547,176.07000732421875,172.38999938964844,173.02000427246094,164.55551147460938,82923700,0.0,0.0,0.0
2018-10-22,174.05999755859375,175.25,172.58999633789062,173.91000366210938,165.40196228027344,52909300,0.0,0.0,0.0
2018-10-23,170.63999938964844,174.1300048828125,168.82000732421875,173.27000427246094,164.79331970214844,77567000,0.0,0.0,0.0
2018-10-24,173.07000732421875,173.36000061035156,165.0399932861328,165.33999633789062,157.251220703125,102997400,0.0,0.0,0.0
2018-10-25,167.91000366210938,172.0800018310547,167.16000366210938,171.05999755859375,162.69140625,83481100,0.0,0.0,0.0
2018-10-26,165.1999969482422,169.9600067138672,164.22999572753906,166.66000366210938,158.5067138671875,130970900,0.0,0.0,0.0
2018-10-29,169.2100067138672,169.86000061035156,160.08999633789062,163.22999572753906,155.24447631835938,111871900,0.0,0.0,0.0
2018-10-30,162.75,166.0399932861328,162.00999450683594,165.9199981689453,157.80288696289062,92584000,0.0,0.0,0.0
2018-10-31,168.6199951171875,171.25,168.5399932861328,169.82000732421875,161.51206970214844,73828600,0.0,0.0,0.0
2018-11-01,170.07000732421875,172.24000549316406,168.77999877929688,172.05999755859375,163.6424560546875,52706800,0.0,0.0,0.0
2018-11-02,171.52999877929688,172.5500030517578,168.22000122070312,169.3800048828125,161.09359741210938,75966800,0.0,0.0,0.0
2018-11-05,169.60000610351562,169.66000366210938,167.0800018310547,168.9600067138672,160.69418334960938,39573500,0.0,0.0,0.0
2018-11-06,168.97000122070312,171.19000244140625,168.72000122070312,170.24000549316406,161.91152954101562,34410400,0.0,0.0,0.0
2018-11-07,172.27999877929688,175.5800018310547,171.8699951171875,175.5800018310547,166.99029541015625,51169600,0.0,0.0,0.0
2018-11-08,174.75999450683594,175.3000030517578,173.6300048828125,174.4600067138672,165.9250946044922,40296500,0.0,0.0,0.0
2018-11-09,172.8300018310547,173.25,170.16000366210938,171.52000427246094,163.12890625,50602700,0.0,0.0,0.0
2018-11-12,170.32000732421875,170.63999938964844,166.17999267578125,166.3300018310547,158.19281005859375,62578400,0.0,0.0,0.0
2018-11-13,167.11000061035156,169.47999572753906,166.0,166.47000122070312,158.32595825195312,64128100,0.0,0.0,0.0
2018-11-14,168.1199951171875,168.6999969482422,164.25,165.1999969482422,157.11805725097656,75270700,0.0,0.0,0.0
2018-11-15,164.89999389648438,168.5399932861328,163.4600067138672,168.08999633789062,159.86672973632812,73254300,0.0,0.0,0.0
2018-11-16,166.4499969482422,168.30999755859375,165.77999877929688,167.5,159.3055877685547,65390700,0.0,0.0,0.0
2018-11-19,166.6999969482422,166.89999389648438,161.5399932861328,162.05999755859375,154.1316680908203,67280500,0.0,0.0,0.0
2018-11-20,158.3699951171875,161.3800048828125,157.1300048828125,159.16000366210938,151.3735809326172,102652800,0.0,0.0,0.0
2018-11-21,161.35000610351562,161.97000122070312,159.22999572753906,160.3699951171875,152.5243682861328,42965800,0.0,0.0,0.0
2018-11-23,159.08999633789062,160.83999633789062,159.08999633789062,159.2100067138672,151.42115783691406,23503700,0.0,0.0,0.0
2018-11-26,161.44000244140625,162.97000122070312,160.75999450683594,162.88999938964844,154.92111206054688,42012600,0.0,0.0,0.0
2018-11-27,162.0,163.85000610351562,161.17999267578125,163.44000244140625,155.44419860839844,36608100,0.0,0.0,0.0
2018-11-28,164.6199951171875,168.6999969482422,163.47000122070312,168.6999969482422,160.4468536376953,70141000,0.0,0.0,0.0
2018-11-29,167.99000549316406,169.25999450683594,166.82000732421875,168.14999389648438,159.92376708984375,44885700,0.0,0.0,0.0
2018-11-30,168.3800048828125,169.47000122070312,167.5399932861328,169.3699951171875,161.0840606689453,36722800,0.0,0.0,0.0
2018-12-03,173.11000061035156,173.30999755859375,169.50999450683594,172.3300018310547,163.89927673339844,50771700,0.0,0.0,0.0
2018-12-04,171.42999267578125,171.91000366210938,165.52000427246094,165.72000122070312,157.61264038085938,70594700,0.0,0.0,0.0
2018-12-06,162.3800048828125,166.91000366210938,161.77000427246094,166.88999938964844,158.72544860839844,71715500,0.0,0.0,0.0
2018-12-07,166.16000366210938,167.1199951171875,160.86000061035156,161.3800048828125,153.48497009277344,80432200,0.0,0.0,0.0
2018-12-10,161.0800018310547,163.77999877929688,159.41000366210938,163.07000732421875,155.09231567382812,73960800,0.0,0.0,0.0
2018-12-11,165.72999572753906,165.77000427246094,162.22999572753906,163.61000061035156,155.60589599609375,59058300,0.0,0.0,0.0
2018-12-12,166.0,167.60000610351562,164.9600067138672,165.0500030517578,156.97543334960938,53780000,0.0,0.0,0.0
2018-12-13,166.1300048828125,166.82000732421875,164.02999877929688,165.10000610351562,157.02297973632812,46378500,0.0,0.0,0.0
2018-12-14,163.2100067138672,163.80999755859375,160.6999969482422,161.0800018310547,153.19964599609375,56547400,0.0,0.0,0.0
2018-12-17,160.38999938964844,161.6699981689453,156.1699981689453,157.42999267578125,149.72821044921875,74834100,0.0,0.0,0.0
2018-12-18,158.64999389648438,159.9499969482422,157.0399932861328,158.4199981689453,150.6698455810547,63642100,0.0,0.0,0.0
2018-12-19,158.17999267578125,160.72000122070312,153.33999633789062,154.52999877929688,146.9700927734375,81856500,0.0,0.0,0.0
2018-12-20,154.14999389648438,155.8699951171875,150.38999938964844,152.2899932861328,144.83969116210938,99002100,0.0,0.0,0.0
2018-12-21,153.0500030517578,154.08999633789062,146.72000122070312,147.57000732421875,140.35061645507812,141129400,0.0,0.0,0.0
2018-12-24,146.0800018310547,147.97999572753906,143.4600067138672,143.5,136.8701629638672,56163300,0.421,0.0,0.0
2018-12-26,145.0800018310547,152.5399932861328,144.08999633789062,152.4600067138672,145.41619873046875,98982100,0.0,0.0,0.0
2018-12-27,150.3699951171875,153.17999267578125,147.0800018310547,153.0500030517578,145.97894287109375,85824300,0.0,0.0,0.0
2018-12-28,154.14999389648438,155.58999633789062,151.72000122070312,152.97000122070312,145.90264892578125,77856600,0.0,0.0,0.0
2018-12-31,154.47000122070312,154.97999572753906,152.7100067138672,154.25999450683594,147.13304138183594,53015300,0.0,0.0,0.0
2019-01-02,150.99000549316406,155.75,150.8800048828125,154.8800048828125,147.7244415283203,58576700,0.0,0.0,0.0
2019-01-03,152.60000610351562,153.25999450683594,149.49000549316406,149.82000732421875,142.89816284179688,74820200,0.0,0.0,0.0
2019-01-04,152.33999633789062,157.0,151.74000549316406,156.22999572753906,149.0120391845703,74709300,0.0,0.0,0.0
2019-01-07,156.6199951171875,158.86000061035156,156.11000061035156,158.08999633789062,150.78610229492188,52059300,0.0,0.0,0.0
2019-01-08,159.5399932861328,160.11000061035156,157.1999969482422,159.52000427246094,152.1500244140625,49388700,0.0,0.0,0.0
2019-01-09,160.13999938964844,161.52000427246094,159.47000122070312,160.82000732421875,153.3899383544922,46491700,0.0,0.0,0.0
2019-01-10,159.60000610351562,161.3699951171875,158.6999969482422,161.27999877929688,153.8286895751953,38943400,0.0,0.0,0.0
2019-01-11,160.3300018310547,160.86000061035156,159.7899932861328,160.69000244140625,153.26597595214844,30176600,0.0,0.0,0.0
2019-01-14,159.3300018310547,159.9600067138672,158.58999633789062,159.27000427246094,151.9115753173828,30710200,0.0,0.0,0.0
2019-01-15,160.0,162.60000610351562,159.91000366210938,162.3800048828125,154.87791442871094,40874200,0.0,0.0,0.0
2019-01-16,162.64999389648438,163.77999877929688,162.2899932861328,162.35000610351562,154.8493194580078,33812200,0.0,0.0,0.0
2019-01-17,161.8300018310547,164.36000061035156,161.57000732421875,163.6300048828125,156.07017517089844,39329000,0.0,0.0,0.0
2019-01-18,164.77999877929688,166.02000427246094,163.82000732421875,165.25,157.6153564453125,57183200,0.0,0.0,0.0
2019-01-22,164.05999755859375,164.13999938964844,160.75999450683594,161.94000244140625,154.45822143554688,56711700,0.0,0.0,0.0
2019-01-23,162.77000427246094,163.50999450683594,160.32000732421875,162.14999389648438,154.65850830078125,38106100,0.0,0.0,0.0
2019-01-24,162.67999267578125,163.44000244140625,162.05999755859375,163.1999969482422,155.6599884033203,32417800,0.0,0.0,0.0
2019-01-25,164.50999450683594,165.64999389648438,163.9499969482422,165.14999389648438,157.51988220214844,36515900,0.0,0.0,0.0
2019-01-28,163.02000427246094,163.1199951171875,161.75,163.11000061035156,155.57415771484375,33491200,0.0,0.0,0.0
2019-01-29,163.1999969482422,163.24000549316406,160.99000549316406,161.57000732421875,154.10533142089844,30784200,0.0,0.0,0.0
2019-01-30,163.39999389648438,166.27999877929688,162.88999938964844,165.67999267578125,158.02540588378906,41346500,0.0,0.0,0.0
2019-01-31,166.6999969482422,168.99000549316406,166.47000122070312,168.16000366210938,160.39085388183594,37258400,0.0,0.0,0.0
2019-02-01,167.3300018310547,168.60000610351562,166.99000549316406,167.4499969482422,159.7136688232422,32143700,0.0,0.0,0.0
2019-02-04,167.47999572753906,169.52999877929688,167.3300018310547,169.52999877929688,161.6975555419922,26718800,0.0,0.0,0.0
2019-02-05,169.75999450683594,171.22999572753906,169.69000244140625,171.02999877929688,163.12826538085938,28156400,0.0,0.0,0.0
2019-02-06,171.07000732421875,171.3699951171875,169.75,170.52000427246094,162.6417999267578,27970000,0.0,0.0,0.0
2019-02-07,169.02999877929688,169.4499969482422,166.9499969482422,168.22999572753906,160.45762634277344,42036200,0.0,0.0,0.0
2019-02-08,166.75999450683594,168.58999633789062,166.57000732421875,168.55999755859375,160.7723846435547,29020700,0.0,0.0,0.0
2019-02-11,169.1699981689453,169.5800018310547,167.97999572753906,168.39999389648438,160.61973571777344,21434100,0.0,0.0,0.0
2019-02-12,169.6300048828125,171.13999938964844,169.3300018310547,170.88999938964844,162.99472045898438,29722100,0.0,0.0,0.0
2019-02-13,171.64999389648438,172.16000366210938,170.82000732421875,171.00999450683594,163.10916137695312,26094100,0.0,0.0,0.0
2019-02-14,170.39999389648438,171.8300018310547,169.8300018310547,171.22000122070312,163.30950927734375,30326800,0.0,0.0,0.0
2019-02-15,172.52000427246094,172.55999755859375,171.13999938964844,171.94000244140625,163.99618530273438,32521700,0.0,0.0,0.0
2019-02-19,171.41000366210938,172.8000030517578,171.3800048828125,172.27999877929688,164.3205108642578,19487700,0.0,0.0,0.0
2019-02-20,172.39999389648438,173.0800018310547,171.32000732421875,172.25,164.2918243408203,32593000,0.0,0.0,0.0
2019-02-21,171.7899932861328,172.25999450683594,170.7100067138672,171.6199951171875,163.6909942626953,25207400,0.0,0.0,0.0
2019-02-22,171.99000549316406,173.00999450683594,171.89999389648438,172.88999938964844,164.90231323242188,27735400,0.0,0.0,0.0
2019-02-25,174.2100067138672,174.66000366210938,173.39999389648438,173.52000427246094,165.50323486328125,32608800,0.0,0.0,0.0
2019-02-26,173.10000610351562,174.25,172.80999755859375,173.6999969482422,165.67489624023438,21939700,0.0,0.0,0.0
2019-02-27,172.89999389648438,173.8000030517578,171.75999450683594,173.58999633789062,165.57000732421875,25162000,0.0,0.0,0.0
2019-02-28,173.0500030517578,173.80999755859375,172.6999969482422,173.19000244140625,165.1884765625,25085500,0.0,0.0,0.0
2019-03-01,174.44000244140625,174.64999389648438,173.17999267578125,174.38999938964844,166.33303833007812,31431200,0.0,0.0,0.0
2019-03-04,175.5399932861328,175.7899932861328,172.47000122070312,174.4199981689453,166.36166381835938,38063500,0.0,0.0,0.0
2019-03-05,174.5500030517578,175.08999633789062,173.69000244140625,174.5500030517578,166.4856414794922,22319900,0.0,0.0,0.0
2019-03-06,174.72000122070312,174.75,173.27999877929688,173.55999755859375,165.54135131835938,27194600,0.0,0.0,0.0
2019-03-07,173.1199951171875,173.17999267578125,170.7899932861328,171.42999267578125,163.50978088378906,39407400,0.0,0.0,0.0
2019-03-08,169.50999450683594,171.25999450683594,169.33999633789062,171.1699981689453,163.26177978515625,39303200,0.0,0.0,0.0
2019-03-11,171.8800048828125,174.85000610351562,171.85000610351562,174.72999572753906,166.6572723388672,30518400,0.0,0.0,0.0
2019-03-12,175.19000244140625,176.13999938964844,174.77000427246094,175.69000244140625,167.57301330566406,33953500,0.0,0.0,0.0
2019-03-13,176.60000610351562,177.92999267578125,176.35000610351562,177.00999450683594,168.8319549560547,42426100,0.0,0.0,0.0
2019-03-14,177.1300048828125,177.33999633789062,176.66000366210938,176.7100067138672,168.54586791992188,23751500,0.0,0.0,0.0
2019-03-15,177.39999389648438,178.8800048828125,177.27999877929688,178.35000610351562,170.1100616455078,38192000,0.0,0.0,0.0
2019-03-18,177.9499969482422,178.99000549316406,177.58999633789062,178.4499969482422,170.5151824951172,32935100,0.324,0.0,0.0
2019-03-19,179.17999267578125,180.0,178.2899932861328,179.0500030517578,171.0885467529297,36893300,0.0,0.0,0.0
2019-03-20,179.05999755859375,180.86000061035156,178.24000549316406,179.75999450683594,171.76695251464844,50105000,0.0,0.0,0.0
2019-03-21,179.22000122070312,182.8300018310547,179.1999969482422,182.57000732421875,174.45204162597656,42428500,0.0,0.0,0.0
2019-03-22,181.77999877929688,182.27000427246094,178.3699951171875,178.55999755859375,170.62033081054688,70794500,0.0,0.0,0.0
2019-03-25,177.91000366210938,178.83999633789062,176.92999267578125,178.22000122070312,170.2954864501953,46336500,0.0,0.0,0.0
2019-03-26,179.60000610351562,180.69000244140625,178.13999938964844,179.0500030517578,171.0885467529297,33248100,0.0,0.0,0.0
2019-03-27,179.32000732421875,179.72000122070312,176.60000610351562,177.89999389648438,169.9896697998047,37096700,0.0,0.0,0.0
2019-03-28,178.36000061035156,178.97999572753906,177.24000549316406,178.30999755859375,170.38143920898438,30368200,0.0,0.0,0.0
2019-03-29,179.69000244140625,179.8300018310547,178.58999633789062,179.66000366210938,171.6714324951172,35205500,0.0,0.0,0.0
2019-04-01,181.50999450683594,182.25999450683594,180.77000427246094,182.0399932861328,173.94558715820312,30969500,0.0,0.0,0.0
2019-04-02,182.24000549316406,182.91000366210938,181.77999877929688,182.72999572753906,174.60487365722656,22645200,0.0,0.0,0.0
2019-04-03,183.75999450683594,184.9199981689453,183.2100067138672,183.77999877929688,175.60821533203125,31633500,0.0,0.0,0.0
2019-04-04,183.8300018310547,184.5,182.64999389648438,183.7100067138672,175.5413360595703,28530800,0.0,0.0,0.0
2019-04-05,184.24000549316406,184.77000427246094,184.02000427246094,184.66000366210938,176.44911193847656,25674700,0.0,0.0,0.0
2019-04-08,184.36000061035156,185.27999877929688,183.6300048828125,185.1300048828125,176.89817810058594,22697500,0.0,0.0,0.0
2019-04-09,184.5,185.11000061035156,184.08999633789062,184.47999572753906,176.27711486816406,25631900,0.0,0.0,0.0
2019-04-10,184.72000122070312,185.52999877929688,184.52000427246094,185.47000122070312,177.22308349609375,24563000,0.0,0.0,0.0
2019-04-11,185.77999877929688,185.77999877929688,184.69000244140625,185.02999877929688,176.8026123046875,20654100,0.0,0.0,0.0
2019-04-12,185.85000610351562,185.9499969482422,185.05999755859375,185.8300018310547,177.56710815429688,24989100,0.0,0.0,0.0
2019-04-15,185.83999633789062,186.07000732421875,184.6199951171875,185.86000061035156,177.59573364257812,21073000,0.0,0.0,0.0
2019-04-16,186.5399932861328,186.91000366210938,185.92999267578125,186.5,178.2073211669922,27195700,0.0,0.0,0.0
2019-04-17,187.75,187.92999267578125,186.60000610351562,187.14999389648438,178.828369140625,29651600,0.0,0.0,0.0
2019-04-18,187.4600067138672,187.7899932861328,186.2899932861328,187.38999938964844,179.0577392578125,28580900,0.0,0.0,0.0
2019-04-22,186.57000732421875,187.99000549316406,186.42999267578125,187.9199981689453,179.56414794921875,17936000,0.0,0.0,0.0
2019-04-23,188.39999389648438,190.5399932861328,188.1300048828125,190.30999755859375,181.8478240966797,33665600,0.0,0.0,0.0
2019-04-24,190.47000122070312,190.7100067138672,189.64999389648438,189.7100067138672,181.27450561523438,24977100,0.0,0.0,0.0
2019-04-25,191.1300048828125,191.22000122070312,189.4499969482422,190.47999572753906,182.01026916503906,29517500,0.0,0.0,0.0
2019-04-26,190.17999267578125,190.69000244140625,188.58999633789062,190.64999389648438,182.17271423339844,26359500,0.0,0.0,0.0
2019-04-29,190.64999389648438,191.32000732421875,190.33999633789062,191.02000427246094,182.5262908935547,21716200,0.0,0.0,0.0
2019-04-30,189.47999572753906,189.85000610351562,188.2100067138672,189.5399932861328,181.11212158203125,31495300,0.0,0.0,0.0
2019-05-01,190.77999877929688,191.32000732421875,188.8000030517578,188.92999267578125,180.5292510986328,34797100,0.0,0.0,0.0
2019-05-02,188.8699951171875,189.85000610351562,186.8699951171875,188.11000061035156,179.7456817626953,44110100,0.0,0.0,0.0
2019-05-03,189.6699981689453,191.25,189.3300018310547,191.11000061035156,182.61233520507812,30386200,0.0,0.0,0.0
2019-05-06,187.0500030517578,190.1999969482422,186.75999450683594,189.94000244140625,181.49429321289062,38371800,0.0,0.0,0.0
2019-05-07,187.8699951171875,188.6699981689453,184.50999450683594,186.24000549316406,177.95880126953125,58818100,0.0,0.0,0.0
2019-05-08,185.6300048828125,187.1699981689453,184.9600067138672,185.77000427246094,177.5097198486328,37165300,0.0,0.0,0.0
2019-05-09,183.6999969482422,185.41000366210938,182.08999633789062,184.77000427246094,176.55418395996094,55351700,0.0,0.0,0.0
2019-05-10,184.11000061035156,185.88999938964844,181.02999877929688,185.0,176.7739715576172,58526400,0.0,0.0,0.0
2019-05-13,180.2899932861328,181.25999450683594,178.05999755859375,178.5800018310547,170.6394500732422,67185800,0.0,0.0,0.0
2019-05-14,179.52000427246094,181.6300048828125,178.86000061035156,180.5399932861328,172.51229858398438,43360600,0.0,0.0,0.0
2019-05-15,179.35000610351562,183.5500030517578,179.30999755859375,183.08999633789062,174.94888305664062,40944500,0.0,0.0,0.0
2019-05-16,183.1699981689453,186.07000732421875,182.9499969482422,184.92999267578125,176.70706176757812,39281200,0.0,0.0,0.0
2019-05-17,183.10000610351562,185.5800018310547,182.8800048828125,183.0399932861328,174.901123046875,44702300,0.0,0.0,0.0
2019-05-20,180.49000549316406,181.17999267578125,179.33999633789062,179.9499969482422,171.94851684570312,38608300,0.0,0.0,0.0
2019-05-21,181.5,182.3300018310547,180.9199981689453,181.8300018310547,173.7449188232422,31613800,0.0,0.0,0.0
2019-05-22,180.82000732421875,182.07000732421875,180.75,181.02000427246094,172.97097778320312,24332600,0.0,0.0,0.0
2019-05-23,178.94000244140625,179.02000427246094,177.13999938964844,178.25,170.32411193847656,45351300,0.0,0.0,0.0
2019-05-24,179.2100067138672,179.85000610351562,177.94000244140625,178.16000366210938,170.23812866210938,25903300,0.0,0.0,0.0
2019-05-28,178.66000366210938,179.66000366210938,177.47000122070312,177.49000549316406,169.59786987304688,24763800,0.0,0.0,0.0
2019-05-29,176.38999938964844,177.0,175.08999633789062,176.02999877929688,168.20286560058594,42178800,0.0,0.0,0.0
2019-05-30,176.5,177.27000427246094,175.77000427246094,176.77000427246094,168.90994262695312,30354800,0.0,0.0,0.0
2019-05-31,174.69000244140625,175.2899932861328,173.8699951171875,173.9499969482422,166.2152862548828,45446200,0.0,0.0,0.0
2019-06-03,173.47999572753906,173.9499969482422,169.27000427246094,170.1199951171875,162.55560302734375,75842300,0.0,0.0,0.0
2019-06-04,172.02999877929688,174.97000122070312,171.3699951171875,174.91000366210938,167.1326141357422,47797800,0.0,0.0,0.0
2019-06-05,176.5800018310547,176.61000061035156,174.3800048828125,176.2100067138672,168.3748016357422,34412700,0.0,0.0,0.0
2019-06-06,176.50999450683594,178.0399932861328,175.72999572753906,177.61000061035156,169.71255493164062,29913200,0.0,0.0,0.0
2019-06-07,178.55999755859375,181.77000427246094,178.3300018310547,181.0399932861328,172.99008178710938,45888300,0.0,0.0,0.0
2019-06-10,182.25,184.85000610351562,182.2100067138672,183.14999389648438,175.00624084472656,41385300,0.0,0.0,0.0
2019-06-11,185.05999755859375,185.39999389648438,182.77999877929688,183.39999389648438,175.24510192871094,41260300,0.0,0.0,0.0
2019-06-12,182.89999389648438,183.27999877929688,182.0,182.33999633789062,174.23220825195312,27758100,0.0,0.0,0.0
2019-06-13,183.10000610351562,183.8699951171875,182.74000549316406,183.4199981689453,175.2642059326172,23715800,0.0,0.0,0.0
2019-06-14,182.47999572753906,183.11000061035156,181.94000244140625,182.63999938964844,174.51890563964844,22844100,0.0,0.0,0.0
2019-06-17,183.0399932861328,184.25,182.83999633789062,183.74000549316406,175.57000732421875,20379500,0.0,0.0,0.0
2019-06-18,185.91000366210938,187.72000122070312,185.42999267578125,186.41000366210938,178.1212615966797,48177300,0.0,0.0,0.0
2019-06-19,186.66000366210938,187.52999877929688,185.57000732421875,187.11000061035156,178.7902069091797,31672900,0.0,0.0,0.0
2019-06-20,189.72000122070312,189.75999450683594,187.16000366210938,188.85000610351562,180.45281982421875,40922000,0.0,0.0,0.0
2019-06-21,188.6300048828125,189.77000427246094,188.1699981689453,188.57000732421875,180.18524169921875,39980400,0.0,0.0,0.0
2019-06-24,188.52999877929688,188.72000122070312,188.05999755859375,188.16000366210938,180.1909637451172,19375200,0.416,0.0,0.0
2019-06-25,188.02999877929688,188.13999938964844,184.64999389648438,184.92999267578125,177.0977783203125,33921100,0.0,0.0,0.0
2019-06-26,186.16000366210938,187.3300018310547,185.49000549316406,185.7899932861328,177.92135620117188,22595700,0.0,0.0,0.0
2019-06-27,186.4600067138672,186.94000244140625,185.99000549316406,186.5,178.6012725830078,19709200,0.0,0.0,0.0
2019-06-28,186.9499969482422,187.14999389648438,186.07000732421875,186.74000549316406,178.8311309814453,21179200,0.0,0.0,0.0
2019-07-01,190.32000732421875,190.57000732421875,188.3800048828125,189.25999450683594,181.2443389892578,31025600,0.0,0.0,0.0
2019-07-02,189.1999969482422,190.02999877929688,188.66000366210938,190.00999450683594,181.9626007080078,18035800,0.0,0.0,0.0
2019-07-03,190.49000549316406,191.44000244140625,190.2899932861328,191.44000244140625,183.33206176757812,15792100,0.0,0.0,0.0
2019-07-05,190.1300048828125,191.39999389648438,189.38999938964844,191.0500030517578,182.95860290527344,21415600,0.0,0.0,0.0
2019-07-08,189.80999755859375,189.8699951171875,188.92999267578125,189.7100067138672,181.6753387451172,17598800,0.0,0.0,0.0
2019-07-09,188.80999755859375,190.89999389648438,188.64999389648438,190.66000366210938,182.58511352539062,19193500,0.0,0.0,0.0
2019-07-10,191.82000732421875,193.08999633789062,191.47000122070312,192.55999755859375,184.40463256835938,28374500,0.0,0.0,0.0
2019-07-11,192.85000610351562,193.33999633789062,191.80999755859375,192.4199981689453,184.2705841064453,23736100,0.0,0.0,0.0
2019-07-12,192.6300048828125,193.5399932861328,192.4499969482422,193.52999877929688,185.33355712890625,20211900,0.0,0.0,0.0
2019-07-15,193.97999572753906,194.19000244140625,193.44000244140625,194.14999389648438,185.92724609375,15606100,0.0,0.0,0.0
2019-07-16,193.91000366210938,194.08999633789062,192.55999755859375,193.14999389648438,184.96961975097656,20190900,0.0,0.0,0.0
2019-07-17,193.14999389648438,193.49000549316406,192.17999267578125,192.1999969482422,184.05982971191406,16765100,0.0,0.0,0.0
2019-07-18,191.2899932861328,192.7899932861328,190.69000244140625,192.4199981689453,184.2705841064453,28877000,0.0,0.0,0.0
2019-07-19,193.74000549316406,193.8300018310547,190.80999755859375,191.00999450683594,182.92025756835938,29387900,0.0,0.0,0.0
2019-07-22,191.44000244140625,192.94000244140625,191.44000244140625,192.52999877929688,184.3759002685547,18954900,0.0,0.0,0.0
2019-07-23,193.5800018310547,193.80999755859375,192.2899932861328,193.7899932861328,185.58255004882812,23786700,0.0,0.0,0.0
2019-07-24,193.0500030517578,195.16000366210938,193.02999877929688,195.14999389648438,186.8849334716797,20422900,0.0,0.0,0.0
2019-07-25,194.49000549316406,194.52000427246094,192.92999267578125,193.3000030517578,185.11329650878906,23434700,0.0,0.0,0.0
2019-07-26,194.52999877929688,195.5500030517578,194.42999267578125,195.2899932861328,187.0189666748047,20431200,0.0,0.0,0.0
2019-07-29,195.11000061035156,195.17999267578125,193.38999938964844,194.6199951171875,186.37734985351562,20451700,0.0,0.0,0.0
2019-07-30,193.1300048828125,194.5399932861328,192.99000549316406,193.77999877929688,185.57298278808594,18705000,0.0,0.0,0.0
2019-07-31,194.3000030517578,194.42999267578125,189.32000732421875,191.10000610351562,183.00648498535156,41627500,0.0,0.0,0.0
2019-08-01,191.42999267578125,194.97999572753906,189.22999572753906,190.14999389648438,182.09671020507812,63251600,0.0,0.0,0.0
2019-08-02,188.72000122070312,188.99000549316406,186.2100067138672,187.35000610351562,179.41526794433594,55214000,0.0,0.0,0.0
2019-08-05,183.42999267578125,183.50999450683594,179.1999969482422,180.72999572753906,173.07565307617188,75040000,0.0,0.0,0.0
2019-08-06,182.39999389648438,183.8000030517578,181.07000732421875,183.25999450683594,175.4984893798828,41897200,0.0,0.0,0.0
2019-08-07,181.27000427246094,184.50999450683594,179.88999938964844,184.25,176.44659423828125,49990600,0.0,0.0,0.0
2019-08-08,185.0800018310547,188.32000732421875,184.57000732421875,188.25999450683594,180.28671264648438,38418100,0.0,0.0,0.0
2019-08-09,187.36000061035156,188.0,185.02999877929688,186.49000549316406,178.59170532226562,33608900,0.0,0.0,0.0
2019-08-12,185.33999633789062,185.89999389648438,183.5,184.35000610351562,176.54234313964844,24642900,0.0,0.0,0.0
2019-08-13,184.19000244140625,189.67999267578125,184.02000427246094,188.38999938964844,180.41122436523438,40241900,0.0,0.0,0.0
2019-08-14,185.36000061035156,185.9499969482422,182.4199981689453,182.75999450683594,175.0196990966797,51000500,0.0,0.0,0.0
2019-08-15,183.0,183.58999633789062,181.16000366210938,182.5500030517578,174.818603515625,36685000,0.0,0.0,0.0
2019-08-16,184.2100067138672,185.9499969482422,184.10000610351562,185.47999572753906,177.6244354248047,32781400,0.0,0.0,0.0
2019-08-19,188.16000366210938,188.8300018310547,187.5,188.42999267578125,180.4495086669922,22494100,0.0,0.0,0.0
2019-08-20,187.9600067138672,188.63999938964844,186.9199981689453,186.97000122070312,179.05136108398438,19902900,0.0,0.0,0.0
2019-08-21,188.61000061035156,189.22999572753906,187.9600067138672,188.6300048828125,180.64105224609375,20418500,0.0,0.0,0.0
2019-08-22,188.97999572753906,189.4600067138672,186.5399932861328,188.02000427246094,180.05685424804688,24243700,0.0,0.0,0.0
2019-08-23,186.74000549316406,188.4499969482422,181.55999755859375,182.07000732421875,174.35894775390625,55372400,0.0,0.0,0.0
2019-08-26,184.13999938964844,184.8699951171875,183.0800018310547,184.82000732421875,176.99244689941406,27598900,0.0,0.0,0.0
2019-08-27,186.11000061035156,186.4199981689453,183.7100067138672,184.42999267578125,176.61898803710938,28012800,0.0,0.0,0.0
2019-08-28,183.8300018310547,185.39999389648438,182.91000366210938,185.08999633789062,177.25100708007812,21792400,0.0,0.0,0.0
2019-08-29,187.38999938964844,188.4600067138672,186.67999267578125,187.9199981689453,179.96116638183594,25358900,0.0,0.0,0.0
2019-08-30,188.92999267578125,188.97000122070312,186.41000366210938,187.47000122070312,179.53021240234375,26319800,0.0,0.0,0.0
2019-09-03,186.22000122070312,187.17999267578125,185.02999877929688,185.64999389648438,177.7873077392578,27964200,0.0,0.0,0.0
2019-09-04,187.44000244140625,188.49000549316406,186.89999389648438,188.3300018310547,180.35377502441406,21592100,0.0,0.0,0.0
2019-09-05,190.41000366210938,192.3300018310547,190.33999633789062,191.77999877929688,183.6576690673828,33932600,0.0,0.0,0.0
2019-09-06,192.10000610351562,192.1699981689453,191.1699981689453,191.58999633789062,183.4756622314453,19487800,0.0,0.0,0.0
2019-09-09,192.19000244140625,192.27000427246094,190.22000122070312,191.19000244140625,183.09268188476562,24407600,0.0,0.0,0.0
2019-09-10,190.16000366210938,190.74000549316406,188.91000366210938,190.63999938964844,182.56590270996094,23744700,0.0,0.0,0.0
2019-09-11,191.0,192.52999877929688,190.55999755859375,192.42999267578125,184.2801513671875,25063600,0.0,0.0,0.0
2019-09-12,193.61000061035156,194.7100067138672,192.97000122070312,193.22999572753906,185.04623413085938,28689900,0.0,0.0,0.0
2019-09-13,192.9499969482422,193.39999389648438,192.2899932861328,192.5399932861328,184.38551330566406,27669800,0.0,0.0,0.0
2019-09-16,191.3000030517578,192.0800018310547,191.11000061035156,191.67999267578125,183.56187438964844,20319000,0.0,0.0,0.0
2019-09-17,191.6999969482422,192.60000610351562,191.2899932861328,192.60000610351562,184.4429473876953,20953400,0.0,0.0,0.0
2019-09-18,192.1999969482422,192.60000610351562,190.11000061035156,192.52000427246094,184.36630249023438,29781300,0.0,0.0,0.0
2019-09-19,192.86000061035156,194.0399932861328,192.47000122070312,192.83999633789062,184.67271423339844,26039400,0.0,0.0,0.0
2019-09-20,193.11000061035156,193.30999755859375,190.16000366210938,190.8000030517578,182.71917724609375,29086100,0.0,0.0,0.0
2019-09-23,190.36000061035156,191.07000732421875,189.72000122070312,190.5,182.7998046875,22485900,0.384,0.0,0.0
2019-09-24,191.3699951171875,191.7899932861328,187.14999389648438,187.97000122070312,180.37203979492188,40820700,0.0,0.0,0.0
2019-09-25,187.77999877929688,190.5800018310547,186.2100067138672,190.0800018310547,182.3967742919922,34704900,0.0,0.0,0.0
2019-09-26,189.8300018310547,190.0,187.97999572753906,189.3800048828125,181.7250213623047,26826000,0.0,0.0,0.0
2019-09-27,189.72999572753906,189.8300018310547,185.75,187.02999877929688,179.47000122070312,40773500,0.0,0.0,0.0
2019-09-30,187.7899932861328,189.11000061035156,187.39999389648438,188.80999755859375,181.17808532714844,26307700,0.0,0.0,0.0
2019-10-01,189.5,190.58999633789062,186.9600067138672,187.27000427246094,179.7003173828125,32367600,0.0,0.0,0.0
2019-10-02,186.0,186.02999877929688,183.02000427246094,184.0500030517578,176.61045837402344,48544300,0.0,0.0,0.0
2019-10-03,184.02999877929688,186.2100067138672,181.82000732421875,186.07000732421875,178.5488739013672,39392500,0.0,0.0,0.0
2019-10-04,187.0800018310547,189.0800018310547,186.8800048828125,188.80999755859375,181.17808532714844,31887600,0.0,0.0,0.0
2019-10-07,188.27000427246094,189.74000549316406,187.91000366210938,188.24000549316406,180.63113403320312,21216000,0.0,0.0,0.0
2019-10-08,187.05999755859375,187.86000061035156,185.27000427246094,185.4199981689453,177.92514038085938,32379300,0.0,0.0,0.0
2019-10-09,186.99000549316406,188.0800018310547,186.42999267578125,187.22999572753906,179.66195678710938,20147400,0.0,0.0,0.0
2019-10-10,187.27999877929688,189.42999267578125,187.1199951171875,188.67999267578125,181.05335998535156,25177700,0.0,0.0,0.0
2019-10-11,190.8300018310547,192.6300048828125,190.72000122070312,191.11000061035156,183.3850860595703,40976700,0.0,0.0,0.0
2019-10-14,190.83999633789062,191.6999969482422,190.64999389648438,191.08999633789062,183.3659210205078,14975000,0.0,0.0,0.0
2019-10-15,191.67999267578125,193.97000122070312,191.55999755859375,193.52000427246094,185.69769287109375,23234200,0.0,0.0,0.0
2019-10-16,192.86000061035156,193.52999877929688,192.42999267578125,193.0399932861328,185.23707580566406,20457100,0.0,0.0,0.0
2019-10-17,194.1999969482422,194.5,192.80999755859375,193.5500030517578,185.72653198242188,19045200,0.0,0.0,0.0
2019-10-18,193.1999969482422,193.6699981689453,190.7100067138672,191.69000244140625,183.94168090820312,27700800,0.0,0.0,0.0
2019-10-21,192.7100067138672,193.52000427246094,192.13999938964844,193.38999938964844,185.57296752929688,15801200,0.0,0.0,0.0
2019-10-22,194.14999389648438,194.4199981689453,191.7899932861328,191.85000610351562,184.0952606201172,22392300,0.0,0.0,0.0
2019-10-23,191.4600067138672,192.25999450683594,191.14999389648438,192.22000122070312,184.45022583007812,14828400,0.0,0.0,0.0
2019-10-24,193.58999633789062,194.2100067138672,192.74000549316406,194.08999633789062,186.2446746826172,18998500,0.0,0.0,0.0
2019-10-25,193.08999633789062,195.74000549316406,193.0500030517578,195.63999938964844,187.73194885253906,21507100,0.0,0.0,0.0
2019-10-28,196.5500030517578,197.8300018310547,196.5500030517578,197.57000732421875,189.583984375,18818700,0.0,0.0,0.0
2019-10-29,197.24000549316406,197.5399932861328,196.00999450683594,196.0399932861328,188.1157989501953,18569700,0.0,0.0,0.0
2019-10-30,196.4199981689453,197.32000732421875,195.2899932861328,196.99000549316406,189.02743530273438,21764300,0.0,0.0,0.0
2019-10-31,197.55999755859375,197.64999389648438,195.94000244140625,197.0800018310547,189.11378479003906,26801800,0.0,0.0,0.0
2019-11-01,197.92999267578125,198.8800048828125,197.6300048828125,198.8699951171875,190.83143615722656,22131900,0.0,0.0,0.0
2019-11-04,200.19000244140625,200.52999877929688,198.8699951171875,200.10000610351562,192.01173400878906,19015900,0.0,0.0,0.0
2019-11-05,200.35000610351562,200.5500030517578,199.5500030517578,200.2100067138672,192.11729431152344,15048900,0.0,0.0,0.0
2019-11-06,199.97999572753906,200.0,198.7899932861328,199.75999450683594,191.6854705810547,19725500,0.0,0.0,0.0
2019-11-07,200.75999450683594,201.72000122070312,199.85000610351562,200.42999267578125,192.32839965820312,17832400,0.0,0.0,0.0
2019-11-08,200.07000732421875,201.25,199.5399932861328,201.22999572753906,193.09603881835938,15258800,0.0,0.0,0.0
2019-11-11,200.2100067138672,201.0399932861328,199.94000244140625,200.9600067138672,192.83697509765625,10147600,0.0,0.0,0.0
2019-11-12,201.1300048828125,202.2100067138672,200.82000732421875,201.5399932861328,193.39349365234375,14778300,0.0,0.0,0.0
2019-11-13,200.83999633789062,201.77999877929688,200.7100067138672,201.58999633789062,193.4414825439453,15774600,0.0,0.0,0.0
2019-11-14,200.8300018310547,201.55999755859375,200.22000122070312,201.42999267578125,193.28794860839844,16945400,0.0,0.0,0.0
2019-11-15,202.64999389648438,202.91000366210938,202.0,202.91000366210938,194.70819091796875,18427900,0.0,0.0,0.0
2019-11-18,202.58999633789062,203.38999938964844,201.77000427246094,203.07000732421875,194.86170959472656,18365900,0.0,0.0,0.0
2019-11-19,203.83999633789062,203.83999633789062,202.58999633789062,203.3699951171875,195.1495361328125,16923300,0.0,0.0,0.0
2019-11-20,202.83999633789062,203.4499969482422,200.6199951171875,202.14999389648438,193.97885131835938,36629000,0.0,0.0,0.0
2019-11-21,201.92999267578125,202.07000732421875,201.07000732421875,201.6999969482422,193.54702758789062,17883600,0.0,0.0,0.0
2019-11-22,202.1999969482422,202.32000732421875,200.74000549316406,201.8300018310547,193.6718292236328,17189600,0.0,0.0,0.0
2019-11-25,202.6999969482422,204.25999450683594,202.6699981689453,204.22000122070312,195.96519470214844,17752800,0.0,0.0,0.0
2019-11-26,204.35000610351562,204.8699951171875,204.0500030517578,204.61000061035156,196.33944702148438,14780600,0.0,0.0,0.0
2019-11-27,205.13999938964844,206.0500030517578,204.88999938964844,206.0399932861328,197.7116241455078,16963100,0.0,0.0,0.0
2019-11-29,205.52000427246094,205.8300018310547,205.0,205.10000610351562,196.8096160888672,9854600,0.0,0.0,0.0
2019-12-02,205.11000061035156,205.17999267578125,201.77999877929688,203.0,194.79452514648438,28007000,0.0,0.0,0.0
2019-12-03,200.2100067138672,201.49000549316406,199.22999572753906,201.41000366210938,193.268798828125,31104100,0.0,0.0,0.0
2019-12-04,202.44000244140625,202.91000366210938,202.13999938964844,202.42999267578125,194.24754333496094,15300100,0.0,0.0,0.0
2019-12-05,203.14999389648438,203.14999389648438,201.83999633789062,202.8300018310547,194.63134765625,14962300,0.0,0.0,0.0
2019-12-06,204.30999755859375,205.14999389648438,204.14999389648438,205.0,196.7136993408203,16555300,0.0,0.0,0.0
2019-12-09,204.6300048828125,205.58999633789062,203.97999572753906,204.07000732421875,195.82127380371094,13984100,0.0,0.0,0.0
2019-12-10,204.1699981689453,204.8800048828125,203.44000244140625,203.89999389648438,195.65809631347656,21799800,0.0,0.0,0.0
2019-12-11,204.36000061035156,205.19000244140625,204.0399932861328,204.97999572753906,196.69444274902344,18780800,0.0,0.0,0.0
2019-12-12,204.77000427246094,207.32000732421875,204.49000549316406,206.50999450683594,198.16261291503906,32612000,0.0,0.0,0.0
2019-12-13,206.39999389648438,207.91000366210938,205.9600067138672,207.19000244140625,198.8151397705078,32519400,0.0,0.0,0.0
2019-12-16,208.5500030517578,209.52999877929688,208.47999572753906,209.27000427246094,200.8110809326172,21296600,0.0,0.0,0.0
2019-12-17,209.5399932861328,209.7100067138672,209.0399932861328,209.38999938964844,200.92620849609375,15996100,0.0,0.0,0.0
2019-12-18,209.57000732421875,210.1300048828125,209.3300018310547,209.5500030517578,201.0797576904297,15443300,0.0,0.0,0.0
2019-12-19,209.63999938964844,210.92999267578125,209.6199951171875,210.86000061035156,202.33680725097656,17865900,0.0,0.0,0.0
2019-12-20,211.86000061035156,212.52000427246094,211.27000427246094,211.7100067138672,203.15245056152344,27672600,0.0,0.0,0.0
2019-12-23,212.0,212.14999389648438,211.6300048828125,211.80999755859375,203.68907165527344,23774700,0.458,0.0,0.0
2019-12-24,212.0,212.08999633789062,211.44000244140625,211.9199981689453,203.79481506347656,7089000,0.0,0.0,0.0
2019-12-26,212.25999450683594,213.80999755859375,212.22999572753906,213.7899932861328,205.5931396484375,17067500,0.0,0.0,0.0
2019-12-27,214.5399932861328,214.55999755859375,213.0399932861328,213.61000061035156,205.4200439453125,18134100,0.0,0.0,0.0
2019-12-30,213.5,213.6300048828125,211.16000366210938,212.2100067138672,204.07374572753906,21815500,0.0,0.0,0.0
2019-12-31,211.52999877929688,212.75999450683594,211.1999969482422,212.61000061035156,204.45838928222656,18170900,0.0,0.0,0.0
2020-01-02,214.39999389648438,216.16000366210938,213.97999572753906,216.16000366210938,207.87222290039062,30969400,0.0,0.0,0.0
2020-01-03,213.3000030517578,215.47000122070312,213.27999877929688,214.17999267578125,205.9681854248047,27518900,0.0,0.0,0.0
2020-01-06,212.5,215.58999633789062,212.24000549316406,215.55999755859375,207.29527282714844,21655300,0.0,0.0,0.0
2020-01-07,215.63999938964844,216.13999938964844,214.85000610351562,215.52999877929688,207.2664031982422,22139300,0.0,0.0,0.0
2020-01-08,215.5,218.13999938964844,215.16000366210938,217.14999389648438,208.82431030273438,26397300,0.0,0.0,0.0
2020-01-09,218.94000244140625,219.41000366210938,217.7100067138672,218.99000549316406,210.59378051757812,23547000,0.0,0.0,0.0
2020-01-10,219.85000610351562,219.8699951171875,218.0399932861328,218.42999267578125,210.05517578125,21898500,0.0,0.0,0.0
2020-01-13,219.3300018310547,220.97999572753906,218.97999572753906,220.9499969482422,212.47857666015625,22756900,0.0,0.0,0.0
2020-01-14,220.83999633789062,221.2100067138672,219.74000549316406,220.0800018310547,211.64199829101562,24418100,0.0,0.0,0.0
2020-01-15,220.1999969482422,221.1999969482422,219.4499969482422,220.1699981689453,211.7285614013672,25742100,0.0,0.0,0.0
2020-01-16,221.27000427246094,222.32000732421875,220.8000030517578,222.27999877929688,213.7576446533203,18805000,0.0,0.0,0.0
2020-01-17,223.27999877929688,223.55999755859375,222.1199951171875,223.3800048828125,214.81541442871094,24325200,0.0,0.0,0.0
2020-01-21,222.75999450683594,223.83999633789062,222.66000366210938,223.27999877929688,214.7192840576172,21146300,0.0,0.0,0.0
2020-01-22,224.41000366210938,225.14999389648438,223.58999633789062,223.8699951171875,215.2866668701172,20736400,0.0,0.0,0.0
2020-01-23,223.74000549316406,224.69000244140625,222.6999969482422,224.58999633789062,215.97901916503906,26496100,0.0,0.0,0.0
2020-01-24,225.63999938964844,225.8800048828125,221.6699981689453,222.6999969482422,214.1614990234375,37436500,0.0,0.0,0.0
2020-01-27,217.6699981689453,219.27999877929688,217.17999267578125,218.10000610351562,209.7378692626953,42264400,0.0,0.0,0.0
2020-01-28,219.63999938964844,221.9600067138672,219.05999755859375,221.4499969482422,212.9594268798828,26731900,0.0,0.0,0.0
2020-01-29,222.67999267578125,222.92999267578125,220.8300018310547,221.80999755859375,213.3056182861328,28924500,0.0,0.0,0.0
2020-01-30,220.3800048828125,222.6999969482422,219.69000244140625,222.60000610351562,214.06532287597656,39568100,0.0,0.0,0.0
2020-01-31,223.52999877929688,223.55999755859375,218.2899932861328,219.07000732421875,210.67068481445312,52015800,0.0,0.0,0.0
2020-02-03,220.13999938964844,222.88999938964844,219.99000549316406,222.3800048828125,213.85377502441406,25408600,0.0,0.0,0.0
2020-02-04,225.4199981689453,227.86000061035156,224.64999389648438,227.47000122070312,218.74862670898438,30691200,0.0,0.0,0.0
2020-02-05,230.2100067138672,230.25,226.85000610351562,228.22000122070312,219.46986389160156,38534800,0.0,0.0,0.0
2020-02-06,228.7899932861328,230.25,227.97999572753906,230.19000244140625,221.36428833007812,22467100,0.0,0.0,0.0
2020-02-07,229.16000366210938,230.44000244140625,228.5399932861328,229.1999969482422,220.41226196289062,25884900,0.0,0.0,0.0
2020-02-10,228.44000244140625,231.97999572753906,228.3800048828125,231.97000122070312,223.07608032226562,21478900,0.0,0.0,0.0
2020-02-11,233.25,234.02000427246094,231.39999389648438,232.00999450683594,223.1145477294922,30198000,0.0,0.0,0.0
2020-02-12,233.3800048828125,234.3800048828125,232.8000030517578,234.27000427246094,225.28793334960938,24471300,0.0,0.0,0.0
2020-02-13,232.63999938964844,234.92999267578125,232.36000061035156,233.97000122070312,224.99940490722656,22773200,0.0,0.0,0.0
2020-02-14,234.33999633789062,234.86000061035156,233.5500030517578,234.63999938964844,225.64370727539062,23438500,0.0,0.0,0.0
2020-02-18,233.5,235.1699981689453,233.25,234.72999572753906,225.7303009033203,24394500,0.0,0.0,0.0
2020-02-19,236.1300048828125,237.47000122070312,235.85000610351562,236.97999572753906,227.89401245117188,22230500,0.0,0.0,0.0
2020-02-20,236.4600067138672,236.9499969482422,231.8800048828125,234.77999877929688,225.7783660888672,42604000,0.0,0.0,0.0
2020-02-21,233.61000061035156,234.00999450683594,229.32000732421875,230.27000427246094,221.44126892089844,66017200,0.0,0.0,0.0
2020-02-24,221.67999267578125,224.25,220.25999450683594,221.38999938964844,212.90174865722656,84522600,0.0,0.0,0.0
2020-02-25,223.25,223.99000549316406,214.74000549316406,215.3699951171875,207.11248779296875,97743000,0.0,0.0,0.0
2020-02-26,216.7100067138672,220.27999877929688,214.89999389648438,216.47999572753906,208.18002319335938,79537700,0.0,0.0,0.0
2020-02-27,210.89999389648438,216.4199981689453,205.5,205.63999938964844,197.755615234375,121822600,0.0,0.0,0.0
2020-02-28,198.63999938964844,207.1699981689453,198.1699981689453,205.8000030517578,197.90945434570312,148173700,0.0,0.0,0.0
2020-03-02,208.8800048828125,216.57000732421875,205.94000244140625,216.4199981689453,208.12229919433594,112933900,0.0,0.0,0.0
2020-03-03,217.11000061035156,219.61000061035156,207.6199951171875,209.47999572753906,201.44834899902344,131953500,0.0,0.0,0.0
2020-03-04,213.32000732421875,218.3300018310547,211.3699951171875,218.22000122070312,209.85328674316406,73086200,0.0,0.0,0.0
2020-03-05,212.69000244140625,216.36000061035156,210.10000610351562,211.58999633789062,203.47747802734375,78705500,0.0,0.0,0.0
2020-03-06,204.6699981689453,209.14999389648438,202.91000366210938,208.02000427246094,200.04437255859375,89828400,0.0,0.0,0.0
2020-03-09,193.47999572753906,201.16000366210938,192.11000061035156,193.57000732421875,186.1483917236328,116424000,0.0,0.0,0.0
2020-03-10,201.11000061035156,204.3000030517578,193.67999267578125,204.11000061035156,196.28424072265625,100599200,0.0,0.0,0.0
2020-03-11,199.35000610351562,200.75,192.72999572753906,195.22000122070312,187.73513793945312,89168800,0.0,0.0,0.0
2020-03-12,182.08999633789062,190.77999877929688,176.94000244140625,177.32000732421875,170.52142333984375,137820700,0.0,0.0,0.0
2020-03-13,187.07000732421875,194.47999572753906,178.1300048828125,192.33999633789062,184.9654998779297,134882000,0.0,0.0,0.0
2020-03-16,174.14999389648438,184.67999267578125,169.16000366210938,169.3000030517578,162.80889892578125,92054400,0.0,0.0,0.0
2020-03-17,175.47000122070312,184.38999938964844,169.77999877929688,182.13999938964844,175.15660095214844,121257100,0.0,0.0,0.0
2020-03-18,171.61000061035156,179.22000122070312,166.8000030517578,176.60000610351562,169.82899475097656,114156300,0.0,0.0,0.0
2020-03-19,175.69000244140625,183.49000549316406,171.6300048828125,177.66000366210938,170.84835815429688,120896500,0.0,0.0,0.0
2020-03-20,181.74000549316406,182.8699951171875,170.10000610351562,170.6999969482422,164.15521240234375,118983900,0.0,0.0,0.0
2020-03-23,170.9199981689453,174.2100067138672,164.92999267578125,170.4600067138672,164.27377319335938,124639800,0.363,0.0,0.0
2020-03-24,179.91000366210938,183.8300018310547,177.9499969482422,183.66000366210938,176.9947509765625,94881800,0.0,0.0,0.0
2020-03-25,184.4199981689453,189.50999450683594,179.97999572753906,182.3000030517578,175.68408203125,88754900,0.0,0.0,0.0
2020-03-26,183.8699951171875,192.72000122070312,183.61000061035156,191.89999389648438,184.93563842773438,79887600,0.0,0.0,0.0
2020-03-27,186.92999267578125,190.50999450683594,184.66000366210938,185.3000030517578,178.5751953125,58845000,0.0,0.0,0.0
2020-03-30,187.05999755859375,192.49000549316406,186.33999633789062,192.0399932861328,185.0706024169922,49356900,0.0,0.0,0.0
2020-03-31,191.72000122070312,195.25,189.1999969482422,190.39999389648438,183.49008178710938,62659300,0.0,0.0,0.0
2020-04-01,184.77000427246094,187.66000366210938,180.86000061035156,182.30999755859375,175.69371032714844,53715400,0.0,0.0,0.0
2020-04-02,181.24000549316406,190.10000610351562,180.97000122070312,186.00999450683594,179.25946044921875,56465300,0.0,0.0,0.0
2020-04-03,185.5500030517578,187.07000732421875,181.2899932861328,183.3699951171875,176.71524047851562,47487600,0.0,0.0,0.0
2020-04-06,190.47999572753906,197.64999389648438,189.19000244140625,196.47999572753906,189.3494415283203,64763500,0.0,0.0,0.0
2020-04-07,202.3699951171875,202.66000366210938,196.0,196.39999389648438,189.2723846435547,69904500,0.0,0.0,0.0
2020-04-08,198.14999389648438,201.1699981689453,196.1699981689453,200.57000732421875,193.29103088378906,45940400,0.0,0.0,0.0
2020-04-09,202.35000610351562,203.22000122070312,199.02999877929688,200.86000061035156,193.57044982910156,68252600,0.0,0.0,0.0
2020-04-13,200.0,203.4199981689453,198.75,203.02999877929688,195.66172790527344,42853900,0.0,0.0,0.0
2020-04-14,207.22999572753906,212.5,206.4199981689453,211.86000061035156,204.1713104248047,63959600,0.0,0.0,0.0
2020-04-15,208.47999572753906,211.8300018310547,207.1199951171875,209.42999267578125,201.82948303222656,47036000,0.0,0.0,0.0
2020-04-16,211.69000244140625,214.3699951171875,209.69000244140625,213.25,205.51084899902344,64657400,0.0,0.0,0.0
2020-04-17,216.1699981689453,216.50999450683594,212.0800018310547,215.2899932861328,207.47682189941406,62863200,0.0,0.0,0.0
2020-04-20,213.36000061035156,215.8800048828125,212.57000732421875,212.74000549316406,205.01934814453125,38249100,0.0,0.0,0.0
2020-04-21,210.60000610351562,211.16000366210938,203.6300048828125,204.88999938964844,197.45423889160156,72932800,0.0,0.0,0.0
2020-04-22,209.10000610351562,212.35000610351562,208.3300018310547,210.97000122070312,203.31362915039062,40089100,0.0,0.0,0.0
2020-04-23,211.7899932861328,214.44000244140625,210.10000610351562,210.52000427246094,202.8799591064453,43278500,0.0,0.0,0.0
2020-04-24,210.97000122070312,214.3000030517578,209.5,213.83999633789062,206.07943725585938,34231900,0.0,0.0,0.0
2020-04-27,216.19000244140625,216.6300048828125,214.5,215.55999755859375,207.7370147705078,36451700,0.0,0.0,0.0
2020-04-28,217.32000732421875,217.32000732421875,211.2100067138672,211.5,203.8243408203125,46862800,0.0,0.0,0.0
2020-04-29,216.19000244140625,219.97000122070312,215.13999938964844,219.0,211.0522003173828,48716400,0.0,0.0,0.0
2020-04-30,219.9499969482422,220.0399932861328,217.35000610351562,218.91000366210938,210.96546936035156,43359500,0.0,0.0,0.0
2020-05-01,214.5,216.6699981689453,211.67999267578125,212.74000549316406,205.01934814453125,48795000,0.0,0.0,0.0
2020-05-04,211.4600067138672,215.4499969482422,211.1199951171875,215.22000122070312,207.4093780517578,32841000,0.0,0.0,0.0
2020-05-05,217.44000244140625,220.13999938964844,216.85000610351562,217.66000366210938,209.7607879638672,37783100,0.0,0.0,0.0
2020-05-06,219.39999389648438,221.0399932861328,218.11000061035156,219.0,211.0522003173828,36455200,0.0,0.0,0.0
2020-05-07,221.82000732421875,222.72999572753906,220.4199981689453,221.82000732421875,213.76983642578125,38624800,0.0,0.0,0.0
2020-05-08,223.5500030517578,225.0,222.47999572753906,224.86000061035156,216.6995086669922,31852300,0.0,0.0,0.0
2020-05-11,223.49000549316406,227.92999267578125,223.25,226.8699951171875,218.63656616210938,35714100,0.0,0.0,0.0
2020-05-12,227.49000549316406,228.10000610351562,222.08999633789062,222.1199951171875,214.05889892578125,41054100,0.0,0.0,0.0
2020-05-13,222.66000366210938,224.61000061035156,216.7100067138672,219.33999633789062,211.3798065185547,65521200,0.0,0.0,0.0
2020-05-14,217.97000122070312,221.8699951171875,215.99000549316406,221.8300018310547,213.77947998046875,51549300,0.0,0.0,0.0
2020-05-15,218.77999877929688,223.3300018310547,218.3300018310547,223.27000427246094,215.16720581054688,55747200,0.0,0.0,0.0
2020-05-18,226.27999877929688,228.67999267578125,225.47000122070312,227.42999267578125,219.17625427246094,42398100,0.0,0.0,0.0
2020-05-19,227.6999969482422,229.85000610351562,226.7100067138672,226.86000061035156,218.62693786621094,36237300,0.0,0.0,0.0
2020-05-20,229.5,231.75999450683594,229.47999572753906,231.38999938964844,222.99253845214844,37417000,0.0,0.0,0.0
2020-05-21,231.44000244140625,232.13999938964844,228.33999633789062,228.8699951171875,220.5640106201172,43642900,0.0,0.0,0.0
2020-05-22,228.4499969482422,229.8699951171875,227.5,229.66000366210938,221.3253631591797,28762400,0.0,0.0,0.0
2020-05-26,233.36000061035156,233.57000732421875,228.7899932861328,229.0399932861328,220.727783203125,33055300,0.0,0.0,0.0
2020-05-27,228.69000244140625,230.41000366210938,223.94000244140625,230.2899932861328,221.93246459960938,55665600,0.0,0.0,0.0
2020-05-28,229.11000061035156,233.47000122070312,229.0500030517578,229.99000549316406,221.64332580566406,42784300,0.0,0.0,0.0
2020-05-29,230.3800048828125,233.60000610351562,228.75999450683594,233.36000061035156,224.89105224609375,50691800,0.0,0.0,0.0
2020-06-01,232.4600067138672,234.4499969482422,232.0,234.05999755859375,225.5655975341797,25776000,0.0,0.0,0.0
2020-06-02,234.5,235.69000244140625,232.00999450683594,235.6300048828125,227.07867431640625,33383400,0.0,0.0,0.0
2020-06-03,236.25999450683594,237.47000122070312,235.35000610351562,236.69000244140625,228.10015869140625,37228700,0.0,0.0,0.0
2020-06-04,236.3300018310547,237.7899932861328,233.67999267578125,235.02999877929688,226.5004425048828,38716100,0.0,0.0,0.0
2020-06-05,236.22000122070312,240.3000030517578,235.6300048828125,239.69000244140625,230.99131774902344,47365600,0.0,0.0,0.0
2020-06-08,239.5399932861328,241.67999267578125,237.91000366210938,241.5500030517578,232.78382873535156,32937300,0.0,0.0,0.0
2020-06-09,240.66000366210938,244.17999267578125,240.47000122070312,243.3000030517578,234.4702911376953,35046300,0.0,0.0,0.0
2020-06-10,245.0500030517578,247.82000732421875,244.50999450683594,246.22000122070312,237.2843475341797,58084400,0.0,0.0,0.0
2020-06-11,242.16000366210938,243.58999633789062,233.9600067138672,234.02000427246094,225.52708435058594,72919400,0.0,0.0,0.0
2020-06-12,239.08999633789062,240.39999389648438,231.74000549316406,235.8800048828125,227.319580078125,72034800,0.0,0.0,0.0
2020-06-15,232.44000244140625,239.4499969482422,231.47000122070312,238.75,230.08543395996094,45307400,0.0,0.0,0.0
2020-06-16,243.77999877929688,244.38999938964844,239.10000610351562,242.85000610351562,234.03662109375,48890100,0.0,0.0,0.0
2020-06-17,244.39999389648438,245.5,242.72999572753906,243.6199951171875,234.7786407470703,34749300,0.0,0.0,0.0
2020-06-18,243.2899932861328,244.52999877929688,242.49000549316406,244.27999877929688,235.4147186279297,30578600,0.0,0.0,0.0
2020-06-19,246.72999572753906,247.0,242.4499969482422,244.24000549316406,235.37619018554688,49422100,0.0,0.0,0.0
2020-06-22,243.67999267578125,246.8699951171875,243.3800048828125,246.74000549316406,238.19894409179688,24068700,0.424,0.0,0.0
2020-06-23,248.38999938964844,251.14999389648438,247.82000732421875,248.83999633789062,240.22628784179688,32767400,0.0,0.0,0.0
2020-06-24,248.05999755859375,249.3300018310547,242.16000366210938,243.7100067138672,235.2738494873047,46032400,0.0,0.0,0.0
2020-06-25,243.8000030517578,246.33999633789062,241.13999938964844,246.02999877929688,237.51353454589844,36940800,0.0,0.0,0.0
2020-06-26,245.77999877929688,245.9600067138672,239.67999267578125,240.22000122070312,231.9046630859375,52824600,0.0,0.0,0.0
2020-06-29,239.97000122070312,242.85000610351562,237.35000610351562,242.83999633789062,234.43397521972656,34377800,0.0,0.0,0.0
2020-06-30,242.77000427246094,248.16000366210938,242.5800018310547,247.60000610351562,239.02919006347656,38909200,0.0,0.0,0.0
2020-07-01,247.63999938964844,251.52000427246094,247.0800018310547,250.49000549316406,241.8191680908203,34689200,0.0,0.0,0.0
2020-07-02,253.02000427246094,254.27000427246094,251.7100067138672,252.19000244140625,243.46034240722656,31956500,0.0,0.0,0.0
2020-07-06,255.4499969482422,258.92999267578125,255.42999267578125,258.3900146484375,249.4457244873047,34589000,0.0,0.0,0.0
2020-07-07,258.1300048828125,260.8800048828125,256.29998779296875,256.6099853515625,247.7273406982422,36578200,0.0,0.0,0.0
2020-07-08,257.9800109863281,260.0199890136719,256.5,259.989990234375,250.99032592773438,30426300,0.0,0.0,0.0
2020-07-09,261.9700012207031,262.8699951171875,257.6300048828125,262.17999267578125,253.10440063476562,40312900,0.0,0.0,0.0
2020-07-10,262.0299987792969,264.2300109863281,259.260009765625,263.9700012207031,254.83258056640625,32885300,0.0,0.0,0.0
2020-07-13,266.9100036621094,269.7900085449219,257.69000244140625,258.5400085449219,249.59051513671875,64108100,0.0,0.0,0.0
2020-07-14,255.92999267578125,260.7900085449219,252.75999450683594,260.3699951171875,251.35708618164062,72230500,0.0,0.0,0.0
2020-07-15,261.8299865722656,262.69000244140625,257.489990234375,260.8999938964844,251.8687286376953,54523900,0.0,0.0,0.0
2020-07-16,258.0199890136719,259.7799987792969,255.6199951171875,259.1199951171875,250.150390625,47594100,0.0,0.0,0.0
2020-07-17,259.5899963378906,260.30999755859375,257.1700134277344,259.4200134277344,250.44007873535156,35137900,0.0,0.0,0.0
2020-07-20,260.0799865722656,267.42999267578125,258.7900085449219,266.7799987792969,257.5452880859375,40610100,0.0,0.0,0.0
2020-07-21,268.3999938964844,268.4100036621094,263.1300048828125,264.0,254.8614501953125,43243800,0.0,0.0,0.0
2020-07-22,264.510009765625,265.8900146484375,262.54998779296875,264.92999267578125,255.7593536376953,29865500,0.0,0.0,0.0
2020-07-23,264.510009765625,265.239990234375,256.54998779296875,258.010009765625,249.07882690429688,51363500,0.0,0.0,0.0
2020-07-24,254.0399932861328,256.92999267578125,251.32000732421875,255.55999755859375,246.7136688232422,54054500,0.0,0.0,0.0
2020-07-27,257.260009765625,260.5199890136719,256.45001220703125,260.1199951171875,251.1157684326172,36445700,0.0,0.0,0.0
2020-07-28,259.30999755859375,259.8500061035156,256.510009765625,256.80999755859375,247.92037963867188,31302400,0.0,0.0,0.0
2020-07-29,258.3999938964844,260.6600036621094,257.9100036621094,259.7699890136719,250.77793884277344,27556900,0.0,0.0,0.0
2020-07-30,257.739990234375,261.7099914550781,256.54998779296875,261.1300048828125,252.09091186523438,41774500,0.0,0.0,0.0
2020-07-31,265.9100036621094,265.95001220703125,260.8500061035156,265.7900085449219,256.58953857421875,53686300,0.0,0.0,0.0
2020-08-03,268.0,270.1499938964844,267.8699951171875,269.3800048828125,260.05523681640625,32081600,0.0,0.0,0.0
2020-08-04,268.8599853515625,270.4800109863281,268.0899963378906,270.3800048828125,261.0206604003906,24911300,0.0,0.0,0.0
2020-08-05,270.8800048828125,271.5199890136719,269.9599914550781,271.04998779296875,261.6674499511719,21612100,0.0,0.0,0.0
2020-08-06,270.8500061035156,274.9800109863281,270.19000244140625,274.6400146484375,265.1332702636719,28048200,0.0,0.0,0.0
2020-08-07,274.0799865722656,274.8800048828125,269.25,271.4700012207031,262.07293701171875,44969400,0.0,0.0,0.0
2020-08-10,271.7699890136719,271.9800109863281,266.6700134277344,270.30999755859375,260.95306396484375,35088400,0.0,0.0,0.0
2020-08-11,269.1099853515625,270.44000244140625,264.6300048828125,265.19000244140625,256.01031494140625,43104300,0.0,0.0,0.0
2020-08-12,267.4200134277344,272.8399963378906,267.3699951171875,271.8599853515625,262.44940185546875,38773400,0.0,0.0,0.0
2020-08-13,272.6600036621094,274.8299865722656,271.510009765625,272.4800109863281,263.04791259765625,31895700,0.0,0.0,0.0
2020-08-14,273.1199951171875,273.3999938964844,270.7200012207031,272.1600036621094,262.7390441894531,30799500,0.0,0.0,0.0
2020-08-17,273.92999267578125,275.8399963378906,272.20001220703125,275.32000732421875,265.78973388671875,24803000,0.0,0.0,0.0
2020-08-18,276.4200134277344,278.4599914550781,274.9100036621094,277.9700012207031,268.347900390625,23529500,0.0,0.0,0.0
2020-08-19,277.92999267578125,279.0199890136719,275.57000732421875,276.1000061035156,266.5426940917969,31999400,0.0,0.0,0.0
2020-08-20,275.2799987792969,280.42999267578125,274.8599853515625,279.92999267578125,270.24005126953125,27723400,0.0,0.0,0.0
2020-08-21,280.1300048828125,282.3399963378906,279.4599914550781,281.8699951171875,272.1128845214844,34748900,0.0,0.0,0.0
2020-08-24,285.25,286.0,281.2699890136719,283.6300048828125,273.81207275390625,36418500,0.0,0.0,0.0
2020-08-25,282.8299865722656,286.05999755859375,282.3699951171875,285.8599853515625,275.9647521972656,34866600,0.0,0.0,0.0
2020-08-26,287.1499938964844,292.2200012207031,285.8299865722656,291.9599914550781,281.85357666015625,42216700,0.0,0.0,0.0
2020-08-27,292.9700012207031,293.8500061035156,288.7099914550781,291.04998779296875,280.9751892089844,49482700,0.0,0.0,0.0
2020-08-28,292.3299865722656,293.17999267578125,290.92999267578125,292.5299987792969,282.4039611816406,28021000,0.0,0.0,0.0
2020-08-31,293.07000732421875,296.75,292.6199951171875,294.8800048828125,284.6726379394531,36321000,0.0,0.0,0.0
2020-09-01,297.6199951171875,300.0400085449219,295.7900085449219,299.9200134277344,289.5381164550781,36216200,0.0,0.0,0.0
2020-09-02,303.2799987792969,303.5,296.8900146484375,302.760009765625,292.27978515625,50836800,0.0,0.0,0.0
2020-09-03,298.1000061035156,298.6199951171875,284.4100036621094,287.4100036621094,277.46112060546875,110083300,0.0,0.0,0.0
2020-09-04,285.55999755859375,288.92999267578125,271.79998779296875,283.5799865722656,273.7637023925781,123959000,0.0,0.0,0.0
2020-09-08,272.2200012207031,278.2200012207031,269.6600036621094,269.95001220703125,260.6055603027344,99568600,0.0,0.0,0.0
2020-09-09,275.6400146484375,280.04998779296875,273.0,277.8800048828125,268.2610778808594,64837900,0.0,0.0,0.0
2020-09-10,280.94000244140625,282.20001220703125,270.55999755859375,272.3399963378906,262.9127502441406,69667500,0.0,0.0,0.0
2020-09-11,274.1499938964844,275.2200012207031,266.8999938964844,270.45001220703125,261.08819580078125,71809000,0.0,0.0,0.0
2020-09-14,274.3599853515625,277.2200012207031,272.9599914550781,275.1600036621094,265.63519287109375,38525200,0.0,0.0,0.0
2020-09-15,279.0299987792969,280.45001220703125,275.1300048828125,279.05999755859375,269.40020751953125,41849900,0.0,0.0,0.0
2020-09-16,279.8800048828125,280.3599853515625,274.25,274.6099853515625,265.10418701171875,42321000,0.0,0.0,0.0
2020-09-17,267.54998779296875,274.3999938964844,266.67999267578125,270.32000732421875,260.9627380371094,81570800,0.0,0.0,0.0
2020-09-18,271.7900085449219,272.0899963378906,262.6300048828125,266.8699951171875,257.6321716308594,86251100,0.0,0.0,0.0
2020-09-21,262.4700012207031,267.6499938964844,260.1099853515625,267.510009765625,258.2499694824219,57168600,0.0,0.0,0.0
2020-09-22,269.989990234375,273.0799865722656,266.5400085449219,272.4800109863281,263.04791259765625,41128900,0.0,0.0,0.0
2020-09-23,272.1499938964844,272.3399963378906,263.25,264.1600036621094,255.01600646972656,48837300,0.0,0.0,0.0
2020-09-24,261.3900146484375,268.70001220703125,261.2200012207031,265.3900146484375,256.2033996582031,70631700,0.0,0.0,0.0
2020-09-25,265.9100036621094,272.3999938964844,264.29998779296875,271.55999755859375,262.1598205566406,55242400,0.0,0.0,0.0
2020-09-28,276.5799865722656,277.20001220703125,271.6700134277344,277.20001220703125,267.60455322265625,58438300,0.0,0.0,0.0
2020-09-29,276.6199951171875,277.7099914550781,275.3699951171875,275.95001220703125,266.3977966308594,27050000,0.0,0.0,0.0
2020-09-30,276.1499938964844,281.0899963378906,275.8699951171875,277.8399963378906,268.22235107421875,49380800,0.0,0.0,0.0
2020-10-01,281.7900085449219,282.8800048828125,279.8399963378906,282.25,272.47979736328125,50020200,0.0,0.0,0.0
2020-10-02,276.0199890136719,282.239990234375,273.44000244140625,274.30999755859375,264.8145751953125,75497400,0.0,0.0,0.0
2020-10-05,276.3399963378906,280.489990234375,276.2300109863281,280.1600036621094,270.46209716796875,28184600,0.0,0.0,0.0
2020-10-06,279.45001220703125,281.19000244140625,274.25,275.1600036621094,265.63519287109375,49704200,0.0,0.0,0.0
2020-10-07,277.8900146484375,280.739990234375,277.2799987792969,279.9200134277344,270.2304382324219,27539700,0.0,0.0,0.0
2020-10-08,282.3999938964844,282.4700012207031,280.30999755859375,281.4100036621094,271.66888427734375,25443300,0.0,0.0,0.0
2020-10-09,283.1099853515625,285.7900085449219,282.7099914550781,285.7099914550781,275.8200378417969,30201100,0.0,0.0,0.0
2020-10-12,290.54998779296875,297.4599914550781,289.4700012207031,294.5299987792969,284.3346862792969,79370700,0.0,0.0,0.0
2020-10-13,296.3900146484375,297.04998779296875,293.1099853515625,294.5199890136719,284.3250732421875,64240000,0.0,0.0,0.0
2020-10-14,295.3500061035156,296.3500061035156,290.260009765625,292.05999755859375,281.9501953125,36949100,0.0,0.0,0.0
2020-10-15,287.20001220703125,290.7099914550781,286.5400085449219,290.1000061035156,280.0579833984375,42514200,0.0,0.0,0.0
2020-10-16,291.79998779296875,293.2699890136719,288.1499938964844,288.510009765625,278.5230712890625,40570700,0.0,0.0,0.0
2020-10-19,290.489990234375,291.4800109863281,282.7900085449219,283.79998779296875,273.9761657714844,36756800,0.0,0.0,0.0
2020-10-20,284.55999755859375,287.6199951171875,282.95001220703125,284.4100036621094,274.56500244140625,32195400,0.0,0.0,0.0
2020-10-21,284.6700134277344,287.32000732421875,283.69000244140625,284.19000244140625,274.35260009765625,29306100,0.0,0.0,0.0
2020-10-22,285.04998779296875,285.9800109863281,280.82000732421875,284.17999267578125,274.3429260253906,32196200,0.0,0.0,0.0
2020-10-23,284.7699890136719,284.9100036621094,281.7799987792969,284.739990234375,274.883544921875,24658500,0.0,0.0,0.0
2020-10-26,282.3800048828125,285.29998779296875,276.760009765625,280.4700012207031,270.7613220214844,38421100,0.0,0.0,0.0
2020-10-27,281.5,283.510009765625,280.20001220703125,282.6600036621094,272.87548828125,30559100,0.0,0.0,0.0
2020-10-28,278.010009765625,278.6400146484375,271.3800048828125,271.6400146484375,262.2371826171875,53413500,0.0,0.0,0.0
2020-10-29,273.0,279.489990234375,272.5199890136719,276.3900146484375,266.8226623535156,43246300,0.0,0.0,0.0
2020-10-30,274.3399963378906,275.239990234375,267.07000732421875,269.3800048828125,260.05523681640625,65838300,0.0,0.0,0.0
2020-11-02,271.8500061035156,273.5199890136719,266.9700012207031,269.9800109863281,260.6344909667969,39987400,0.0,0.0,0.0
2020-11-03,271.9599914550781,276.82000732421875,270.8399963378906,274.6499938964844,265.14288330078125,43604100,0.0,0.0,0.0
2020-11-04,283.5899963378906,288.7699890136719,281.8699951171875,286.9100036621094,276.9784851074219,75728200,0.0,0.0,0.0
2020-11-05,293.5299987792969,295.3900146484375,292.0,294.3900146484375,284.1996154785156,52054200,0.0,0.0,0.0
2020-11-06,293.7099914550781,295.3599853515625,289.8299865722656,294.6099853515625,284.4119567871094,40959800,0.0,0.0,0.0
2020-11-09,297.6499938964844,299.1400146484375,288.1199951171875,288.5899963378906,278.6003112792969,86537100,0.0,0.0,0.0
2020-11-10,285.1700134277344,286.6600036621094,280.6199951171875,283.4200134277344,273.6092834472656,69024900,0.0,0.0,0.0
2020-11-11,286.0299987792969,290.25,283.3800048828125,289.760009765625,279.7298889160156,36102900,0.0,0.0,0.0
2020-11-12,290.760009765625,292.07000732421875,287.25,288.3999938964844,278.41693115234375,34414600,0.0,0.0,0.0
2020-11-13,290.1700134277344,291.57000732421875,287.8699951171875,290.92999267578125,280.8593444824219,24806900,0.0,0.0,0.0
2020-11-16,290.6199951171875,293.510009765625,289.989990234375,293.20001220703125,283.0506896972656,30168400,0.0,0.0,0.0
2020-11-17,293.3999938964844,293.739990234375,291.6099853515625,292.2699890136719,282.1529235839844,21843500,0.0,0.0,0.0
2020-11-18,291.70001220703125,293.3699951171875,290.0199890136719,290.1099853515625,280.0676574707031,28069600,0.0,0.0,0.0
2020-11-19,289.5400085449219,292.70001220703125,288.8500061035156,292.3800048828125,282.2591247558594,22718400,0.0,0.0,0.0
2020-11-20,292.29998779296875,293.07000732421875,290.2900085449219,290.3800048828125,280.32830810546875,25907300,0.0,0.0,0.0
2020-11-23,291.4100036621094,292.75,288.07000732421875,290.3900146484375,280.3380126953125,26875600,0.0,0.0,0.0
2020-11-24,291.489990234375,294.9800109863281,289.6300048828125,294.4700012207031,284.27679443359375,24516800,0.0,0.0,0.0
2020-11-25,295.57000732421875,296.94000244140625,294.5899963378906,296.2799987792969,286.02410888671875,23326800,0.0,0.0,0.0
2020-11-27,298.30999755859375,300.1700134277344,297.8999938964844,299.010009765625,288.65960693359375,17163100,0.0,0.0,0.0
2020-11-30,299.3399963378906,299.9700012207031,294.7799987792969,299.6199951171875,289.2485046386719,27836200,0.0,0.0,0.0
2020-12-01,301.9700012207031,305.1400146484375,300.8299865722656,303.4599914550781,292.9555969238281,27521300,0.0,0.0,0.0
2020-12-02,302.25,304.20001220703125,300.3500061035156,303.8500061035156,293.3320617675781,23620000,0.0,0.0,0.0
2020-12-03,304.1700134277344,305.8800048828125,303.5299987792969,304.2799987792969,293.7471923828125,22828700,0.0,0.0,0.0
2020-12-04,304.3299865722656,305.6700134277344,303.6300048828125,305.5199890136719,294.9442443847656,19332100,0.0,0.0,0.0
2020-12-07,305.7099914550781,307.6300048828125,305.5199890136719,307.25,296.61444091796875,20851000,0.0,0.0,0.0
2020-12-08,306.760009765625,308.6000061035156,304.95001220703125,308.2900085449219,297.6183776855469,18341500,0.0,0.0,0.0
2020-12-09,308.07000732421875,308.3599853515625,300.2099914550781,301.30999755859375,290.8799743652344,48839300,0.0,0.0,0.0
2020-12-10,299.2099914550781,303.67999267578125,298.0899963378906,302.5199890136719,292.0481262207031,27519500,0.0,0.0,0.0
2020-12-11,300.80999755859375,301.9800109863281,298.4700012207031,301.8500061035156,291.40130615234375,26760400,0.0,0.0,0.0
2020-12-14,303.0799865722656,306.04998779296875,303.010009765625,304.0400085449219,293.5155029296875,28804800,0.0,0.0,0.0
2020-12-15,306.3699951171875,307.2900085449219,304.1099853515625,307.2900085449219,296.6529846191406,25709000,0.0,0.0,0.0
2020-12-16,307.70001220703125,309.7900085449219,306.6199951171875,308.9800109863281,298.2845764160156,25461900,0.0,0.0,0.0
2020-12-17,310.6300048828125,311.239990234375,309.3900146484375,311.0,300.234619140625,23730500,0.0,0.0,0.0
2020-12-18,311.6600036621094,311.9800109863281,307.6099853515625,310.05999755859375,299.3270568847656,41173400,0.0,0.0,0.0
2020-12-21,306.4599914550781,309.4700012207031,303.6000061035156,308.9200134277344,298.76715087890625,37095500,0.561,0.0,0.0
2020-12-22,309.8500061035156,310.7099914550781,306.8500061035156,309.760009765625,299.5794982910156,26176300,0.0,0.0,0.0
2020-12-23,309.80999755859375,310.17999267578125,308.0400085449219,308.20001220703125,298.07086181640625,21201300,0.0,0.0,0.0
2020-12-24,308.4700012207031,310.0199890136719,308.3900146484375,309.55999755859375,299.3861083984375,16785000,0.0,0.0,0.0
2020-12-28,312.25,313.1700134277344,310.3599853515625,312.67999267578125,302.403564453125,22497700,0.0,0.0,0.0
2020-12-29,314.04998779296875,314.69000244140625,312.0299987792969,312.9599914550781,302.6744079589844,25871900,0.0,0.0,0.0
2020-12-30,314.1600036621094,314.489990234375,312.3299865722656,312.9700012207031,302.68402099609375,18138100,0.0,0.0,0.0
2020-12-31,312.8699951171875,314.239990234375,311.760009765625,313.739990234375,303.4288024902344,21611400,0.0,0.0,0.0
2021-01-04,315.1099853515625,315.2900085449219,305.17999267578125,309.30999755859375,299.1443176269531,45305900,0.0,0.0,0.0
2021-01-05,308.2900085449219,312.1400146484375,308.2900085449219,311.8599853515625,301.61053466796875,29323400,0.0,0.0,0.0
2021-01-06,307.0,311.8800048828125,305.9800109863281,307.5400085449219,297.43255615234375,52809600,0.0,0.0,0.0
2021-01-07,310.2799987792969,315.8399963378906,310.25,314.9800109863281,304.6280212402344,30394800,0.0,0.0,0.0
2021-01-08,317.3399963378906,319.3900146484375,315.0799865722656,319.0299987792969,308.5448303222656,33955800,0.0,0.0,0.0
2021-01-11,315.9800109863281,317.19000244140625,313.75,314.4200134277344,304.08636474609375,32746400,0.0,0.0,0.0
2021-01-12,314.4599914550781,315.5799865722656,311.20001220703125,313.9200134277344,303.6027526855469,29266800,0.0,0.0,0.0
2021-01-13,314.19000244140625,316.8599853515625,313.57000732421875,316.0400085449219,305.65313720703125,22898400,0.0,0.0,0.0
2021-01-14,316.5,317.5299987792969,313.8599853515625,314.3500061035156,304.0186767578125,23500100,0.0,0.0,0.0
2021-01-15,314.1300048828125,315.1199951171875,310.5799865722656,311.8599853515625,301.61053466796875,35118700,0.0,0.0,0.0
2021-01-19,314.25,316.92999267578125,313.1199951171875,316.4100036621094,306.010986328125,24537000,0.0,0.0,0.0
2021-01-20,320.1400146484375,324.739990234375,316.510009765625,323.7699890136719,313.1290588378906,30728100,0.0,0.0,0.0
2021-01-21,325.1499938964844,327.1300048828125,323.7300109863281,326.3599853515625,315.6339111328125,25130600,0.0,0.0,0.0
2021-01-22,325.2900085449219,326.4599914550781,324.7099914550781,325.4200134277344,314.7248840332031,21609400,0.0,0.0,0.0
2021-01-25,328.9100036621094,330.32000732421875,321.4100036621094,328.1099853515625,317.326416015625,39080600,0.0,0.0,0.0
2021-01-26,328.8500061035156,329.760009765625,327.2200012207031,328.5899963378906,317.7906188964844,25498100,0.0,0.0,0.0
2021-01-27,326.260009765625,326.2699890136719,317.3599853515625,319.42999267578125,308.9316711425781,55264000,0.0,0.0,0.0
2021-01-28,320.6700134277344,326.4200134277344,320.0299987792969,321.32000732421875,310.7596435546875,42836300,0.0,0.0,0.0
2021-01-29,319.5799865722656,320.7200012207031,312.760009765625,314.55999755859375,304.2217712402344,55259000,0.0,0.0,0.0
2021-02-01,318.1099853515625,323.5400085449219,316.0199890136719,322.4200134277344,311.8234558105469,35646000,0.0,0.0,0.0
2021-02-02,325.4800109863281,328.8699951171875,325.30999755859375,327.67999267578125,316.91058349609375,33930800,0.0,0.0,0.0
2021-02-03,329.82000732421875,330.20001220703125,326.32000732421875,326.3800048828125,315.6533508300781,24824500,0.0,0.0,0.0
2021-02-04,327.82000732421875,330.3299865722656,326.4599914550781,330.239990234375,319.3863525390625,22350900,0.0,0.0,0.0
2021-02-05,331.2200012207031,332.3999938964844,329.5299987792969,331.3599853515625,320.4696350097656,22732000,0.0,0.0,0.0
2021-02-08,333.1000061035156,333.739990234375,331.4100036621094,333.5799865722656,322.6166076660156,20462800,0.0,0.0,0.0
2021-02-09,332.6199951171875,334.80999755859375,332.6099853515625,333.510009765625,322.54901123046875,17597500,0.0,0.0,0.0
2021-02-10,334.989990234375,335.4599914550781,329.5,332.75,321.81396484375,28068700,0.0,0.0,0.0
2021-02-11,334.3299865722656,335.0,332.1199951171875,334.5799865722656,323.58380126953125,22046100,0.0,0.0,0.0
2021-02-12,333.7099914550781,336.6199951171875,332.6300048828125,336.45001220703125,325.392333984375,20346800,0.0,0.0,0.0
2021-02-16,337.2699890136719,338.19000244140625,334.3399963378906,335.5400085449219,324.51226806640625,27080800,0.0,0.0,0.0
2021-02-17,332.4700012207031,335.6600036621094,330.1700134277344,333.92999267578125,322.9551696777344,31360300,0.0,0.0,0.0
2021-02-18,330.2300109863281,333.8699951171875,328.3599853515625,332.4700012207031,321.5431823730469,32236200,0.0,0.0,0.0
2021-02-19,333.8599853515625,333.989990234375,329.9700012207031,331.0199890136719,320.1407470703125,39157700,0.0,0.0,0.0
2021-02-22,326.5,327.79998779296875,322.2300109863281,322.44000244140625,311.8428039550781,47256900,0.0,0.0,0.0
2021-02-23,317.0,323.20001220703125,311.0,321.4800109863281,310.91436767578125,97241900,0.0,0.0,0.0
2021-02-24,318.739990234375,324.45001220703125,315.9599914550781,324.1300048828125,313.477294921875,58206300,0.0,0.0,0.0
2021-02-25,321.3900146484375,324.0299987792969,311.239990234375,312.8299865722656,302.5485534667969,110182600,0.0,0.0,0.0
2021-02-26,315.8500061035156,319.1099853515625,310.8800048828125,314.1400146484375,303.8156433105469,104739800,0.0,0.0,0.0
2021-03-01,319.2699890136719,323.94000244140625,317.94000244140625,323.5899963378906,312.9549255371094,49164500,0.0,0.0,0.0
2021-03-02,324.25,324.3299865722656,318.1400146484375,318.3999938964844,307.935546875,48370000,0.0,0.0,0.0
2021-03-03,317.2699890136719,318.239990234375,309.1000061035156,309.1600036621094,298.999267578125,86301100,0.0,0.0,0.0
2021-03-04,308.7799987792969,312.0400085449219,300.1099853515625,304.1000061035156,294.10552978515625,139131600,0.0,0.0,0.0
2021-03-05,306.79998779296875,309.6099853515625,297.45001220703125,308.67999267578125,298.5350646972656,121523700,0.0,0.0,0.0
2021-03-08,308.1199951171875,310.05999755859375,299.510009765625,299.94000244140625,290.08221435546875,88409800,0.0,0.0,0.0
2021-03-09,307.4700012207031,313.7300109863281,306.9200134277344,311.7699890136719,301.5234680175781,80391100,0.0,0.0,0.0
2021-03-10,316.1600036621094,316.4700012207031,310.1700134277344,310.8800048828125,300.6626892089844,76798100,0.0,0.0,0.0
2021-03-11,315.7699890136719,319.8599853515625,314.8500061035156,318.0400085449219,307.58746337890625,53484800,0.0,0.0,0.0
2021-03-12,313.8599853515625,318.2300109863281,311.3900146484375,315.4599914550781,305.09222412109375,69315600,0.0,0.0,0.0
2021-03-15,315.7900085449219,319.0,314.1000061035156,318.8299865722656,308.35137939453125,42955700,0.0,0.0,0.0
2021-03-16,321.0899963378906,324.20001220703125,319.1000061035156,320.5799865722656,310.0439147949219,54925900,0.0,0.0,0.0
2021-03-17,317.45001220703125,323.8500061035156,315.67999267578125,321.8999938964844,311.32049560546875,78258700,0.0,0.0,0.0
2021-03-18,316.8699951171875,317.8800048828125,311.57000732421875,312.0400085449219,301.78460693359375,82718100,0.0,0.0,0.0
2021-03-19,311.8699951171875,314.7300109863281,309.6600036621094,313.1400146484375,302.8484802246094,78446200,0.0,0.0,0.0
2021-03-22,315.2099914550781,320.739990234375,315.2099914550781,318.6099853515625,308.52783203125,56194800,0.395,0.0,0.0
2021-03-23,319.7300109863281,321.0899963378906,316.3800048828125,317.2200012207031,307.18182373046875,53455400,0.0,0.0,0.0
2021-03-24,318.6300048828125,318.6700134277344,311.7200012207031,311.8699951171875,302.0010681152344,64803700,0.0,0.0,0.0
2021-03-25,309.9700012207031,312.8900146484375,307.3900146484375,311.3299865722656,301.47821044921875,78729000,0.0,0.0,0.0
2021-03-26,311.1099853515625,316.3299865722656,309.6700134277344,316.0,306.00042724609375,63519600,0.0,0.0,0.0
2021-03-29,315.45001220703125,316.989990234375,312.4700012207031,315.9100036621094,305.9132080078125,54608000,0.0,0.0,0.0
2021-03-30,313.8900146484375,314.9100036621094,311.5400085449219,314.32000732421875,304.37353515625,44635700,0.0,0.0,0.0
2021-03-31,316.1600036621094,320.739990234375,315.80999755859375,319.1300048828125,309.0314025878906,55032500,0.0,0.0,0.0
2021-04-01,323.07000732421875,324.7099914550781,322.80999755859375,324.57000732421875,314.2991943359375,55685600,0.0,0.0,0.0
2021-04-05,327.1300048828125,331.8399963378906,326.8800048828125,331.04998779296875,320.5741882324219,42172500,0.0,0.0,0.0
2021-04-06,330.7300109863281,332.8299865722656,330.0199890136719,330.82000732421875,320.3515930175781,33537200,0.0,0.0,0.0
2021-04-07,330.3299865722656,332.4800109863281,329.3699951171875,331.6199951171875,321.1261291503906,32046400,0.0,0.0,0.0
2021-04-08,334.55999755859375,335.2699890136719,333.739990234375,335.0799865722656,324.4766540527344,29940800,0.0,0.0,0.0
2021-04-09,333.67999267578125,337.32000732421875,332.9200134277344,337.1099853515625,326.4424133300781,36664900,0.0,0.0,0.0
2021-04-12,336.0400085449219,337.1000061035156,334.7300109863281,336.6700134277344,326.0163269042969,25833000,0.0,0.0,0.0
2021-04-13,338.239990234375,341.0799865722656,338.0199890136719,340.6000061035156,329.8219909667969,30374000,0.0,0.0,0.0
2021-04-14,340.8500061035156,340.9800109863281,335.6700134277344,336.510009765625,325.8614196777344,42564300,0.0,0.0,0.0
2021-04-15,339.4700012207031,342.010009765625,336.2200012207031,341.6099853515625,330.8000183105469,36342800,0.0,0.0,0.0
2021-04-16,342.1499938964844,342.2300109863281,340.0799865722656,342.010009765625,331.18743896484375,40860100,0.0,0.0,0.0
2021-04-19,340.3900146484375,341.5799865722656,336.8999938964844,338.8800048828125,328.1563720703125,34533100,0.0,0.0,0.0
2021-04-20,338.20001220703125,339.5199890136719,334.3800048828125,336.4100036621094,325.7646179199219,38081800,0.0,0.0,0.0
2021-04-21,335.0899963378906,339.4800109863281,333.9700012207031,339.2900085449219,328.55340576171875,36598100,0.0,0.0,0.0
2021-04-22,338.8900146484375,339.8999938964844,334.010009765625,335.20001220703125,324.5928039550781,45936100,0.0,0.0,0.0
2021-04-23,335.8500061035156,340.7699890136719,335.8500061035156,339.4200134277344,328.6793518066406,36381900,0.0,0.0,0.0
2021-04-26,339.6700134277344,341.9200134277344,338.8999938964844,341.6300048828125,330.8194580078125,30812000,0.0,0.0,0.0
2021-04-27,341.92999267578125,342.1499938964844,339.1700134277344,340.1499938964844,329.38623046875,33187200,0.0,0.0,0.0
2021-04-28,339.80999755859375,340.8500061035156,338.3299865722656,339.0,328.2726135253906,33615700,0.0,0.0,0.0
2021-04-29,342.3699951171875,342.79998779296875,336.8999938964844,340.2200012207031,329.4539794921875,37708900,0.0,0.0,0.0
2021-04-30,337.70001220703125,340.260009765625,337.04998779296875,337.989990234375,327.2945556640625,38263400,0.0,0.0,0.0
2021-05-03,339.2300109863281,340.0,335.7300109863281,336.19000244140625,325.5515441894531,29729700,0.0,0.0,0.0
2021-05-04,333.55999755859375,333.8900146484375,326.2099914550781,330.1400146484375,319.69305419921875,65147000,0.0,0.0,0.0
2021-05-05,332.25,333.1400146484375,328.2300109863281,329.0299987792969,318.6181640625,46219300,0.0,0.0,0.0
2021-05-06,328.760009765625,331.6700134277344,326.45001220703125,331.510009765625,321.01959228515625,46814300,0.0,0.0,0.0
2021-05-07,334.3699951171875,336.6499938964844,331.69000244140625,334.20001220703125,323.6244812011719,53324500,0.0,0.0,0.0
2021-05-10,332.7799987792969,332.9599914550781,325.54998779296875,325.760009765625,315.45159912109375,60700500,0.0,0.0,0.0
2021-05-11,319.70001220703125,326.1300048828125,319.0199890136719,325.30999755859375,315.0158386230469,71963600,0.0,0.0,0.0
2021-05-12,320.2300109863281,322.6199951171875,316.0,316.8900146484375,306.8623352050781,91164900,0.0,0.0,0.0
2021-05-13,319.9200134277344,322.3999938964844,316.8999938964844,319.3399963378906,309.2347412109375,69877800,0.0,0.0,0.0
2021-05-14,322.6000061035156,327.3299865722656,322.0799865722656,326.3900146484375,316.0616455078125,44370000,0.0,0.0,0.0
2021-05-17,324.6300048828125,326.3699951171875,321.45001220703125,324.4100036621094,314.14434814453125,39395000,0.0,0.0,0.0
2021-05-18,325.3900146484375,326.6499938964844,321.94000244140625,322.2200012207031,312.0236511230469,36528500,0.0,0.0,0.0
2021-05-19,316.6600036621094,322.8999938964844,316.29998779296875,322.5899963378906,312.3818664550781,66319100,0.0,0.0,0.0
2021-05-20,324.1199951171875,329.7099914550781,323.8900146484375,328.8299865722656,318.4244079589844,46466100,0.0,0.0,0.0
2021-05-21,330.42999267578125,330.8599853515625,326.6400146484375,327.010009765625,316.6620178222656,50330400,0.0,0.0,0.0
2021-05-24,329.3699951171875,333.6700134277344,326.8999938964844,332.510009765625,321.9879455566406,32475800,0.0,0.0,0.0
2021-05-25,334.07000732421875,334.80999755859375,331.760009765625,332.9700012207031,322.4334411621094,31280300,0.0,0.0,0.0
2021-05-26,333.6600036621094,334.6099853515625,332.95001220703125,334.1300048828125,323.5567626953125,25444900,0.0,0.0,0.0
2021-05-27,333.6700134277344,334.5400085449219,332.6700134277344,332.8800048828125,322.3463134765625,27931700,0.0,0.0,0.0
2021-05-28,334.1199951171875,335.57000732421875,333.6000061035156,333.92999267578125,323.3630676269531,29927400,0.0,0.0,0.0
2021-06-01,335.29998779296875,335.7900085449219,331.42999267578125,332.82000732421875,322.2880859375,31145400,0.0,0.0,0.0
2021-06-02,333.25,334.3399963378906,331.70001220703125,333.4700012207031,322.9176025390625,22047900,0.0,0.0,0.0
2021-06-03,330.54998779296875,331.8599853515625,328.2799987792969,330.0,319.55743408203125,37057800,0.0,0.0,0.0
2021-06-04,331.8500061035156,336.05999755859375,331.7799987792969,335.6000061035156,324.98016357421875,38736500,0.0,0.0,0.0
2021-06-07,335.04998779296875,336.6600036621094,334.3399963378906,336.6000061035156,325.9486083984375,32611900,0.0,0.0,0.0
2021-06-08,338.3999938964844,339.2900085449219,335.0299987792969,336.760009765625,326.1035461425781,27282800,0.0,0.0,0.0
2021-06-09,338.1700134277344,338.9700012207031,336.6499938964844,336.8399963378906,326.1809387207031,21485300,0.0,0.0,0.0
2021-06-10,337.19000244140625,340.4599914550781,336.7300109863281,340.3500061035156,329.5799255371094,33702100,0.0,0.0,0.0
2021-06-11,340.3599853515625,341.25,339.69000244140625,341.239990234375,330.44171142578125,21222800,0.0,0.0,0.0
2021-06-14,341.67999267578125,344.5199890136719,340.4599914550781,344.510009765625,333.6082763671875,27827700,0.0,0.0,0.0
2021-06-15,344.1499938964844,344.4700012207031,341.5199890136719,342.260009765625,331.429443359375,35963800,0.0,0.0,0.0
2021-06-16,342.739990234375,343.8399963378906,337.45001220703125,341.010009765625,330.218994140625,55399500,0.0,0.0,0.0
2021-06-17,339.9700012207031,346.3800048828125,339.9200134277344,345.3399963378906,334.41204833984375,59722700,0.0,0.0,0.0
2021-06-18,343.6300048828125,344.80999755859375,341.8599853515625,342.6300048828125,331.7877197265625,55414900,0.0,0.0,0.0
2021-06-21,342.42999267578125,344.69000244140625,340.1499938964844,344.3599853515625,333.8498229980469,32992600,0.397,0.0,0.0
2021-06-22,344.1499938964844,348.0299987792969,343.8399963378906,347.57000732421875,336.9618835449219,28941600,0.0,0.0,0.0
2021-06-23,347.510009765625,348.9200134277344,346.8800048828125,347.739990234375,337.1266174316406,27188500,0.0,0.0,0.0
2021-06-24,349.7300109863281,351.4599914550781,349.1700134277344,349.8900146484375,339.21099853515625,32581600,0.0,0.0,0.0
2021-06-25,350.4700012207031,350.7200012207031,348.8399963378906,349.4599914550781,338.794189453125,28682800,0.0,0.0,0.0
2021-06-28,350.7799987792969,353.8500061035156,350.7200012207031,353.7099914550781,342.91448974609375,39130300,0.0,0.0,0.0
2021-06-29,353.5299987792969,355.0199890136719,352.6700134277344,354.989990234375,344.1553955078125,29426000,0.0,0.0,0.0
2021-06-30,354.8299865722656,355.2300109863281,353.8299865722656,354.42999267578125,343.61248779296875,32724000,0.0,0.0,0.0
2021-07-01,354.07000732421875,355.0899963378906,352.67999267578125,354.57000732421875,343.7481994628906,29290000,0.0,0.0,0.0
2021-07-02,356.5199890136719,358.9700012207031,356.2799987792969,358.6400146484375,347.6940002441406,32727200,0.0,0.0,0.0
2021-07-06,359.260009765625,360.4800109863281,356.489990234375,360.19000244140625,349.1966247558594,38842400,0.0,0.0,0.0
2021-07-07,362.45001220703125,362.760009765625,358.94000244140625,360.95001220703125,349.93353271484375,35265200,0.0,0.0,0.0
2021-07-08,355.739990234375,359.6499938964844,354.4200134277344,358.7699890136719,347.8200378417969,50890000,0.0,0.0,0.0
2021-07-09,358.1700134277344,361.5,357.57000732421875,361.010009765625,349.9916687011719,35184500,0.0,0.0,0.0
2021-07-12,362.45001220703125,362.8900146484375,360.8299865722656,362.4200134277344,351.3586730957031,25717700,0.0,0.0,0.0
2021-07-13,362.0299987792969,365.4700012207031,361.5400085449219,362.4200134277344,351.3586730957031,39723000,0.0,0.0,0.0
2021-07-14,364.8299865722656,365.489990234375,362.2200012207031,363.07000732421875,351.9886779785156,35336400,0.0,0.0,0.0
2021-07-15,362.9800109863281,363.19000244140625,358.4599914550781,360.5199890136719,349.5166015625,53391600,0.0,0.0,0.0
2021-07-16,361.3999938964844,362.4100036621094,357.239990234375,357.6000061035156,346.685791015625,47262000,0.0,0.0,0.0
2021-07-19,354.04998779296875,355.17999267578125,352.0400085449219,354.6700134277344,343.84515380859375,64404600,0.0,0.0,0.0
2021-07-20,355.6300048828125,360.2799987792969,353.79998779296875,358.7900085449219,347.8394775390625,42183700,0.0,0.0,0.0
2021-07-21,358.3500061035156,361.55999755859375,358.1199951171875,361.55999755859375,350.5249328613281,30259900,0.0,0.0,0.0
2021-07-22,361.7699890136719,363.9599914550781,361.7699890136719,363.95001220703125,352.8419494628906,30252200,0.0,0.0,0.0
2021-07-23,365.30999755859375,368.489990234375,363.9200134277344,368.20001220703125,356.9622497558594,31960800,0.0,0.0,0.0
2021-07-26,367.489990234375,368.8900146484375,366.6000061035156,368.489990234375,357.24334716796875,28438100,0.0,0.0,0.0
2021-07-27,368.2200012207031,368.2200012207031,360.1600036621094,364.42999267578125,353.3072814941406,57933100,0.0,0.0,0.0
2021-07-28,365.6000061035156,367.45001220703125,363.239990234375,365.8299865722656,354.66448974609375,42066200,0.0,0.0,0.0
2021-07-29,365.25,367.67999267578125,365.25,366.4800109863281,355.29473876953125,25672500,0.0,0.0,0.0
2021-07-30,362.44000244140625,365.1700134277344,362.4100036621094,364.57000732421875,353.4429931640625,36484600,0.0,0.0,0.0
2021-08-02,366.2799987792969,366.8800048828125,363.8699951171875,364.6000061035156,353.47210693359375,27334100,0.0,0.0,0.0
2021-08-03,365.2799987792969,366.92999267578125,362.0,366.80999755859375,355.6146240234375,35558500,0.0,0.0,0.0
2021-08-04,366.7699890136719,368.32000732421875,365.6300048828125,367.3399963378906,356.1284484863281,29602200,0.0,0.0,0.0
2021-08-05,368.17999267578125,369.9100036621094,367.45001220703125,369.6700134277344,358.38739013671875,21443900,0.0,0.0,0.0
2021-08-06,368.3699951171875,369.3699951171875,366.9100036621094,368.04998779296875,356.81683349609375,33332100,0.0,0.0,0.0
2021-08-09,368.5199890136719,369.2699890136719,367.3900146484375,368.7300109863281,357.47607421875,25960200,0.0,0.0,0.0
2021-08-10,369.260009765625,369.55999755859375,365.6199951171875,366.8399963378906,355.6436462402344,35130800,0.0,0.0,0.0
2021-08-11,368.1400146484375,368.6499938964844,364.8399963378906,366.2099914550781,355.032958984375,34249800,0.0,0.0,0.0
2021-08-12,365.69000244140625,367.8999938964844,364.29998779296875,367.5299987792969,356.3126525878906,25969200,0.0,0.0,0.0
2021-08-13,367.8900146484375,369.1600036621094,367.3800048828125,368.82000732421875,357.5632629394531,19336200,0.0,0.0,0.0
2021-08-16,367.6700134277344,369.0199890136719,363.70001220703125,368.9800109863281,357.7184143066406,34856900,0.0,0.0,0.0
2021-08-17,366.1499938964844,367.1499938964844,363.2300109863281,365.7300109863281,354.567626953125,44793900,0.0,0.0,0.0
2021-08-18,365.17999267578125,366.6199951171875,361.8699951171875,362.2099914550781,351.155029296875,38541900,0.0,0.0,0.0
2021-08-19,360.2200012207031,365.67999267578125,359.9599914550781,363.9599914550781,352.8515930175781,48499400,0.0,0.0,0.0
2021-08-20,365.05999755859375,368.1400146484375,364.739990234375,367.7300109863281,356.506591796875,39486000,0.0,0.0,0.0
2021-08-23,368.79998779296875,373.94000244140625,368.7900085449219,373.2300109863281,361.8387451171875,34034700,0.0,0.0,0.0
2021-08-24,373.8399963378906,374.989990234375,373.3599853515625,374.3699951171875,362.94378662109375,21732900,0.0,0.0,0.0
2021-08-25,374.6300048828125,375.3900146484375,373.8599853515625,374.79998779296875,363.36077880859375,20441900,0.0,0.0,0.0
2021-08-26,373.9200134277344,374.6199951171875,371.9700012207031,372.4200134277344,361.0534362792969,29133300,0.0,0.0,0.0
2021-08-27,373.07000732421875,376.55999755859375,372.57000732421875,376.0400085449219,364.5628967285156,27104700,0.0,0.0,0.0
2021-08-30,376.8500061035156,380.760009765625,376.8299865722656,380.260009765625,368.6541748046875,27295700,0.0,0.0,0.0
2021-08-31,380.510009765625,380.5799865722656,378.3599853515625,379.95001220703125,368.353515625,29628200,0.0,0.0,0.0
2021-09-01,381.0400085449219,382.7099914550781,380.3699951171875,380.5799865722656,368.9643249511719,28138300,0.0,0.0,0.0
2021-09-02,381.9700012207031,382.30999755859375,379.1499938964844,380.3999938964844,368.78985595703125,25453400,0.0,0.0,0.0
2021-09-03,379.2200012207031,381.9800109863281,379.20001220703125,381.57000732421875,369.92413330078125,24605400,0.0,0.0,0.0
2021-09-07,381.67999267578125,382.7799987792969,380.489990234375,382.1099853515625,370.4476623535156,23970200,0.0,0.0,0.0
2021-09-08,381.92999267578125,381.92999267578125,378.45001220703125,380.7799987792969,369.15826416015625,32949200,0.0,0.0,0.0
2021-09-09,381.010009765625,382.1499938964844,379.2200012207031,379.4700012207031,367.8882141113281,29399000,0.0,0.0,0.0
2021-09-10,381.2300109863281,381.9700012207031,376.25,376.5899963378906,365.0960998535156,40249400,0.0,0.0,0.0
2021-09-13,378.989990234375,379.42999267578125,374.2200012207031,376.3299865722656,364.84405517578125,48741800,0.0,0.0,0.0
2021-09-14,377.8599853515625,378.6099853515625,374.2799987792969,375.260009765625,363.80670166015625,41826600,0.0,0.0,0.0
2021-09-15,375.7300109863281,378.4100036621094,373.3699951171875,378.04998779296875,366.51153564453125,34097900,0.0,0.0,0.0
2021-09-16,376.67999267578125,378.8999938964844,374.70001220703125,378.30999755859375,366.763671875,35193100,0.0,0.0,0.0
2021-09-17,377.82000732421875,377.8699951171875,372.760009765625,373.8299865722656,362.4203796386719,60912300,0.0,0.0,0.0
2021-09-20,367.4599914550781,369.25,360.92999267578125,365.70001220703125,354.93157958984375,76203200,0.414,0.0,0.0
2021-09-21,367.5799865722656,368.80999755859375,364.989990234375,366.1499938964844,355.3683166503906,41927500,0.0,0.0,0.0
2021-09-22,367.0899963378906,371.07000732421875,365.9599914550781,369.57000732421875,358.6876220703125,46972900,0.0,0.0,0.0
2021-09-23,370.760009765625,374.0400085449219,370.1000061035156,372.9800109863281,361.9972229003906,44652000,0.0,0.0,0.0
2021-09-24,370.6499938964844,373.760009765625,370.2699890136719,373.3299865722656,362.3369445800781,36056800,0.0,0.0,0.0
2021-09-27,370.20001220703125,371.25,367.7300109863281,370.3500061035156,359.4446105957031,43338100,0.0,0.0,0.0
2021-09-28,365.6700134277344,370.29998779296875,359.3500061035156,359.8699951171875,349.27325439453125,97701600,0.0,0.0,0.0
2021-09-29,361.1700134277344,363.3699951171875,358.6400146484375,359.2799987792969,348.7006530761719,58076600,0.0,0.0,0.0
2021-09-30,360.9700012207031,362.67999267578125,357.1000061035156,357.9599914550781,347.41949462890625,61384600,0.0,0.0,0.0
2021-10-01,358.6000061035156,361.25,354.3800048828125,360.17999267578125,349.5741271972656,56375500,0.0,0.0,0.0
2021-10-04,358.5199890136719,358.8599853515625,350.32000732421875,352.6199951171875,342.2367858886719,76766000,0.0,0.0,0.0
2021-10-05,353.7099914550781,359.69000244140625,353.4800109863281,357.3800048828125,346.8566589355469,47232900,0.0,0.0,0.0
2021-10-06,354.0799865722656,359.95001220703125,353.1499938964844,359.6700134277344,349.07916259765625,56806500,0.0,0.0,0.0
2021-10-07,362.79998779296875,365.69000244140625,362.25,362.9700012207031,352.2819519042969,39411200,0.0,0.0,0.0
2021-10-08,364.0799865722656,364.32000732421875,360.6099853515625,361.1600036621094,350.52532958984375,41822300,0.0,0.0,0.0
2021-10-11,359.5799865722656,363.20001220703125,358.29998779296875,358.3900146484375,347.83685302734375,34847200,0.0,0.0,0.0
2021-10-12,359.8800048828125,360.3299865722656,356.4800109863281,357.1400146484375,346.62371826171875,43905100,0.0,0.0,0.0
2021-10-13,359.510009765625,360.69000244140625,357.42999267578125,360.0,349.3993835449219,40120800,0.0,0.0,0.0
2021-10-14,363.69000244140625,366.8500061035156,363.010009765625,366.6300048828125,355.8341979980469,43433900,0.0,0.0,0.0
2021-10-15,367.8800048828125,369.05999755859375,366.82000732421875,368.94000244140625,358.076171875,40419900,0.0,0.0,0.0
2021-10-18,367.6099853515625,372.8699951171875,366.989990234375,372.6499938964844,361.6768493652344,34513500,0.0,0.0,0.0
2021-10-19,373.75,375.5199890136719,372.70001220703125,375.4700012207031,364.4139099121094,29091000,0.0,0.0,0.0
2021-10-20,375.94000244140625,376.57000732421875,373.4599914550781,374.9800109863281,363.9383239746094,31390300,0.0,0.0,0.0
2021-10-21,374.1600036621094,377.4700012207031,373.8500061035156,377.2699890136719,366.1608581542969,25469300,0.0,0.0,0.0
2021-10-22,375.9800109863281,376.9700012207031,372.3900146484375,374.1000061035156,363.0842590332031,36275800,0.0,0.0,0.0
2021-10-25,375.55999755859375,378.8699951171875,373.55999755859375,377.92999267578125,366.80145263671875,32597800,0.0,0.0,0.0
2021-10-26,380.2300109863281,382.7099914550781,377.9100036621094,379.1199951171875,367.9563903808594,47191300,0.0,0.0,0.0
2021-10-27,379.5799865722656,383.1499938964844,379.30999755859375,380.0,368.8104248046875,45760500,0.0,0.0,0.0
2021-10-28,381.95001220703125,384.4800109863281,381.1600036621094,384.2200012207031,372.90631103515625,38007000,0.0,0.0,0.0
2021-10-29,381.05999755859375,386.2799987792969,380.70001220703125,386.1099853515625,374.74053955078125,37310100,0.0,0.0,0.0
2021-11-01,386.55999755859375,387.55999755859375,384.4200134277344,387.42999267578125,376.0216979980469,30765300,0.0,0.0,0.0
2021-11-02,386.79998779296875,389.5400085449219,386.75,389.04998779296875,377.593994140625,25135300,0.0,0.0,0.0
2021-11-03,389.54998779296875,393.6099853515625,388.4800109863281,393.17999267578125,381.6024169921875,33748900,0.0,0.0,0.0
2021-11-04,394.4800109863281,399.20001220703125,393.9200134277344,398.2200012207031,386.4939880371094,40265300,0.0,0.0,0.0
2021-11-05,400.0400085449219,400.989990234375,397.1600036621094,398.6000061035156,386.86285400390625,43383800,0.0,0.0,0.0
2021-11-08,398.57000732421875,399.6199951171875,397.3999938964844,398.05999755859375,386.3386535644531,29256300,0.0,0.0,0.0
2021-11-09,399.1600036621094,399.57000732421875,393.9200134277344,395.32000732421875,383.6793518066406,50490700,0.0,0.0,0.0
2021-11-10,392.4700012207031,395.3599853515625,387.5299987792969,389.510009765625,378.04046630859375,54937400,0.0,0.0,0.0
2021-11-11,392.57000732421875,392.75,390.239990234375,390.5899963378906,379.0887145996094,32243000,0.0,0.0,0.0
2021-11-12,391.7699890136719,395.25,390.1300048828125,394.70001220703125,383.0777282714844,34730600,0.0,0.0,0.0
2021-11-15,395.9100036621094,396.239990234375,392.1000061035156,394.6099853515625,382.99029541015625,33716900,0.0,0.0,0.0
2021-11-16,393.8599853515625,397.92999267578125,393.6600036621094,397.4200134277344,385.7175598144531,27872900,0.0,0.0,0.0
2021-11-17,397.75,399.7200012207031,396.6400146484375,397.6300048828125,385.92132568359375,28703300,0.0,0.0,0.0
2021-11-18,399.7300109863281,402.2699890136719,397.45001220703125,401.75,389.91998291015625,45721500,0.0,0.0,0.0
2021-11-19,403.42999267578125,405.29998779296875,402.5799865722656,403.989990234375,392.0941162109375,45191700,0.0,0.0,0.0
2021-11-22,405.57000732421875,408.7099914550781,399.19000244140625,399.29998779296875,387.5421447753906,61715400,0.0,0.0,0.0
2021-11-23,398.1099853515625,400.2300109863281,392.9200134277344,397.4800109863281,385.7758483886719,70098700,0.0,0.0,0.0
2021-11-24,394.92999267578125,399.04998779296875,392.5400085449219,398.760009765625,387.0181579589844,46954400,0.0,0.0,0.0
2021-11-26,396.1099853515625,397.5400085449219,389.7699890136719,391.20001220703125,379.68072509765625,51533300,0.0,0.0,0.0
2021-11-29,395.8900146484375,400.7300109863281,395.1400146484375,399.69000244140625,387.9207458496094,54447100,0.0,0.0,0.0
2021-11-30,398.7799987792969,401.19000244140625,391.75,393.82000732421875,382.2235412597656,81332700,0.0,0.0,0.0
2021-12-01,398.2799987792969,400.4800109863281,386.6400146484375,387.1199951171875,375.7208557128906,77766500,0.0,0.0,0.0
2021-12-02,385.79998779296875,391.739990234375,384.3399963378906,389.9100036621094,378.42877197265625,84416600,0.0,0.0,0.0
2021-12-03,391.30999755859375,392.3399963378906,378.8999938964844,383.1300048828125,371.8482971191406,105349100,0.0,0.0,0.0
2021-12-06,383.6300048828125,387.6000061035156,379.29998779296875,386.20001220703125,374.8280029296875,67588800,0.0,0.0,0.0
2021-12-07,393.0299987792969,398.4599914550781,392.989990234375,397.8299865722656,386.1154479980469,56005300,0.0,0.0,0.0
2021-12-08,398.1700134277344,399.82000732421875,396.2200012207031,399.6099853515625,387.843017578125,39204000,0.0,0.0,0.0
2021-12-09,398.3500061035156,400.20001220703125,393.5299987792969,393.7300109863281,382.13629150390625,49973700,0.0,0.0,0.0
2021-12-10,396.6199951171875,398.2799987792969,393.3599853515625,398.010009765625,386.2901916503906,52545800,0.0,0.0,0.0
2021-12-13,398.0,398.3299865722656,391.8800048828125,392.260009765625,380.7095031738281,50166400,0.0,0.0,0.0
2021-12-14,387.29998779296875,390.0899963378906,383.6300048828125,388.20001220703125,376.76904296875,75199200,0.0,0.0,0.0
2021-12-15,387.94000244140625,397.4200134277344,383.8800048828125,397.04998779296875,385.3583679199219,73858000,0.0,0.0,0.0
2021-12-16,398.0400085449219,398.4800109863281,385.2099914550781,386.8399963378906,375.4490966796875,82591400,0.0,0.0,0.0
2021-12-17,383.3299865722656,389.19000244140625,381.7699890136719,384.9100036621094,373.5758361816406,80492500,0.0,0.0,0.0
2021-12-20,379.57000732421875,381.5,377.4700012207031,380.69000244140625,369.9520568847656,65336800,0.491,0.0,0.0
2021-12-21,384.04998779296875,389.5299987792969,380.20001220703125,389.2099914550781,378.2318115234375,48899500,0.0,0.0,0.0
2021-12-22,388.9100036621094,394.1600036621094,388.2300109863281,393.95001220703125,382.8381652832031,37042200,0.0,0.0,0.0
2021-12-23,394.30999755859375,398.42999267578125,394.1400146484375,396.9200134277344,385.7243347167969,29595500,0.0,0.0,0.0
2021-12-27,398.25,403.4800109863281,398.2200012207031,403.4800109863281,392.0993347167969,32820700,0.0,0.0,0.0
2021-12-28,404.3999938964844,404.5799865722656,400.7099914550781,401.6099853515625,390.2820129394531,33113700,0.0,0.0,0.0
2021-12-29,401.75,403.04998779296875,399.1099853515625,401.54998779296875,390.2237243652344,32248500,0.0,0.0,0.0
2021-12-30,401.3299865722656,403.57000732421875,399.75,400.3500061035156,389.05755615234375,23850100,0.0,0.0,0.0
2021-12-31,399.6600036621094,401.05999755859375,397.3399963378906,397.8500061035156,386.6280822753906,34752900,0.0,0.0,0.0
2022-01-03,399.04998779296875,401.94000244140625,396.8800048828125,401.67999267578125,390.3500671386719,40575900,0.0,0.0,0.0
2022-01-04,402.239990234375,402.2799987792969,393.2900085449219,396.4700012207031,385.28704833984375,58027200,0.0,0.0,0.0
2022-01-05,394.739990234375,395.8900146484375,384.0299987792969,384.2900085449219,373.4505310058594,75739800,0.0,0.0,0.0
2022-01-06,382.4200134277344,387.3500061035156,380.1300048828125,384.0199890136719,373.1881408691406,70814300,0.0,0.0,0.0
2022-01-07,384.0299987792969,385.760009765625,378.0400085449219,379.8599853515625,369.1455383300781,72652300,0.0,0.0,0.0
2022-01-10,374.82000732421875,380.6400146484375,369.30999755859375,380.1099853515625,369.3883972167969,91770500,0.0,0.0,0.0
2022-01-11,379.3599853515625,385.989990234375,377.2200012207031,385.82000732421875,374.9373779296875,68295700,0.0,0.0,0.0
2022-01-12,388.4599914550781,390.20001220703125,385.010009765625,387.3500061035156,376.42425537109375,54576400,0.0,0.0,0.0
2022-01-13,388.7699890136719,389.4700012207031,376.70001220703125,377.6600036621094,367.0075988769531,77994000,0.0,0.0,0.0
2022-01-14,375.07000732421875,380.3500061035156,374.8599853515625,380.010009765625,369.2912902832031,80121200,0.0,0.0,0.0
2022-01-18,374.0400085449219,376.2200012207031,369.7699890136719,370.54998779296875,360.09808349609375,75450900,0.0,0.0,0.0
2022-01-19,372.1499938964844,374.69000244140625,366.2099914550781,366.4800109863281,356.1429443359375,81791500,0.0,0.0,0.0
2022-01-20,369.7900085449219,373.8699951171875,361.1700134277344,361.7200012207031,351.5172119140625,88610700,0.0,0.0,0.0
2022-01-21,359.4700012207031,362.17999267578125,351.3999938964844,351.69000244140625,341.7700500488281,143388900,0.0,0.0,0.0
2022-01-24,345.9100036621094,353.9800109863281,334.1499938964844,353.29998779296875,343.33465576171875,198685800,0.0,0.0,0.0
2022-01-25,346.6700134277344,351.0299987792969,341.67999267578125,345.1099853515625,335.375732421875,124398400,0.0,0.0,0.0
2022-01-26,352.9100036621094,356.8800048828125,340.7799987792969,344.57000732421875,334.8509521484375,146559500,0.0,0.0,0.0
2022-01-27,349.3999938964844,351.2699890136719,340.04998779296875,341.1000061035156,331.4787902832031,95255700,0.0,0.0,0.0
2022-01-28,343.0299987792969,352.0199890136719,337.95001220703125,351.79998779296875,341.876953125,108167900,0.0,0.0,0.0
2022-01-31,353.20001220703125,363.6499938964844,351.5199890136719,363.04998779296875,352.8096008300781,94326400,0.0,0.0,0.0
2022-02-01,364.42999267578125,366.19000244140625,359.1400146484375,365.5199890136719,355.2099304199219,74433000,0.0,0.0,0.0
2022-02-02,369.760009765625,370.1000061035156,364.2900085449219,368.489990234375,358.0962219238281,78777100,0.0,0.0,0.0
2022-02-03,358.5299987792969,361.92999267578125,352.4599914550781,353.54998779296875,343.5775451660156,95384800,0.0,0.0,0.0
2022-02-04,354.0799865722656,361.3999938964844,351.9700012207031,358.010009765625,347.911865234375,86318300,0.0,0.0,0.0
2022-02-07,358.6199951171875,361.04998779296875,353.8399963378906,355.1300048828125,345.113037109375,58198100,0.0,0.0,0.0
2022-02-08,353.9599914550781,360.239990234375,352.79998779296875,359.1199951171875,348.99053955078125,64720900,0.0,0.0,0.0
2022-02-09,363.760009765625,366.80999755859375,362.1199951171875,366.7300109863281,356.3858947753906,55766400,0.0,0.0,0.0
2022-02-10,359.5199890136719,366.489990234375,356.5400085449219,358.42999267578125,348.32000732421875,112468500,0.0,0.0,0.0
2022-02-11,358.42999267578125,360.07000732421875,345.79998779296875,347.05999755859375,337.2706298828125,101569100,0.0,0.0,0.0
2022-02-14,346.489990234375,350.9800109863281,343.8900146484375,347.489990234375,337.6885681152344,80254400,0.0,0.0,0.0
2022-02-15,352.9100036621094,356.3699951171875,351.82000732421875,356.1300048828125,346.0848388671875,55128800,0.0,0.0,0.0
2022-02-16,353.82000732421875,357.0899963378906,350.7099914550781,356.0400085449219,345.9974365234375,58947100,0.0,0.0,0.0
2022-02-17,352.739990234375,353.4599914550781,345.0199890136719,345.45001220703125,335.70611572265625,61801400,0.0,0.0,0.0
2022-02-18,346.4100036621094,346.80999755859375,339.1400146484375,341.510009765625,331.87725830078125,80001500,0.0,0.0,0.0
2022-02-22,338.489990234375,344.0400085449219,334.3500061035156,338.0799865722656,328.5439453125,85967100,0.0,0.0,0.0
2022-02-23,341.32000732421875,342.17999267578125,329.1000061035156,329.4200134277344,320.1282958984375,86215400,0.0,0.0,0.0
2022-02-24,318.8399963378906,341.0400085449219,318.260009765625,340.489990234375,330.885986328125,130614100,0.0,0.0,0.0
2022-02-25,341.30999755859375,345.9800109863281,337.3900146484375,345.7699890136719,336.0170593261719,78842100,0.0,0.0,0.0
2022-02-28,342.510009765625,348.5400085449219,341.32000732421875,346.79998779296875,337.01800537109375,77515500,0.0,0.0,0.0
2022-03-01,345.75,348.0799865722656,338.8999938964844,341.489990234375,331.8577575683594,67407000,0.0,0.0,0.0
2022-03-02,343.0799865722656,348.5899963378906,340.239990234375,347.2200012207031,337.42620849609375,70609000,0.0,0.0,0.0
2022-03-03,349.92999267578125,350.0400085449219,340.3500061035156,342.260009765625,332.6060485839844,71089400,0.0,0.0,0.0
2022-03-04,339.8399963378906,341.30999755859375,334.9200134277344,337.29998779296875,327.7859191894531,76936300,0.0,0.0,0.0
2022-03-07,337.2900085449219,338.4800109863281,324.6499938964844,324.8599853515625,315.69683837890625,89933800,0.0,0.0,0.0
2022-03-08,324.04998779296875,333.2099914550781,319.94000244140625,323.3500061035156,314.2294616699219,116153900,0.0,0.0,0.0
2022-03-09,331.75,336.3800048828125,329.0899963378906,334.989990234375,325.5411071777344,64723400,0.0,0.0,0.0
2022-03-10,330.82000732421875,332.510009765625,326.7099914550781,331.2699890136719,321.92596435546875,69362700,0.0,0.0,0.0
2022-03-11,334.32000732421875,334.6400146484375,323.8999938964844,324.3999938964844,315.2498474121094,66228400,0.0,0.0,0.0
2022-03-14,323.1300048828125,326.5899963378906,317.45001220703125,318.1700134277344,309.1955871582031,79802600,0.0,0.0,0.0
2022-03-15,320.8800048828125,328.95001220703125,319.2300109863281,328.1499938964844,318.89404296875,76471000,0.0,0.0,0.0
2022-03-16,332.1700134277344,340.44000244140625,328.3999938964844,340.32000732421875,330.720703125,105243000,0.0,0.0,0.0
2022-03-17,338.3699951171875,344.5,337.0400085449219,344.44000244140625,334.724609375,67810000,0.0,0.0,0.0
2022-03-18,342.739990234375,351.7900085449219,341.54998779296875,351.489990234375,341.57574462890625,85446300,0.0,0.0,0.0
2022-03-21,350.20001220703125,352.4800109863281,345.5799865722656,350.0799865722656,340.6260681152344,73799100,0.434,0.0,0.0
2022-03-22,350.5899963378906,357.8500061035156,350.20001220703125,356.9599914550781,347.3202819824219,63345900,0.0,0.0,0.0
2022-03-23,354.010009765625,357.6600036621094,351.7699890136719,351.8299865722656,342.3288269042969,70615500,0.0,0.0,0.0
2022-03-24,353.79998779296875,359.70001220703125,351.5899963378906,359.6499938964844,349.9376525878906,53555300,0.0,0.0,0.0
2022-03-25,359.5899963378906,360.6700134277344,354.94000244140625,359.3500061035156,349.64581298828125,57584200,0.0,0.0,0.0
2022-03-28,359.3399963378906,365.010009765625,358.07000732421875,364.9100036621094,355.0556335449219,56833900,0.0,0.0,0.0
2022-03-29,368.8999938964844,371.8299865722656,366.05999755859375,371.19000244140625,361.16595458984375,68073000,0.0,0.0,0.0
2022-03-30,369.2799987792969,370.9800109863281,365.57000732421875,367.0899963378906,357.1766662597656,68757700,0.0,0.0,0.0
2022-03-31,367.239990234375,367.6000061035156,361.67999267578125,362.5400085449219,352.74951171875,67011400,0.0,0.0,0.0
2022-04-01,362.80999755859375,363.6099853515625,358.5899963378906,361.8500061035156,352.0781555175781,54527800,0.0,0.0,0.0
2022-04-04,362.7099914550781,369.30999755859375,362.44000244140625,369.29998779296875,359.3270263671875,45950200,0.0,0.0,0.0
2022-04-05,367.80999755859375,368.5400085449219,359.92999267578125,361.1000061035156,351.3485412597656,62738700,0.0,0.0,0.0
2022-04-06,355.6499938964844,356.7799987792969,350.55999755859375,353.260009765625,343.72027587890625,90077100,0.0,0.0,0.0
2022-04-07,352.239990234375,356.3500061035156,348.69000244140625,354.1000061035156,344.53753662109375,63777400,0.0,0.0,0.0
2022-04-08,352.32000732421875,353.0899963378906,348.5,349.1499938964844,339.7211608886719,61956100,0.0,0.0,0.0
2022-04-11,344.80999755859375,345.75,340.5400085449219,340.8900146484375,331.6842956542969,66107400,0.0,0.0,0.0
2022-04-12,345.760009765625,347.69000244140625,338.0400085449219,339.45001220703125,330.2830810546875,72790200,0.0,0.0,0.0
2022-04-13,339.79998779296875,347.42999267578125,339.05999755859375,346.3500061035156,336.996826171875,61367800,0.0,0.0,0.0
2022-04-14,346.44000244140625,346.9700012207031,338.2099914550781,338.42999267578125,329.2906799316406,73519400,0.0,0.0,0.0
2022-04-18,337.3500061035156,341.0400085449219,335.7900085449219,338.69000244140625,329.5437316894531,58560600,0.0,0.0,0.0
2022-04-19,338.0299987792969,346.8500061035156,336.9800109863281,346.260009765625,336.9092102050781,56515700,0.0,0.0,0.0
2022-04-20,347.0899963378906,347.55999755859375,339.9599914550781,341.2099914550781,331.9955749511719,65500000,0.0,0.0,0.0
2022-04-21,345.19000244140625,347.8699951171875,333.20001220703125,334.1499938964844,325.1261901855469,75801000,0.0,0.0,0.0
2022-04-22,334.30999755859375,335.55999755859375,324.9599914550781,325.3999938964844,316.612548828125,82562100,0.0,0.0,0.0
2022-04-25,323.7300109863281,329.8999938964844,322.42999267578125,329.5799865722656,320.6796875,101755900,0.0,0.0,0.0
2022-04-26,327.4700012207031,327.6600036621094,316.8599853515625,317.1400146484375,308.5756530761719,105819600,0.0,0.0,0.0
2022-04-27,317.239990234375,322.8800048828125,315.0,316.760009765625,308.20587158203125,111204200,0.0,0.0,0.0
2022-04-28,321.8500061035156,329.8900146484375,317.5199890136719,328.010009765625,319.152099609375,99450000,0.0,0.0,0.0
2022-04-29,323.70001220703125,327.2300109863281,312.6000061035156,313.25,304.7906494140625,91977900,0.0,0.0,0.0
2022-05-02,312.8299865722656,318.7200012207031,309.6499938964844,318.4800109863281,309.87939453125,115511800,0.0,0.0,0.0
2022-05-03,318.5,321.1700134277344,315.9800109863281,318.82000732421875,310.21026611328125,78185500,0.0,0.0,0.0
2022-05-04,319.30999755859375,330.2900085449219,313.8900146484375,329.6000061035156,320.6990966796875,116083400,0.0,0.0,0.0
2022-05-05,325.1700134277344,325.25,309.6199951171875,313.0,304.54742431640625,154607400,0.0,0.0,0.0
2022-05-06,310.95001220703125,315.0899963378906,305.1099853515625,309.25,300.8987121582031,139572800,0.0,0.0,0.0
2022-05-09,303.4800109863281,309.3500061035156,295.7200012207031,297.1499938964844,289.1254577636719,113387300,0.0,0.0,0.0
2022-05-10,304.510009765625,305.760009765625,296.57000732421875,300.760009765625,292.63800048828125,124124600,0.0,0.0,0.0
2022-05-11,298.44000244140625,304.0899963378906,290.95001220703125,291.8399963378906,283.9588623046875,140326100,0.0,0.0,0.0
2022-05-12,287.45001220703125,295.75,284.94000244140625,291.1499938964844,283.2874755859375,120910900,0.0,0.0,0.0
2022-05-13,295.7200012207031,303.0,294.0799865722656,301.94000244140625,293.7861633300781,83684900,0.0,0.0,0.0
2022-05-16,300.1499938964844,302.260009765625,297.1300048828125,298.44000244140625,290.38055419921875,59190400,0.0,0.0,0.0
2022-05-17,304.45001220703125,306.55999755859375,300.54998779296875,306.1700134277344,297.9018859863281,62715300,0.0,0.0,0.0
2022-05-18,301.5400085449219,302.25,289.8500061035156,291.1400146484375,283.2778015136719,79477100,0.0,0.0,0.0
2022-05-19,289.2900085449219,294.3900146484375,287.5799865722656,289.5799865722656,281.7598571777344,79920700,0.0,0.0,0.0
2022-05-20,293.1300048828125,293.79998779296875,280.2099914550781,288.67999267578125,280.8841857910156,91764200,0.0,0.0,0.0
2022-05-23,289.75,293.8699951171875,287.2900085449219,293.4800109863281,285.5545349121094,63648400,0.0,0.0,0.0
2022-05-24,288.1300048828125,288.8599853515625,282.25,287.239990234375,279.4830627441406,73491100,0.0,0.0,0.0
2022-05-25,285.7099914550781,293.3900146484375,285.5,291.260009765625,283.3945617675781,67144500,0.0,0.0,0.0
2022-05-26,290.44000244140625,300.9200134277344,290.1499938964844,299.3299865722656,291.2466125488281,59462200,0.0,0.0,0.0
2022-05-27,302.5400085449219,309.25,302.4200134277344,309.1000061035156,300.7527160644531,66985600,0.0,0.0,0.0
2022-05-31,309.07000732421875,311.3299865722656,304.3299865722656,308.2799987792969,299.95489501953125,60968300,0.0,0.0,0.0
2022-06-01,310.4700012207031,312.6499938964844,303.7300109863281,306.0,297.7364807128906,65341700,0.0,0.0,0.0
2022-06-02,304.8500061035156,314.55999755859375,303.3999938964844,314.3800048828125,305.8902282714844,59291300,0.0,0.0,0.0
2022-06-03,309.0299987792969,310.4700012207031,304.9200134277344,306.20001220703125,297.9310607910156,60914700,0.0,0.0,0.0
2022-06-06,310.75,312.3500061035156,305.6199951171875,307.2200012207031,298.92352294921875,51785000,0.0,0.0,0.0
2022-06-07,303.80999755859375,310.6700134277344,302.69000244140625,309.8699951171875,301.501953125,44900300,0.0,0.0,0.0
2022-06-08,309.04998779296875,311.7200012207031,306.7699890136719,307.6400146484375,299.3321838378906,38342100,0.0,0.0,0.0
2022-06-09,305.9100036621094,309.04998779296875,299.2300109863281,299.3999938964844,291.314697265625,55900500,0.0,0.0,0.0
2022-06-10,293.6499938964844,294.8699951171875,288.3800048828125,288.8399963378906,281.03985595703125,85963500,0.0,0.0,0.0
2022-06-13,279.75,282.3399963378906,274.5299987792969,275.4100036621094,267.9725341796875,94442000,0.0,0.0,0.0
2022-06-14,277.6600036621094,278.6600036621094,273.3399963378906,275.9100036621094,268.45904541015625,64697500,0.0,0.0,0.0
2022-06-15,279.4200134277344,286.8299865722656,276.6099853515625,282.79998779296875,275.1629333496094,86051400,0.0,0.0,0.0
2022-06-16,275.5899963378906,276.05999755859375,269.2799987792969,271.3900146484375,264.0611267089844,81910300,0.0,0.0,0.0
2022-06-17,272.17999267578125,277.19000244140625,270.510009765625,274.69000244140625,267.27197265625,82703400,0.0,0.0,0.0
2022-06-21,278.75,283.45001220703125,278.6400146484375,281.0799865722656,274.01513671875,51633700,0.527,0.0,0.0
2022-06-22,278.5199890136719,285.17999267578125,277.9100036621094,280.6700134277344,273.61541748046875,67472900,0.0,0.0,0.0
2022-06-23,283.2099914550781,285.7200012207031,280.30999755859375,284.8500061035156,277.69036865234375,57457800,0.0,0.0,0.0
2022-06-24,287.739990234375,295.0400085449219,287.5,294.6099853515625,287.205078125,58422300,0.0,0.0,0.0
2022-06-27,296.0,296.5799865722656,291.2900085449219,292.45001220703125,285.0993957519531,54151500,0.0,0.0,0.0
2022-06-28,293.0,295.6499938964844,283.3500061035156,283.5400085449219,276.4132995605469,61609800,0.0,0.0,0.0
2022-06-29,283.3999938964844,285.3399963378906,280.8399963378906,283.79998779296875,276.66680908203125,57302700,0.0,0.0,0.0
2022-06-30,280.75,283.94000244140625,275.7799987792969,280.2799987792969,273.2352294921875,79313600,0.0,0.0,0.0
2022-07-01,278.95001220703125,282.5299987792969,277.0299987792969,282.1300048828125,275.0387878417969,56675100,0.0,0.0,0.0
2022-07-05,278.30999755859375,287.0799865722656,276.75,286.9599914550781,279.747314453125,61829300,0.0,0.0,0.0
2022-07-06,287.3500061035156,290.95001220703125,285.5899963378906,288.79998779296875,281.5411071777344,63194700,0.0,0.0,0.0
2022-07-07,289.6300048828125,295.70001220703125,289.6300048828125,294.9800109863281,287.5658874511719,56620100,0.0,0.0,0.0
2022-07-08,292.0799865722656,296.75,291.1199951171875,295.3500061035156,287.926513671875,59895500,0.0,0.0,0.0
2022-07-11,292.8800048828125,293.1099853515625,288.1400146484375,289.0400085449219,281.7750549316406,55273900,0.0,0.0,0.0
2022-07-12,290.32000732421875,292.2799987792969,284.6099853515625,286.239990234375,279.0453796386719,55797100,0.0,0.0,0.0
2022-07-13,280.6000061035156,288.04998779296875,280.0199890136719,285.6499938964844,278.47027587890625,73939400,0.0,0.0,0.0
2022-07-14,282.989990234375,287.55999755859375,279.79998779296875,286.6700134277344,279.4646301269531,63741800,0.0,0.0,0.0
2022-07-15,289.7300109863281,291.9800109863281,288.0799865722656,291.8699951171875,284.53387451171875,63818100,0.0,0.0,0.0
2022-07-18,294.7200012207031,296.1600036621094,288.20001220703125,289.3999938964844,282.1260070800781,59519600,0.0,0.0,0.0
2022-07-19,293.1099853515625,298.6000061035156,291.4700012207031,298.29998779296875,290.80230712890625,55172600,0.0,0.0,0.0
2022-07-20,298.7300109863281,304.239990234375,297.92999267578125,303.0299987792969,295.41339111328125,67769400,0.0,0.0,0.0
2022-07-21,303.5,307.44000244140625,300.7799987792969,307.3800048828125,299.6540832519531,55049400,0.0,0.0,0.0
2022-07-22,306.42999267578125,308.54998779296875,300.1199951171875,301.989990234375,294.39959716796875,57127700,0.0,0.0,0.0
2022-07-25,302.0199890136719,302.5,298.2200012207031,300.2699890136719,292.7228088378906,40582400,0.0,0.0,0.0
2022-07-26,298.5299987792969,298.7900085449219,293.5400085449219,294.3699951171875,286.9710998535156,50074100,0.0,0.0,0.0
2022-07-27,299.0400085449219,308.5400085449219,298.4599914550781,306.80999755859375,299.098388671875,69304400,0.0,0.0,0.0
2022-07-28,306.5899963378906,310.3999938964844,302.75,309.80999755859375,302.0229797363281,55139900,0.0,0.0,0.0
2022-07-29,311.3900146484375,316.3900146484375,309.92999267578125,315.4599914550781,307.5310974121094,57501000,0.0,0.0,0.0
2022-08-01,313.6499938964844,318.80999755859375,312.5299987792969,315.2699890136719,307.3458251953125,46358800,0.0,0.0,0.0
2022-08-02,312.9200134277344,318.54998779296875,311.8399963378906,314.3299865722656,306.4293518066406,48676500,0.0,0.0,0.0
2022-08-03,316.04998779296875,323.7300109863281,315.989990234375,322.8900146484375,314.7742919921875,53735700,0.0,0.0,0.0
2022-08-04,322.9700012207031,324.7200012207031,320.7699890136719,324.3999938964844,316.24627685546875,38973700,0.0,0.0,0.0
2022-08-05,319.19000244140625,323.8299865722656,318.3900146484375,321.75,313.6629638671875,53894000,0.0,0.0,0.0
2022-08-08,322.69000244140625,326.4700012207031,319.2099914550781,320.7099914550781,312.6490173339844,43878500,0.0,0.0,0.0
2022-08-09,318.7699890136719,319.0299987792969,315.4200134277344,317.0799865722656,309.1102600097656,39764200,0.0,0.0,0.0
2022-08-10,324.5899963378906,326.2300109863281,322.05999755859375,325.92999267578125,317.7378845214844,51459600,0.0,0.0,0.0
2022-08-11,328.30999755859375,330.3599853515625,323.3599853515625,324.0799865722656,315.9343566894531,45897700,0.0,0.0,0.0
2022-08-12,326.17999267578125,330.5899963378906,325.1000061035156,330.3900146484375,322.08575439453125,40928400,0.0,0.0,0.0
2022-08-15,329.4200134277344,333.57000732421875,329.3999938964844,333.05999755859375,324.68865966796875,38266600,0.0,0.0,0.0
2022-08-16,332.05999755859375,334.4200134277344,329.1600036621094,332.2799987792969,323.92828369140625,41186900,0.0,0.0,0.0
2022-08-17,329.07000732421875,331.42999267578125,326.3599853515625,328.489990234375,320.23358154296875,47842200,0.0,0.0,0.0
2022-08-18,328.44000244140625,330.489990234375,326.7900085449219,329.2799987792969,321.0035705566406,41937200,0.0,0.0,0.0
2022-08-19,326.1700134277344,326.8399963378906,322.0799865722656,322.8599853515625,314.7450256347656,51770600,0.0,0.0,0.0
2022-08-22,318.5,318.739990234375,313.5299987792969,314.3599853515625,306.4586181640625,51098900,0.0,0.0,0.0
2022-08-23,314.1199951171875,317.0,313.3299865722656,314.1000061035156,306.2051086425781,39497100,0.0,0.0,0.0
2022-08-24,313.6099853515625,316.8699951171875,312.989990234375,315.010009765625,307.0923156738281,38057100,0.0,0.0,0.0
2022-08-25,316.8299865722656,320.6000061035156,315.760009765625,320.5799865722656,312.5223388671875,38098300,0.0,0.0,0.0
2022-08-26,320.2799987792969,321.510009765625,307.3500061035156,307.44000244140625,299.7125549316406,69047700,0.0,0.0,0.0
2022-08-29,304.6199951171875,307.2200012207031,303.2799987792969,304.4100036621094,296.7587585449219,48321900,0.0,0.0,0.0
2022-08-30,306.1000061035156,306.7300109863281,298.44000244140625,301.0199890136719,293.4539794921875,51184500,0.0,0.0,0.0
2022-08-31,303.989990234375,304.9100036621094,299.1600036621094,299.2699890136719,291.74798583984375,50044000,0.0,0.0,0.0
2022-09-01,296.7200012207031,299.7799987792969,292.95001220703125,299.3999938964844,291.8746643066406,57990700,0.0,0.0,0.0
2022-09-02,302.3399963378906,303.75,293.5199890136719,295.1700134277344,287.7510070800781,64666800,0.0,0.0,0.0
2022-09-06,295.6600036621094,296.6000061035156,290.8699951171875,293.04998779296875,285.68426513671875,57005400,0.0,0.0,0.0
2022-09-07,293.5400085449219,299.989990234375,293.2699890136719,298.9700012207031,291.45550537109375,49260400,0.0,0.0,0.0
2022-09-08,296.8500061035156,301.8699951171875,295.45001220703125,300.5199890136719,292.966552734375,55649800,0.0,0.0,0.0
2022-09-09,302.8299865722656,307.6000061035156,300.5199890136719,307.0899963378906,299.37139892578125,56125200,0.0,0.0,0.0
2022-09-12,308.5,311.0799865722656,308.17999267578125,310.739990234375,302.9296875,45905700,0.0,0.0,0.0
2022-09-13,301.79998779296875,303.0199890136719,292.7900085449219,293.70001220703125,286.3179931640625,79562200,0.0,0.0,0.0
2022-09-14,294.8699951171875,296.92999267578125,293.05999755859375,296.0299987792969,288.5893859863281,54907200,0.0,0.0,0.0
2022-09-15,294.07000732421875,296.5299987792969,289.4599914550781,291.1000061035156,283.78338623046875,65299400,0.0,0.0,0.0
2022-09-16,287.7200012207031,289.7200012207031,285.6199951171875,289.32000732421875,282.04803466796875,79920400,0.0,0.0,0.0
2022-09-19,286.1000061035156,291.2099914550781,286.0400085449219,291.04998779296875,284.24444580078125,52613800,0.519,0.0,0.0
2022-09-20,288.489990234375,291.07000732421875,286.3800048828125,288.7300109863281,281.978759765625,51271100,0.0,0.0,0.0
2022-09-21,289.5899963378906,293.95001220703125,283.4200134277344,283.55999755859375,276.9295959472656,82931000,0.0,0.0,0.0
2022-09-22,282.0,283.0299987792969,278.82000732421875,280.07000732421875,273.5212097167969,62757100,0.0,0.0,0.0
2022-09-23,277.54998779296875,277.8500061035156,272.0199890136719,275.510009765625,269.06781005859375,74815200,0.0,0.0,0.0
2022-09-26,275.0299987792969,279.489990234375,273.55999755859375,274.3699951171875,267.9544982910156,71176700,0.0,0.0,0.0
2022-09-27,277.80999755859375,280.2099914550781,272.1099853515625,274.4800109863281,268.0618896484375,69780100,0.0,0.0,0.0
2022-09-28,274.4599914550781,281.25,272.95001220703125,279.94000244140625,273.3942565917969,79652100,0.0,0.0,0.0
2022-09-29,275.8599853515625,276.25,268.8399963378906,271.8699951171875,265.512939453125,81216000,0.0,0.0,0.0
2022-09-30,271.0299987792969,275.19000244140625,267.1000061035156,267.260009765625,261.0106201171875,78482400,0.0,0.0,0.0
2022-10-03,269.07000732421875,275.1600036621094,267.5299987792969,273.5299987792969,267.13409423828125,61267400,0.0,0.0,0.0
2022-10-04,278.989990234375,282.8500061035156,278.989990234375,282.1300048828125,275.53302001953125,66696900,0.0,0.0,0.0
2022-10-05,278.2799987792969,283.80999755859375,275.4200134277344,281.9800109863281,275.3865661621094,55766300,0.0,0.0,0.0
2022-10-06,280.9599914550781,284.17999267578125,279.42999267578125,279.760009765625,273.2184143066406,53489400,0.0,0.0,0.0
2022-10-07,275.0199890136719,275.1499938964844,267.739990234375,269.1000061035156,262.8077087402344,71354700,0.0,0.0,0.0
2022-10-10,269.29998779296875,269.70001220703125,263.6400146484375,266.4100036621094,260.1806640625,60393000,0.0,0.0,0.0
2022-10-11,264.70001220703125,267.6300048828125,261.0299987792969,262.75,256.606201171875,66522500,0.0,0.0,0.0
2022-10-12,263.3999938964844,265.3599853515625,261.95001220703125,262.6600036621094,256.5182800292969,50580200,0.0,0.0,0.0
2022-10-13,255.16000366210938,270.1700134277344,254.25999450683594,268.82000732421875,262.5343017578125,112894100,0.0,0.0,0.0
2022-10-14,271.20001220703125,271.80999755859375,260.1400146484375,260.739990234375,254.6431884765625,77244300,0.0,0.0,0.0
2022-10-17,266.8399963378906,270.239990234375,266.739990234375,269.3500061035156,263.0519104003906,64576500,0.0,0.0,0.0
2022-10-18,276.5299987792969,277.2099914550781,268.739990234375,271.4800109863281,265.1320495605469,69781000,0.0,0.0,0.0
2022-10-19,269.92999267578125,273.67999267578125,268.07000732421875,270.489990234375,264.1651916503906,53115400,0.0,0.0,0.0
2022-10-20,269.5799865722656,274.8399963378906,267.9200134277344,269.1099853515625,262.8174743652344,60605500,0.0,0.0,0.0
2022-10-21,267.9800109863281,275.9700012207031,266.82000732421875,275.4200134277344,268.9799499511719,77897700,0.0,0.0,0.0
2022-10-24,275.69000244140625,279.3999938964844,271.9700012207031,278.45001220703125,271.9391174316406,63963600,0.0,0.0,0.0
2022-10-25,279.4100036621094,284.6000061035156,277.8999938964844,284.2099914550781,277.5643310546875,59014500,0.0,0.0,0.0
2022-10-26,278.4599914550781,283.9800109863281,277.42999267578125,277.92999267578125,271.4312438964844,63492400,0.0,0.0,0.0
2022-10-27,276.7900085449219,278.2799987792969,272.3399963378906,272.8699951171875,266.4895935058594,57760300,0.0,0.0,0.0
2022-10-28,272.2300109863281,281.70001220703125,272.05999755859375,281.2200012207031,274.644287109375,62651300,0.0,0.0,0.0
2022-10-31,278.9200134277344,279.760009765625,275.989990234375,277.95001220703125,271.4508056640625,47742000,0.0,0.0,0.0
2022-11-01,281.5,282.07000732421875,274.739990234375,275.1099853515625,268.67718505859375,45895900,0.0,0.0,0.0
2022-11-02,275.0799865722656,278.2099914550781,265.6099853515625,265.67999267578125,259.4676818847656,79803100,0.0,0.0,0.0
2022-11-03,263.010009765625,264.5,260.1000061035156,260.489990234375,254.39906311035156,70038900,0.0,0.0,0.0
2022-11-04,265.5299987792969,266.6099853515625,259.0799865722656,264.67999267578125,258.49102783203125,78313200,0.0,0.0,0.0
2022-11-07,265.75,268.1400146484375,263.57000732421875,267.5899963378906,261.3330383300781,47333800,0.0,0.0,0.0
2022-11-08,269.1400146484375,272.8500061035156,265.5199890136719,269.5400085449219,263.2373962402344,63213800,0.0,0.0,0.0
2022-11-09,267.760009765625,268.55999755859375,263.0299987792969,263.32000732421875,257.162841796875,64862100,0.0,0.0,0.0
2022-11-10,276.010009765625,283.04998779296875,273.8500061035156,282.75,276.1385498046875,99256700,0.0,0.0,0.0
2022-11-11,282.55999755859375,288.6400146484375,281.19000244140625,287.9599914550781,281.2267150878906,66961800,0.0,0.0,0.0
2022-11-14,285.8599853515625,289.2099914550781,284.44000244140625,285.44000244140625,278.765625,55290700,0.0,0.0,0.0
2022-11-15,292.2099914550781,293.260009765625,285.9700012207031,289.3900146484375,282.6233215332031,73985400,0.0,0.0,0.0
2022-11-16,287.3900146484375,289.4800109863281,284.6000061035156,285.44000244140625,278.765625,48859800,0.0,0.0,0.0
2022-11-17,280.8800048828125,286.32000732421875,280.7200012207031,284.80999755859375,278.150390625,55462100,0.0,0.0,0.0
2022-11-18,287.8900146484375,287.989990234375,282.32000732421875,284.82000732421875,278.1601257324219,53588600,0.0,0.0,0.0
2022-11-21,283.3999938964844,284.5799865722656,281.0400085449219,281.8900146484375,275.29864501953125,40083500,0.0,0.0,0.0
2022-11-22,282.6400146484375,286.1099853515625,280.4599914550781,285.95001220703125,279.26373291015625,41873400,0.0,0.0,0.0
2022-11-23,285.9700012207031,289.4599914550781,285.7900085449219,288.82000732421875,282.0665283203125,46390000,0.0,0.0,0.0
2022-11-25,287.19000244140625,287.9100036621094,286.4200134277344,286.9200134277344,280.2110900878906,15498800,0.0,0.0,0.0
2022-11-28,284.8999938964844,286.9599914550781,281.760009765625,282.7099914550781,276.09942626953125,38714200,0.0,0.0,0.0
2022-11-29,282.94000244140625,283.3500061035156,279.1700134277344,280.57000732421875,274.009521484375,35618900,0.0,0.0,0.0
2022-11-30,280.8399963378906,293.4700012207031,279.9700012207031,293.3599853515625,286.5003662109375,74718100,0.0,0.0,0.0
2022-12-01,293.69000244140625,295.75,290.8800048828125,293.7200012207031,286.8520202636719,51547300,0.0,0.0,0.0
2022-12-02,288.5400085449219,293.45001220703125,288.3599853515625,292.54998779296875,285.7093811035156,53583200,0.0,0.0,0.0
2022-12-05,290.3800048828125,291.67999267578125,286.1499938964844,287.6400146484375,280.9142150878906,41482100,0.0,0.0,0.0
2022-12-06,287.4800109863281,287.6199951171875,280.260009765625,281.67999267578125,275.0935363769531,53937600,0.0,0.0,0.0
2022-12-07,280.4700012207031,282.57000732421875,278.7799987792969,280.5299987792969,273.970458984375,45614300,0.0,0.0,0.0
2022-12-08,281.9100036621094,284.8399963378906,279.7900085449219,283.8500061035156,277.2127685546875,42594900,0.0,0.0,0.0
2022-12-09,282.80999755859375,285.6400146484375,281.5899963378906,282.0400085449219,275.44512939453125,47860500,0.0,0.0,0.0
2022-12-12,282.2200012207031,285.6400146484375,281.1600036621094,285.5799865722656,278.9023742675781,35732500,0.0,0.0,0.0
2022-12-13,296.6499938964844,296.8800048828125,285.9100036621094,288.6499938964844,281.9005432128906,80667700,0.0,0.0,0.0
2022-12-14,288.04998779296875,291.4100036621094,283.19000244140625,286.510009765625,279.8105773925781,64984400,0.0,0.0,0.0
2022-12-15,282.3299865722656,283.010009765625,275.6700134277344,276.8900146484375,270.41552734375,60554100,0.0,0.0,0.0
2022-12-16,276.20001220703125,277.7699890136719,272.6099853515625,274.25,267.8372802734375,68300400,0.0,0.0,0.0
2022-12-19,273.8699951171875,273.9599914550781,268.489990234375,269.75,264.0732421875,44167900,0.655,0.0,0.0
2022-12-20,268.55999755859375,271.32000732421875,266.95001220703125,269.5400085449219,263.8676452636719,51064200,0.0,0.0,0.0
2022-12-21,270.6000061035156,274.7799987792969,269.739990234375,273.45001220703125,267.6953430175781,46394700,0.0,0.0,0.0
2022-12-22,270.3800048828125,270.510009765625,262.4599914550781,266.760009765625,261.1461181640625,60278400,0.0,0.0,0.0
2022-12-23,265.4700012207031,268.0400085449219,263.5299987792969,267.3599853515625,261.7335205078125,39373600,0.0,0.0,0.0
2022-12-27,266.739990234375,266.8500061035156,263.0299987792969,263.5799865722656,258.03302001953125,38009000,0.0,0.0,0.0
2022-12-28,263.1700134277344,265.4700012207031,259.7300109863281,260.1000061035156,254.62628173828125,47139000,0.0,0.0,0.0
2022-12-29,262.9599914550781,267.3999938964844,262.25,266.44000244140625,260.83282470703125,45893600,0.0,0.0,0.0
2022-12-30,263.6199951171875,266.4100036621094,262.2900085449219,266.2799987792969,260.6761779785156,37858300,0.0,0.0,0.0
2023-01-03,268.6499938964844,270.1499938964844,262.1300048828125,264.4800109863281,258.9140930175781,42335300,0.0,0.0,0.0
2023-01-04,266.6400146484375,267.45001220703125,262.5299987792969,265.739990234375,260.1475524902344,47754900,0.0,0.0,0.0
2023-01-05,264.0400085449219,264.2099914550781,261.260009765625,261.5799865722656,256.0751037597656,45396700,0.0,0.0,0.0
2023-01-06,263.3500061035156,269.94000244140625,260.3399963378906,268.79998779296875,263.14324951171875,54659700,0.0,0.0,0.0
2023-01-09,270.8299865722656,275.2900085449219,269.9200134277344,270.5400085449219,264.8465576171875,45568700,0.0,0.0,0.0
2023-01-10,269.489990234375,272.94000244140625,268.9700012207031,272.8299865722656,267.08843994140625,35247800,0.0,0.0,0.0
2023-01-11,273.9200134277344,277.6600036621094,273.1199951171875,277.54998779296875,271.70904541015625,44077000,0.0,0.0,0.0
2023-01-12,278.1199951171875,280.1000061035156,273.739990234375,279.04998779296875,273.1774597167969,60600000,0.0,0.0,0.0
2023-01-13,276.5,281.2200012207031,276.1600036621094,280.9700012207031,275.05712890625,44802900,0.0,0.0,0.0
2023-01-17,280.7699890136719,282.8500061035156,279.5799865722656,281.5400085449219,275.6150817871094,36269700,0.0,0.0,0.0
2023-01-18,283.1099853515625,284.69000244140625,277.6700134277344,277.8800048828125,272.0321350097656,47754500,0.0,0.0,0.0
2023-01-19,276.2200012207031,277.3800048828125,273.8900146484375,275.1499938964844,269.3595886230469,44150400,0.0,0.0,0.0
2023-01-20,276.7900085449219,283.0199890136719,275.7099914550781,282.67999267578125,276.7310485839844,60613600,0.0,0.0,0.0
2023-01-23,283.5400085449219,290.2099914550781,282.7300109863281,288.9599914550781,282.87890625,52799900,0.0,0.0,0.0
2023-01-24,287.30999755859375,289.54998779296875,286.7799987792969,288.3699951171875,282.30133056640625,44875100,0.0,0.0,0.0
2023-01-25,283.7699890136719,288.3599853515625,281.17999267578125,287.7300109863281,281.67486572265625,50872000,0.0,0.0,0.0
2023-01-26,291.2200012207031,293.5199890136719,288.5199890136719,293.3399963378906,287.1667785644531,51596300,0.0,0.0,0.0
2023-01-27,292.0,298.260009765625,291.8800048828125,296.260009765625,290.0252685546875,56441900,0.0,0.0,0.0
2023-01-30,292.92999267578125,294.3800048828125,289.8900146484375,290.2699890136719,284.1613464355469,49405800,0.0,0.0,0.0
2023-01-31,290.30999755859375,294.7200012207031,290.20001220703125,294.6199951171875,288.4198303222656,46705100,0.0,0.0,0.0
2023-02-01,294.4100036621094,303.42999267578125,292.29998779296875,300.9200134277344,294.58734130859375,67562200,0.0,0.0,0.0
2023-02-02,307.57000732421875,313.67999267578125,306.7300109863281,311.7200012207031,305.1599426269531,83070600,0.0,0.0,0.0
2023-02-03,304.94000244140625,312.3900146484375,304.5400085449219,306.17999267578125,299.7365417480469,76170800,0.0,0.0,0.0
2023-02-06,303.510009765625,305.9100036621094,302.2200012207031,303.5899963378906,297.2011413574219,40802300,0.0,0.0,0.0
2023-02-07,303.4599914550781,311.0299987792969,302.32000732421875,309.8800048828125,303.358642578125,67584000,0.0,0.0,0.0
2023-02-08,308.5400085449219,309.5,303.6700134277344,304.3699951171875,297.964599609375,56720900,0.0,0.0,0.0
2023-02-09,308.8399963378906,308.989990234375,300.20001220703125,301.67999267578125,295.3312072753906,49137800,0.0,0.0,0.0
2023-02-10,299.4800109863281,301.57000732421875,297.25,299.70001220703125,293.3929443359375,50050100,0.0,0.0,0.0
2023-02-13,301.1300048828125,305.1000061035156,299.92999267578125,304.5,298.0918884277344,39636700,0.0,0.0,0.0
2023-02-14,302.8900146484375,307.7200012207031,300.9100036621094,306.75,300.2945251464844,64079100,0.0,0.0,0.0
2023-02-15,304.8999938964844,309.2699890136719,304.20001220703125,309.1000061035156,302.5951232910156,43100600,0.0,0.0,0.0
2023-02-16,304.3800048828125,308.42999267578125,303.1499938964844,303.29998779296875,296.9171142578125,59498600,0.0,0.0,0.0
2023-02-17,301.07000732421875,301.92999267578125,298.1000061035156,301.1600036621094,294.822265625,58230700,0.0,0.0,0.0
2023-02-21,297.260009765625,298.7300109863281,293.8900146484375,294.0299987792969,287.84222412109375,46526700,0.0,0.0,0.0
2023-02-22,294.6199951171875,296.3599853515625,292.55999755859375,294.25,288.0576477050781,51389200,0.0,0.0,0.0
2023-02-23,297.9700012207031,298.1300048828125,292.54998779296875,296.82000732421875,290.5735168457031,69294400,0.0,0.0,0.0
2023-02-24,291.760009765625,292.9700012207031,290.04998779296875,291.8500061035156,285.7081298828125,74332000,0.0,0.0,0.0
2023-02-27,295.07000732421875,296.489990234375,293.3399963378906,293.94000244140625,287.7541198730469,48995000,0.0,0.0,0.0
2023-02-28,293.29998779296875,296.1199951171875,292.9599914550781,293.55999755859375,287.3821105957031,48243100,0.0,0.0,0.0
2023-03-01,293.260009765625,293.92999267578125,290.20001220703125,291.20001220703125,285.07177734375,58287000,0.0,0.0,0.0
2023-03-02,288.6600036621094,294.42999267578125,288.3699951171875,293.6099853515625,287.4310607910156,53565900,0.0,0.0,0.0
2023-03-03,295.3900146484375,299.9200134277344,294.8699951171875,299.67999267578125,293.37335205078125,60511500,0.0,0.0,0.0
2023-03-06,300.94000244140625,304.0,299.82000732421875,300.0199890136719,293.7061767578125,56736300,0.0,0.0,0.0
2023-03-07,300.07000732421875,301.010009765625,295.7200012207031,296.3399963378906,290.10357666015625,65955800,0.0,0.0,0.0
2023-03-08,296.7699890136719,298.42999267578125,294.8800048828125,297.82000732421875,291.5524597167969,50876300,0.0,0.0,0.0
2023-03-09,298.3299865722656,300.9800109863281,291.8299865722656,292.6600036621094,286.50103759765625,71456700,0.0,0.0,0.0
2023-03-10,292.8299865722656,294.3500061035156,287.3800048828125,288.54998779296875,282.4775390625,98593600,0.0,0.0,0.0
2023-03-13,286.7300109863281,294.4700012207031,285.19000244140625,290.69000244140625,284.572509765625,97123600,0.0,0.0,0.0
2023-03-14,294.30999755859375,297.92999267578125,293.45001220703125,297.3699951171875,291.1119384765625,73602500,0.0,0.0,0.0
2023-03-15,294.7099914550781,299.2699890136719,293.239990234375,298.92999267578125,292.6391296386719,83631500,0.0,0.0,0.0
2023-03-16,298.0,307.17999267578125,297.19000244140625,306.80999755859375,300.35321044921875,98198100,0.0,0.0,0.0
2023-03-17,306.7200012207031,309.1499938964844,303.3699951171875,305.3599853515625,298.9337158203125,89923700,0.0,0.0,0.0
2023-03-20,304.260009765625,306.29998779296875,302.010009765625,305.9700012207031,299.99468994140625,56359500,0.472,0.0,0.0
2023-03-21,307.94000244140625,310.79998779296875,306.3999938964844,310.3399963378906,304.2793273925781,49757000,0.0,0.0,0.0
2023-03-22,310.2699890136719,315.25,305.95001220703125,306.1199951171875,300.1417541503906,75791900,0.0,0.0,0.0
2023-03-23,309.9200134277344,314.1499938964844,307.010009765625,309.75,303.7008972167969,74576000,0.0,0.0,0.0
2023-03-24,309.32000732421875,310.989990234375,306.95001220703125,310.8900146484375,304.818603515625,57195200,0.0,0.0,0.0
2023-03-27,311.6000061035156,312.70001220703125,307.8900146484375,308.760009765625,302.730224609375,50287400,0.0,0.0,0.0
2023-03-28,308.1700134277344,308.20001220703125,304.7699890136719,307.1199951171875,301.1222229003906,48585900,0.0,0.0,0.0
2023-03-29,310.8800048828125,313.3500061035156,310.04998779296875,312.7200012207031,306.6128234863281,53274300,0.0,0.0,0.0
2023-03-30,315.239990234375,316.32000732421875,312.80999755859375,315.67999267578125,309.5150146484375,58354800,0.0,0.0,0.0
2023-03-31,315.9100036621094,321.1700134277344,315.6000061035156,320.92999267578125,314.66253662109375,62138100,0.0,0.0,0.0
2023-04-03,318.7699890136719,320.4200134277344,317.4200134277344,320.1499938964844,313.8977355957031,47126800,0.0,0.0,0.0
2023-04-04,320.6000061035156,321.6300048828125,317.8299865722656,319.07000732421875,312.83880615234375,45875400,0.0,0.0,0.0
2023-04-05,318.1000061035156,319.05999755859375,314.07000732421875,315.9200134277344,309.7503967285156,62795700,0.0,0.0,0.0
2023-04-06,314.239990234375,318.54998779296875,312.82000732421875,318.04998779296875,311.83880615234375,46916500,0.0,0.0,0.0
2023-04-10,315.07000732421875,317.9200134277344,313.25,317.8699951171875,311.6622619628906,45134700,0.0,0.0,0.0
2023-04-11,317.8299865722656,317.8900146484375,315.30999755859375,315.8299865722656,309.662109375,40113600,0.0,0.0,0.0
2023-04-12,317.82000732421875,318.4200134277344,312.57000732421875,313.0400085449219,306.9266052246094,62813300,0.0,0.0,0.0
2023-04-13,314.8299865722656,319.6499938964844,313.6300048828125,319.1700134277344,312.9369201660156,54613800,0.0,0.0,0.0
2023-04-14,317.5899963378906,320.3599853515625,315.6099853515625,318.57000732421875,312.34857177734375,56278300,0.0,0.0,0.0
2023-04-17,318.1499938964844,319.20001220703125,316.0400085449219,318.8399963378906,312.6133117675781,43007000,0.0,0.0,0.0
2023-04-18,320.989990234375,321.4200134277344,317.6400146484375,318.8599853515625,312.6329345703125,46746900,0.0,0.0,0.0
2023-04-19,316.4100036621094,319.7900085449219,316.2799987792969,318.7099914550781,312.48590087890625,38960100,0.0,0.0,0.0
2023-04-20,315.69000244140625,319.2699890136719,314.9700012207031,316.2799987792969,310.1033020019531,62462100,0.0,0.0,0.0
2023-04-21,315.9100036621094,317.3999938964844,314.1000061035156,316.6099853515625,310.4268798828125,59002300,0.0,0.0,0.0
2023-04-24,316.3800048828125,317.739990234375,313.739990234375,315.95001220703125,309.7797546386719,44043100,0.0,0.0,0.0
2023-04-25,314.2900085449219,314.9700012207031,309.8900146484375,309.989990234375,303.93609619140625,57121600,0.0,0.0,0.0
2023-04-26,313.44000244140625,314.94000244140625,311.3399963378906,311.8699951171875,305.77947998046875,55400500,0.0,0.0,0.0
2023-04-27,315.70001220703125,320.8599853515625,315.04998779296875,320.3500061035156,314.09381103515625,65430400,0.0,0.0,0.0
2023-04-28,320.1099853515625,322.6499938964844,318.9599914550781,322.55999755859375,316.26068115234375,59712600,0.0,0.0,0.0
2023-05-01,322.0899963378906,323.6300048828125,321.0899963378906,322.19000244140625,315.8979187011719,41013400,0.0,0.0,0.0
2023-05-02,322.1199951171875,322.45001220703125,317.6099853515625,319.3800048828125,313.14276123046875,56519400,0.0,0.0,0.0
2023-05-03,319.75,322.4700012207031,317.17999267578125,317.2900085449219,311.0935974121094,59882100,0.0,0.0,0.0
2023-05-04,317.05999755859375,318.2300109863281,315.1199951171875,316.1700134277344,309.9954833984375,50224500,0.0,0.0,0.0
2023-05-05,318.4700012207031,323.760009765625,316.2099914550781,322.8900146484375,316.584228515625,51806100,0.0,0.0,0.0
2023-05-08,322.4200134277344,324.0400085449219,321.32000732421875,323.69000244140625,317.36865234375,36465800,0.0,0.0,0.0
2023-05-09,322.0,322.8800048828125,321.32000732421875,321.6400146484375,315.35870361328125,31768800,0.0,0.0,0.0
2023-05-10,324.1199951171875,326.010009765625,321.6000061035156,325.1400146484375,318.7903137207031,60446600,0.0,0.0,0.0
2023-05-11,325.70001220703125,326.75,324.1199951171875,326.20001220703125,319.8296203613281,44278500,0.0,0.0,0.0
2023-05-12,326.739990234375,327.1700134277344,322.94000244140625,325.0299987792969,318.6824645996094,48432800,0.0,0.0,0.0
2023-05-15,325.510009765625,327.0299987792969,323.9599914550781,326.7900085449219,320.4080505371094,33375600,0.0,0.0,0.0
2023-05-16,326.05999755859375,328.8999938964844,326.0199890136719,327.1600036621094,320.7708435058594,40019200,0.0,0.0,0.0
2023-05-17,328.239990234375,331.7099914550781,327.0400085449219,331.1199951171875,324.6534729003906,47486100,0.0,0.0,0.0
2023-05-18,331.5199890136719,337.489990234375,331.5,337.2699890136719,330.6834411621094,64213500,0.0,0.0,0.0
2023-05-19,337.489990234375,338.2099914550781,335.42999267578125,336.510009765625,329.93829345703125,61554900,0.0,0.0,0.0
2023-05-22,336.25,338.6700134277344,336.239990234375,337.6400146484375,331.04620361328125,43015900,0.0,0.0,0.0
2023-05-23,335.8900146484375,337.05999755859375,333.0,333.3599853515625,326.84979248046875,48216700,0.0,0.0,0.0
2023-05-24,331.3699951171875,332.9100036621094,329.55999755859375,331.6499938964844,325.1732177734375,62891200,0.0,0.0,0.0
2023-05-25,339.1400146484375,341.010009765625,336.6700134277344,339.7200012207031,333.0855712890625,66862800,0.0,0.0,0.0
2023-05-26,340.760009765625,349.25,340.6600036621094,348.3999938964844,341.59600830078125,63007000,0.0,0.0,0.0
2023-05-30,352.7099914550781,353.92999267578125,348.5299987792969,349.9800109863281,343.1451721191406,72652200,0.0,0.0,0.0
2023-05-31,348.3699951171875,350.6000061035156,346.510009765625,347.989990234375,341.19403076171875,65105400,0.0,0.0,0.0
2023-06-01,347.7300109863281,353.3599853515625,346.6600036621094,352.010009765625,345.13555908203125,50488600,0.0,0.0,0.0
2023-06-02,353.79998779296875,355.8299865722656,352.010009765625,354.6499938964844,347.7240295410156,53372100,0.0,0.0,0.0
2023-06-05,354.42999267578125,357.5,353.8500061035156,354.8999938964844,347.9691162109375,47266200,0.0,0.0,0.0
2023-06-06,354.2799987792969,355.82000732421875,352.92999267578125,354.8399963378906,347.9103088378906,41390400,0.0,0.0,0.0
2023-06-07,355.1300048828125,357.1199951171875,348.17999267578125,348.82000732421875,342.0078430175781,69225900,0.0,0.0,0.0
2023-06-08,349.1199951171875,353.6199951171875,348.8900146484375,353.1499938964844,346.2532653808594,47153900,0.0,0.0,0.0
2023-06-09,354.6300048828125,357.6600036621094,353.0299987792969,354.5,347.576904296875,53196900,0.0,0.0,0.0
2023-06-12,356.19000244140625,360.5899963378906,355.20001220703125,360.489990234375,353.44989013671875,44606500,0.0,0.0,0.0
2023-06-13,363.2900085449219,364.1099853515625,360.0299987792969,363.260009765625,356.1658935546875,57097800,0.0,0.0,0.0
2023-06-14,363.2699890136719,366.19000244140625,360.4200134277344,365.8999938964844,358.7543640136719,69525600,0.0,0.0,0.0
2023-06-15,364.6099853515625,371.7699890136719,363.9800109863281,370.260009765625,363.02911376953125,71138800,0.0,0.0,0.0
2023-06-16,372.7200012207031,372.8500061035156,367.4800109863281,367.92999267578125,360.7445983886719,80932000,0.0,0.0,0.0
2023-06-20,365.95001220703125,368.32000732421875,363.8900146484375,366.8999938964844,360.2282409667969,49204700,0.504,0.0,0.0
2023-06-21,365.739990234375,366.17999267578125,360.9599914550781,361.8999938964844,355.3191223144531,53378300,0.0,0.0,0.0
2023-06-22,360.6300048828125,366.3299865722656,360.2200012207031,366.1700134277344,359.51153564453125,47603000,0.0,0.0,0.0
2023-06-23,362.2099914550781,364.8800048828125,360.82000732421875,362.5400085449219,355.947509765625,48922900,0.0,0.0,0.0
2023-06-26,362.0,364.8399963378906,357.5899963378906,357.67999267578125,351.1759338378906,52685500,0.0,0.0,0.0
2023-06-27,359.25,364.57000732421875,358.510009765625,363.8299865722656,357.2140197753906,49428100,0.0,0.0,0.0
2023-06-28,361.9800109863281,366.5199890136719,361.8999938964844,364.5400085449219,357.9111633300781,46498000,0.0,0.0,0.0
2023-06-29,364.239990234375,364.8900146484375,362.1400146484375,363.80999755859375,357.19439697265625,46151000,0.0,0.0,0.0
2023-06-30,367.54998779296875,370.489990234375,367.2300109863281,369.4200134277344,362.7024230957031,58712500,0.0,0.0,0.0
2023-07-03,370.07000732421875,370.92999267578125,368.9700012207031,370.2900085449219,363.556640625,19432900,0.0,0.0,0.0
2023-07-05,368.70001220703125,372.010009765625,368.6600036621094,370.2799987792969,363.5467224121094,34460900,0.0,0.0,0.0
2023-07-06,366.510009765625,367.9100036621094,364.5199890136719,367.4599914550781,360.77801513671875,49374700,0.0,0.0,0.0
2023-07-07,367.2300109863281,370.4800109863281,366.010009765625,366.239990234375,359.5801696777344,47133700,0.0,0.0,0.0
2023-07-10,365.9599914550781,367.04998779296875,363.4100036621094,366.3599853515625,359.697998046875,48498800,0.0,0.0,0.0
2023-07-11,366.7900085449219,368.6300048828125,364.6199951171875,368.1700134277344,361.4751281738281,38214100,0.0,0.0,0.0
2023-07-12,372.3399963378906,374.19000244140625,370.29998779296875,372.82000732421875,366.0406188964844,61975400,0.0,0.0,0.0
2023-07-13,376.04998779296875,379.989990234375,375.4599914550781,379.1499938964844,372.2554016113281,46960000,0.0,0.0,0.0
2023-07-14,379.5899963378906,382.8599853515625,378.17999267578125,379.07000732421875,372.17694091796875,55148500,0.0,0.0,0.0
2023-07-17,379.79998779296875,383.5,379.30999755859375,382.6099853515625,375.6524963378906,40868900,0.0,0.0,0.0
2023-07-18,381.9599914550781,387.1300048828125,380.0,385.739990234375,378.7255859375,55262000,0.0,0.0,0.0
2023-07-19,386.82000732421875,387.9800109863281,384.29998779296875,385.6499938964844,378.6372375488281,54093000,0.0,0.0,0.0
2023-07-20,382.6099853515625,384.1000061035156,375.7200012207031,376.760009765625,369.908935546875,71941700,0.0,0.0,0.0
2023-07-21,379.17999267578125,379.9200134277344,375.19000244140625,375.6300048828125,368.79949951171875,60499600,0.0,0.0,0.0
2023-07-24,376.6199951171875,377.5799865722656,374.3399963378906,376.2300109863281,369.3885498046875,40380100,0.0,0.0,0.0
2023-07-25,376.95001220703125,380.4700012207031,376.92999267578125,378.7799987792969,371.89215087890625,38894400,0.0,0.0,0.0
2023-07-26,377.7200012207031,379.239990234375,375.17999267578125,377.5199890136719,370.65509033203125,47075700,0.0,0.0,0.0
2023-07-27,383.07000732421875,384.7099914550781,375.30999755859375,376.6199951171875,369.77142333984375,63940200,0.0,0.0,0.0
2023-07-28,380.739990234375,384.5199890136719,380.2200012207031,383.4800109863281,376.5067443847656,56902900,0.0,0.0,0.0
2023-07-31,383.7900085449219,384.8800048828125,382.3399963378906,383.67999267578125,376.70306396484375,44019900,0.0,0.0,0.0
2023-08-01,382.30999755859375,383.55999755859375,380.69000244140625,382.7900085449219,375.8292541503906,41060600,0.0,0.0,0.0
2023-08-02,379.260009765625,379.260009765625,373.1300048828125,374.3900146484375,367.58203125,72687100,0.0,0.0,0.0
2023-08-03,371.94000244140625,375.95001220703125,371.7699890136719,373.7900085449219,366.9929504394531,47666400,0.0,0.0,0.0
2023-08-04,375.75,378.1000061035156,371.5299987792969,372.0400085449219,365.2746887207031,61702800,0.0,0.0,0.0
2023-08-07,373.8800048828125,375.2900085449219,371.510009765625,375.19000244140625,368.3674621582031,37230400,0.0,0.0,0.0
2023-08-08,372.6400146484375,372.6600036621094,368.82000732421875,372.0,365.2354736328125,44726500,0.0,0.0,0.0
2023-08-09,372.2900085449219,372.45001220703125,367.1400146484375,367.9100036621094,361.21990966796875,51150900,0.0,0.0,0.0
2023-08-10,370.9700012207031,374.3599853515625,367.0400085449219,368.5899963378906,361.8874816894531,72035300,0.0,0.0,0.0
2023-08-11,365.989990234375,368.0,364.69000244140625,366.239990234375,359.5801696777344,48707200,0.0,0.0,0.0
2023-08-14,365.42999267578125,370.4700012207031,364.70001220703125,370.3500061035156,363.6155090332031,42130800,0.0,0.0,0.0
2023-08-15,369.3599853515625,370.1700134277344,365.739990234375,366.4200134277344,359.7569885253906,45539900,0.0,0.0,0.0
2023-08-16,365.8699951171875,367.42999267578125,362.44000244140625,362.5400085449219,355.947509765625,53190500,0.0,0.0,0.0
2023-08-17,363.9599914550781,364.30999755859375,358.1600036621094,358.5799865722656,352.05950927734375,62604300,0.0,0.0,0.0
2023-08-18,355.260009765625,359.4100036621094,354.7099914550781,358.1300048828125,351.61767578125,61191400,0.0,0.0,0.0
2023-08-21,359.6199951171875,364.5899963378906,359.1499938964844,363.8999938964844,357.28277587890625,50696500,0.0,0.0,0.0
2023-08-22,366.54998779296875,366.55999755859375,362.67999267578125,363.3800048828125,356.77227783203125,44530200,0.0,0.0,0.0
2023-08-23,364.5799865722656,370.2200012207031,364.3599853515625,369.1099853515625,362.3980407714844,51770600,0.0,0.0,0.0
2023-08-24,372.6400146484375,372.739990234375,361.010009765625,361.2200012207031,354.6514892578125,66842500,0.0,0.0,0.0
2023-08-25,362.07000732421875,365.739990234375,358.5799865722656,364.0199890136719,357.40057373046875,69960500,0.0,0.0,0.0
2023-08-28,366.989990234375,367.7099914550781,364.25,366.760009765625,360.0907897949219,40910000,0.0,0.0,0.0
2023-08-29,366.55999755859375,375.1300048828125,366.2300109863281,374.7699890136719,367.955078125,58492400,0.0,0.0,0.0
2023-08-30,374.8800048828125,377.45001220703125,373.8599853515625,376.8599853515625,370.007080078125,41731500,0.0,0.0,0.0
2023-08-31,376.94000244140625,379.7200012207031,376.8699951171875,377.989990234375,371.1165466308594,35730700,0.0,0.0,0.0
2023-09-01,380.3999938964844,380.8299865722656,376.0799865722656,377.5899963378906,370.7237854003906,39801200,0.0,0.0,0.0
2023-09-05,376.7699890136719,379.30999755859375,375.8299865722656,378.07000732421875,371.1950378417969,32344200,0.0,0.0,0.0
2023-09-06,377.2799987792969,377.6300048828125,372.70001220703125,374.739990234375,367.9256591796875,42998700,0.0,0.0,0.0
2023-09-07,370.2099914550781,372.8500061035156,369.1499938964844,372.05999755859375,365.29437255859375,52060700,0.0,0.0,0.0
2023-09-08,372.010009765625,374.8500061035156,371.6000061035156,372.5799865722656,365.8049011230469,35800100,0.0,0.0,0.0
2023-09-11,375.6600036621094,377.489990234375,373.6600036621094,376.9700012207031,370.1150817871094,39936600,0.0,0.0,0.0
2023-09-12,375.2699890136719,376.95001220703125,372.5,372.7900085449219,366.0111083984375,41391000,0.0,0.0,0.0
2023-09-13,373.0299987792969,375.8399963378906,371.8800048828125,374.2099914550781,367.4053039550781,46300700,0.0,0.0,0.0
2023-09-14,375.989990234375,378.2699890136719,373.8900146484375,377.2699890136719,370.4096374511719,48039400,0.0,0.0,0.0
2023-09-15,375.9100036621094,376.32000732421875,369.8599853515625,370.80999755859375,364.0671081542969,69811200,0.0,0.0,0.0
2023-09-18,369.32000732421875,371.7900085449219,369.0299987792969,370.6600036621094,364.4466247558594,36903500,0.536,0.0,0.0
2023-09-19,369.32000732421875,370.67999267578125,366.79998779296875,369.8699951171875,363.66986083984375,37621700,0.0,0.0,0.0
2023-09-20,370.95001220703125,371.30999755859375,364.4599914550781,364.5400085449219,358.42926025390625,45514200,0.0,0.0,0.0
2023-09-21,360.79998779296875,361.6000061035156,357.69000244140625,357.8599853515625,351.86114501953125,69734800,0.0,0.0,0.0
2023-09-22,359.6300048828125,361.79998779296875,357.5899963378906,357.9100036621094,351.910400390625,51589700,0.0,0.0,0.0
2023-09-25,356.92999267578125,359.70001220703125,355.92999267578125,359.6099853515625,353.58184814453125,39168000,0.0,0.0,0.0
2023-09-26,356.989990234375,357.5400085449219,353.2099914550781,354.2099914550781,348.2723693847656,53657700,0.0,0.0,0.0
2023-09-27,355.3800048828125,356.9800109863281,351.3599853515625,355.0400085449219,349.0884704589844,56066000,0.0,0.0,0.0
2023-09-28,354.1099853515625,360.1700134277344,353.239990234375,358.010009765625,352.00872802734375,56453300,0.0,0.0,0.0
2023-09-29,361.5400085449219,362.95001220703125,357.0199890136719,358.2699890136719,352.2643127441406,64829600,0.0,0.0,0.0
2023-10-02,358.5400085449219,362.67999267578125,357.9200134277344,361.260009765625,355.2041931152344,51625100,0.0,0.0,0.0
2023-10-03,358.7799987792969,361.010009765625,353.2799987792969,354.9200134277344,348.97052001953125,60478500,0.0,0.0,0.0
2023-10-04,355.7699890136719,360.6099853515625,355.29998779296875,359.75,353.71954345703125,54786700,0.0,0.0,0.0
2023-10-05,359.739990234375,360.1499938964844,355.1400146484375,358.69000244140625,352.6772766113281,45897400,0.0,0.0,0.0
2023-10-06,355.6499938964844,365.9100036621094,354.8500061035156,364.70001220703125,358.5866394042969,75049100,0.0,0.0,0.0
2023-10-09,362.29998779296875,367.1099853515625,360.7799987792969,366.55999755859375,360.4153747558594,45304800,0.0,0.0,0.0
2023-10-10,366.8999938964844,371.2799987792969,366.3900146484375,368.5899963378906,362.4113464355469,46968800,0.0,0.0,0.0
2023-10-11,369.94000244140625,371.4100036621094,368.19000244140625,371.2200012207031,364.9972229003906,38215100,0.0,0.0,0.0
2023-10-12,371.7300109863281,373.739990234375,367.5,369.92999267578125,363.7288818359375,49587900,0.0,0.0,0.0
2023-10-13,370.57000732421875,371.1600036621094,363.8599853515625,365.2799987792969,359.1568298339844,52469900,0.0,0.0,0.0
2023-10-16,366.6199951171875,370.4800109863281,366.4700012207031,369.4100036621094,363.21759033203125,44201100,0.0,0.0,0.0
2023-10-17,365.80999755859375,369.9200134277344,363.6600036621094,368.20001220703125,362.0278625488281,50999100,0.0,0.0,0.0
2023-10-18,365.6700134277344,367.9100036621094,362.0199890136719,363.3699951171875,357.27880859375,54280500,0.0,0.0,0.0
2023-10-19,364.80999755859375,366.0199890136719,359.1600036621094,359.9700012207031,353.93585205078125,72274200,0.0,0.0,0.0
2023-10-20,359.4599914550781,360.0400085449219,354.3699951171875,354.6000061035156,348.6558532714844,72559700,0.0,0.0,0.0
2023-10-23,353.260009765625,359.260009765625,351.1199951171875,355.6700134277344,349.7079772949219,60665200,0.0,0.0,0.0
2023-10-24,357.510009765625,359.9100036621094,355.7900085449219,359.1300048828125,353.1099548339844,47082100,0.0,0.0,0.0
2023-10-25,356.70001220703125,356.8800048828125,349.75,350.3399963378906,344.46728515625,71190500,0.0,0.0,0.0
2023-10-26,349.1199951171875,350.07000732421875,342.3500061035156,343.6600036621094,337.8992004394531,78621400,0.0,0.0,0.0
2023-10-27,346.42999267578125,348.8399963378906,344.0799865722656,345.30999755859375,339.5216064453125,63476700,0.0,0.0,0.0
2023-10-30,347.8299865722656,350.5400085449219,346.45001220703125,349.20001220703125,343.346435546875,55298500,0.0,0.0,0.0
2023-10-31,349.2300109863281,351.25,346.6199951171875,350.8699951171875,344.9884033203125,47671900,0.0,0.0,0.0
2023-11-01,351.7200012207031,357.5299987792969,351.6199951171875,356.9599914550781,350.9762878417969,58992700,0.0,0.0,0.0
2023-11-02,361.5400085449219,363.67999267578125,360.29998779296875,363.44000244140625,357.3476867675781,58162400,0.0,0.0,0.0
2023-11-03,364.75,369.0199890136719,364.5199890136719,367.7099914550781,361.54608154296875,53280500,0.0,0.0,0.0
2023-11-06,368.489990234375,369.7799987792969,366.9100036621094,369.2099914550781,363.02093505859375,38848700,0.0,0.0,0.0
2023-11-07,370.2699890136719,373.5799865722656,369.04998779296875,372.70001220703125,366.45245361328125,50777400,0.0,0.0,0.0
2023-11-08,373.0799865722656,373.7900085449219,370.6199951171875,372.94000244140625,366.6883850097656,35663400,0.0,0.0,0.0
2023-11-09,373.6400146484375,374.79998779296875,369.57000732421875,370.07000732421875,363.8664855957031,53859400,0.0,0.0,0.0
2023-11-10,371.82000732421875,378.5400085449219,371.2799987792969,378.3900146484375,372.047119140625,58309800,0.0,0.0,0.0
2023-11-13,376.7900085449219,378.2799987792969,375.239990234375,377.2099914550781,370.8868713378906,40733500,0.0,0.0,0.0
2023-11-14,383.7099914550781,386.260009765625,383.17999267578125,385.3299865722656,378.8707275390625,67792600,0.0,0.0,0.0
2023-11-15,387.25,387.75,384.239990234375,385.6199951171875,379.1558532714844,54141400,0.0,0.0,0.0
2023-11-16,384.8399963378906,386.19000244140625,383.55999755859375,385.95001220703125,379.4803161621094,45343500,0.0,0.0,0.0
2023-11-17,385.2099914550781,387.07000732421875,384.2900085449219,386.0400085449219,379.5688171386719,46571900,0.0,0.0,0.0
2023-11-20,386.04998779296875,391.4100036621094,386.04998779296875,390.739990234375,384.1900329589844,44429600,0.0,0.0,0.0
2023-11-21,389.010009765625,389.2300109863281,386.70001220703125,388.4700012207031,381.9580993652344,43337000,0.0,0.0,0.0
2023-11-22,390.57000732421875,393.07000732421875,389.0400085449219,390.05999755859375,383.52142333984375,44121000,0.0,0.0,0.0
2023-11-24,389.6499938964844,390.25,388.5,389.510009765625,382.9806213378906,15718800,0.0,0.0,0.0
2023-11-27,389.010009765625,391.1499938964844,388.2799987792969,389.1700134277344,382.64642333984375,34139700,0.0,0.0,0.0
2023-11-28,388.4100036621094,390.7799987792969,388.04998779296875,390.19000244140625,383.6492919921875,35491100,0.0,0.0,0.0
2023-11-29,392.69000244140625,394.1400146484375,389.4599914550781,389.80999755859375,383.275634765625,38811700,0.0,0.0,0.0
2023-11-30,390.0799865722656,390.54998779296875,385.82000732421875,388.8299865722656,382.3121032714844,52834400,0.0,0.0,0.0
2023-12-01,387.75,390.5400085449219,386.07000732421875,389.94000244140625,383.4034423828125,40490100,0.0,0.0,0.0
2023-12-04,386.0899963378906,386.6000061035156,382.6600036621094,386.32000732421875,379.8441162109375,51186900,0.0,0.0,0.0
2023-12-05,384.3900146484375,388.5,384.2099914550781,387.2900085449219,380.79791259765625,42933000,0.0,0.0,0.0
2023-12-06,390.2699890136719,390.3699951171875,384.70001220703125,385.04998779296875,378.5953674316406,41994100,0.0,0.0,0.0
2023-12-07,388.07000732421875,391.2699890136719,386.9599914550781,390.42999267578125,383.8852233886719,49593500,0.0,0.0,0.0
2023-12-08,388.6700134277344,392.6199951171875,388.4800109863281,392.1700134277344,385.5960693359375,46687500,0.0,0.0,0.0
2023-12-11,391.739990234375,395.7900085449219,391.5299987792969,395.5199890136719,388.8899230957031,41198000,0.0,0.0,0.0
2023-12-12,395.55999755859375,398.7900085449219,394.4100036621094,398.6700134277344,391.98712158203125,39221200,0.0,0.0,0.0
2023-12-13,399.6199951171875,404.3599853515625,398.8399963378906,403.739990234375,396.9721374511719,55408100,0.0,0.0,0.0
2023-12-14,404.9800109863281,406.29998779296875,400.3399963378906,403.3900146484375,396.6280517578125,55447800,0.0,0.0,0.0
2023-12-15,404.17999267578125,406.5400085449219,403.57000732421875,405.3399963378906,398.5452880859375,62896600,0.0,0.0,0.0
2023-12-18,404.92999267578125,407.989990234375,404.6000061035156,407.0799865722656,401.05560302734375,46610000,0.808,0.0,0.0
2023-12-19,407.5400085449219,409.2799987792969,407.3500061035156,409.1600036621094,403.1048583984375,35711900,0.0,0.0,0.0
2023-12-20,408.3500061035156,410.4700012207031,402.8999938964844,403.0799865722656,397.1147766113281,54042400,0.0,0.0,0.0
2023-12-21,407.05999755859375,408.1400146484375,404.4700012207031,407.7699890136719,401.73541259765625,45568900,0.0,0.0,0.0
2023-12-22,409.0,409.9700012207031,406.4800109863281,408.3800048828125,402.33636474609375,34314000,0.0,0.0,0.0
2023-12-26,409.25,411.55999755859375,409.1499938964844,410.8800048828125,404.7994079589844,22722500,0.0,0.0,0.0
2023-12-27,410.95001220703125,411.7900085449219,410.0799865722656,411.5,405.62347412109375,31980500,0.216,0.0,0.0
2023-12-28,412.6700134277344,412.9200134277344,410.94000244140625,411.29998779296875,405.4262390136719,27029200,0.0,0.0,0.0
2023-12-29,411.2799987792969,411.6400146484375,407.5799865722656,409.5199890136719,403.6716613769531,42662100,0.0,0.0,0.0
2024-01-02,405.8399963378906,406.0899963378906,400.239990234375,402.5899963378906,396.8407287597656,58026900,0.0,0.0,0.0
2024-01-03,399.92999267578125,401.0,397.8900146484375,398.3299865722656,392.6415100097656,47002800,0.0,0.0,0.0
2024-01-04,396.44000244140625,399.5899963378906,396.05999755859375,396.2799987792969,390.62078857421875,39432800,0.0,0.0,0.0
2024-01-05,396.45001220703125,399.55999755859375,395.3399963378906,396.75,391.0840759277344,44922800,0.0,0.0,0.0
2024-01-08,397.989990234375,405.239990234375,397.8399963378906,404.95001220703125,399.1670227050781,42473800,0.0,0.0,0.0
2024-01-09,401.9100036621094,406.69000244140625,401.7099914550781,405.75,399.9555358886719,39132900,0.0,0.0,0.0
2024-01-10,406.07000732421875,409.5199890136719,405.1700134277344,408.5,402.6662902832031,33962800,0.0,0.0,0.0
2024-01-11,409.7900085449219,411.20001220703125,404.239990234375,409.3500061035156,403.5041809082031,54536200,0.0,0.0,0.0
2024-01-12,410.3999938964844,411.25,408.1499938964844,409.55999755859375,403.71112060546875,39595000,0.0,0.0,0.0
2024-01-16,408.30999755859375,411.1199951171875,406.8299865722656,409.5199890136719,403.6716613769531,43903000,0.0,0.0,0.0
2024-01-17,406.1700134277344,407.5899963378906,402.9200134277344,407.2099914550781,401.3946838378906,54386000,0.0,0.0,0.0
2024-01-18,410.5199890136719,413.5799865722656,409.1600036621094,412.989990234375,407.0921325683594,59562500,0.0,0.0,0.0
2024-01-19,415.2200012207031,421.3399963378906,414.6300048828125,421.17999267578125,415.1651611328125,70325100,0.0,0.0,0.0
2024-01-22,423.4100036621094,424.7300109863281,421.1199951171875,421.7300109863281,415.7073669433594,44880600,0.0,0.0,0.0
2024-01-23,422.42999267578125,423.70001220703125,420.57000732421875,423.4800109863281,417.4323425292969,33003800,0.0,0.0,0.0
2024-01-24,427.44000244140625,429.8500061035156,425.3299865722656,425.8299865722656,419.74884033203125,46948000,0.0,0.0,0.0
2024-01-25,428.3599853515625,429.0400085449219,423.9800109863281,426.3500061035156,420.2613220214844,44367200,0.0,0.0,0.0
2024-01-26,424.44000244140625,426.2099914550781,423.1499938964844,423.80999755859375,417.75762939453125,37137000,0.0,0.0,0.0
2024-01-29,424.2699890136719,428.3500061035156,423.6099853515625,428.1499938964844,422.03564453125,38694700,0.0,0.0,0.0
2024-01-30,427.1000061035156,427.67999267578125,424.3800048828125,425.29998779296875,419.22637939453125,36739000,0.0,0.0,0.0
2024-01-31,420.8500061035156,422.8699951171875,416.7900085449219,416.9700012207031,411.01531982421875,64010600,0.0,0.0,0.0
2024-02-01,418.7900085449219,422.3800048828125,417.80999755859375,421.8800048828125,415.8551940917969,51008600,0.0,0.0,0.0
2024-02-02,423.79998779296875,430.239990234375,422.7900085449219,429.010009765625,422.8833923339844,59602400,0.0,0.0,0.0
2024-02-05,429.07000732421875,429.6099853515625,425.0,428.45001220703125,422.3313903808594,39889200,0.0,0.0,0.0
2024-02-06,429.6099853515625,430.2200012207031,425.2200012207031,427.5899963378906,421.4836730957031,35846100,0.0,0.0,0.0
2024-02-07,430.4100036621094,432.8299865722656,429.0899963378906,431.989990234375,425.8208312988281,37712700,0.0,0.0,0.0
2024-02-08,432.1099853515625,433.55999755859375,431.4200134277344,432.7900085449219,426.6094055175781,29889900,0.0,0.0,0.0
2024-02-09,433.94000244140625,437.8500061035156,433.1400146484375,437.04998779296875,430.8085632324219,36943900,0.0,0.0,0.0
2024-02-12,436.94000244140625,439.1400146484375,434.6499938964844,435.3399963378906,429.12298583984375,33203300,0.0,0.0,0.0
2024-02-13,427.2799987792969,431.2699890136719,425.3299865722656,428.54998779296875,422.429931640625,64491700,0.0,0.0,0.0
2024-02-14,431.260009765625,433.6499938964844,428.8800048828125,433.2200012207031,427.03326416015625,45092700,0.0,0.0,0.0
2024-02-15,433.9200134277344,434.9800109863281,431.3299865722656,434.510009765625,428.3048095703125,38796100,0.0,0.0,0.0
2024-02-16,434.8900146484375,434.989990234375,429.8500061035156,430.57000732421875,424.421142578125,53716500,0.0,0.0,0.0
2024-02-20,428.54998779296875,430.0799865722656,423.5,427.32000732421875,421.2174987792969,53999500,0.0,0.0,0.0
2024-02-21,424.54998779296875,425.70001220703125,421.6300048828125,425.6099853515625,419.5318908691406,49779000,0.0,0.0,0.0
2024-02-22,434.489990234375,439.1199951171875,433.7099914550781,438.07000732421875,431.81402587890625,53887800,0.0,0.0,0.0
2024-02-23,439.6499938964844,440.5899963378906,435.7900085449219,436.7799987792969,430.54248046875,39853900,0.0,0.0,0.0
2024-02-26,437.6000061035156,438.6000061035156,436.3599853515625,436.54998779296875,430.3157043457031,33043200,0.0,0.0,0.0
2024-02-27,437.6700134277344,437.989990234375,435.0299987792969,437.6000061035156,431.3506774902344,33713200,0.0,0.0,0.0
2024-02-28,435.42999267578125,436.6700134277344,434.29998779296875,435.2699890136719,429.0539245605469,32938800,0.0,0.0,0.0
2024-02-29,438.2300109863281,440.0899963378906,435.0199890136719,439.0,432.7307434082031,42495200,0.0,0.0,0.0
2024-03-01,439.8999938964844,446.5799865722656,439.8399963378906,445.6099853515625,439.24627685546875,43853000,0.0,0.0,0.0
2024-03-04,445.6099853515625,446.0400085449219,443.7699890136719,444.0199890136719,437.6789855957031,34325700,0.0,0.0,0.0
2024-03-05,440.94000244140625,440.95001220703125,433.6499938964844,436.04998779296875,429.8228454589844,57917100,0.0,0.0,0.0
2024-03-06,440.32000732421875,441.989990234375,436.8900146484375,438.7900085449219,432.52374267578125,46234500,0.0,0.0,0.0
2024-03-07,442.4200134277344,446.7200012207031,440.8599853515625,445.45001220703125,439.088623046875,44526700,0.0,0.0,0.0
2024-03-08,445.80999755859375,448.6400146484375,438.3399963378906,439.0199890136719,432.75042724609375,72096000,0.0,0.0,0.0
2024-03-11,437.510009765625,438.6600036621094,435.44000244140625,437.3900146484375,431.1436767578125,45860000,0.0,0.0,0.0
2024-03-12,439.7300109863281,444.0199890136719,436.4599914550781,443.6600036621094,437.3241271972656,55300900,0.0,0.0,0.0
2024-03-13,442.6499938964844,442.6700134277344,439.1199951171875,440.25,433.962890625,37928700,0.0,0.0,0.0
2024-03-14,441.5,442.0299987792969,436.3900146484375,439.1400146484375,432.8687438964844,52195200,0.0,0.0,0.0
2024-03-15,436.07000732421875,438.8699951171875,432.739990234375,433.9200134277344,427.7232666015625,73069800,0.0,0.0,0.0
2024-03-18,438.7300109863281,441.0400085449219,437.239990234375,437.4800109863281,431.8026428222656,47323800,0.573,0.0,0.0
2024-03-19,435.45001220703125,438.9800109863281,433.3299865722656,438.57000732421875,432.87847900390625,43004100,0.0,0.0,0.0
2024-03-20,439.7799987792969,444.1099853515625,438.05999755859375,443.7699890136719,438.010986328125,43653500,0.0,0.0,0.0
2024-03-21,448.8800048828125,449.3399963378906,445.6700134277344,445.8699951171875,440.083740234375,39345700,0.0,0.0,0.0
2024-03-22,445.3500061035156,447.489990234375,444.489990234375,446.3800048828125,440.5871887207031,28253900,0.0,0.0,0.0
2024-03-25,443.54998779296875,446.260009765625,442.5400085449219,444.760009765625,438.9881591796875,27789200,0.0,0.0,0.0
2024-03-26,446.29998779296875,447.2300109863281,443.0899963378906,443.32000732421875,437.56683349609375,34142000,0.0,0.0,0.0
2024-03-27,446.44000244140625,446.5400085449219,441.92999267578125,444.8299865722656,439.0572204589844,41359200,0.0,0.0,0.0
2024-03-28,444.7799987792969,445.6400146484375,443.6499938964844,444.010009765625,438.2479248046875,36839600,0.0,0.0,0.0
2024-04-01,444.9700012207031,447.5299987792969,443.0199890136719,444.95001220703125,439.1756896972656,38729000,0.0,0.0,0.0
2024-04-02,440.0799865722656,441.42999267578125,438.0299987792969,441.1099853515625,435.3855285644531,44259700,0.0,0.0,0.0
2024-04-03,438.9599914550781,444.0,438.95001220703125,442.1000061035156,436.36260986328125,39949800,0.0,0.0,0.0
2024-04-04,446.3299865722656,446.95001220703125,435.1099853515625,435.3399963378906,429.69036865234375,57267700,0.0,0.0,0.0
2024-04-05,436.7799987792969,443.1700134277344,435.9599914550781,440.4700012207031,434.75384521484375,54744600,0.0,0.0,0.0
2024-04-08,441.4100036621094,442.5,439.20001220703125,440.6000061035156,434.88214111328125,28144900,0.0,0.0,0.0
2024-04-09,442.9599914550781,443.239990234375,437.44000244140625,442.2300109863281,436.4909973144531,39443600,0.0,0.0,0.0
2024-04-10,437.0,439.239990234375,436.2799987792969,438.3699951171875,432.68109130859375,61502200,0.0,0.0,0.0
2024-04-11,440.260009765625,446.3299865722656,437.9599914550781,445.3699951171875,439.5902099609375,45474600,0.0,0.0,0.0
2024-04-12,441.1000061035156,442.239990234375,436.8800048828125,438.2699890136719,432.5824279785156,53665000,0.0,0.0,0.0
2024-04-15,442.05999755859375,442.1499938964844,430.2099914550781,431.05999755859375,425.4659729003906,63453600,0.0,0.0,0.0
2024-04-16,430.8999938964844,433.760009765625,429.70001220703125,431.1000061035156,425.5054016113281,47619000,0.0,0.0,0.0
2024-04-17,433.1000061035156,433.1199951171875,424.8999938964844,425.8399963378906,420.31365966796875,56880500,0.0,0.0,0.0
2024-04-18,426.489990234375,428.239990234375,422.8299865722656,423.4100036621094,417.9151611328125,46549400,0.0,0.0,0.0
2024-04-19,422.2200012207031,422.75,413.07000732421875,414.6499938964844,409.2689208984375,75231000,0.0,0.0,0.0
2024-04-22,417.30999755859375,421.17999267578125,413.94000244140625,418.82000732421875,413.38482666015625,47807700,0.0,0.0,0.0
2024-04-23,420.7699890136719,426.2799987792969,418.8699951171875,425.07000732421875,419.5536804199219,44384700,0.0,0.0,0.0
2024-04-24,428.20001220703125,429.7300109863281,424.20001220703125,426.510009765625,420.97503662109375,48440300,0.0,0.0,0.0
2024-04-25,419.239990234375,425.32000732421875,418.1400146484375,424.45001220703125,418.94171142578125,57392200,0.0,0.0,0.0
2024-04-26,427.6199951171875,432.54998779296875,426.9200134277344,431.0,425.40673828125,41874900,0.0,0.0,0.0
2024-04-29,433.1300048828125,433.760009765625,429.9800109863281,432.75,427.1340637207031,30022200,0.0,0.0,0.0
2024-04-30,431.1499938964844,432.55999755859375,424.510009765625,424.5899963378906,419.0799560546875,43665900,0.0,0.0,0.0
2024-05-01,423.1499938964844,430.1400146484375,420.6600036621094,421.5199890136719,416.0497131347656,52251700,0.0,0.0,0.0
2024-05-02,425.29998779296875,427.80999755859375,420.6300048828125,426.8999938964844,421.35992431640625,36559000,0.0,0.0,0.0
2024-05-03,434.44000244140625,436.4800109863281,432.6199951171875,435.4800109863281,429.82855224609375,48515300,0.0,0.0,0.0
2024-05-06,437.29998779296875,440.3399963378906,436.5199890136719,440.25,434.5367126464844,30227200,0.0,0.0,0.0
2024-05-07,440.70001220703125,441.9700012207031,439.5799865722656,440.32000732421875,434.60577392578125,30996100,0.0,0.0,0.0
2024-05-08,437.6700134277344,441.4800109863281,437.54998779296875,440.05999755859375,434.34912109375,24896700,0.0,0.0,0.0
2024-05-09,440.3299865722656,441.6000061035156,438.4599914550781,441.0199890136719,435.2966613769531,24580100,0.0,0.0,0.0
2024-05-10,442.5400085449219,444.30999755859375,440.5,442.05999755859375,436.3232116699219,27116600,0.0,0.0,0.0
2024-05-13,443.989990234375,444.0899963378906,441.6499938964844,443.0799865722656,437.3299560546875,22994200,0.0,0.0,0.0
2024-05-14,442.6499938964844,446.4700012207031,442.4599914550781,445.92999267578125,440.14300537109375,34478300,0.0,0.0,0.0
2024-05-15,448.42999267578125,453.1499938964844,446.8999938964844,452.8999938964844,447.02252197265625,41464700,0.0,0.0,0.0
2024-05-16,452.7099914550781,454.69000244140625,451.80999755859375,451.9800109863281,446.1144714355469,34780400,0.0,0.0,0.0
2024-05-17,452.1099853515625,452.7200012207031,449.5400085449219,451.760009765625,445.8973388671875,35803700,0.0,0.0,0.0
2024-05-20,451.9800109863281,455.5799865722656,451.7900085449219,454.9100036621094,449.00640869140625,24474200,0.0,0.0,0.0
2024-05-21,453.0400085449219,455.989990234375,452.8399963378906,455.79998779296875,449.8848571777344,23167700,0.0,0.0,0.0
2024-05-22,456.05999755859375,456.82000732421875,453.0799865722656,455.7099914550781,449.7960510253906,25120000,0.0,0.0,0.0
2024-05-23,460.54998779296875,460.5799865722656,451.8500061035156,453.6600036621094,447.77264404296875,40899200,0.0,0.0,0.0
2024-05-24,455.2900085449219,459.2300109863281,453.57000732421875,457.95001220703125,452.0069885253906,29669500,0.0,0.0,0.0
2024-05-28,459.17999267578125,459.739990234375,456.69000244140625,459.67999267578125,453.7145080566406,26216800,0.0,0.0,0.0
2024-05-29,455.4800109863281,458.239990234375,455.3399963378906,456.44000244140625,450.5166320800781,29739200,0.0,0.0,0.0
2024-05-30,455.5,455.6400146484375,450.2099914550781,451.54998779296875,445.6900634765625,30536800,0.0,0.0,0.0
2024-05-31,451.7799987792969,452.4800109863281,443.05999755859375,450.7099914550781,444.86090087890625,55941300,0.0,0.0,0.0
2024-06-03,454.57000732421875,455.5799865722656,447.8999938964844,453.1300048828125,447.24951171875,32997500,0.0,0.0,0.0
2024-06-04,452.8699951171875,455.5799865722656,451.1300048828125,454.3699951171875,448.473388671875,23767400,0.0,0.0,0.0
2024-06-05,457.9800109863281,463.6099853515625,454.4100036621094,463.5299987792969,457.5145568847656,33817400,0.0,0.0,0.0
2024-06-06,464.2200012207031,464.5400085449219,462.19000244140625,463.3699951171875,457.35662841796875,21966800,0.0,0.0,0.0
2024-06-07,463.0,465.739990234375,461.8399963378906,462.9599914550781,456.9520263671875,25829700,0.0,0.0,0.0
2024-06-10,461.82000732421875,465.19000244140625,461.5299987792969,464.8299865722656,458.7976989746094,20660800,0.0,0.0,0.0
2024-06-11,463.5400085449219,468.1400146484375,462.0299987792969,468.0199890136719,461.9463195800781,22053300,0.0,0.0,0.0
2024-06-12,471.989990234375,476.5,471.2900085449219,474.1499938964844,467.9967041015625,34532600,0.0,0.0,0.0
2024-06-13,477.7200012207031,478.3900146484375,474.4200134277344,476.7200012207031,470.53338623046875,25859000,0.0,0.0,0.0
2024-06-14,476.5199890136719,479.260009765625,476.04998779296875,479.19000244140625,472.9713439941406,23372600,0.0,0.0,0.0
2024-06-17,479.4599914550781,486.8599853515625,478.1400146484375,485.05999755859375,478.76513671875,37054500,0.0,0.0,0.0
2024-06-18,485.010009765625,485.8999938964844,483.42999267578125,485.2099914550781,478.9132080078125,24438600,0.0,0.0,0.0
2024-06-20,486.4200134277344,486.8399963378906,479.6199951171875,481.4700012207031,475.22174072265625,33918700,0.0,0.0,0.0
2024-06-21,481.19000244140625,482.5400085449219,478.6700134277344,480.17999267578125,473.9485168457031,37456800,0.0,0.0,0.0
2024-06-24,478.17999267578125,479.92999267578125,473.82000732421875,473.9599914550781,468.5527648925781,37751000,0.762,0.0,0.0
2024-06-25,476.07000732421875,479.67999267578125,475.1199951171875,479.3800048828125,473.91094970703125,29014700,0.0,0.0,0.0
2024-06-26,478.54998779296875,480.9200134277344,478.1300048828125,480.3699951171875,474.8896484375,22737100,0.0,0.0,0.0
2024-06-27,480.1199951171875,483.1000061035156,479.29998779296875,481.6099853515625,476.115478515625,26222100,0.0,0.0,0.0
2024-06-28,482.4100036621094,487.20001220703125,478.4599914550781,479.1099853515625,473.64404296875,34881600,0.0,0.0,0.0
2024-07-01,480.0400085449219,482.489990234375,476.260009765625,481.9200134277344,476.42193603515625,24898300,0.0,0.0,0.0
2024-07-02,480.4100036621094,487.0400085449219,480.2799987792969,486.9800109863281,481.4242248535156,26723600,0.0,0.0,0.0
2024-07-03,486.2200012207031,491.1700134277344,486.2200012207031,491.0400085449219,485.4379577636719,18064900,0.0,0.0,0.0
2024-07-05,491.8900146484375,496.6000061035156,491.5899963378906,496.1600036621094,490.4994812011719,28495900,0.0,0.0,0.0
2024-07-08,496.5299987792969,497.8999938964844,495.5,497.3399963378906,491.666015625,22109400,0.0,0.0,0.0
2024-07-09,498.8699951171875,500.0,496.239990234375,497.7699890136719,492.0911865234375,25614500,0.0,0.0,0.0
2024-07-10,499.7099914550781,503.5199890136719,498.3900146484375,502.9599914550781,497.2219543457031,28046900,0.0,0.0,0.0
2024-07-11,503.07000732421875,503.2799987792969,490.7300109863281,491.92999267578125,486.3177490234375,49966600,0.0,0.0,0.0
2024-07-12,492.510009765625,499.6199951171875,492.0400085449219,494.82000732421875,489.1748046875,37109400,0.0,0.0,0.0
2024-07-15,496.6099853515625,501.010009765625,494.0899963378906,496.1499938964844,490.4895935058594,31151400,0.0,0.0,0.0
2024-07-16,497.6199951171875,498.44000244140625,493.1499938964844,496.3399963378906,490.677490234375,25950600,0.0,0.0,0.0
2024-07-17,488.2799987792969,488.79998779296875,481.70001220703125,481.7699890136719,476.2736511230469,56268800,0.0,0.0,0.0
2024-07-18,485.5299987792969,485.7099914550781,476.2699890136719,479.489990234375,474.0196533203125,49347400,0.0,0.0,0.0
2024-07-19,479.1499938964844,481.69000244140625,473.94000244140625,475.239990234375,469.8181457519531,42042900,0.0,0.0,0.0
2024-07-22,481.1600036621094,483.3500061035156,477.7099914550781,482.32000732421875,476.8173522949219,40300000,0.0,0.0,0.0
2024-07-23,481.4100036621094,484.42999267578125,480.1400146484375,480.6199951171875,475.1368103027344,23282500,0.0,0.0,0.0
2024-07-24,473.82000732421875,474.19000244140625,462.510009765625,463.3800048828125,458.0934753417969,58818600,0.0,0.0,0.0
2024-07-25,463.7200012207031,467.94000244140625,455.6300048828125,458.2699890136719,453.0417785644531,59256800,0.0,0.0,0.0
2024-07-26,462.6499938964844,465.92999267578125,459.7699890136719,462.9700012207031,457.6881408691406,39992100,0.0,0.0,0.0
2024-07-29,465.7099914550781,467.9100036621094,461.6199951171875,463.8999938964844,458.6075439453125,28218500,0.0,0.0,0.0
2024-07-30,465.8500061035156,466.55999755859375,454.1499938964844,457.5299987792969,452.3102111816406,41317200,0.0,0.0,0.0
2024-07-31,467.8699951171875,472.7900085449219,466.4100036621094,471.07000732421875,465.69573974609375,44552100,0.0,0.0,0.0
2024-08-01,471.760009765625,475.54998779296875,455.9800109863281,459.6600036621094,454.4159240722656,56653900,0.0,0.0,0.0
2024-08-02,450.8900146484375,453.57000732421875,444.4700012207031,448.75,443.6303405761719,66323200,0.0,0.0,0.0
2024-08-05,424.7099914550781,442.2900085449219,423.45001220703125,435.3699951171875,430.4030456542969,87483500,0.0,0.0,0.0
2024-08-06,437.2300109863281,447.07000732421875,434.55999755859375,439.5299987792969,434.51556396484375,63164400,0.0,0.0,0.0
2024-08-07,446.489990234375,449.0,434.3699951171875,434.7699890136719,429.8099060058594,54929200,0.0,0.0,0.0
2024-08-08,441.05999755859375,448.989990234375,437.1499938964844,448.07000732421875,442.9581298828125,47890100,0.0,0.0,0.0
2024-08-09,446.739990234375,452.05999755859375,445.6099853515625,450.4100036621094,445.2714538574219,33574000,0.0,0.0,0.0
2024-08-12,451.3900146484375,454.3699951171875,448.54998779296875,451.3800048828125,446.2303771972656,27795000,0.0,0.0,0.0
2024-08-13,455.82000732421875,462.8500061035156,455.67999267578125,462.5799865722656,457.3026123046875,40084500,0.0,0.0,0.0
2024-08-14,463.510009765625,465.1099853515625,458.3999938964844,462.7300109863281,457.4508972167969,34733700,0.0,0.0,0.0
2024-08-15,468.760009765625,474.82000732421875,468.3800048828125,474.4200134277344,469.007568359375,38280600,0.0,0.0,0.0
2024-08-16,472.6199951171875,476.4100036621094,471.6499938964844,475.0299987792969,469.610595703125,38383600,0.0,0.0,0.0
2024-08-19,475.1700134277344,481.30999755859375,473.3699951171875,481.2699890136719,475.7794189453125,23737700,0.0,0.0,0.0
2024-08-20,480.3500061035156,482.94000244140625,478.54998779296875,480.260009765625,474.7809143066406,29209300,0.0,0.0,0.0
2024-08-21,481.04998779296875,484.3699951171875,479.32000732421875,482.5,476.995361328125,25658800,0.0,0.0,0.0
2024-08-22,484.8399963378906,485.5400085449219,473.80999755859375,474.8500061035156,469.4325866699219,37739600,0.0,0.0,0.0
2024-08-23,479.239990234375,482.739990234375,475.2799987792969,480.0,474.52386474609375,36061500,0.0,0.0,0.0
2024-08-26,479.45001220703125,480.3800048828125,473.239990234375,475.3399963378906,469.91705322265625,27452600,0.0,0.0,0.0
2024-08-27,473.69000244140625,477.8399963378906,471.7099914550781,476.760009765625,471.3208312988281,27510000,0.0,0.0,0.0
2024-08-28,476.2900085449219,477.0199890136719,467.8900146484375,471.3500061035156,465.9725646972656,37372400,0.0,0.0,0.0
2024-08-29,473.2799987792969,477.92999267578125,469.3699951171875,470.6600036621094,465.2904357910156,41081500,0.0,0.0,0.0
2024-08-30,475.0400085449219,476.8999938964844,470.510009765625,476.2699890136719,470.83642578125,33466500,0.0,0.0,0.0
2024-09-03,473.20001220703125,473.3299865722656,459.4100036621094,461.80999755859375,456.5413818359375,44985200,0.0,0.0,0.0
2024-09-04,458.6700134277344,464.45001220703125,457.7300109863281,460.6099853515625,455.3550109863281,32505100,0.0,0.0,0.0
2024-09-05,458.9700012207031,465.3599853515625,457.94000244140625,461.0400085449219,455.7801818847656,34452400,0.0,0.0,0.0
2024-09-06,460.3299865722656,461.2200012207031,448.19000244140625,448.69000244140625,443.571044921875,50624400,0.0,0.0,0.0
2024-09-09,453.05999755859375,455.4599914550781,449.82000732421875,454.4599914550781,449.27520751953125,32981200,0.0,0.0,0.0
2024-09-10,456.239990234375,459.1700134277344,452.2300109863281,458.6600036621094,453.4273376464844,29680300,0.0,0.0,0.0
2024-09-11,459.9100036621094,469.3699951171875,451.2799987792969,468.6199951171875,463.273681640625,57843000,0.0,0.0,0.0
2024-09-12,468.6499938964844,474.0400085449219,466.8500061035156,473.2200012207031,467.8211975097656,40067800,0.0,0.0,0.0
2024-09-13,472.4800109863281,476.5299987792969,472.25,475.3399963378906,469.91705322265625,29111800,0.0,0.0,0.0
2024-09-16,473.19000244140625,473.8599853515625,469.8900146484375,473.239990234375,467.8409423828125,22585600,0.0,0.0,0.0
2024-09-17,476.2900085449219,477.6000061035156,470.9700012207031,473.489990234375,468.088134765625,30084400,0.0,0.0,0.0
2024-09-18,474.70001220703125,478.8299865722656,470.8299865722656,471.44000244140625,466.0615234375,39909200,0.0,0.0,0.0
2024-09-19,482.6099853515625,486.2300109863281,480.489990234375,483.3599853515625,477.8455505371094,52782500,0.0,0.0,0.0
2024-09-20,482.489990234375,483.69000244140625,478.29998779296875,482.44000244140625,476.93603515625,34577700,0.0,0.0,0.0
2024-09-23,482.95001220703125,484.1400146484375,481.6000061035156,483.0400085449219,478.2002258300781,24843000,0.677,0.0,0.0
2024-09-24,484.4599914550781,486.3299865722656,480.1700134277344,485.3699951171875,480.50689697265625,25952600,0.0,0.0,0.0
2024-09-25,484.739990234375,487.7900085449219,484.55999755859375,485.82000732421875,480.95233154296875,26549900,0.0,0.0,0.0
2024-09-26,493.3699951171875,493.70001220703125,485.79998779296875,489.4700012207031,484.5657653808594,32020200,0.0,0.0,0.0
2024-09-27,490.5,490.6400146484375,485.55999755859375,486.75,481.8730773925781,22851100,0.0,0.0,0.0
2024-09-30,485.7799987792969,488.4100036621094,482.9200134277344,488.07000732421875,483.1798095703125,30281100,0.0,0.0,0.0
2024-10-01,487.70001220703125,488.0,477.3999938964844,481.2699890136719,476.447998046875,42735400,0.0,0.0,0.0
2024-10-02,480.3599853515625,483.8800048828125,477.7200012207031,481.95001220703125,477.1211242675781,23744000,0.0,0.0,0.0
2024-10-03,479.739990234375,484.54998779296875,478.989990234375,481.5899963378906,476.7647705078125,25337200,0.0,0.0,0.0
2024-10-04,487.45001220703125,487.8800048828125,482.3900146484375,487.32000732421875,482.4373779296875,30686600,0.0,0.0,0.0
2024-10-07,485.3900146484375,486.57000732421875,480.8699951171875,482.1000061035156,477.2696533203125,24975100,0.0,0.0,0.0
2024-10-08,484.6600036621094,489.989990234375,483.8500061035156,489.29998779296875,484.3974914550781,28272000,0.0,0.0,0.0
2024-10-09,489.0,493.7300109863281,487.95001220703125,493.1499938964844,488.20892333984375,24995000,0.0,0.0,0.0
2024-10-10,490.8500061035156,494.4700012207031,489.5299987792969,492.5899963378906,487.6545104980469,25750400,0.0,0.0,0.0
2024-10-11,490.739990234375,494.3900146484375,490.1700134277344,493.3599853515625,488.41680908203125,20644500,0.0,0.0,0.0
2024-10-14,495.7699890136719,498.8299865722656,495.260009765625,497.5,492.5153503417969,26060100,0.0,0.0,0.0
2024-10-15,497.8299865722656,498.5,488.67999267578125,490.8500061035156,485.9320068359375,34784500,0.0,0.0,0.0
2024-10-16,491.17999267578125,491.69000244140625,487.57000732421875,490.9100036621094,485.9913635253906,22996800,0.0,0.0,0.0
2024-10-17,496.44000244140625,496.489990234375,491.19000244140625,491.25,486.3279724121094,27210700,0.0,0.0,0.0
2024-10-18,494.05999755859375,495.57000732421875,493.29998779296875,494.4700012207031,489.5156555175781,25335000,0.0,0.0,0.0
2024-10-21,493.25,496.2300109863281,491.30999755859375,495.4200134277344,490.4561767578125,30336500,0.0,0.0,0.0
2024-10-22,492.7300109863281,497.45001220703125,491.9700012207031,495.9599914550781,490.9907531738281,26685800,0.0,0.0,0.0
2024-10-23,493.5899963378906,494.25,485.04998779296875,488.3599853515625,483.4669189453125,39346600,0.0,0.0,0.0
2024-10-24,492.1099853515625,493.0,489.44000244140625,492.32000732421875,487.3872375488281,22024900,0.0,0.0,0.0
2024-10-25,495.1400146484375,500.2799987792969,494.42999267578125,495.32000732421875,490.3571472167969,38762100,0.0,0.0,0.0
2024-10-28,498.4599914550781,498.5199890136719,495.1000061035156,495.3999938964844,490.43634033203125,20477800,0.0,0.0,0.0
2024-10-29,495.7200012207031,501.3500061035156,493.8500061035156,500.1600036621094,495.1487121582031,28014100,0.0,0.0,0.0
2024-10-30,499.3900146484375,500.3500061035156,495.8900146484375,496.3800048828125,491.4065856933594,29756000,0.0,0.0,0.0
2024-10-31,492.3800048828125,492.42999267578125,483.75,483.8500061035156,479.00213623046875,41245200,0.0,0.0,0.0
2024-11-01,485.5,490.75,485.20001220703125,487.42999267578125,482.54620361328125,33655800,0.0,0.0,0.0
2024-11-04,486.82000732421875,489.3800048828125,484.25,486.010009765625,481.1405029296875,23291600,0.0,0.0,0.0
2024-11-05,487.6099853515625,492.8800048828125,487.5199890136719,492.2099914550781,487.2783508300781,24353600,0.0,0.0,0.0
2024-11-06,500.55999755859375,506.4100036621094,499.6000061035156,505.5799865722656,500.514404296875,43082200,0.0,0.0,0.0
2024-11-07,508.3999938964844,514.3300170898438,508.3399963378906,513.5399780273438,508.3946838378906,32853100,0.0,0.0,0.0
2024-11-08,513.0399780273438,514.9199829101562,512.4099731445312,514.1400146484375,508.9886474609375,22924500,0.0,0.0,0.0
2024-11-11,515.3699951171875,515.5800170898438,510.9200134277344,513.8400268554688,508.6916198730469,24167500,0.0,0.0,0.0
2024-11-12,513.77001953125,514.6599731445312,509.8299865722656,512.9099731445312,507.7709655761719,25835300,0.0,0.0,0.0
2024-11-13,512.4000244140625,514.97998046875,509.95001220703125,512.25,507.1175842285156,24567400,0.0,0.0,0.0
2024-11-14,511.9100036621094,512.7899780273438,507.7699890136719,508.69000244140625,503.5932312011719,28679500,0.0,0.0,0.0
2024-11-15,502.94000244140625,503.3299865722656,494.489990234375,496.57000732421875,491.5946960449219,51461100,0.0,0.0,0.0
2024-11-18,498.1300048828125,502.1400146484375,496.7300109863281,500.0199890136719,495.0101013183594,27080800,0.0,0.0,0.0
2024-11-19,497.4200134277344,503.95001220703125,497.0799865722656,503.4599914550781,498.4156188964844,24523000,0.0,0.0,0.0
2024-11-20,503.1600036621094,503.4800109863281,496.55999755859375,503.1700134277344,498.1285095214844,29565500,0.0,0.0,0.0
2024-11-21,506.239990234375,506.9599914550781,497.55999755859375,504.9800109863281,499.9203796386719,34526700,0.0,0.0,0.0
2024-11-22,504.4200134277344,506.5299987792969,502.7799987792969,505.7900085449219,500.72235107421875,23826600,0.0,0.0,0.0
2024-11-25,509.8999938964844,511.45001220703125,504.260009765625,506.5899963378906,501.5142822265625,26375200,0.0,0.0,0.0
2024-11-26,508.0799865722656,510.1400146484375,507.2300109863281,509.30999755859375,504.2070007324219,26557100,0.0,0.0,0.0
2024-11-27,508.1700134277344,508.239990234375,501.92999267578125,505.29998779296875,500.2371520996094,24957400,0.0,0.0,0.0
2024-11-29,505.92999267578125,510.3399963378906,505.30999755859375,509.739990234375,504.6326904296875,15334000,0.0,0.0,0.0
2024-12-02,511.010009765625,516.260009765625,510.6199951171875,515.2899780273438,510.12713623046875,25147200,0.0,0.0,0.0
2024-12-03,513.9500122070312,517.1500244140625,513.3699951171875,516.8699951171875,511.6912536621094,18597900,0.0,0.0,0.0
2024-12-04,520.3200073242188,523.52001953125,519.5999755859375,523.260009765625,518.0172729492188,26086200,0.0,0.0,0.0
2024-12-05,523.3099975585938,524.0399780273438,521.4199829101562,521.8099975585938,516.5817260742188,18169600,0.0,0.0,0.0
2024-12-06,522.47998046875,526.719970703125,522.3499755859375,526.47998046875,521.2050170898438,23762600,0.0,0.0,0.0
2024-12-09,525.5499877929688,526.3499755859375,521.219970703125,522.3800048828125,517.1459350585938,20674400,0.0,0.0,0.0
2024-12-10,523.6199951171875,525.3800048828125,519.1599731445312,520.5999755859375,515.3839721679688,24350000,0.0,0.0,0.0
2024-12-11,525.0,530.6099853515625,524.5900268554688,529.9199829101562,524.6105346679688,32168600,0.0,0.0,0.0
2024-12-12,527.6799926757812,528.9600219726562,526.02001953125,526.5,521.2247924804688,23577500,0.0,0.0,0.0
2024-12-13,530.4600219726562,533.1699829101562,527.2999877929688,530.530029296875,525.2144165039062,28780400,0.0,0.0,0.0
2024-12-16,533.0800170898438,539.1500244140625,533.0,538.1699829101562,532.77783203125,31979900,0.0,0.0,0.0
2024-12-17,536.3599853515625,537.47998046875,534.1300048828125,535.7999877929688,530.4315185546875,28579100,0.0,0.0,0.0
2024-12-18,535.1500244140625,536.8800048828125,515.010009765625,516.469970703125,511.2953186035156,54703200,0.0,0.0,0.0
2024-12-19,521.1900024414062,521.760009765625,513.8300170898438,514.1699829101562,509.018310546875,46441800,0.0,0.0,0.0
2024-12-20,510.44000244140625,524.8200073242188,509.2900085449219,518.6599731445312,513.4633178710938,60530000,0.0,0.0,0.0
2024-12-23,519.5499877929688,523.25,516.1300048828125,522.8699951171875,518.4658203125,29672800,0.835,0.0,0.0
2024-12-24,524.8300170898438,530.0499877929688,524.1900024414062,529.9600219726562,525.4961547851562,17558200,0.0,0.0,0.0
2024-12-26,528.3200073242188,531.239990234375,526.3099975585938,529.5999755859375,525.1390991210938,19090500,0.0,0.0,0.0
2024-12-27,526.010009765625,526.4500122070312,517.8599853515625,522.5599975585938,518.158447265625,33839600,0.0,0.0,0.0
2024-12-30,515.510009765625,519.3599853515625,511.8299865722656,515.6099853515625,511.2669372558594,34584000,0.0,0.0,0.0
2024-12-31,516.9000244140625,517.6599731445312,510.260009765625,511.2300109863281,506.9239196777344,29117000,0.0,0.0,0.0
2025-01-02,514.2999877929688,516.6400146484375,505.7099914550781,510.2300109863281,505.9323425292969,36389800,0.0,0.0,0.0
2025-01-03,513.3499755859375,519.6500244140625,512.530029296875,518.5800170898438,514.2119750976562,29059500,0.0,0.0,0.0
2025-01-06,524.02001953125,527.9199829101562,522.030029296875,524.5399780273438,520.1217651367188,36109700,0.0,0.0,0.0
2025-01-07,525.5900268554688,525.989990234375,513.280029296875,515.1799926757812,510.84063720703125,36690300,0.0,0.0,0.0
2025-01-08,515.0800170898438,516.9199829101562,510.57000732421875,515.27001953125,510.92987060546875,30777800,0.0,0.0,0.0
2025-01-10,511.4800109863281,511.5799865722656,503.9200134277344,507.19000244140625,502.9179382324219,40532500,0.0,0.0,0.0
2025-01-13,501.20001220703125,506.0199890136719,499.70001220703125,505.55999755859375,501.30169677734375,31694200,0.0,0.0,0.0
2025-01-14,508.739990234375,510.1600036621094,501.5899963378906,505.0799865722656,500.8256530761719,33737200,0.0,0.0,0.0
2025-01-15,513.030029296875,517.8499755859375,511.4599914550781,516.7000122070312,512.3479614257812,34957600,0.0,0.0,0.0
2025-01-16,518.97998046875,519.0599975585938,512.9500122070312,513.0800170898438,508.7583312988281,28229000,0.0,0.0,0.0
2025-01-17,522.8499755859375,524.0700073242188,513.1099853515625,521.739990234375,517.3453979492188,51837900,0.0,0.0,0.0
2025-01-21,524.47998046875,525.969970703125,520.0599975585938,524.7999877929688,520.3795166015625,23628000,0.0,0.0,0.0
2025-01-22,529.5700073242188,533.8200073242188,529.260009765625,531.510009765625,527.0330810546875,33593000,0.0,0.0,0.0
2025-01-23,529.0399780273438,532.760009765625,528.4500122070312,532.6400146484375,528.153564453125,23096600,0.0,0.0,0.0
2025-01-24,533.02001953125,533.7899780273438,528.1500244140625,529.6300048828125,525.1689453125,19878300,0.0,0.0,0.0
2025-01-27,511.0,517.989990234375,510.1499938964844,514.2100219726562,509.8788146972656,60771700,0.0,0.0,0.0
2025-01-28,515.219970703125,523.0,511.7799987792969,521.8099975585938,517.4147338867188,33194200,0.0,0.0,0.0
2025-01-29,522.4600219726562,522.5900268554688,516.9000244140625,520.8300170898438,516.4429931640625,26649000,0.0,0.0,0.0
2025-01-30,523.7100219726562,526.0999755859375,518.2100219726562,523.0499877929688,518.644287109375,27431300,0.0,0.0,0.0
2025-01-31,526.9199829101562,531.52001953125,521.1900024414062,522.2899780273438,517.8907470703125,38755200,0.0,0.0,0.0
2025-02-03,513.469970703125,520.8499755859375,511.04998779296875,518.1099853515625,513.7459716796875,40580800,0.0,0.0,0.0
2025-02-04,518.6300048828125,525.1099853515625,518.22998046875,524.469970703125,520.0523681640625,26046800,0.0,0.0,0.0
2025-02-05,521.8200073242188,527.010009765625,520.6199951171875,526.8499755859375,522.4121704101562,21134100,0.0,0.0,0.0
2025-02-06,527.3599853515625,529.8099975585938,525.739990234375,529.5999755859375,525.1390991210938,19434500,0.0,0.0,0.0
2025-02-07,530.1400146484375,532.0999755859375,522.1900024414062,522.9199829101562,518.5154418945312,29605500,0.0,0.0,0.0
2025-02-10,527.219970703125,530.3599853515625,526.75,529.25,524.7921142578125,20852800,0.0,0.0,0.0
2025-02-11,525.9600219726562,529.9199829101562,525.8300170898438,527.989990234375,523.542724609375,19325500,0.0,0.0,0.0
2025-02-12,522.2999877929688,529.1900024414062,521.9500122070312,528.2999877929688,523.85009765625,25009400,0.0,0.0,0.0
2025-02-13,529.97998046875,536.219970703125,529.1900024414062,535.9000244140625,531.3861083984375,28714800,0.0,0.0,0.0
2025-02-14,536.010009765625,538.8400268554688,535.6699829101562,538.1500244140625,533.6171875,17862600,0.0,0.0,0.0
2025-02-18,539.72998046875,540.0,536.0399780273438,539.3699951171875,534.826904296875,20565000,0.0,0.0,0.0
2025-02-19,538.5700073242188,540.8099975585938,536.4600219726562,539.52001953125,534.9756469726562,19666900,0.0,0.0,0.0
2025-02-20,538.72998046875,539.0999755859375,532.4600219726562,537.22998046875,532.704833984375,26550800,0.0,0.0,0.0
2025-02-21,538.3800048828125,538.4000244140625,525.7100219726562,526.0800170898438,521.6487426757812,47093800,0.0,0.0,0.0
2025-02-24,527.8800048828125,529.0700073242188,519.530029296875,519.8699951171875,515.4911499023438,39268400,0.0,0.0,0.0
2025-02-25,519.239990234375,519.3200073242188,509.44000244140625,513.3200073242188,508.99627685546875,48940000,0.0,0.0,0.0
2025-02-26,515.530029296875,519.6599731445312,511.3699951171875,514.5599975585938,510.2258605957031,34457600,0.0,0.0,0.0
2025-02-27,518.1300048828125,519.0700073242188,500.04998779296875,500.2699890136719,496.0562438964844,52448000,0.0,0.0,0.0
2025-02-28,500.1300048828125,508.7799987792969,496.92999267578125,508.1700134277344,503.8896179199219,47654000,0.0,0.0,0.0
2025-03-03,511.5199890136719,513.0399780273438,493.5799865722656,497.04998779296875,492.86334228515625,44587200,0.0,0.0,0.0
2025-03-04,494.17999267578125,503.739990234375,487.739990234375,495.54998779296875,491.3759765625,67875400,0.0,0.0,0.0
2025-03-05,496.20001220703125,503.6300048828125,491.260009765625,502.010009765625,497.7815856933594,46323700,0.0,0.0,0.0
2025-03-06,493.69000244140625,498.5799865722656,486.20001220703125,488.20001220703125,484.0878601074219,57574300,0.0,0.0,0.0
2025-03-07,487.1600036621094,493.2799987792969,480.5299987792969,491.7900085449219,487.64764404296875,54714700,0.0,0.0,0.0
2025-03-10,483.45001220703125,483.9700012207031,468.6600036621094,472.7300109863281,468.7481994628906,76668000,0.0,0.0,0.0
2025-03-11,472.3500061035156,478.80999755859375,467.010009765625,471.6000061035156,467.6277160644531,68760800,0.0,0.0,0.0
2025-03-12,479.1600036621094,481.05999755859375,471.7900085449219,476.9200134277344,472.9029235839844,46971100,0.0,0.0,0.0
2025-03-13,476.25,476.2799987792969,466.42999267578125,468.3399963378906,464.3951721191406,46563300,0.0,0.0,0.0
2025-03-14,473.7300109863281,480.55999755859375,473.1199951171875,479.6600036621094,475.6198425292969,43563000,0.0,0.0,0.0
2025-03-17,479.6099853515625,485.8399963378906,477.79998779296875,482.7699890136719,478.70355224609375,41744400,0.0,0.0,0.0
2025-03-18,479.4100036621094,479.6099853515625,472.4100036621094,474.5400085449219,470.54296875,39072300,0.0,0.0,0.0
2025-03-19,476.80999755859375,485.3299865722656,474.8699951171875,480.8900146484375,476.8394775390625,40430300,0.0,0.0,0.0
2025-03-20,476.8800048828125,484.54998779296875,476.17999267578125,479.260009765625,475.2231750488281,36780500,0.0,0.0,0.0
2025-03-21,474.0799865722656,481.6099853515625,472.9100036621094,480.8399963378906,476.7898864746094,42234900,0.0,0.0,0.0
2025-03-24,487.739990234375,491.510009765625,484.3999938964844,490.6600036621094,487.2527160644531,34567200,0.716,0.0,0.0
2025-03-25,491.3900146484375,493.6199951171875,490.4200134277344,493.4599914550781,490.03326416015625,26035200,0.0,0.0,0.0
2025-03-26,492.29998779296875,493.1600036621094,482.82000732421875,484.3800048828125,481.0163269042969,34627100,0.0,0.0,0.0
2025-03-27,482.4100036621094,486.5799865722656,480.25,481.6199951171875,478.27545166015625,33469800,0.0,0.0,0.0
2025-03-28,479.80999755859375,480.5199890136719,468.04998779296875,468.94000244140625,465.68353271484375,46363800,0.0,0.0,0.0
2025-03-31,461.9200134277344,469.8599853515625,457.3299865722656,468.9200134277344,465.6636657714844,53000300,0.0,0.0,0.0
2025-04-01,467.29998779296875,473.6300048828125,464.4200134277344,472.70001220703125,469.4173889160156,41156200,0.0,0.0,0.0
2025-04-02,466.1199951171875,479.55999755859375,465.8599853515625,476.1499938964844,472.8434753417969,49894500,0.0,0.0,0.0
2025-04-03,456.44000244140625,460.07000732421875,450.1400146484375,450.6600036621094,447.5304260253906,70456300,0.0,0.0,0.0
2025-04-04,438.1400146484375,440.3699951171875,422.6700134277344,422.6700134277344,419.7348327636719,117088400,0.0,0.0,0.0
2025-04-07,408.6600036621094,443.1400146484375,402.3900146484375,423.69000244140625,420.7477722167969,161557000,0.0,0.0,0.0
2025-04-08,438.1600036621094,443.1400146484375,409.7900085449219,416.05999755859375,413.1707458496094,101248100,0.0,0.0,0.0
2025-04-09,415.57000732421875,467.8299865722656,415.42999267578125,466.0,462.7639465332031,142876900,0.0,0.0,0.0
2025-04-10,453.55999755859375,455.5899963378906,432.6300048828125,446.17999267578125,443.08154296875,108384100,0.0,0.0,0.0
2025-04-11,444.6499938964844,455.7900085449219,441.3299865722656,454.3999938964844,451.2445068359375,52483800,0.0,0.0,0.0
2025-04-14,464.4599914550781,465.04998779296875,452.6300048828125,457.4800109863281,454.3031005859375,43941200,0.0,0.0,0.0
2025-04-15,458.5400085449219,462.3800048828125,456.1499938964844,457.989990234375,454.8095703125,35404200,0.0,0.0,0.0
2025-04-16,449.0299987792969,452.6199951171875,437.760009765625,444.17999267578125,441.0954284667969,48980600,0.0,0.0,0.0
2025-04-17,447.1700134277344,447.75,441.3599853515625,444.1000061035156,441.0160217285156,44837000,0.0,0.0,0.0
2025-04-21,438.2300109863281,439.0799865722656,427.92999267578125,433.1099853515625,430.1023254394531,44149300,0.0,0.0,0.0
2025-04-22,438.82000732421875,447.5799865722656,437.6199951171875,444.4800109863281,441.39337158203125,52304400,0.0,0.0,0.0
2025-04-23,458.1700134277344,463.3800048828125,452.8800048828125,454.55999755859375,451.4034118652344,55801100,0.0,0.0,0.0
2025-04-24,456.4800109863281,467.6600036621094,455.8299865722656,467.3500061035156,464.1045837402344,45956100,0.0,0.0,0.0
2025-04-25,466.9700012207031,473.0899963378906,465.3900146484375,472.55999755859375,469.27838134765625,38697100,0.0,0.0,0.0
2025-04-28,473.0299987792969,474.80999755859375,466.0299987792969,472.4100036621094,469.1294250488281,33550800,0.0,0.0,0.0
2025-04-29,470.1700134277344,476.4200134277344,469.5899963378906,475.5299987792969,472.227783203125,30613100,0.0,0.0,0.0
2025-04-30,467.1300048828125,477.20001220703125,462.42999267578125,475.4700012207031,472.16815185546875,46810600,0.0,0.0,0.0
2025-05-01,483.4100036621094,487.17999267578125,480.739990234375,481.67999267578125,478.3350524902344,43316500,0.0,0.0,0.0
2025-05-02,486.5400085449219,490.9100036621094,484.8299865722656,488.8299865722656,485.43536376953125,39218100,0.0,0.0,0.0
2025-05-05,484.6000061035156,489.0299987792969,484.1000061035156,485.92999267578125,482.5555419921875,28309500,0.0,0.0,0.0
2025-05-06,479.55999755859375,485.04998779296875,478.19000244140625,481.4100036621094,478.0669250488281,32786300,0.0,0.0,0.0
2025-05-07,482.0799865722656,485.79998779296875,476.7799987792969,483.29998779296875,479.9438171386719,38006300,0.0,0.0,0.0
2025-05-08,488.5299987792969,492.70001220703125,484.1700134277344,488.2900085449219,484.8991394042969,39577600,0.0,0.0,0.0
2025-05-09,490.2099914550781,491.5400085449219,486.20001220703125,487.9700012207031,484.5813903808594,27767400,0.0,0.0,0.0
2025-05-12,506.989990234375,507.8900146484375,501.4800109863281,507.8500061035156,504.32330322265625,45090600,0.0,0.0,0.0
2025-05-13,509.1600036621094,517.3900146484375,508.4200134277344,515.5900268554688,512.0095825195312,53269600,0.0,0.0,0.0
2025-05-14,516.77001953125,519.22998046875,515.75,518.6799926757812,515.0780639648438,47014500,0.0,0.0,0.0
2025-05-15,516.52001953125,521.9299926757812,515.1699829101562,519.25,515.6441650390625,50153300,0.0,0.0,0.0
2025-05-16,520.6599731445312,521.7000122070312,517.0999755859375,521.510009765625,517.8885498046875,48394600,0.0,0.0,0.0
2025-05-19,514.239990234375,522.530029296875,514.239990234375,522.010009765625,518.3849487304688,52536200,0.0,0.0,0.0
2025-05-20,519.469970703125,520.9299926757812,516.6599731445312,520.27001953125,516.6571044921875,42517600,0.0,0.0,0.0
2025-05-21,516.27001953125,523.0,511.239990234375,513.0399780273438,509.4772644042969,71292800,0.0,0.0,0.0
2025-05-22,513.6599731445312,517.7100219726562,512.2999877929688,514.0,510.4306640625,55607200,0.0,0.0,0.0
2025-05-23,506.17999267578125,511.8399963378906,505.5799865722656,509.239990234375,505.7036437988281,58368100,0.0,0.0,0.0
2025-05-27,516.1500244140625,521.7100219726562,514.5900268554688,521.219970703125,517.6004638671875,47226300,0.0,0.0,0.0
2025-05-28,522.1799926757812,523.6799926757812,518.3900146484375,518.9099731445312,515.3064575195312,46637200,0.0,0.0,0.0
2025-05-29,526.3300170898438,526.47998046875,517.3200073242188,519.9299926757812,516.3194580078125,58513300,0.0,0.0,0.0
2025-05-30,519.4400024414062,520.6799926757812,511.92999267578125,519.1099853515625,515.5050048828125,67662800,0.0,0.0,0.0
2025-06-02,517.239990234375,523.4500122070312,515.969970703125,523.2100219726562,519.5767211914062,44762800,0.0,0.0,0.0
2025-06-03,523.5599975585938,528.739990234375,522.6900024414062,527.2999877929688,523.63818359375,44070300,0.0,0.0,0.0
2025-06-04,528.010009765625,529.8400268554688,525.969970703125,528.77001953125,525.0980224609375,41359300,0.0,0.0,0.0
2025-06-05,530.1799926757812,533.0499877929688,522.6599731445312,524.7899780273438,521.1456909179688,61031200,0.0,0.0,0.0
2025-06-06,530.0,531.7999877929688,528.2100219726562,529.9199829101562,526.239990234375,42467000,0.0,0.0,0.0
2025-06-09,530.1400146484375,532.3499755859375,529.010009765625,530.7000122070312,527.0147094726562,33688700,0.0,0.0,0.0
2025-06-10,531.1699829101562,534.9000244140625,528.8900146484375,534.2100219726562,530.5003662109375,40664800,0.0,0.0,0.0
2025-06-11,535.6199951171875,536.780029296875,530.1099853515625,532.4099731445312,528.7127685546875,53701000,0.0,0.0,0.0
2025-06-12,531.0900268554688,534.6400146484375,530.8400268554688,533.6599731445312,529.9540405273438,34104900,0.0,0.0,0.0
2025-06-13,527.6799926757812,531.8699951171875,525.72998046875,526.9600219726562,523.3006591796875,55814400,0.0,0.0,0.0
2025-06-16,530.5,535.3699951171875,530.4500122070312,534.2899780273438,530.5797119140625,37622100,0.0,0.0,0.0
2025-06-17,531.7100219726562,533.3300170898438,527.9099731445312,529.0800170898438,525.4058227539062,42180900,0.0,0.0,0.0
2025-06-18,530.0999755859375,532.5499877929688,527.4000244140625,528.989990234375,525.3165283203125,43983500,0.0,0.0,0.0
2025-06-20,532.260009765625,533.5599975585938,524.8800048828125,526.8300170898438,523.1715087890625,61643500,0.0,0.0,0.0
2025-06-23,526.8099975585938,532.1699829101562,523.6500244140625,531.6500244140625,528.5509643554688,50666100,0.591,0.0,0.0
2025-06-24,536.8900146484375,540.7000122070312,536.27001953125,539.780029296875,536.6336059570312,45442000,0.0,0.0,0.0
2025-06-25,542.0599975585938,543.3099975585938,539.3800048828125,541.1599731445312,538.0054931640625,44804200,0.0,0.0,0.0
2025-06-26,543.3499755859375,546.6699829101562,541.52001953125,546.219970703125,543.0360717773438,43811400,0.0,0.0,0.0
2025-06-27,547.260009765625,549.989990234375,544.5399780273438,548.0900268554688,544.8951416015625,57577100,0.0,0.0,0.0
2025-06-30,551.260009765625,552.7999877929688,549.010009765625,551.6400146484375,548.4244995117188,45548700,0.0,0.0,0.0
2025-07-01,549.72998046875,550.7100219726562,544.6599731445312,546.989990234375,543.8015747070312,56166700,0.0,0.0,0.0
2025-07-02,546.1599731445312,551.0,546.1199951171875,550.7999877929688,547.58935546875,36538300,0.0,0.0,0.0
2025-07-03,553.1799926757812,557.2000122070312,553.1799926757812,556.219970703125,552.977783203125,26443500,0.0,0.0,0.0
2025-07-07,553.52001953125,554.3400268554688,549.5800170898438,552.030029296875,548.812255859375,45349300,0.0,0.0,0.0
2025-07-08,553.3800048828125,554.010009765625,551.0999755859375,552.3400268554688,549.1204833984375,36153300,0.0,0.0,0.0
2025-07-09,554.47998046875,557.6300048828125,553.0999755859375,556.25,553.007568359375,43045500,0.0,0.0,0.0
2025-07-10,556.8900146484375,557.2999877929688,552.75,555.4500122070312,552.2122802734375,34710900,0.0,0.0,0.0
2025-07-11,553.2999877929688,555.7899780273438,552.0499877929688,554.2000122070312,550.969482421875,39618600,0.0,0.0,0.0
2025-07-14,553.989990234375,556.9500122070312,551.6300048828125,556.2100219726562,552.9678344726562,36453300,0.0,0.0,0.0
2025-07-15,560.25,560.7999877929688,556.6599731445312,556.719970703125,553.4747924804688,43277700,0.0,0.0,0.0
2025-07-16,557.280029296875,560.2100219726562,551.5599975585938,557.2899780273438,554.04150390625,52314700,0.0,0.0,0.0
2025-07-17,558.02001953125,562.3099975585938,557.2100219726562,561.7999877929688,558.5252075195312,40423800,0.0,0.0,0.0
2025-07-18,563.1199951171875,564.72998046875,559.97998046875,561.260009765625,557.9883422851562,50484700,0.0,0.0,0.0
2025-07-21,562.0900268554688,566.0599975585938,562.0599975585938,564.1699829101562,560.8814086914062,39595200,0.0,0.0,0.0
2025-07-22,564.2999877929688,564.3499755859375,558.6099853515625,561.25,557.9784545898438,43270600,0.0,0.0,0.0
2025-07-23,562.3400268554688,563.8499755859375,559.5800170898438,563.8099975585938,560.5234985351562,40215300,0.0,0.0,0.0
2025-07-24,565.1300048828125,566.239990234375,563.2899780273438,565.010009765625,561.716552734375,42275500,0.0,0.0,0.0
2025-07-25,564.9299926757812,567.7000122070312,564.27001953125,566.3699951171875,563.068603515625,30630800,0.0,0.0,0.0
2025-07-28,567.739990234375,569.0399780273438,566.8699951171875,568.1400146484375,564.8281860351562,31498700,0.0,0.0,0.0
2025-07-29,570.760009765625,572.1099853515625,566.530029296875,567.260009765625,563.953369140625,45463300,0.0,0.0,0.0
2025-07-30,568.1799926757812,570.6199951171875,565.0499877929688,568.02001953125,564.708984375,43433800,0.0,0.0,0.0
2025-07-31,574.5399780273438,574.6300048828125,563.8699951171875,565.010009765625,561.716552734375,64613600,0.0,0.0,0.0
2025-08-01,558.8300170898438,559.02001953125,551.6799926757812,553.8800048828125,550.6513671875,69400800,0.0,0.0,0.0
2025-08-04,559.0499877929688,564.3200073242188,558.9500122070312,564.0999755859375,560.8118286132812,47669800,0.0,0.0,0.0
2025-08-05,565.3900146484375,566.5599975585938,559.72998046875,560.27001953125,557.0040893554688,48666600,0.0,0.0,0.0
2025-08-06,561.1099853515625,567.760009765625,560.6300048828125,567.3200073242188,564.0130615234375,41823700,0.0,0.0,0.0
2025-08-07,571.6699829101562,573.3200073242188,565.1099853515625,569.239990234375,565.921875,44463000,0.0,0.0,0.0
2025-08-08,570.4500122070312,574.77001953125,570.1500244140625,574.5499877929688,571.2008056640625,35255500,0.0,0.0,0.0
2025-08-11,574.6900024414062,576.7999877929688,571.5700073242188,572.8499755859375,569.5107421875,33112900,0.0,0.0,0.0
2025-08-12,575.1599731445312,580.3499755859375,572.489990234375,580.0499877929688,576.6688232421875,42143300,0.0,0.0,0.0
2025-08-13,582.760009765625,583.3200073242188,578.9400024414062,580.3400268554688,576.9571533203125,41209300,0.0,0.0,0.0
2025-08-14,578.280029296875,581.8800048828125,577.9099731445312,579.8900146484375,576.5098266601562,45425000,0.0,0.0,0.0
2025-08-15,579.7999877929688,579.8400268554688,575.5700073242188,577.3400268554688,573.9746704101562,49480200,0.0,0.0,0.0
2025-08-18,576.4400024414062,577.77001953125,575.239990234375,577.1099853515625,573.7459716796875,29831000,0.0,0.0,0.0
2025-08-19,576.3900146484375,576.5599975585938,568.25,569.280029296875,565.961669921875,53752600,0.0,0.0,0.0
2025-08-20,568.3300170898438,568.4500122070312,558.8400268554688,565.9000244140625,562.601318359375,76781100,0.0,0.0,0.0
2025-08-21,564.3499755859375,566.489990234375,560.97998046875,563.280029296875,559.99658203125,46436900,0.0,0.0,0.0
2025-08-22,564.6699829101562,573.989990234375,563.27001953125,571.969970703125,568.6359252929688,51502100,0.0,0.0,0.0
2025-08-25,570.4000244140625,573.2899780273438,569.1599731445312,570.3200073242188,566.9954833984375,34044700,0.0,0.0,0.0
2025-08-26,569.8300170898438,572.9199829101562,568.7999877929688,572.6099853515625,569.2721557617188,34103000,0.0,0.0,0.0
2025-08-27,571.5900268554688,574.4099731445312,570.3699951171875,573.489990234375,570.1470336914062,36927100,0.0,0.0,0.0
2025-08-28,574.1099853515625,578.0,572.4600219726562,577.0800170898438,573.7161254882812,46787900,0.0,0.0,0.0
2025-08-29,574.6599731445312,575.030029296875,568.5399780273438,570.4000244140625,567.0751342773438,56030400,0.0,0.0,0.0
2025-09-02,561.3099975585938,565.969970703125,559.5399780273438,565.6199951171875,562.3229370117188,65876800,0.0,0.0,0.0
2025-09-03,569.22998046875,571.7000122070312,566.72998046875,570.0700073242188,566.7471313476562,54230200,0.0,0.0,0.0
2025-09-04,570.739990234375,575.5999755859375,569.030029296875,575.22998046875,571.8768920898438,47526300,0.0,0.0,0.0
2025-09-05,580.489990234375,581.1199951171875,571.530029296875,576.0599975585938,572.7020263671875,68342500,0.0,0.0,0.0
2025-09-08,578.3699951171875,580.8400268554688,577.77001953125,578.8699951171875,575.4956665039062,46371400,0.0,0.0,0.0
2025-09-09,579.6699829101562,580.9400024414062,577.0399780273438,580.510009765625,577.126220703125,44007600,0.0,0.0,0.0
2025-09-10,583.739990234375,583.77001953125,578.5499877929688,580.7000122070312,577.3150634765625,49308000,0.0,0.0,0.0
2025-09-11,583.239990234375,584.8800048828125,581.6199951171875,584.0800170898438,580.6753540039062,44745800,0.0,0.0,0.0
2025-09-12,585.0399780273438,587.8599853515625,584.0999755859375,586.6599731445312,583.2402954101562,50745900,0.0,0.0,0.0
2025-09-15,588.4400024414062,591.7899780273438,588.2899780273438,591.6799926757812,588.2310180664062,44360300,0.0,0.0,0.0
2025-09-16,592.6099853515625,592.8599853515625,590.489990234375,591.1799926757812,587.7340087890625,36942100,0.0,0.0,0.0
2025-09-17,591.0999755859375,591.75,584.3699951171875,590.0,586.5608520507812,69384800,0.0,0.0,0.0
2025-09-18,594.9099731445312,598.1400146484375,592.9600219726562,595.3200073242188,591.849853515625,61069300,0.0,0.0,0.0
2025-09-19,597.3300170898438,600.0499877929688,595.8499755859375,599.3499755859375,595.8563232421875,58196100,0.0,0.0,0.0
2025-09-22,597.739990234375,602.8699951171875,597.719970703125,602.2000122070312,599.3837890625,57154800,0.694,0.0,0.0
2025-09-23,602.3699951171875,602.5700073242188,596.97998046875,598.2000122070312,595.4025268554688,64635500,0.0,0.0,0.0
2025-09-24,599.5800170898438,599.9000244140625,593.3599853515625,596.0999755859375,593.3123168945312,49850300,0.0,0.0,0.0
2025-09-25,592.2000122070312,595.1199951171875,588.5,593.530029296875,590.7543334960938,70920200,0.0,0.0,0.0
2025-09-26,594.3499755859375,596.2999877929688,591.0599975585938,595.969970703125,593.1829223632812,54337400,0.0,0.0,0.0
2025-09-29,599.1099853515625,602.0499877929688,597.4099731445312,598.72998046875,595.9299926757812,48332900,0.0,0.0,0.0
2025-09-30,598.4299926757812,600.7100219726562,596.0999755859375,600.3699951171875,597.5623779296875,46533800,0.0,0.0,0.0
2025-10-01,597.1699829101562,603.7899780273438,596.3400268554688,603.25,600.4288330078125,46899600,0.0,0.0,0.0
2025-10-02,607.0599975585938,607.1599731445312,602.9299926757812,605.72998046875,602.8972778320312,43765400,0.0,0.0,0.0
2025-10-03,606.510009765625,607.3300170898438,601.3900146484375,603.1799926757812,600.3591918945312,46482100,0.0,0.0,0.0
2025-10-06,608.4500122070312,609.3599853515625,605.969970703125,607.7100219726562,604.8679809570312,41962100,0.0,0.0,0.0
2025-10-07,609.02001953125,609.7100219726562,603.030029296875,604.510009765625,601.6830444335938,58209500,0.0,0.0,0.0
2025-10-08,605.4099731445312,611.75,605.260009765625,611.4400024414062,608.5806274414062,50629800,0.0,0.0,0.0
2025-10-09,611.47998046875,611.6099853515625,607.47998046875,610.7000122070312,607.8440551757812,45551000,0.0,0.0,0.0
2025-10-10,611.4000244140625,613.1799926757812,589.0499877929688,589.5,586.7432250976562,97614800,0.0,0.0,0.0
2025-10-13,599.6799926757812,602.9500122070312,597.22998046875,602.010009765625,599.1946411132812,65872600,0.0,0.0,0.0
2025-10-14,595.3099975585938,602.6900024414062,590.1300048828125,598.0,595.203369140625,69203200,0.0,0.0,0.0
2025-10-15,604.010009765625,606.7000122070312,595.9299926757812,602.219970703125,599.4036254882812,62805500,0.0,0.0,0.0
2025-10-16,605.1099853515625,608.3099975585938,595.5,599.989990234375,597.18408203125,70982000,0.0,0.0,0.0
2025-10-17,597.9500122070312,605.510009765625,596.3699951171875,603.9299926757812,601.1056518554688,72024900,0.0,0.0,0.0
2025-10-20,607.1400146484375,612.7999877929688,607.0700073242188,611.5399780273438,608.6800537109375,45761700,0.0,0.0,0.0
2025-10-21,611.6400146484375,612.719970703125,609.3200073242188,611.3800048828125,608.5209350585938,44538200,0.0,0.0,0.0
2025-10-22,610.8200073242188,611.4099731445312,599.739990234375,605.489990234375,602.6583862304688,61478800,0.0,0.0,0.0
2025-10-23,604.9099731445312,611.3699951171875,604.52001953125,610.5800170898438,607.724609375,42844300,0.0,0.0,0.0
2025-10-24,615.989990234375,618.4199829101562,615.1300048828125,617.0999755859375,614.2140502929688,47632500,0.0,0.0,0.0
2025-10-27,624.52001953125,628.5499877929688,624.030029296875,628.0900268554688,625.1527099609375,54098600,0.0,0.0,0.0
2025-10-28,630.3599853515625,634.6799926757812,629.25,632.9199829101562,629.9600830078125,61195700,0.0,0.0,0.0
2025-10-29,635.5900268554688,637.010009765625,630.25,635.77001953125,632.7968139648438,67422800,0.0,0.0,0.0
2025-10-30,632.1699829101562,633.5,625.9400024414062,626.0499877929688,623.1222534179688,61628600,0.0,0.0,0.0
2025-10-31,634.1699829101562,634.2000122070312,626.6900024414062,629.0700073242188,626.1281127929688,66305100,0.0,0.0,0.0
2025-11-03,635.1099853515625,635.8200073242188,629.8499755859375,632.0800170898438,629.1240844726562,37154300,0.0,0.0,0.0
2025-11-04,623.280029296875,626.9500122070312,618.4600219726562,619.25,616.3540649414062,63830800,0.0,0.0,0.0
2025-11-05,618.489990234375,626.5999755859375,617.2100219726562,623.280029296875,620.365234375,48688500,0.0,0.0,0.0
2025-11-06,621.7899780273438,622.0399780273438,610.2999877929688,611.6699829101562,608.8095092773438,72115100,0.0,0.0,0.0
2025-11-07,608.3099975585938,609.9500122070312,598.6699829101562,609.739990234375,606.8885498046875,81835400,0.0,0.0,0.0
2025-11-10,618.9199829101562,624.3099975585938,616.8900146484375,623.22998046875,620.3154296875,55919900,0.0,0.0,0.0
2025-11-11,620.5700073242188,622.719970703125,617.52001953125,621.5700073242188,618.6632080078125,44868800,0.0,0.0,0.0
2025-11-12,624.8400268554688,624.8599853515625,617.8099975585938,621.0800170898438,618.175537109375,47444400,0.0,0.0,0.0
2025-11-13,617.5399780273438,618.1199951171875,606.0800170898438,608.4000244140625,605.5548095703125,71333600,0.0,0.0,0.0
2025-11-14,599.5499877929688,613.3499755859375,597.1699829101562,608.8599853515625,606.0126953125,80087300,0.0,0.0,0.0
2025-11-17,606.2999877929688,612.47998046875,599.8699951171875,603.6599731445312,600.8369750976562,63850400,0.0,0.0,0.0
2025-11-18,599.6199951171875,602.3099975585938,591.3400268554688,596.3099975585938,593.5213623046875,83327300,0.0,0.0,0.0
2025-11-19,597.0700073242188,606.1599731445312,594.5900268554688,599.8699951171875,597.064697265625,73111500,0.0,0.0,0.0
2025-11-20,611.6199951171875,614.030029296875,584.75,585.6699829101562,582.9310913085938,117743200,0.0,0.0,0.0
2025-11-21,587.469970703125,596.97998046875,580.739990234375,590.0700073242188,587.3104858398438,103344200,0.0,0.0,0.0
2025-11-24,595.280029296875,606.6799926757812,595.1599731445312,605.1599731445312,602.3298950195312,60168100,0.0,0.0,0.0
2025-11-25,603.510009765625,610.260009765625,597.3200073242188,608.8900146484375,606.04248046875,57560900,0.0,0.0,0.0
2025-11-26,612.510009765625,616.1900024414062,610.3900146484375,614.27001953125,611.3973388671875,42393600,0.0,0.0,0.0
2025-11-28,616.1099853515625,619.3200073242188,615.4199829101562,619.25,616.3540649414062,23034400,0.0,0.0,0.0
2025-12-01,613.6300048828125,619.4400024414062,612.52001953125,617.1699829101562,614.2837524414062,40957600,0.0,0.0,0.0
2025-12-02,619.4600219726562,623.75,617.5900268554688,622.0,619.0911865234375,54541800,0.0,0.0,0.0
2025-12-03,619.6199951171875,624.219970703125,618.030029296875,623.52001953125,620.6041259765625,47841600,0.0,0.0,0.0
2025-12-04,624.9299926757812,624.9400024414062,619.5399780273438,622.9400024414062,620.0267944335938,47067800,0.0,0.0,0.0
2025-12-05,624.3800048828125,628.9199829101562,623.7100219726562,625.47998046875,622.554931640625,53614200,0.0,0.0,0.0
2025-12-08,627.2100219726562,628.8400268554688,621.6900024414062,624.280029296875,621.3605346679688,43462400,0.0,0.0,0.0
2025-12-09,623.010009765625,625.8699951171875,621.0,625.0499877929688,622.126953125,37156000,0.0,0.0,0.0
2025-12-10,623.8499755859375,629.2100219726562,620.989990234375,627.6099853515625,624.6749877929688,55031400,0.0,0.0,0.0
2025-12-11,623.8200073242188,625.780029296875,617.719970703125,625.5800170898438,622.6544799804688,58272800,0.0,0.0,0.0
2025-12-12,622.0800170898438,623.5399780273438,611.3599853515625,613.6199951171875,610.7504272460938,75158700,0.0,0.0,0.0
2025-12-15,618.3699951171875,618.4199829101562,609.3200073242188,610.5399780273438,607.684814453125,49538200,0.0,0.0,0.0
2025-12-16,608.260009765625,613.510009765625,606.9099731445312,611.75,608.8890991210938,55152800,0.0,0.0,0.0
2025-12-17,613.0599975585938,613.6500244140625,600.280029296875,600.4099731445312,597.6021118164062,70654300,0.0,0.0,0.0
2025-12-18,609.7999877929688,612.9299926757812,606.9199829101562,609.1099853515625,606.261474609375,78875800,0.0,0.0,0.0
2025-12-19,611.9500122070312,617.6199951171875,611.8699951171875,617.0499877929688,614.164306640625,60369800,0.0,0.0,0.0
2025-12-22,621.3499755859375,621.6500244140625,617.77001953125,619.2100219726562,617.1083374023438,43703100,0.794,0.0,0.0
2025-12-23,618.2000122070312,622.4099731445312,617.780029296875,622.1099853515625,619.9984130859375,41120400,0.0,0.0,0.0
2025-12-24,621.989990234375,624.280029296875,621.719970703125,623.9299926757812,621.812255859375,18468700,0.0,0.0,0.0
2025-12-26,624.6599731445312,625.52001953125,623.1400146484375,623.8900146484375,621.7723999023438,28959800,0.0,0.0,0.0
2025-12-29,620.0999755859375,622.780029296875,618.72998046875,620.8699951171875,618.7626953125,32458300,0.0,0.0,0.0
2025-12-30,619.8400268554688,622.1799926757812,619.219970703125,619.4299926757812,617.3275146484375,31226800,0.0,0.0,0.0
2025-12-31,619.6500244140625,619.9600219726562,614.0499877929688,614.3099975585938,612.2249145507812,40746500,0.0,0.0,0.0
2026-01-02,620.0599975585938,622.8499755859375,610.1500244140625,613.1199951171875,611.0390014648438,61859200,0.0,0.0,0.0
2026-01-05,619.3200073242188,620.8099975585938,616.719970703125,617.989990234375,615.8924560546875,46828400,0.0,0.0,0.0
2026-01-06,619.22998046875,624.02001953125,618.5399780273438,623.4199829101562,621.303955078125,43137500,0.0,0.0,0.0
2026-01-07,623.0399780273438,627.9400024414062,622.5599975585938,624.02001953125,621.9020385742188,44880300,0.0,0.0,0.0
2026-01-08,623.030029296875,623.4199829101562,617.7999877929688,620.469970703125,618.3639526367188,50435900,0.0,0.0,0.0
2026-01-09,621.4099731445312,627.8900146484375,619.0599975585938,626.6500244140625,624.5230102539062,49688700,0.0,0.0,0.0
2026-01-12,622.3099975585938,628.8499755859375,622.260009765625,627.1699829101562,625.041259765625,37388700,0.0,0.0,0.0
2026-01-13,627.27001953125,629.469970703125,623.7000122070312,626.239990234375,624.1144409179688,44481400,0.0,0.0,0.0
2026-01-14,622.239990234375,623.4500122070312,614.5599975585938,619.5499877929688,617.4471435546875,72598700,0.0,0.0,0.0
2026-01-15,626.5999755859375,630.0,620.75,621.780029296875,619.6696166992188,53934900,0.0,0.0,0.0
2026-01-16,625.5,626.0800170898438,618.8800048828125,621.260009765625,619.1513671875,61058100,0.0,0.0,0.0
2026-01-20,610.530029296875,615.0599975585938,607.0499877929688,608.0599975585938,605.9961547851562,81988900,0.0,0.0,0.0
2026-01-21,609.469970703125,620.4199829101562,607.8599853515625,616.280029296875,614.188232421875,79837900,0.0,0.0,0.0
2026-01-22,622.3499755859375,622.4600219726562,617.780029296875,620.760009765625,618.6530151367188,42254800,0.0,0.0,0.0
2026-01-23,619.72998046875,625.4000244140625,618.6500244140625,622.719970703125,620.6063842773438,43645800,0.0,0.0,0.0
2026-01-26,623.2100219726562,627.6099853515625,622.1199951171875,625.4600219726562,623.3370971679688,35983000,0.0,0.0,0.0
2026-01-27,628.9099731445312,632.0399780273438,627.3400268554688,631.1300048828125,628.9878540039062,38997200,0.0,0.0,0.0
2026-01-28,635.4600219726562,636.5999755859375,631.8099975585938,633.219970703125,631.0706787109375,50691700,0.0,0.0,0.0
2026-01-29,632.6500244140625,633.6699829101562,618.27001953125,629.4299926757812,627.2936401367188,79944000,0.0,0.0,0.0
2026-01-30,625.7100219726562,628.260009765625,619.2999877929688,621.8699951171875,619.75927734375,65650700,0.0,0.0,0.0
2026-02-02,618.7000122070312,628.489990234375,618.6599731445312,626.1400146484375,624.0148315429688,49020300,0.0,0.0,0.0
2026-02-03,628.2999877929688,629.97998046875,610.9600219726562,616.52001953125,614.4274291992188,81234000,0.0,0.0,0.0
2026-02-04,615.02001953125,615.0999755859375,600.469970703125,605.75,603.6939697265625,81850700,0.0,0.0,0.0
2026-02-05,600.2100219726562,604.8099975585938,594.760009765625,597.030029296875,595.003662109375,89354500,0.0,0.0,0.0
2026-02-06,600.1900024414062,611.4099731445312,598.77001953125,609.6500244140625,607.5807495117188,78019300,0.0,0.0,0.0
2026-02-09,607.5399780273438,616.4600219726562,605.0700073242188,614.3200073242188,612.2349243164062,56797600,0.0,0.0,0.0
2026-02-10,615.3099975585938,617.02001953125,611.010009765625,611.469970703125,609.3945922851562,53938900,0.0,0.0,0.0
2026-02-11,616.3800048828125,617.52001953125,607.6900024414062,613.1099853515625,611.0289916992188,58575100,0.0,0.0,0.0
2026-02-12,614.7100219726562,615.8099975585938,599.5700073242188,600.6400146484375,598.601318359375,81378900,0.0,0.0,0.0
2026-02-13,600.4299926757812,606.47998046875,596.4199829101562,601.9199829101562,599.876953125,69237500,0.0,0.0,0.0
2026-02-17,598.3800048828125,603.9500122070312,593.3400268554688,601.2999877929688,599.259033203125,69013800,0.0,0.0,0.0
2026-02-18,602.1099853515625,609.77001953125,600.719970703125,605.7899780273438,603.7338256835938,64250700,0.0,0.0,0.0
2026-02-19,602.8099975585938,605.8200073242188,600.75,603.469970703125,601.4216918945312,60960800,0.0,0.0,0.0
2026-02-20,600.1199951171875,610.3499755859375,599.22998046875,608.8099975585938,606.74365234375,74127300,0.0,0.0,0.0
2026-02-23,606.6099853515625,608.010009765625,599.0499877929688,601.4099731445312,599.36865234375,63859100,0.0,0.0,0.0
2026-02-24,602.4000244140625,608.989990234375,599.72998046875,607.8699951171875,605.8067626953125,55023700,0.0,0.0,0.0
2026-02-25,611.0700073242188,616.8300170898438,611.0,616.6799926757812,614.5868530273438,55710700,0.0,0.0,0.0
2026-02-26,615.5900268554688,615.5900268554688,603.97998046875,609.239990234375,607.1721801757812,96178900,0.0,0.0,0.0
2026-02-27,602.97998046875,608.3200073242188,602.1900024414062,607.2899780273438,605.228759765625,68125200,0.0,0.0,0.0
2026-03-02,598.8599853515625,609.9199829101562,597.989990234375,608.0900268554688,606.0260009765625,75264600,0.0,0.0,0.0
2026-03-03,596.3300170898438,603.9600219726562,591.8699951171875,601.5800170898438,599.5381469726562,97015500,0.0,0.0,0.0
2026-03-04,604.1599731445312,612.8800048828125,603.4299926757812,610.75,608.6770629882812,70943900,0.0,0.0,0.0
2026-03-05,607.4000244140625,612.760009765625,602.260009765625,608.9099731445312,606.8432006835938,89602400,0.0,0.0,0.0
2026-03-06,600.3099975585938,606.0,598.3300170898438,599.75,597.7142944335938,86302300,0.0,0.0,0.0
2026-03-09,594.22998046875,609.27001953125,591.3300170898438,607.760009765625,605.6971435546875,93068200,0.0,0.0,0.0
2026-03-10,607.780029296875,613.2899780273438,605.4199829101562,607.77001953125,605.7071533203125,64078900,0.0,0.0,0.0
2026-03-11,608.9500122070312,612.4299926757812,605.030029296875,607.6900024414062,605.62744140625,60114800,0.0,0.0,0.0
2026-03-12,602.760009765625,604.1400146484375,597.0499877929688,597.260009765625,595.2328491210938,71836600,0.0,0.0,0.0
2026-03-13,599.72998046875,603.5999755859375,592.5700073242188,593.719970703125,591.7047729492188,63145500,0.0,0.0,0.0
2026-03-16,600.0399780273438,603.8599853515625,599.1099853515625,600.3800048828125,598.3422241210938,49077200,0.0,0.0,0.0
2026-03-17,603.1400146484375,605.9000244140625,601.8699951171875,603.3099975585938,601.2622680664062,47106600,0.0,0.0,0.0
2026-03-18,601.489990234375,603.1599731445312,594.5599975585938,594.9000244140625,592.880859375,56128000,0.0,0.0,0.0
2026-03-19,589.510009765625,595.7999877929688,587.0800170898438,593.02001953125,591.0072021484375,75597600,0.0,0.0,0.0
2026-03-20,591.0599975585938,591.1699829101562,578.5399780273438,582.0599975585938,580.0844116210938,91964700,0.0,0.0,0.0
2026-03-23,590.52001953125,595.0800170898438,585.9600219726562,588.0,586.7431640625,89936100,0.733,0.0,0.0
2026-03-24,584.8099975585938,587.9299926757812,581.9299926757812,583.97998046875,582.731689453125,57750900,0.0,0.0,0.0
2026-03-25,589.1400146484375,591.3699951171875,585.6900024414062,587.8200073242188,586.5635375976562,60475500,0.0,0.0,0.0
2026-03-26,582.5999755859375,584.6300048828125,573.4299926757812,573.7899780273438,572.5634765625,81492100,0.0,0.0,0.0
2026-03-27,570.8099975585938,571.02001953125,561.5700073242188,562.5800170898438,561.37744140625,82702200,0.0,0.0,0.0
2026-03-30,567.3800048828125,568.0499877929688,555.5999755859375,558.280029296875,557.0867309570312,70602600,0.0,0.0,0.0
2026-03-31,564.2899780273438,578.6400146484375,564.2100219726562,577.1799926757812,575.9462280273438,95878000,0.0,0.0,0.0
2026-04-01,581.47998046875,587.739990234375,580.4199829101562,584.3099975585938,583.06103515625,79435100,0.0,0.0,0.0
2026-04-02,573.969970703125,586.0499877929688,571.9199829101562,584.97998046875,583.7295532226562,50941700,0.0,0.0,0.0
2026-04-06,586.22998046875,590.6099853515625,584.6900024414062,588.5,587.2420654296875,35108500,0.0,0.0,0.0
2026-04-07,585.6400146484375,588.97998046875,578.4000244140625,588.5900268554688,587.3319091796875,49948200,0.0,0.0,0.0
2026-04-08,608.7100219726562,609.9000244140625,602.1199951171875,606.0900268554688,604.7944946289062,63086000,0.0,0.0,0.0
2026-04-09,605.9299926757812,610.5,603.030029296875,610.1900024414062,608.8856811523438,37837500,0.0,0.0,0.0
2026-04-10,611.8400268554688,613.6699829101562,609.5800170898438,611.0700073242188,609.7637939453125,34038500,0.0,0.0,0.0
2026-04-13,609.47998046875,626.739990234375,608.1099853515625,617.3900146484375,616.0703735351562,32972100,0.0,0.0,0.0
2026-04-14,620.219970703125,628.5999755859375,620.0999755859375,628.5999755859375,627.2562866210938,49921100,0.0,0.0,0.0
2026-04-15,629.0800170898438,637.8300170898438,628.2000122070312,637.4000244140625,636.0375366210938,50102400,0.0,0.0,0.0
2026-04-16,639.2100219726562,642.1799926757812,635.260009765625,640.469970703125,639.1009521484375,42320600,0.0,0.0,0.0
2026-04-17,645.5900268554688,650.0,644.0700073242188,648.8499755859375,647.4630126953125,53488900,0.0,0.0,0.0
2026-04-20,648.0399780273438,648.760009765625,642.52001953125,646.7899780273438,645.4074096679688,37138500,0.0,0.0,0.0
2026-04-21,648.4099731445312,650.2000122070312,642.2100219726562,644.3300170898438,642.9527587890625,39580500,0.0,0.0,0.0
2026-04-22,650.1500244140625,655.3300170898438,648.52001953125,655.1099853515625,653.7096557617188,37368400,0.0,0.0,0.0
2026-04-23,653.5499877929688,656.9199829101562,645.52001953125,651.4199829101562,650.0275268554688,40099800,0.0,0.0,0.0
2026-04-24,658.510009765625,664.510009765625,656.530029296875,663.8800048828125,662.4609375,45563100,0.0,0.0,0.0
2026-04-27,663.4000244140625,664.4299926757812,660.6900024414062,664.22998046875,662.8101806640625,32717000,0.0,0.0,0.0
2026-04-28,657.4099731445312,659.6400146484375,653.8099975585938,657.5499877929688,656.1444702148438,34147900,0.0,0.0,0.0
2026-04-29,658.6300048828125,661.719970703125,656.5900268554688,661.5700073242188,660.1558837890625,31724900,0.0,0.0,0.0
2026-04-30,665.3499755859375,668.9000244140625,657.5599975585938,667.739990234375,666.3126831054688,40622200,0.0,0.0,0.0
2026-05-01,669.1599731445312,675.969970703125,668.7999877929688,674.1500244140625,672.7090454101562,39172600,0.0,0.0,0.0
2026-05-04,674.6599731445312,676.72998046875,668.9000244140625,672.8800048828125,671.4417114257812,34542000,0.0,0.0,0.0
2026-05-05,677.9600219726562,682.77001953125,677.510009765625,681.6099853515625,680.1530151367188,37101100,0.0,0.0,0.0
2026-05-06,687.780029296875,695.9299926757812,686.47998046875,695.77001953125,694.2827758789062,38778500,0.0,0.0,0.0
2026-05-07,696.5800170898438,701.239990234375,691.77001953125,694.9400024414062,693.4545288085938,43779100,0.0,0.0,0.0
2026-05-08,699.9199829101562,711.22998046875,699.5,711.22998046875,709.709716796875,44320400,0.0,0.0,0.0
2026-05-11,710.3599853515625,714.5900268554688,708.9099731445312,713.2899780273438,711.7653198242188,36019100,0.0,0.0,0.0
2026-05-12,708.219970703125,710.1799926757812,696.6400146484375,707.239990234375,705.7282104492188,45873000,0.0,0.0,0.0
2026-05-13,709.9600219726562,716.6500244140625,704.8300170898438,714.7100219726562,713.1823120117188,40012500,0.0,0.0,0.0
2026-05-14,714.6199951171875,722.030029296875,714.219970703125,719.7899780273438,718.2514038085938,33327500,0.0,0.0,0.0
2026-05-15,710.1400146484375,715.1300048828125,705.5499877929688,708.9299926757812,707.4146118164062,51792700,0.0,0.0,0.0
2026-05-18,711.5399780273438,712.0700073242188,698.8499755859375,705.8800048828125,704.3711547851562,49834500,0.0,0.0,0.0
2026-05-19,699.8099975585938,706.489990234375,695.25,701.530029296875,700.030517578125,46827500,0.0,0.0,0.0
2026-05-20,705.2899780273438,713.1500244140625,703.7899780273438,713.1500244140625,711.6256103515625,36779200,0.0,0.0,0.0
2026-05-21,708.989990234375,717.1199951171875,706.77001953125,714.510009765625,712.9827270507812,36415400,0.0,0.0,0.0
2026-05-22,718.0700073242188,722.1199951171875,715.9500122070312,717.5399780273438,716.0062255859375,33118600,0.0,0.0,0.0
2026-05-26,725.9600219726562,731.1699829101562,724.1599731445312,730.280029296875,728.718994140625,34254700,0.0,0.0,0.0
2026-05-27,732.9600219726562,733.3200073242188,725.4400024414062,729.4500122070312,727.8907470703125,35148700,0.0,0.0,0.0
2026-05-28,729.72998046875,736.5999755859375,726.4099731445312,735.5999755859375,734.0276489257812,32840000,0.0,0.0,0.0
2026-05-29,737.8400268554688,741.6300048828125,735.25,738.3099975585938,736.7318115234375,37541700,0.0,0.0,0.0
2026-06-01,737.0399780273438,745.6500244140625,735.989990234375,742.739990234375,741.15234375,33890600,0.0,0.0,0.0
2026-06-02,742.4000244140625,746.4400024414062,739.22998046875,746.1599731445312,744.5650024414062,30085200,0.0,0.0,0.0
2026-06-03,747.3099975585938,748.6500244140625,741.010009765625,744.2100219726562,742.6192626953125,40270200,0.0,0.0,0.0
2026-06-04,735.47998046875,743.5,732.6199951171875,740.6099853515625,739.0269165039062,40782600,0.0,0.0,0.0
2026-06-05,730.0599975585938,731.6900024414062,704.3200073242188,705.0599975585938,703.5528564453125,99606600,0.0,0.0,0.0
2026-06-08,717.8099975585938,723.030029296875,713.0700073242188,716.0700073242188,714.5394287109375,47401500,0.0,0.0,0.0
2026-06-09,722.97998046875,725.6599731445312,686.3699951171875,707.8300170898438,706.3170166015625,91932200,0.0,0.0,0.0
2026-06-10,701.6599731445312,711.280029296875,692.9299926757812,693.6900024414062,692.2072143554688,65334300,0.0,0.0,0.0
2026-06-11,699.2899780273438,718.3699951171875,695.0,717.1199951171875,715.587158203125,71798900,0.0,0.0,0.0
2026-06-12,717.6099853515625,724.010009765625,711.280029296875,721.3400268554688,719.7981567382812,51168400,0.0,0.0,0.0
2026-06-15,738.0999755859375,744.760009765625,737.3800048828125,744.0,742.40966796875,46710200,0.0,0.0,0.0
2026-06-16,742.25,744.219970703125,729.6400146484375,729.8599853515625,728.2998657226562,45348700,0.0,0.0,0.0
2026-06-17,735.1900024414062,735.6799926757812,720.8499755859375,722.510009765625,720.9656372070312,51669300,0.0,0.0,0.0
2026-06-18,737.2000122070312,741.8200073242188,732.510009765625,740.6199951171875,739.0369262695312,50154600,0.0,0.0,0.0
2026-06-22,742.02001953125,745.4500122070312,734.3900146484375,737.9500122070312,737.1818237304688,43518600,0.813,0.0,0.0
2026-06-23,715.739990234375,723.6099853515625,712.1099853515625,713.6500244140625,712.9071655273438,53354200,0.0,0.0,0.0
2026-06-24,715.3699951171875,719.9299926757812,704.4500122070312,710.6199951171875,709.8803100585938,52480400,0.0,0.0,0.0
2026-06-25,725.9000244140625,726.8300170898438,705.2999877929688,716.3800048828125,715.63427734375,49668000,0.0,0.0,0.0
2026-06-26,707.1300048828125,715.5599975585938,702.8099975585938,706.52001953125,705.7846069335938,47081800,0.0,0.0,0.0
2026-06-29,713.989990234375,724.5800170898438,705.1699829101562,724.0800170898438,723.3262939453125,44939100,0.0,0.0,0.0
2026-06-30,724.1799926757812,737.6199951171875,723.9099731445312,736.4000244140625,735.6334838867188,42121800,0.0,0.0,0.0
2026-07-01,729.1900024414062,731.9199829101562,724.5999755859375,725.1699829101562,724.4151000976562,40803800,0.0,0.0,0.0
2026-07-02,725.5800170898438,730.8300170898438,707.5599975585938,712.5999755859375,711.8582153320312,50959800,0.0,0.0,0.0
2026-07-06,719.9299926757812,726.0800170898438,718.4500122070312,722.8200073242188,722.067626953125,30220400,0.0,0.0,0.0
2026-07-07,714.1699829101562,716.3499755859375,704.9000244140625,709.4299926757812,708.6915283203125,42483100,0.0,0.0,0.0
2026-07-08,704.9500122070312,712.260009765625,700.9099731445312,711.4400024414062,710.699462890625,35603200,0.0,0.0,0.0
2026-07-09,718.3300170898438,724.22998046875,715.1300048828125,723.280029296875,722.5271606445312,33654700,0.0,0.0,0.0
2026-07-10,720.7000122070312,726.3900146484375,717.0,725.510009765625,724.7548217773438,26415900,0.0,0.0,0.0
2026-07-13,717.719970703125,718.739990234375,710.0800170898438,711.739990234375,710.9990844726562,36552400,0.0,0.0,0.0
2026-07-14,720.219970703125,722.2899780273438,714.3400268554688,719.6900024414062,718.9408569335938,29448100,0.0,0.0,0.0
2026-07-15,723.8499755859375,724.3599853515625,710.22998046875,717.739990234375,716.9928588867188,32627600,0.0,0.0,0.0
2026-07-16,712.010009765625,713.5999755859375,702.6099853515625,705.9400024414062,705.2051391601562,39402000,0.0,0.0,0.0
2026-07-17,691.6500244140625,702.2999877929688,686.760009765625,695.3300170898438,694.606201171875,54109300,0.0,0.0,0.0
2026-07-20,702.1599731445312,705.7999877929688,695.510009765625,696.0599975585938,695.33544921875,29687600,0.0,0.0,0.0
2026-07-21,706.5700073242188,710.0499877929688,702.7999877929688,708.969970703125,708.2319946289062,33728300,0.0,0.0,0.0
2026-07-22,703.6199951171875,709.6500244140625,703.6199951171875,705.3499755859375,704.61572265625,23692200,0.0,0.0,0.0
2026-07-23,694.6699829101562,698.6599731445312,687.7899780273438,691.9600219726562,691.23974609375,44028600,0.0,0.0,0.0
2026-07-24,690.4099731445312,692.6300048828125,682.47998046875,684.22998046875,683.5177612304688,42876700,0.0,0.0,0.0
2026-07-27,691.6799926757812,692.2999877929688,675.9500122070312,682.1199951171875,681.4099731445312,42681500,0.0,0.0,0.0
2026-07-28,676.22998046875,679.4000244140625,667.8800048828125,675.489990234375,674.786865234375,51398700,0.0,0.0,0.0
2026-07-29,675.510009765625,680.0499877929688,661.1400146484375,661.72998046875,661.0411376953125,57233300,0.0,0.0,0.0
2026-07-30,674.760009765625,685.1199951171875,673.2999877929688,683.5499877929688,682.8384399414062,66753700,0.0,0.0,0.0
2026-07-31,692.1099853515625,695.77001953125,680.0499877929688,687.989990234375,687.2738647460938,50540500,0.0,0.0,0.0
2026-08-03,688.2999877929688,701.5900268554688,685.8200073242188,700.0700073242188,699.34130859375,44965100,0.0,0.0,0.0
2026-08-04,708.1599731445312,725.6599731445312,707.530029296875,723.8499755859375,723.0964965820312,59778600,0.0,0.0,0.0
2026-08-05,726.25,728.5399780273438,716.9199829101562,717.2999877929688,716.5533447265625,33540200,0.0,0.0,0.0
2026-08-06,710.8200073242188,719.3200073242188,708.5,714.6500244140625,713.9061279296875,33035900,0.0,0.0,0.0
2026-08-07,720.1500244140625,723.6300048828125,716.510009765625,723.030029296875,722.2774047851562,31070400,0.0,0.0,0.0
2026-08-10,722.3900146484375,724.6699829101562,720.3300170898438,720.8699951171875,720.11962890625,26243200,0.0,0.0,0.0
2026-08-11,723.2899780273438,723.3499755859375,715.5,718.4500122070312,717.7021484375,29286100,0.0,0.0,0.0
2026-08-12,727.0800170898438,727.25,722.9199829101562,723.7000122070312,722.9467163085938,29066000,0.0,0.0,0.0
2026-08-13,725.1500244140625,733.9600219726562,724.030029296875,732.0700073242188,731.3079833984375,31599700,0.0,0.0,0.0
2026-08-14,733.4099731445312,734.3900146484375,728.3200073242188,731.0700073242188,730.3090209960938,23790600,0.0,0.0,0.0
2026-08-17,732.9500122070312,734.5800170898438,729.27001953125,729.8699951171875,729.1102294921875,26452600,0.0,0.0,0.0
2026-08-18,720.2100219726562,722.1300048828125,715.9199829101562,717.510009765625,716.7631225585938,48997200,0.0,0.0,0.0
2026-08-19,720.3900146484375,721.5,712.6099853515625,716.0800170898438,715.3345947265625,35801700,0.0,0.0,0.0
2026-08-20,712.0900268554688,714.9400024414062,708.52001953125,710.9299926757812,710.18994140625,33396400,0.0,0.0,0.0
2026-08-21,715.22998046875,715.6699829101562,709.2000122070312,713.4400024414062,712.6973876953125,33399400,0.0,0.0,0.0
2026-08-24,709.6599731445312,709.7899780273438,702.7000122070312,706.3200073242188,705.5847778320312,37443100,0.0,0.0,0.0
2026-08-25,711.219970703125,714.0399780273438,707.4500122070312,710.719970703125,709.9801635742188,23869600,0.0,0.0,0.0
2026-08-26,708.4099731445312,713.02001953125,707.969970703125,711.3699951171875,710.6295166015625,20392400,0.0,0.0,0.0
2026-08-27,716.9299926757812,721.3499755859375,714.530029296875,721.1099853515625,720.359375,28723500,0.0,0.0,0.0
2026-08-28,719.739990234375,724.1300048828125,715.0900268554688,716.4299926757812,715.6842651367188,34105400,0.0,0.0,0.0
2026-08-31,715.1699829101562,717.5800170898438,713.1599731445312,716.760009765625,716.013916015625,32237200,0.0,0.0,0.0
2026-09-01,707.3900146484375,712.2999877929688,704.6599731445312,707.6400146484375,706.9033813476562,35236100,0.0,0.0,0.0
2026-09-02,707.0999755859375,709.7999877929688,705.0999755859375,709.239990234375,708.501708984375,23476200,0.0,0.0,0.0
2026-09-03,710.8499755859375,718.9199829101562,709.6900024414062,717.6699829101562,716.9229125976562,29449800,0.0,0.0,0.0
2026-09-04,719.3499755859375,721.8599853515625,716.5599975585938,718.9600219726562,718.2116088867188,32871100,0.0,0.0,0.0
2026-09-08,720.9099731445312,721.8900146484375,715.5700073242188,718.3599853515625,717.6122436523438,28341400,0.0,0.0,0.0
2026-09-09,716.4000244140625,719.7000122070312,714.02001953125,716.3099975585938,715.5643920898438,26763400,0.0,0.0,0.0
2026-09-10,707.5499877929688,712.0599975585938,706.8599853515625,708.6900024414062,707.9523315429688,31414400,0.0,0.0,0.0
2026-09-11,715.6799926757812,717.6300048828125,713.6300048828125,714.8800048828125,714.1358642578125,26649100,0.0,0.0,0.0
2026-09-14,703.3300170898438,712.9500122070312,702.739990234375,709.1799926757812,708.4417724609375,35219000,0.0,0.0,0.0
2026-09-15,708.7999877929688,709.530029296875,703.6400146484375,704.5399780273438,703.8065795898438,26631700,0.0,0.0,0.0
2026-09-16,708.0,711.8800048828125,700.0,704.719970703125,703.9863891601562,35688000,0.0,0.0,0.0
2026-09-17,715.9500122070312,718.0399780273438,713.3200073242188,716.9199829101562,716.1737060546875,37270300,0.0,0.0,0.0
2026-09-18,718.8300170898438,721.72998046875,715.0800170898438,721.4500122070312,720.6990356445312,48478700,0.0,0.0,0.0
2026-09-21,727.8900146484375,743.219970703125,727.8099975585938,741.469970703125,741.469970703125,46730600,0.751,0.0,0.0
2026-09-22,740.97998046875,748.3499755859375,740.9299926757812,747.4600219726562,747.4600219726562,40128800,0.0,0.0,0.0
2026-09-23,746.969970703125,747.1300048828125,738.1900024414062,741.2100219726562,741.2100219726562,33191800,0.0,0.0,0.0
2026-09-24,735.2899780273438,742.6599731445312,734.6199951171875,741.0999755859375,741.0999755859375,29000900,0.0,0.0,0.0
2026-09-25,742.8300170898438,745.9199829101562,739.6400146484375,744.5,744.5,30283800,0.0,0.0,0.0
2026-09-28,740.4600219726562,741.4199829101562,731.6300048828125,736.530029296875,736.530029296875,41775000,0.0,0.0,0.0
2026-09-29,740.1500244140625,740.5800170898438,735.3400268554688,737.9299926757812,737.9299926757812,26926200,0.0,0.0,0.0
