Date,Open,High,Low,Close,Adj Close,Volume,Dividends,Stock Splits,Capital Gains
2022-05-04,50.099998474121094,51.18000030517578,49.529998779296875,51.095001220703125,31.427827835083008,13500,0.0,0.0,0.0
2022-05-05,51.0,51.0,49.209999084472656,49.880001068115234,30.680500030517578,48500,0.0,0.0,0.0
2022-05-06,49.369998931884766,49.58000183105469,48.599998474121094,49.209999084472656,30.268402099609375,10800,0.0,0.0,0.0
2022-05-09,48.9900016784668,48.9900016784668,47.560001373291016,47.720001220703125,29.351924896240234,21700,0.0,0.0,0.0
2022-05-10,48.34000015258789,48.61000061035156,47.599998474121094,48.0629997253418,29.562894821166992,9800,0.0,0.0,0.0
2022-05-11,47.720001220703125,48.25600051879883,46.75,46.88999938964844,28.841392517089844,27000,0.0,0.0,0.0
2022-05-12,46.38999938964844,47.284000396728516,45.880001068115234,46.6870002746582,28.716527938842773,30400,0.0,0.0,0.0
2022-05-13,47.81999969482422,48.34000015258789,47.20600128173828,48.29999923706055,29.70866584777832,21200,0.0,0.0,0.0
2022-05-16,48.380001068115234,48.380001068115234,47.810001373291016,48.04999923706055,29.554887771606445,27200,0.0,0.0,0.0
2022-05-17,48.810001373291016,48.93899917602539,48.27000045776367,48.93899917602539,30.10171127319336,22600,0.0,0.0,0.0
2022-05-18,48.56999969482422,48.59000015258789,46.75,47.0,28.9090518951416,26000,0.0,0.0,0.0
2022-05-19,46.75,47.25,46.369998931884766,46.689998626708984,28.718381881713867,30500,0.0,0.0,0.0
2022-05-20,47.47999954223633,47.47999954223633,45.25299835205078,46.58000183105469,28.65072250366211,20800,0.0,0.0,0.0
2022-05-23,46.93000030517578,47.189998626708984,46.395999908447266,47.13100051879883,28.989627838134766,109900,0.0,0.0,0.0
2022-05-24,46.70000076293945,46.70000076293945,45.72600173950195,46.45000076293945,28.570764541625977,19600,0.0,0.0,0.0
2022-05-25,46.34000015258789,47.23400115966797,46.34000015258789,47.0099983215332,28.915203094482422,44400,0.0,0.0,0.0
2022-05-26,47.06999969482422,48.22999954223633,47.06999969482422,48.05400085449219,29.557353973388672,17700,0.0,0.0,0.0
2022-05-27,48.56999969482422,49.2140007019043,48.56999969482422,49.2140007019043,30.270845413208008,30500,0.0,0.0,0.0
2022-05-31,49.72999954223633,49.72999954223633,48.900001525878906,49.1879997253418,30.254867553710938,27100,0.0,0.0,0.0
2022-06-01,49.15999984741211,49.2400016784668,48.16999816894531,48.47800064086914,30.047849655151367,38000,0.376,0.0,0.0
2022-06-02,48.540000915527344,49.59000015258789,48.33000183105469,49.58300018310547,30.732742309570312,28800,0.0,0.0,0.0
2022-06-03,49.150001525878906,49.150001525878906,48.459999084472656,48.63999938964844,30.148250579833984,198700,0.0,0.0,0.0
2022-06-06,49.38999938964844,49.470001220703125,48.650001525878906,48.849998474121094,30.278425216674805,125600,0.0,0.0,0.0
2022-06-07,48.5,49.20199966430664,48.279998779296875,49.119998931884766,30.445772171020508,83900,0.0,0.0,0.0
2022-06-08,49.15999984741211,49.33000183105469,48.7130012512207,48.81999969482422,30.25982093811035,66400,0.0,0.0,0.0
2022-06-09,48.75,49.06100082397461,47.86000061035156,47.90999984741211,29.695775985717773,83200,0.0,0.0,0.0
2022-06-10,47.369998931884766,47.40999984741211,46.4900016784668,46.59000015258789,28.87761878967285,91900,0.0,0.0,0.0
2022-06-13,45.349998474121094,45.474998474121094,44.5,44.689998626708984,27.699947357177734,137600,0.0,0.0,0.0
2022-06-14,44.869998931884766,44.959999084472656,44.2599983215332,44.689998626708984,27.699947357177734,149900,0.0,0.0,0.0
2022-06-15,45.310001373291016,46.20500183105469,44.90999984741211,45.689998626708984,28.31977653503418,79100,0.0,0.0,0.0
2022-06-16,44.70000076293945,44.70000076293945,43.599998474121094,44.060001373291016,27.309452056884766,64600,0.0,0.0,0.0
2022-06-17,44.2400016784668,44.720001220703125,43.83000183105469,44.439998626708984,27.544984817504883,42500,0.0,0.0,0.0
2022-06-21,45.22999954223633,45.720001220703125,45.08000183105469,45.470001220703125,28.183408737182617,28300,0.0,0.0,0.0
2022-06-22,45.0099983215332,45.88999938964844,45.0099983215332,45.380001068115234,28.12762451171875,234300,0.0,0.0,0.0
2022-06-23,45.7599983215332,46.060001373291016,45.23899841308594,45.790000915527344,28.38175392150879,59000,0.0,0.0,0.0
2022-06-24,46.439998626708984,47.13999938964844,46.380001068115234,47.13999938964844,29.218515396118164,150800,0.0,0.0,0.0
2022-06-27,47.349998474121094,47.380001068115234,46.744998931884766,46.90999984741211,29.075950622558594,72600,0.0,0.0,0.0
2022-06-28,47.13999938964844,47.301998138427734,45.83000183105469,45.869998931884766,28.431344985961914,163300,0.0,0.0,0.0
2022-06-29,45.9900016784668,46.08000183105469,45.58700180053711,45.97999954223633,28.499515533447266,208000,0.0,0.0,0.0
2022-06-30,45.70000076293945,45.91999816894531,44.81999969482422,45.7599983215332,28.363157272338867,169200,0.0,0.0,0.0
2022-07-01,45.22999954223633,45.38999938964844,44.75,45.38999938964844,28.344419479370117,209100,0.34,0.0,0.0
2022-07-05,45.029998779296875,46.16600036621094,44.54999923706055,46.060001373291016,28.762813568115234,286500,0.0,0.0,0.0
2022-07-06,46.130001068115234,46.47800064086914,45.81999969482422,46.2400016784668,28.875211715698242,221500,0.0,0.0,0.0
2022-07-07,46.529998779296875,46.97999954223633,46.45000076293945,46.91999816894531,29.299850463867188,397700,0.0,0.0,0.0
2022-07-08,46.720001220703125,47.06999969482422,46.5,46.939998626708984,29.312335968017578,387700,0.0,0.0,0.0
2022-07-11,46.900001525878906,46.900001525878906,46.34600067138672,46.47999954223633,29.02509117126465,154400,0.0,0.0,0.0
2022-07-12,46.58000183105469,46.7599983215332,45.900001525878906,46.11000061035156,28.794034957885742,424300,0.0,0.0,0.0
2022-07-13,45.5,46.314998626708984,45.380001068115234,46.060001373291016,28.762813568115234,145800,0.0,0.0,0.0
2022-07-14,45.939998626708984,46.34000015258789,45.36000061035156,46.25,28.8814697265625,163100,0.0,0.0,0.0
2022-07-15,46.689998626708984,46.880001068115234,46.47999954223633,46.810001373291016,29.231159210205078,113500,0.0,0.0,0.0
2022-07-18,47.29999923706055,47.400001525878906,46.63999938964844,46.7599983215332,29.199935913085938,122200,0.0,0.0,0.0
2022-07-19,47.119998931884766,47.599998474121094,46.95000076293945,47.560001373291016,29.699514389038086,208000,0.0,0.0,0.0
2022-07-20,47.599998474121094,47.9900016784668,47.5,47.90999984741211,29.918067932128906,139300,0.0,0.0,0.0
2022-07-21,47.9900016784668,48.20000076293945,47.54999923706055,48.20000076293945,30.099178314208984,142600,0.0,0.0,0.0
2022-07-22,48.029998779296875,48.20000076293945,47.5,47.630001068115234,29.743215560913086,232500,0.0,0.0,0.0
2022-07-25,48.27000045776367,48.27000045776367,47.599998474121094,47.79999923706055,29.849380493164062,142200,0.0,0.0,0.0
2022-07-26,48.0,48.0,47.130001068115234,47.31999969482422,29.549640655517578,111900,0.0,0.0,0.0
2022-07-27,47.790000915527344,48.650001525878906,47.599998474121094,48.54999923706055,30.317729949951172,164100,0.0,0.0,0.0
2022-07-28,48.599998474121094,48.70000076293945,48.08300018310547,48.66999816894531,30.392663955688477,286100,0.0,0.0,0.0
2022-07-29,48.90999984741211,49.25,48.709999084472656,49.150001525878906,30.69241714477539,783700,0.0,0.0,0.0
2022-08-01,48.75,48.939998626708984,48.47999954223633,48.650001525878906,30.633838653564453,259600,0.407,0.0,0.0
2022-08-02,48.41999816894531,48.83000183105469,48.37200164794922,48.560001373291016,30.577180862426758,113100,0.0,0.0,0.0
2022-08-03,48.810001373291016,49.099998474121094,48.7400016784668,49.0099983215332,30.86052894592285,258000,0.0,0.0,0.0
2022-08-04,48.900001525878906,49.02000045776367,48.808998107910156,48.97999954223633,30.841655731201172,157500,0.0,0.0,0.0
2022-08-05,48.75,48.935001373291016,48.617000579833984,48.81999969482422,30.740888595581055,166700,0.0,0.0,0.0
2022-08-08,49.119998931884766,49.29999923706055,48.83000183105469,48.90999984741211,30.797578811645508,111300,0.0,0.0,0.0
2022-08-09,48.849998474121094,48.85100173950195,48.57400131225586,48.689998626708984,30.659038543701172,131200,0.0,0.0,0.0
2022-08-10,49.459999084472656,49.459999084472656,49.11800003051758,49.34000015258789,31.068328857421875,177500,0.0,0.0,0.0
2022-08-11,49.58000183105469,49.60100173950195,49.150001525878906,49.25,31.01165199279785,666200,0.0,0.0,0.0
2022-08-12,49.540000915527344,49.810001373291016,49.38999938964844,49.779998779296875,31.345382690429688,533300,0.0,0.0,0.0
2022-08-15,49.77000045776367,49.93000030517578,49.65999984741211,49.900001525878906,31.42093849182129,273300,0.0,0.0,0.0
2022-08-16,49.849998474121094,49.970001220703125,49.61000061035156,49.84000015258789,31.38317108154297,262900,0.0,0.0,0.0
2022-08-17,49.65999984741211,49.83000183105469,49.45000076293945,49.61000061035156,31.238332748413086,236300,0.0,0.0,0.0
2022-08-18,49.7599983215332,49.869998931884766,49.54999923706055,49.75,31.326492309570312,547700,0.0,0.0,0.0
2022-08-19,49.630001068115234,49.630001068115234,49.150001525878906,49.25,31.01165199279785,221700,0.0,0.0,0.0
2022-08-22,48.900001525878906,48.900001525878906,48.27000045776367,48.369998931884766,30.457544326782227,223100,0.0,0.0,0.0
2022-08-23,48.36000061035156,48.70000076293945,48.2599983215332,48.33000183105469,30.43235969543457,351900,0.0,0.0,0.0
2022-08-24,48.31999969482422,48.68000030517578,48.26100158691406,48.45000076293945,30.507917404174805,369800,0.0,0.0,0.0
2022-08-25,48.70000076293945,49.119998931884766,48.53200149536133,49.119998931884766,30.929800033569336,178800,0.0,0.0,0.0
2022-08-26,49.220001220703125,49.220001220703125,47.5,47.56999969482422,29.95380210876465,467800,0.0,0.0,0.0
2022-08-29,47.08000183105469,47.38999938964844,46.86000061035156,47.029998779296875,29.613765716552734,271000,0.0,0.0,0.0
2022-08-30,47.18000030517578,47.279998779296875,46.14500045776367,46.5,29.2800350189209,438400,0.0,0.0,0.0
2022-08-31,46.849998474121094,47.02899932861328,46.20000076293945,46.2400016784668,29.116321563720703,227700,0.0,0.0,0.0
2022-09-01,45.52000045776367,45.810001373291016,44.70000076293945,45.63999938964844,29.0819149017334,322800,0.546,0.0,0.0
2022-09-02,46.119998931884766,46.2400016784668,44.88999938964844,45.099998474121094,28.737817764282227,232900,0.0,0.0,0.0
2022-09-06,45.130001068115234,45.33000183105469,44.619998931884766,44.90999984741211,28.61675453186035,290800,0.0,0.0,0.0
2022-09-07,44.9900016784668,45.849998474121094,44.926998138427734,45.70000076293945,29.120145797729492,523700,0.0,0.0,0.0
2022-09-08,45.45000076293945,46.13800048828125,45.26599884033203,45.90999984741211,29.253965377807617,280700,0.0,0.0,0.0
2022-09-09,46.25,46.849998474121094,46.23899841308594,46.849998474121094,29.85292625427246,299800,0.0,0.0,0.0
2022-09-12,47.119998931884766,47.33000183105469,47.0,47.29999923706055,30.139671325683594,280000,0.0,0.0,0.0
2022-09-13,46.2400016784668,46.31999969482422,45.0,45.11000061035156,28.744199752807617,663700,0.0,0.0,0.0
2022-09-14,45.29999923706055,45.5,44.97999954223633,45.400001525878906,28.928991317749023,276100,0.0,0.0,0.0
2022-09-15,45.18000030517578,45.470001220703125,44.560001373291016,44.779998779296875,28.53392219543457,420000,0.0,0.0,0.0
2022-09-16,44.369998931884766,44.569000244140625,44.0099983215332,44.5,28.35550308227539,357000,0.0,0.0,0.0
2022-09-19,44.25,44.900001525878906,44.231998443603516,44.900001525878906,28.610389709472656,270100,0.0,0.0,0.0
2022-09-20,44.54999923706055,44.790000915527344,44.224998474121094,44.52000045776367,28.36825942993164,282400,0.0,0.0,0.0
2022-09-21,44.709999084472656,45.25,43.79999923706055,43.86000061035156,27.94769287109375,348900,0.0,0.0,0.0
2022-09-22,43.540000915527344,43.7599983215332,43.20000076293945,43.36000061035156,27.62909698486328,405300,0.0,0.0,0.0
2022-09-23,43.08000183105469,43.08000183105469,42.2599983215332,42.7599983215332,27.24676513671875,372600,0.0,0.0,0.0
2022-09-26,42.720001220703125,43.290000915527344,42.5099983215332,42.650001525878906,27.176681518554688,303600,0.0,0.0,0.0
2022-09-27,43.119998931884766,43.349998474121094,42.26300048828125,42.619998931884766,27.157556533813477,2981900,0.0,0.0,0.0
2022-09-28,42.650001525878906,43.56999969482422,42.459999084472656,43.40999984741211,27.66095542907715,398100,0.0,0.0,0.0
2022-09-29,42.91999816894531,42.91999816894531,41.90800094604492,42.349998474121094,26.98551368713379,383900,0.0,0.0,0.0
2022-09-30,42.189998626708984,42.6879997253418,41.650001525878906,41.650001525878906,26.539480209350586,419800,0.0,0.0,0.0
2022-10-03,41.689998626708984,42.470001220703125,41.459999084472656,42.279998779296875,27.188966751098633,321300,0.38,0.0,0.0
2022-10-04,42.9900016784668,43.400001525878906,42.95000076293945,43.290000915527344,27.838483810424805,247300,0.0,0.0,0.0
2022-10-05,42.88999938964844,43.47999954223633,42.529998779296875,43.34000015258789,27.870630264282227,178900,0.0,0.0,0.0
2022-10-06,43.25,43.560001373291016,42.95000076293945,43.040000915527344,27.677711486816406,348300,0.0,0.0,0.0
2022-10-07,42.52000045776367,42.54899978637695,41.54999923706055,41.75,26.8481502532959,378600,0.0,0.0,0.0
2022-10-10,41.869998931884766,41.869998931884766,41.029998779296875,41.349998474121094,26.59092140197754,322800,0.0,0.0,0.0
2022-10-11,41.11000061035156,41.415000915527344,40.59000015258789,40.810001373291016,26.243669509887695,288000,0.0,0.0,0.0
2022-10-12,40.79999923706055,41.09000015258789,40.73500061035156,40.78499984741211,26.22759246826172,182200,0.0,0.0,0.0
2022-10-13,39.790000915527344,41.810001373291016,39.61000061035156,41.65999984741211,26.790273666381836,595100,0.0,0.0,0.0
2022-10-14,42.02000045776367,42.029998779296875,40.54999923706055,40.650001525878906,26.140777587890625,212500,0.0,0.0,0.0
2022-10-17,41.41999816894531,41.935001373291016,41.41999816894531,41.77000045776367,26.86101722717285,748200,0.0,0.0,0.0
2022-10-18,42.900001525878906,42.900001525878906,41.75,42.08000183105469,27.060367584228516,200600,0.0,0.0,0.0
2022-10-19,41.97999954223633,42.356998443603516,41.720001220703125,42.0,27.008920669555664,141500,0.0,0.0,0.0
2022-10-20,41.810001373291016,42.59000015258789,41.70000076293945,41.849998474121094,26.912464141845703,195800,0.0,0.0,0.0
2022-10-21,41.72999954223633,42.691001892089844,41.650001525878906,42.63999938964844,27.420488357543945,118300,0.0,0.0,0.0
2022-10-24,42.81999969482422,43.15999984741211,42.347999572753906,43.040000915527344,27.677711486816406,399500,0.0,0.0,0.0
2022-10-25,43.18000030517578,43.7400016784668,43.18000030517578,43.66999816894531,28.08283805847168,285700,0.0,0.0,0.0
2022-10-26,43.11000061035156,43.650001525878906,42.900001525878906,43.0099983215332,27.658416748046875,382700,0.0,0.0,0.0
2022-10-27,43.0099983215332,43.130001068115234,42.41999816894531,42.47999954223633,27.317596435546875,321600,0.0,0.0,0.0
2022-10-28,42.45000076293945,43.40999984741211,42.279998779296875,43.33000183105469,27.86420440673828,427000,0.0,0.0,0.0
2022-10-31,43.2400016784668,43.349998474121094,42.9010009765625,43.119998931884766,27.729148864746094,382900,0.0,0.0,0.0
2022-11-01,42.84000015258789,42.88999938964844,42.029998779296875,42.09000015258789,27.50112533569336,403200,0.681,0.0,0.0
2022-11-02,42.130001068115234,42.44200134277344,40.9900016784668,41.0099983215332,26.795461654663086,424900,0.0,0.0,0.0
2022-11-03,40.70000076293945,40.79999923706055,40.25,40.31999969482422,26.344623565673828,429100,0.0,0.0,0.0
2022-11-04,40.970001220703125,41.02000045776367,40.09000015258789,40.83000183105469,26.67784881591797,677200,0.0,0.0,0.0
2022-11-07,41.11000061035156,41.29999923706055,40.75,41.2400016784668,26.945749282836914,400100,0.0,0.0,0.0
2022-11-08,41.4900016784668,41.849998474121094,41.03499984741211,41.4900016784668,27.109088897705078,916500,0.0,0.0,0.0
2022-11-09,41.310001373291016,41.36000061035156,40.68000030517578,40.72999954223633,26.612520217895508,564200,0.0,0.0,0.0
2022-11-10,42.0,42.9900016784668,41.939998626708984,42.970001220703125,28.076101303100586,1023200,0.0,0.0,0.0
2022-11-11,43.04999923706055,43.4900016784668,42.86000061035156,43.41999816894531,28.37013053894043,552200,0.0,0.0,0.0
2022-11-14,43.369998931884766,43.560001373291016,43.20000076293945,43.279998779296875,28.278657913208008,444900,0.0,0.0,0.0
2022-11-15,43.91999816894531,43.95000076293945,43.33000183105469,43.63999938964844,28.51387596130371,1102400,0.0,0.0,0.0
2022-11-16,43.47999954223633,43.900001525878906,43.310001373291016,43.38999938964844,28.35053062438965,610200,0.0,0.0,0.0
2022-11-17,43.130001068115234,43.58000183105469,43.040000915527344,43.41999816894531,28.37013053894043,687900,0.0,0.0,0.0
2022-11-18,43.7599983215332,43.7599983215332,43.292999267578125,43.54999923706055,28.455074310302734,305300,0.0,0.0,0.0
2022-11-21,43.54999923706055,43.638999938964844,43.28499984741211,43.38999938964844,28.35053062438965,431500,0.0,0.0,0.0
2022-11-22,43.58000183105469,43.869998931884766,43.316001892089844,43.86000061035156,28.65761947631836,391200,0.0,0.0,0.0
2022-11-23,43.91999816894531,44.20000076293945,43.91999816894531,44.099998474121094,28.814437866210938,425200,0.0,0.0,0.0
2022-11-25,44.130001068115234,44.150001525878906,44.02000045776367,44.04999923706055,28.78176498413086,288400,0.0,0.0,0.0
2022-11-28,43.959999084472656,44.09000015258789,43.599998474121094,43.720001220703125,28.566144943237305,573300,0.0,0.0,0.0
2022-11-29,43.709999084472656,43.720001220703125,43.29999923706055,43.4900016784668,28.41587257385254,802300,0.0,0.0,0.0
2022-11-30,43.529998779296875,44.619998931884766,43.43000030517578,44.619998931884766,29.154203414916992,831600,0.0,0.0,0.0
2022-12-01,44.150001525878906,44.20000076293945,43.880001068115234,44.060001373291016,29.144922256469727,482600,0.546,0.0,0.0
2022-12-02,43.560001373291016,44.02000045776367,43.560001373291016,43.95000076293945,29.072179794311523,453500,0.0,0.0,0.0
2022-12-05,43.83000183105469,44.0,43.560001373291016,43.689998626708984,28.900182723999023,1053200,0.0,0.0,0.0
2022-12-06,43.70000076293945,43.70800018310547,42.91999816894531,43.119998931884766,28.523134231567383,796800,0.0,0.0,0.0
2022-12-07,42.970001220703125,43.19499969482422,42.79999923706055,43.0,28.443769454956055,495800,0.0,0.0,0.0
2022-12-08,43.16999816894531,43.45000076293945,42.900001525878906,43.369998931884766,28.68851089477539,282000,0.0,0.0,0.0
2022-12-09,43.290000915527344,43.54999923706055,43.099998474121094,43.150001525878906,28.542991638183594,266400,0.0,0.0,0.0
2022-12-12,43.279998779296875,43.720001220703125,43.119998931884766,43.720001220703125,28.920032501220703,924800,0.0,0.0,0.0
2022-12-13,44.58000183105469,44.7599983215332,43.650001525878906,43.9900016784668,29.098630905151367,791500,0.0,0.0,0.0
2022-12-14,44.09000015258789,44.38999938964844,43.45000076293945,43.83000183105469,28.992801666259766,525900,0.0,0.0,0.0
2022-12-15,43.36000061035156,43.404998779296875,42.380001068115234,42.529998779296875,28.132862091064453,893600,0.0,0.0,0.0
2022-12-16,42.31999969482422,42.650001525878906,41.90999984741211,42.18000030517578,27.901351928710938,493600,0.0,0.0,0.0
2022-12-19,42.290000915527344,42.290000915527344,41.47999954223633,41.650001525878906,27.550758361816406,505800,0.0,0.0,0.0
2022-12-20,41.560001373291016,41.86199951171875,41.25,41.65999984741211,27.557376861572266,439700,0.0,0.0,0.0
2022-12-21,41.900001525878906,42.400001525878906,41.75,42.2599983215332,27.954265594482422,422300,0.0,0.0,0.0
2022-12-22,41.83000183105469,41.83000183105469,40.65999984741211,41.27000045776367,27.299400329589844,844300,0.0,0.0,0.0
2022-12-23,41.099998474121094,41.474998474121094,40.81999969482422,41.349998474121094,27.35231590270996,449700,0.0,0.0,0.0
2022-12-27,41.41999816894531,41.43000030517578,40.900001525878906,40.9900016784668,27.114181518554688,710400,0.0,0.0,0.0
2022-12-28,40.970001220703125,41.220001220703125,40.400001525878906,40.5,26.79006004333496,753000,0.0,0.0,0.0
2022-12-29,40.369998931884766,40.959999084472656,40.27000045776367,40.849998474121094,27.41142463684082,583700,0.576,0.0,0.0
2022-12-30,40.54999923706055,40.79999923706055,40.310001373291016,40.79999923706055,27.377878189086914,779600,0.0,0.0,0.0
2023-01-03,41.189998626708984,41.34000015258789,40.34000015258789,40.66999816894531,27.290645599365234,513300,0.0,0.0,0.0
2023-01-04,40.95000076293945,40.9900016784668,40.37300109863281,40.79999923706055,27.377878189086914,708700,0.0,0.0,0.0
2023-01-05,40.529998779296875,40.619998931884766,40.18000030517578,40.25,27.008808135986328,752200,0.0,0.0,0.0
2023-01-06,40.40999984741211,41.16999816894531,40.03099822998047,40.9900016784668,27.50537109375,964500,0.0,0.0,0.0
2023-01-09,41.349998474121094,41.75,41.2140007019043,41.279998779296875,27.699968338012695,728900,0.0,0.0,0.0
2023-01-10,41.20000076293945,41.54999923706055,41.099998474121094,41.5,27.847591400146484,524400,0.0,0.0,0.0
2023-01-11,41.66999816894531,42.0,41.564998626708984,41.959999084472656,28.15627098083496,794000,0.0,0.0,0.0
2023-01-12,42.06999969482422,42.22999954223633,41.650001525878906,42.13999938964844,28.277048110961914,1033900,0.0,0.0,0.0
2023-01-13,42.06999969482422,42.48500061035156,42.0099983215332,42.470001220703125,28.49850082397461,551700,0.0,0.0,0.0
2023-01-17,42.58000183105469,42.689998626708984,42.40999984741211,42.58000183105469,28.572307586669922,1052100,0.0,0.0,0.0
2023-01-18,42.75,42.810001373291016,42.2599983215332,42.290000915527344,28.37770652770996,980300,0.0,0.0,0.0
2023-01-19,42.150001525878906,42.2599983215332,41.94200134277344,42.099998474121094,28.250207901000977,571600,0.0,0.0,0.0
2023-01-20,42.290000915527344,42.720001220703125,42.150001525878906,42.720001220703125,28.666244506835938,911300,0.0,0.0,0.0
2023-01-23,42.900001525878906,43.130001068115234,42.72600173950195,43.06999969482422,28.901100158691406,1016900,0.0,0.0,0.0
2023-01-24,42.95000076293945,43.060001373291016,42.880001068115234,42.97999954223633,28.84071922302246,1330600,0.0,0.0,0.0
2023-01-25,42.70000076293945,42.970001220703125,42.47999954223633,42.93000030517578,28.807159423828125,872700,0.0,0.0,0.0
2023-01-26,43.189998626708984,43.25,43.0099983215332,43.189998626708984,28.981632232666016,1325700,0.0,0.0,0.0
2023-01-27,43.13999938964844,43.448001861572266,43.099998474121094,43.33000183105469,29.075571060180664,1249100,0.0,0.0,0.0
2023-01-30,43.119998931884766,43.18000030517578,42.86000061035156,42.900001525878906,28.787029266357422,1075400,0.0,0.0,0.0
2023-01-31,43.04999923706055,43.349998474121094,43.0,43.349998474121094,29.088993072509766,753000,0.0,0.0,0.0
2023-02-01,42.869998931884766,43.34000015258789,42.709999084472656,43.189998626708984,29.27949333190918,1303800,0.441,0.0,0.0
2023-02-02,43.5,43.59000015258789,43.310001373291016,43.45000076293945,29.45574378967285,1341900,0.0,0.0,0.0
2023-02-03,43.09000015258789,43.45000076293945,43.06999969482422,43.16999816894531,29.265932083129883,1305300,0.0,0.0,0.0
2023-02-06,43.09000015258789,43.19599914550781,42.97999954223633,43.11000061035156,29.225265502929688,676700,0.0,0.0,0.0
2023-02-07,43.154998779296875,43.45000076293945,43.02000045776367,43.400001525878906,29.421855926513672,725200,0.0,0.0,0.0
2023-02-08,43.34000015258789,43.34700012207031,43.064998626708984,43.09000015258789,29.211694717407227,871100,0.0,0.0,0.0
2023-02-09,43.45000076293945,43.45000076293945,42.88999938964844,42.95000076293945,29.116785049438477,866500,0.0,0.0,0.0
2023-02-10,43.150001525878906,43.150001525878906,42.61000061035156,42.84000015258789,29.04220962524414,874000,0.0,0.0,0.0
2023-02-13,42.95000076293945,43.2400016784668,42.88999938964844,43.15999984741211,29.2591495513916,679000,0.0,0.0,0.0
2023-02-14,43.04999923706055,43.54999923706055,43.0099983215332,43.47999954223633,29.476085662841797,698500,0.0,0.0,0.0
2023-02-15,43.43000030517578,43.65999984741211,43.31999969482422,43.650001525878906,29.59134292602539,825400,0.0,0.0,0.0
2023-02-16,43.40999984741211,43.619998931884766,43.209999084472656,43.25,29.320165634155273,858400,0.0,0.0,0.0
2023-02-17,43.15999984741211,43.16999816894531,42.81999969482422,43.119998931884766,29.23203468322754,958700,0.0,0.0,0.0
2023-02-21,42.84000015258789,42.91999816894531,42.43000030517578,42.4900016784668,28.804935455322266,934800,0.0,0.0,0.0
2023-02-22,42.58000183105469,42.79999923706055,42.349998474121094,42.540000915527344,28.83884048461914,726600,0.0,0.0,0.0
2023-02-23,42.95000076293945,42.970001220703125,42.37300109863281,42.84000015258789,29.04220962524414,947800,0.0,0.0,0.0
2023-02-24,42.36000061035156,42.400001525878906,42.06999969482422,42.290000915527344,28.669361114501953,1093900,0.0,0.0,0.0
2023-02-27,42.70000076293945,42.900001525878906,42.5099983215332,42.61000061035156,28.88629150390625,1036000,0.0,0.0,0.0
2023-02-28,42.63999938964844,42.86899948120117,42.4900016784668,42.59000015258789,28.87273406982422,1108200,0.0,0.0,0.0
2023-03-01,42.099998474121094,42.22999954223633,41.709999084472656,41.86000061035156,28.669328689575195,1092100,0.433,0.0,0.0
2023-03-02,41.560001373291016,42.2400016784668,41.507999420166016,42.16999816894531,28.881629943847656,914400,0.0,0.0,0.0
2023-03-03,42.38999938964844,42.849998474121094,42.310001373291016,42.79999923706055,29.313121795654297,1239800,0.0,0.0,0.0
2023-03-06,42.9900016784668,43.2400016784668,42.81999969482422,42.83000183105469,29.333662033081055,1121000,0.0,0.0,0.0
2023-03-07,42.939998626708984,42.959999084472656,42.41999816894531,42.4900016784668,29.100799560546875,1729200,0.0,0.0,0.0
2023-03-08,42.540000915527344,42.736000061035156,42.34000015258789,42.650001525878906,29.21038818359375,915600,0.0,0.0,0.0
2023-03-09,42.70000076293945,43.060001373291016,41.9900016784668,42.08000183105469,28.81999969482422,1536300,0.0,0.0,0.0
2023-03-10,42.13999938964844,42.25,41.43000030517578,41.529998779296875,28.443315505981445,1699300,0.0,0.0,0.0
2023-03-13,41.400001525878906,42.29999923706055,41.150001525878906,41.90999984741211,28.703569412231445,1450200,0.0,0.0,0.0
2023-03-14,42.380001068115234,42.724998474121094,42.25,42.650001525878906,29.21038818359375,1752600,0.0,0.0,0.0
2023-03-15,42.349998474121094,42.86000061035156,42.16999816894531,42.84000015258789,29.340505599975586,1397400,0.0,0.0,0.0
2023-03-16,42.779998779296875,43.66999816894531,42.630001068115234,43.61000061035156,29.867876052856445,1420800,0.0,0.0,0.0
2023-03-17,43.650001525878906,43.79999923706055,43.310001373291016,43.5,29.792543411254883,1149900,0.0,0.0,0.0
2023-03-20,43.54999923706055,43.66999816894531,43.279998779296875,43.599998474121094,29.861024856567383,877600,0.0,0.0,0.0
2023-03-21,43.93000030517578,44.099998474121094,43.7400016784668,44.04999923706055,30.169219970703125,831400,0.0,0.0,0.0
2023-03-22,44.13999938964844,44.459999084472656,43.79999923706055,43.86000061035156,30.039091110229492,1234300,0.0,0.0,0.0
2023-03-23,44.11000061035156,44.47100067138672,43.893001556396484,44.119998931884766,30.217180252075195,1272800,0.0,0.0,0.0
2023-03-24,44.08000183105469,44.27000045776367,43.90999984741211,44.27000045776367,30.319904327392578,840100,0.0,0.0,0.0
2023-03-27,44.40999984741211,44.43000030517578,44.119998931884766,44.20000076293945,30.271957397460938,862500,0.0,0.0,0.0
2023-03-28,44.22999954223633,44.22999954223633,43.95199966430664,44.189998626708984,30.265119552612305,752300,0.0,0.0,0.0
2023-03-29,44.4900016784668,44.62900161743164,44.42100143432617,44.599998474121094,30.54591178894043,797900,0.0,0.0,0.0
2023-03-30,44.86000061035156,44.86000061035156,44.62900161743164,44.720001220703125,30.628097534179688,1201400,0.0,0.0,0.0
2023-03-31,44.81999969482422,45.09000015258789,44.75899887084961,45.09000015258789,30.881505966186523,1366300,0.0,0.0,0.0
2023-04-03,44.5099983215332,44.560001373291016,44.36000061035156,44.540000915527344,30.815092086791992,967700,0.454,0.0,0.0
2023-04-04,44.630001068115234,44.68000030517578,44.5099983215332,44.560001373291016,30.82893180847168,994600,0.0,0.0,0.0
2023-04-05,44.56999969482422,44.56999969482422,44.33000183105469,44.470001220703125,30.76665496826172,960000,0.0,0.0,0.0
2023-04-06,44.41999816894531,44.619998931884766,44.25,44.599998474121094,30.85660171508789,1009500,0.0,0.0,0.0
2023-04-10,44.47999954223633,44.61000061035156,44.25,44.599998474121094,30.85660171508789,1176000,0.0,0.0,0.0
2023-04-11,44.66999816894531,44.66999816894531,44.47999954223633,44.529998779296875,30.80817222595215,961200,0.0,0.0,0.0
2023-04-12,44.7400016784668,44.7400016784668,44.35300064086914,44.400001525878906,30.718233108520508,923400,0.0,0.0,0.0
2023-04-13,44.56999969482422,44.93000030517578,44.55400085449219,44.869998931884766,31.043394088745117,828200,0.0,0.0,0.0
2023-04-14,44.810001373291016,44.970001220703125,44.619998931884766,44.900001525878906,31.06416130065918,620800,0.0,0.0,0.0
2023-04-17,44.880001068115234,44.97999954223633,44.71500015258789,44.970001220703125,31.112586975097656,727900,0.0,0.0,0.0
2023-04-18,45.18000030517578,45.209999084472656,44.93000030517578,45.02000045776367,31.147186279296875,699500,0.0,0.0,0.0
2023-04-19,44.86000061035156,45.13999938964844,44.79999923706055,45.06999969482422,31.181772232055664,729800,0.0,0.0,0.0
2023-04-20,44.86000061035156,45.13999938964844,44.720001220703125,44.869998931884766,31.043394088745117,1056100,0.0,0.0,0.0
2023-04-21,44.880001068115234,44.9900016784668,44.650001525878906,44.91999816894531,31.077991485595703,712000,0.0,0.0,0.0
2023-04-24,44.97999954223633,45.09000015258789,44.630001068115234,44.90999984741211,31.071081161499023,1380400,0.0,0.0,0.0
2023-04-25,44.83000183105469,44.83000183105469,44.119998931884766,44.130001068115234,30.531435012817383,1523700,0.0,0.0,0.0
2023-04-26,44.650001525878906,44.88999938964844,44.439998626708984,44.5,30.78740882873535,1278700,0.0,0.0,0.0
2023-04-27,44.88999938964844,45.59000015258789,44.849998474121094,45.5,31.479263305664062,1648000,0.0,0.0,0.0
2023-04-28,45.47999954223633,45.77000045776367,45.36000061035156,45.77000045776367,31.666074752807617,1923200,0.0,0.0,0.0
2023-05-01,45.31999969482422,45.43899917602539,45.220001220703125,45.33000183105469,31.696834564208984,1692100,0.484,0.0,0.0
2023-05-02,45.38999938964844,45.38999938964844,44.84000015258789,45.09000015258789,31.529010772705078,1502700,0.0,0.0,0.0
2023-05-03,45.209999084472656,45.43000030517578,44.91999816894531,44.959999084472656,31.438106536865234,919100,0.0,0.0,0.0
2023-05-04,44.93000030517578,44.9900016784668,44.619998931884766,44.779998779296875,31.312238693237305,995200,0.0,0.0,0.0
2023-05-05,45.08000183105469,45.540000915527344,45.0099983215332,45.439998626708984,31.77374839782715,1248400,0.0,0.0,0.0
2023-05-08,45.5,45.650001525878906,45.36000061035156,45.630001068115234,31.906620025634766,1352000,0.0,0.0,0.0
2023-05-09,45.54999923706055,45.560001373291016,45.41999816894531,45.45000076293945,31.780744552612305,852500,0.0,0.0,0.0
2023-05-10,45.81999969482422,45.939998626708984,45.50199890136719,45.86000061035156,32.06742477416992,1318600,0.0,0.0,0.0
2023-05-11,45.93000030517578,46.029998779296875,45.77000045776367,46.0,32.16532897949219,1254600,0.0,0.0,0.0
2023-05-12,46.060001373291016,46.08000183105469,45.68000030517578,45.91999816894531,32.10939025878906,1254900,0.0,0.0,0.0
2023-05-15,46.0,46.099998474121094,45.83000183105469,46.06999969482422,32.21426773071289,1511800,0.0,0.0,0.0
2023-05-16,46.040000915527344,46.29999923706055,46.040000915527344,46.13999938964844,32.26322555541992,1525900,0.0,0.0,0.0
2023-05-17,46.29999923706055,46.54999923706055,46.16999816894531,46.5099983215332,32.521942138671875,1518800,0.0,0.0,0.0
2023-05-18,46.599998474121094,46.86000061035156,46.55099868774414,46.84000015258789,32.7526969909668,3523500,0.0,0.0,0.0
2023-05-19,46.81999969482422,46.880001068115234,46.650001525878906,46.7400016784668,32.682777404785156,1548700,0.0,0.0,0.0
2023-05-22,46.72999954223633,46.869998931884766,46.70600128173828,46.79999923706055,32.724735260009766,1451900,0.0,0.0,0.0
2023-05-23,46.7599983215332,46.810001373291016,46.5099983215332,46.58000183105469,32.57089614868164,1480200,0.0,0.0,0.0
2023-05-24,46.529998779296875,46.540000915527344,46.29999923706055,46.470001220703125,32.49397277832031,1194400,0.0,0.0,0.0
2023-05-25,47.150001525878906,47.150001525878906,46.77199935913086,47.040000915527344,32.89254379272461,2852600,0.0,0.0,0.0
2023-05-26,47.22999954223633,47.380001068115234,47.02000045776367,47.34000015258789,33.10232162475586,2830400,0.0,0.0,0.0
2023-05-30,47.529998779296875,47.540000915527344,47.244998931884766,47.31999969482422,33.08832550048828,3490400,0.0,0.0,0.0
2023-05-31,47.22999954223633,47.34299850463867,47.18000030517578,47.25,33.03939437866211,2277200,0.0,0.0,0.0
2023-06-01,46.869998931884766,47.09000015258789,46.84000015258789,47.04999923706055,33.15000915527344,1343300,0.357,0.0,0.0
2023-06-02,47.150001525878906,47.2400016784668,47.029998779296875,47.16999816894531,33.234554290771484,1694000,0.0,0.0,0.0
2023-06-05,47.189998626708984,47.33000183105469,47.18000030517578,47.25,33.29092025756836,2361100,0.0,0.0,0.0
2023-06-06,47.2400016784668,47.310001373291016,47.18199920654297,47.279998779296875,33.312042236328125,2080300,0.0,0.0,0.0
2023-06-07,47.310001373291016,47.400001525878906,46.95000076293945,46.97999954223633,33.10068130493164,1766100,0.0,0.0,0.0
2023-06-08,47.02000045776367,47.25,47.02000045776367,47.209999084472656,33.26272964477539,1188700,0.0,0.0,0.0
2023-06-09,47.2599983215332,47.43000030517578,47.209999084472656,47.290000915527344,33.319095611572266,1685100,0.0,0.0,0.0
2023-06-12,47.40999984741211,47.59000015258789,47.36000061035156,47.58000183105469,33.52342987060547,1746400,0.0,0.0,0.0
2023-06-13,47.709999084472656,47.709999084472656,47.5,47.630001068115234,33.558658599853516,1373500,0.0,0.0,0.0
2023-06-14,47.65999984741211,47.72999954223633,47.54999923706055,47.70000076293945,33.607975006103516,1074500,0.0,0.0,0.0
2023-06-15,47.650001525878906,47.84000015258789,47.630001068115234,47.79999923706055,33.678428649902344,1751200,0.0,0.0,0.0
2023-06-16,47.86000061035156,47.869998931884766,47.689998626708984,47.70000076293945,33.607975006103516,1455200,0.0,0.0,0.0
2023-06-20,47.599998474121094,47.86000061035156,47.599998474121094,47.81999969482422,33.69252395629883,1324800,0.0,0.0,0.0
2023-06-21,47.84000015258789,47.84000015258789,47.59000015258789,47.68000030517578,33.59387969970703,3899800,0.0,0.0,0.0
2023-06-22,47.65999984741211,47.939998626708984,47.6349983215332,47.939998626708984,33.777069091796875,1533700,0.0,0.0,0.0
2023-06-23,47.77000045776367,47.900001525878906,47.619998931884766,47.77000045776367,33.65728759765625,1872600,0.0,0.0,0.0
2023-06-26,47.790000915527344,47.93000030517578,47.41999816894531,47.45000076293945,33.431827545166016,1482900,0.0,0.0,0.0
2023-06-27,47.58000183105469,47.939998626708984,47.52000045776367,47.869998931884766,33.72774887084961,2110100,0.0,0.0,0.0
2023-06-28,47.779998779296875,48.02799987792969,47.720001220703125,47.900001525878906,33.748897552490234,2281000,0.0,0.0,0.0
2023-06-29,47.959999084472656,47.97999954223633,47.810001373291016,47.93000030517578,33.77001190185547,2239600,0.0,0.0,0.0
2023-06-30,48.16999816894531,48.40999984741211,48.150001525878906,48.369998931884766,34.08002853393555,2248100,0.0,0.0,0.0
2023-07-03,48.09000015258789,48.09000015258789,47.970001220703125,48.02000045776367,34.092105865478516,1172500,0.367,0.0,0.0
2023-07-05,47.959999084472656,48.16999816894531,47.959999084472656,48.099998474121094,34.14890670776367,1456400,0.0,0.0,0.0
2023-07-06,47.91999816894531,47.9900016784668,47.7400016784668,47.93000030517578,34.02820587158203,1625900,0.0,0.0,0.0
2023-07-07,47.93000030517578,48.18000030517578,47.86000061035156,47.880001068115234,33.992713928222656,1306800,0.0,0.0,0.0
2023-07-10,47.869998931884766,47.935001373291016,47.59000015258789,47.83000183105469,33.95721435546875,1813600,0.0,0.0,0.0
2023-07-11,47.91999816894531,47.99800109863281,47.69499969482422,47.97999954223633,34.0637092590332,1494800,0.0,0.0,0.0
2023-07-12,48.279998779296875,48.41999816894531,48.18899917602539,48.36000061035156,34.33348846435547,1660600,0.0,0.0,0.0
2023-07-13,48.59000015258789,48.75,48.54899978637695,48.720001220703125,34.58907699584961,1561200,0.0,0.0,0.0
2023-07-14,48.77000045776367,48.95899963378906,48.71699905395508,48.779998779296875,34.63167953491211,1589300,0.0,0.0,0.0
2023-07-17,48.7599983215332,49.04999923706055,48.7599983215332,49.0099983215332,34.79496383666992,1407200,0.0,0.0,0.0
2023-07-18,49.02000045776367,49.2599983215332,48.88999938964844,49.220001220703125,34.94406509399414,1766500,0.0,0.0,0.0
2023-07-19,49.2599983215332,49.31999969482422,49.150001525878906,49.189998626708984,34.92275619506836,1806000,0.0,0.0,0.0
2023-07-20,49.09000015258789,49.150001525878906,48.63999938964844,48.72999954223633,34.5961799621582,1940800,0.0,0.0,0.0
2023-07-21,48.880001068115234,48.959999084472656,48.619998931884766,48.65999984741211,34.54646682739258,1467100,0.0,0.0,0.0
2023-07-24,48.790000915527344,48.84000015258789,48.58000183105469,48.709999084472656,34.581974029541016,6446700,0.0,0.0,0.0
2023-07-25,48.81999969482422,49.08000183105469,48.810001373291016,48.97999954223633,34.77366638183594,1406300,0.0,0.0,0.0
2023-07-26,48.959999084472656,49.040000915527344,48.72999954223633,48.95000076293945,34.75236511230469,1469200,0.0,0.0,0.0
2023-07-27,49.40999984741211,49.41999816894531,48.810001373291016,48.93000030517578,34.73816680908203,2344200,0.0,0.0,0.0
2023-07-28,49.209999084472656,49.439998626708984,49.16999816894531,49.38999938964844,35.064754486083984,1963000,0.0,0.0,0.0
2023-07-31,49.474998474121094,49.47999954223633,49.34000015258789,49.43000030517578,35.09314727783203,2311300,0.0,0.0,0.0
2023-08-01,48.9900016784668,49.06999969482422,48.91999816894531,49.040000915527344,35.07598114013672,1450900,0.366,0.0,0.0
2023-08-02,48.86000061035156,48.869998931884766,48.29999923706055,48.459999084472656,34.661128997802734,2319100,0.0,0.0,0.0
2023-08-03,48.2599983215332,48.599998474121094,48.16999816894531,48.369998931884766,34.59675598144531,2084300,0.0,0.0,0.0
2023-08-04,48.630001068115234,48.917999267578125,48.279998779296875,48.34000015258789,34.575294494628906,1537900,0.0,0.0,0.0
2023-08-07,48.529998779296875,48.75,48.361000061035156,48.7400016784668,34.86140441894531,1240900,0.0,0.0,0.0
2023-08-08,48.45000076293945,48.470001220703125,48.04999923706055,48.40999984741211,34.62537384033203,2295300,0.0,0.0,0.0
2023-08-09,48.439998626708984,48.470001220703125,47.84000015258789,47.970001220703125,34.31064987182617,1599100,0.0,0.0,0.0
2023-08-10,48.290000915527344,48.67499923706055,47.880001068115234,48.04999923706055,34.36787033081055,1542800,0.0,0.0,0.0
2023-08-11,47.939998626708984,48.0099983215332,47.650001525878906,47.81999969482422,34.203369140625,1683300,0.0,0.0,0.0
2023-08-14,47.7400016784668,48.34000015258789,47.66999816894531,48.31999969482422,34.56099319458008,1601600,0.0,0.0,0.0
2023-08-15,48.25,48.34000015258789,47.84000015258789,47.93000030517578,34.28204345703125,1346400,0.0,0.0,0.0
2023-08-16,47.880001068115234,48.0,47.43299865722656,47.439998626708984,33.93157196044922,1878800,0.0,0.0,0.0
2023-08-17,47.56999969482422,47.650001525878906,46.90999984741211,46.9900016784668,33.60971450805664,1707900,0.0,0.0,0.0
2023-08-18,46.529998779296875,47.064998626708984,46.5,46.93000030517578,33.56679153442383,1751200,0.0,0.0,0.0
2023-08-21,47.13999938964844,47.65999984741211,47.060001373291016,47.599998474121094,34.04601287841797,1558000,0.0,0.0,0.0
2023-08-22,47.900001525878906,47.900001525878906,47.470001220703125,47.54999923706055,34.01025390625,1500700,0.0,0.0,0.0
2023-08-23,47.66999816894531,48.279998779296875,47.650001525878906,48.189998626708984,34.4680061340332,1843500,0.0,0.0,0.0
2023-08-24,48.58000183105469,48.58000183105469,47.27000045776367,47.290000915527344,33.824283599853516,2093800,0.0,0.0,0.0
2023-08-25,47.40999984741211,47.77000045776367,47.025001525878906,47.68000030517578,34.10324478149414,2044400,0.0,0.0,0.0
2023-08-28,47.95000076293945,48.0,47.65999984741211,47.93000030517578,34.28204345703125,1839100,0.0,0.0,0.0
2023-08-29,47.91999816894531,48.689998626708984,47.88199996948242,48.66999816894531,34.811344146728516,2466500,0.0,0.0,0.0
2023-08-30,48.709999084472656,48.939998626708984,48.619998931884766,48.88999938964844,34.968685150146484,2457300,0.0,0.0,0.0
2023-08-31,48.959999084472656,49.13999938964844,48.900001525878906,49.0,35.047367095947266,2012500,0.0,0.0,0.0
2023-09-01,48.7400016784668,48.7400016784668,48.41999816894531,48.54999923706055,35.048091888427734,1948800,0.451,0.0,0.0
2023-09-05,48.540000915527344,48.70000076293945,48.40999984741211,48.599998474121094,35.08418273925781,1648900,0.0,0.0,0.0
2023-09-06,48.58000183105469,48.61000061035156,48.209999084472656,48.369998931884766,34.91814041137695,1905400,0.0,0.0,0.0
2023-09-07,48.0099983215332,48.2400016784668,47.880001068115234,48.20000076293945,34.79542922973633,1680200,0.0,0.0,0.0
2023-09-08,48.220001220703125,48.41999816894531,48.150001525878906,48.22999954223633,34.81708908081055,1736600,0.0,0.0,0.0
2023-09-11,48.5099983215332,48.650001525878906,48.36000061035156,48.630001068115234,35.10585403442383,1892400,0.0,0.0,0.0
2023-09-12,48.51499938964844,48.560001373291016,48.2400016784668,48.279998779296875,34.85317611694336,1265700,0.0,0.0,0.0
2023-09-13,48.2599983215332,48.58000183105469,48.220001220703125,48.470001220703125,34.99034118652344,1563000,0.0,0.0,0.0
2023-09-14,48.63999938964844,48.79999923706055,48.44900131225586,48.720001220703125,35.17081832885742,1739700,0.0,0.0,0.0
2023-09-15,48.66999816894531,48.66999816894531,48.125,48.209999084472656,34.802650451660156,1890500,0.0,0.0,0.0
2023-09-18,48.13999938964844,48.380001068115234,48.09000015258789,48.290000915527344,34.86039733886719,1449000,0.0,0.0,0.0
2023-09-19,48.20500183105469,48.310001373291016,47.92300033569336,48.2400016784668,34.824310302734375,1764300,0.0,0.0,0.0
2023-09-20,48.36000061035156,48.38999938964844,47.68000030517578,47.70000076293945,34.434478759765625,1671300,0.0,0.0,0.0
2023-09-21,47.36000061035156,47.36000061035156,46.869998931884766,46.880001068115234,33.842529296875,2821400,0.0,0.0,0.0
2023-09-22,47.09000015258789,47.36000061035156,46.8650016784668,46.90999984741211,33.86418533325195,1630200,0.0,0.0,0.0
2023-09-25,46.7599983215332,47.1150016784668,46.65999984741211,47.099998474121094,34.00135040283203,1529200,0.0,0.0,0.0
2023-09-26,46.849998474121094,46.875,46.34000015258789,46.470001220703125,33.54654312133789,3113700,0.0,0.0,0.0
2023-09-27,46.65999984741211,46.7400016784668,46.099998474121094,46.540000915527344,33.59708023071289,1867800,0.0,0.0,0.0
2023-09-28,46.459999084472656,47.125,46.327999114990234,46.900001525878906,33.85696029663086,2146000,0.0,0.0,0.0
2023-09-29,47.31999969482422,47.43000030517578,46.790000915527344,46.93000030517578,33.87861251831055,2891400,0.0,0.0,0.0
2023-10-02,46.52000045776367,46.97700119018555,46.46099853515625,46.84000015258789,34.11680221557617,2562400,0.417,0.0,0.0
2023-10-03,46.630001068115234,46.779998779296875,45.880001068115234,46.08000183105469,33.5632438659668,2965600,0.0,0.0,0.0
2023-10-04,46.209999084472656,46.724998474121094,46.130001068115234,46.619998931884766,33.95655059814453,2124200,0.0,0.0,0.0
2023-10-05,46.650001525878906,46.689998626708984,46.1150016784668,46.540000915527344,33.898277282714844,1913300,0.0,0.0,0.0
2023-10-06,46.25,47.2400016784668,46.119998931884766,47.130001068115234,34.32802200317383,2986900,0.0,0.0,0.0
2023-10-09,46.88999938964844,47.349998474121094,46.72999954223633,47.29999923706055,34.45184326171875,1768300,0.0,0.0,0.0
2023-10-10,47.369998931884766,47.72999954223633,47.29999923706055,47.5,34.59751892089844,1923000,0.0,0.0,0.0
2023-10-11,47.65999984741211,47.779998779296875,47.47100067138672,47.7400016784668,34.7723274230957,1882600,0.0,0.0,0.0
2023-10-12,47.810001373291016,47.970001220703125,47.42900085449219,47.63999938964844,34.69948196411133,2279700,0.0,0.0,0.0
2023-10-13,47.77000045776367,47.77000045776367,47.08399963378906,47.2599983215332,34.42271423339844,2337200,0.0,0.0,0.0
2023-10-16,47.43000030517578,47.72999954223633,47.400001525878906,47.63999938964844,34.69948196411133,1764900,0.0,0.0,0.0
2023-10-17,47.369998931884766,47.7599983215332,47.15999984741211,47.599998474121094,34.670345306396484,1917900,0.0,0.0,0.0
2023-10-18,47.41999816894531,47.58000183105469,47.029998779296875,47.130001068115234,34.32802200317383,2233900,0.0,0.0,0.0
2023-10-19,47.34000015258789,47.43899917602539,46.78300094604492,46.880001068115234,34.145938873291016,1975500,0.0,0.0,0.0
2023-10-20,46.79999923706055,46.91999816894531,46.290000915527344,46.31999969482422,33.738037109375,2189700,0.0,0.0,0.0
2023-10-23,46.220001220703125,46.900001525878906,45.93899917602539,46.4900016784668,33.86186981201172,2584600,0.0,0.0,0.0
2023-10-24,46.7400016784668,46.959999084472656,46.52000045776367,46.90999984741211,34.167789459228516,2286300,0.0,0.0,0.0
2023-10-25,46.70000076293945,46.70000076293945,45.84000015258789,45.91999816894531,33.44669723510742,3481900,0.0,0.0,0.0
2023-10-26,45.79999923706055,45.900001525878906,44.95000076293945,45.099998474121094,32.84942626953125,4184900,0.0,0.0,0.0
2023-10-27,45.56999969482422,45.77799987792969,45.19200134277344,45.36000061035156,33.038818359375,3223000,0.0,0.0,0.0
2023-10-30,45.720001220703125,46.040000915527344,45.56999969482422,45.900001525878906,33.432132720947266,3754500,0.0,0.0,0.0
2023-10-31,45.91999816894531,46.20000076293945,45.619998931884766,46.15999984741211,33.62150192260742,2941100,0.0,0.0,0.0
2023-11-01,45.869998931884766,46.540000915527344,45.83599853515625,46.4900016784668,34.17130661010742,3274300,0.418,0.0,0.0
2023-11-02,46.97999954223633,47.16999816894531,46.83000183105469,47.13999938964844,34.64906311035156,2791800,0.0,0.0,0.0
2023-11-03,47.279998779296875,47.650001525878906,47.27000045776367,47.52000045776367,34.92837905883789,3026600,0.0,0.0,0.0
2023-11-06,47.630001068115234,47.7599983215332,47.529998779296875,47.75,35.09742736816406,2056100,0.0,0.0,0.0
2023-11-07,47.84000015258789,48.06999969482422,47.7400016784668,47.970001220703125,35.25913619995117,2623700,0.0,0.0,0.0
2023-11-08,48.11000061035156,48.15999984741211,47.91299819946289,48.119998931884766,35.3693962097168,2836700,0.0,0.0,0.0
2023-11-09,48.22999954223633,48.25,47.84000015258789,47.88999938964844,35.200347900390625,3206300,0.0,0.0,0.0
2023-11-10,48.09000015258789,48.529998779296875,48.0099983215332,48.5099983215332,35.65604782104492,2556000,0.0,0.0,0.0
2023-11-13,48.47999954223633,48.56999969482422,48.36000061035156,48.52000045776367,35.66340255737305,1950400,0.0,0.0,0.0
2023-11-14,49.0099983215332,49.0099983215332,48.779998779296875,48.869998931884766,35.920654296875,3016700,0.0,0.0,0.0
2023-11-15,48.939998626708984,48.939998626708984,48.779998779296875,48.849998474121094,35.90596008300781,2787200,0.0,0.0,0.0
2023-11-16,48.849998474121094,48.939998626708984,48.779998779296875,48.93000030517578,35.964759826660156,1927300,0.0,0.0,0.0
2023-11-17,48.95000076293945,49.0099983215332,48.88999938964844,48.970001220703125,35.99415969848633,2357900,0.0,0.0,0.0
2023-11-20,49.0099983215332,49.13999938964844,48.9900016784668,49.119998931884766,36.10441589355469,2936200,0.0,0.0,0.0
2023-11-21,49.11000061035156,49.130001068115234,49.040000915527344,49.099998474121094,36.089717864990234,2243200,0.0,0.0,0.0
2023-11-22,49.220001220703125,49.34000015258789,49.16999816894531,49.25,36.19996643066406,2363400,0.0,0.0,0.0
2023-11-24,49.279998779296875,49.290000915527344,49.16999816894531,49.22999954223633,36.185264587402344,1052000,0.0,0.0,0.0
2023-11-27,49.279998779296875,49.349998474121094,49.209999084472656,49.27000045776367,36.21466827392578,2854600,0.0,0.0,0.0
2023-11-28,49.279998779296875,49.380001068115234,49.22999954223633,49.369998931884766,36.28816604614258,2569500,0.0,0.0,0.0
2023-11-29,49.4900016784668,49.529998779296875,49.29999923706055,49.31999969482422,36.25141906738281,5444000,0.0,0.0,0.0
2023-11-30,49.349998474121094,49.369998931884766,49.04999923706055,49.279998779296875,36.222015380859375,3393200,0.0,0.0,0.0
2023-12-01,48.880001068115234,49.0,48.650001525878906,48.900001525878906,36.25316619873047,3093200,0.422,0.0,0.0
2023-12-04,48.689998626708984,48.709999084472656,48.400001525878906,48.68000030517578,36.09005355834961,2323400,0.0,0.0,0.0
2023-12-05,48.56999969482422,48.849998474121094,48.52000045776367,48.779998779296875,36.16419982910156,1727300,0.0,0.0,0.0
2023-12-06,49.060001373291016,49.060001373291016,48.58000183105469,48.59000015258789,36.0233268737793,1935300,0.0,0.0,0.0
2023-12-07,48.869998931884766,49.13999938964844,48.81999969482422,49.11000061035156,36.40884780883789,2521300,0.0,0.0,0.0
2023-12-08,49.040000915527344,49.29999923706055,48.97999954223633,49.2599983215332,36.520057678222656,2265200,0.0,0.0,0.0
2023-12-11,49.279998779296875,49.474998474121094,49.20000076293945,49.459999084472656,36.6683349609375,2617000,0.0,0.0,0.0
2023-12-12,49.4900016784668,49.689998626708984,49.40999984741211,49.689998626708984,36.83884811401367,2232700,0.0,0.0,0.0
2023-12-13,49.75,49.97999954223633,49.72999954223633,49.95000076293945,37.0316047668457,2862200,0.0,0.0,0.0
2023-12-14,50.0099983215332,50.04999923706055,49.709999084472656,49.900001525878906,36.994537353515625,3574900,0.0,0.0,0.0
2023-12-15,50.0,50.040000915527344,49.900001525878906,50.0,37.068668365478516,2569300,0.0,0.0,0.0
2023-12-18,50.08000183105469,50.150001525878906,50.02000045776367,50.130001068115234,37.16505432128906,2805900,0.0,0.0,0.0
2023-12-19,50.189998626708984,50.189998626708984,50.11000061035156,50.16999816894531,37.19470977783203,2359000,0.0,0.0,0.0
2023-12-20,50.16999816894531,50.220001220703125,49.86000061035156,49.880001068115234,36.979698181152344,3184700,0.0,0.0,0.0
2023-12-21,50.130001068115234,50.18000030517578,49.959999084472656,50.13999938964844,37.17247009277344,2177300,0.0,0.0,0.0
2023-12-22,50.22999954223633,50.22999954223633,50.09000015258789,50.15999984741211,37.187286376953125,2434100,0.0,0.0,0.0
2023-12-26,50.22999954223633,50.279998779296875,50.209999084472656,50.25,37.25401306152344,2306300,0.0,0.0,0.0
2023-12-27,50.310001373291016,50.33000183105469,50.22999954223633,50.31999969482422,37.305904388427734,2515000,0.0,0.0,0.0
2023-12-28,50.09000015258789,50.09000015258789,49.959999084472656,49.97999954223633,37.34476089477539,2857600,0.392,0.0,0.0
2023-12-29,50.02000045776367,50.02000045776367,49.810001373291016,49.93000030517578,37.307411193847656,2277100,0.0,0.0,0.0
2024-01-02,49.779998779296875,49.779998779296875,49.4119987487793,49.56999969482422,37.03841018676758,3137400,0.0,0.0,0.0
2024-01-03,49.36000061035156,49.4119987487793,49.15999984741211,49.220001220703125,36.77689743041992,2316600,0.0,0.0,0.0
2024-01-04,49.06999969482422,49.349998474121094,49.0,49.02000045776367,36.627464294433594,2790100,0.0,0.0,0.0
2024-01-05,49.040000915527344,49.380001068115234,49.0,49.150001525878906,36.72460174560547,2798000,0.0,0.0,0.0
2024-01-08,49.27000045776367,49.90999984741211,49.2599983215332,49.900001525878906,37.28498840332031,2124500,0.0,0.0,0.0
2024-01-09,49.70000076293945,50.064998626708984,49.630001068115234,50.0099983215332,37.36716842651367,1954900,0.0,0.0,0.0
2024-01-10,50.060001373291016,50.400001525878906,50.040000915527344,50.34000015258789,37.6137580871582,2263400,0.0,0.0,0.0
2024-01-11,50.47999954223633,50.54999923706055,49.97999954223633,50.439998626708984,37.68846893310547,3065200,0.0,0.0,0.0
2024-01-12,50.5,50.5880012512207,50.349998474121094,50.4900016784668,37.7258415222168,1675200,0.0,0.0,0.0
2024-01-16,50.459999084472656,50.689998626708984,50.349998474121094,50.58000183105469,37.7930908203125,2417600,0.0,0.0,0.0
2024-01-17,50.33000183105469,50.38999938964844,49.939998626708984,50.36000061035156,37.62868881225586,2376400,0.0,0.0,0.0
2024-01-18,50.70000076293945,50.91999816894531,50.560001373291016,50.880001068115234,38.01723861694336,2927000,0.0,0.0,0.0
2024-01-19,51.08000183105469,51.400001525878906,50.9900016784668,51.38999938964844,38.398311614990234,3906100,0.0,0.0,0.0
2024-01-22,51.56999969482422,51.56999969482422,51.400001525878906,51.4900016784668,38.4730224609375,2710800,0.0,0.0,0.0
2024-01-23,51.58000183105469,51.599998474121094,51.41999816894531,51.58000183105469,38.54027557373047,2818100,0.0,0.0,0.0
2024-01-24,51.810001373291016,51.90999984741211,51.720001220703125,51.7400016784668,38.65981674194336,3522200,0.0,0.0,0.0
2024-01-25,51.88999938964844,51.900001525878906,51.68000030517578,51.79999923706055,38.70466232299805,2593200,0.0,0.0,0.0
2024-01-26,51.79999923706055,51.88999938964844,51.73500061035156,51.790000915527344,38.69718551635742,2579100,0.0,0.0,0.0
2024-01-29,51.880001068115234,52.060001373291016,51.84000015258789,52.04999923706055,38.89145278930664,2521900,0.0,0.0,0.0
2024-01-30,52.06999969482422,52.08000183105469,51.93000030517578,51.959999084472656,38.8242073059082,3211800,0.0,0.0,0.0
2024-01-31,51.76499938964844,51.84000015258789,51.41999816894531,51.43000030517578,38.42818832397461,3500500,0.0,0.0,0.0
2024-02-01,51.310001373291016,51.52000045776367,51.15999984741211,51.4900016784668,38.73058319091797,2599700,0.342,0.0,0.0
2024-02-02,51.709999084472656,52.0099983215332,51.62099838256836,51.939998626708984,39.069068908691406,3128600,0.0,0.0,0.0
2024-02-05,51.95000076293945,52.0099983215332,51.77000045776367,51.959999084472656,39.0841064453125,2854200,0.0,0.0,0.0
2024-02-06,52.04999923706055,52.06999969482422,51.77000045776367,51.88999938964844,39.03145980834961,2338300,0.0,0.0,0.0
2024-02-07,52.06999969482422,52.2599983215332,52.0,52.220001220703125,39.27967834472656,2610100,0.0,0.0,0.0
2024-02-08,52.27000045776367,52.33000183105469,52.220001220703125,52.29999923706055,39.33985137939453,2274500,0.0,0.0,0.0
2024-02-09,52.369998931884766,52.52000045776367,52.31999969482422,52.4900016784668,39.48276138305664,2397100,0.0,0.0,0.0
2024-02-12,52.529998779296875,52.54999923706055,52.369998931884766,52.38999938964844,39.40754318237305,2467700,0.0,0.0,0.0
2024-02-13,52.06999969482422,52.27000045776367,51.93000030517578,52.119998931884766,39.2044563293457,2403100,0.0,0.0,0.0
2024-02-14,52.400001525878906,52.52000045776367,52.18000030517578,52.5,39.49028396606445,2359800,0.0,0.0,0.0
2024-02-15,52.630001068115234,52.630001068115234,52.36000061035156,52.54999923706055,39.52790069580078,2189800,0.0,0.0,0.0
2024-02-16,52.65999984741211,52.65999984741211,52.290000915527344,52.31999969482422,39.35490036010742,2570300,0.0,0.0,0.0
2024-02-20,52.22999954223633,52.27899932861328,51.79499816894531,52.060001373291016,39.159332275390625,2612000,0.0,0.0,0.0
2024-02-21,51.91999816894531,51.92499923706055,51.55500030517578,51.90999984741211,39.04648971557617,3338100,0.0,0.0,0.0
2024-02-22,52.849998474121094,53.02000045776367,52.709999084472656,52.97999954223633,39.85135269165039,2917600,0.0,0.0,0.0
2024-02-23,53.11000061035156,53.11899948120117,52.84000015258789,52.97999954223633,39.85135269165039,2453300,0.0,0.0,0.0
2024-02-26,53.119998931884766,53.20000076293945,53.0,53.029998779296875,39.888954162597656,2795400,0.0,0.0,0.0
2024-02-27,53.220001220703125,53.220001220703125,52.95000076293945,53.119998931884766,39.95665740966797,2512800,0.0,0.0,0.0
2024-02-28,53.040000915527344,53.07500076293945,52.90999984741211,52.970001220703125,39.84382629394531,2707200,0.0,0.0,0.0
2024-02-29,53.27000045776367,53.380001068115234,53.02000045776367,53.290000915527344,40.08453369140625,3319000,0.0,0.0,0.0
2024-03-01,53.029998779296875,53.279998779296875,52.970001220703125,53.2599983215332,40.349693298339844,3237800,0.38,0.0,0.0
2024-03-04,53.2599983215332,53.34000015258789,53.209999084472656,53.220001220703125,40.31938171386719,3084400,0.0,0.0,0.0
2024-03-05,53.150001525878906,53.150001525878906,52.63999938964844,52.810001373291016,40.00877380371094,3619400,0.0,0.0,0.0
2024-03-06,53.25,53.25,52.94499969482422,53.09000015258789,40.22089767456055,2544700,0.0,0.0,0.0
2024-03-07,53.2400016784668,53.560001373291016,53.209999084472656,53.5099983215332,40.539085388183594,2320800,0.0,0.0,0.0
2024-03-08,53.63999938964844,53.744998931884766,53.10300064086914,53.189998626708984,40.296653747558594,3364800,0.0,0.0,0.0
2024-03-11,53.15999984741211,53.20000076293945,52.849998474121094,53.04999923706055,40.19060516357422,2538600,0.0,0.0,0.0
2024-03-12,53.29999923706055,53.64799880981445,53.0620002746582,53.61000061035156,40.6148567199707,2127100,0.0,0.0,0.0
2024-03-13,53.650001525878906,53.65999984741211,53.36000061035156,53.459999084472656,40.50120544433594,1886000,0.0,0.0,0.0
2024-03-14,53.61000061035156,53.630001068115234,53.150001525878906,53.400001525878906,40.455745697021484,1922900,0.0,0.0,0.0
2024-03-15,53.2599983215332,53.2599983215332,52.80500030517578,52.90999984741211,40.084529876708984,2216800,0.0,0.0,0.0
2024-03-18,53.33000183105469,53.53799819946289,53.29999923706055,53.31999969482422,40.3951530456543,2200700,0.0,0.0,0.0
2024-03-19,53.220001220703125,53.529998779296875,52.959999084472656,53.4900016784668,40.52393341064453,2273100,0.0,0.0,0.0
2024-03-20,53.58000183105469,53.95000076293945,53.45000076293945,53.93000030517578,40.857276916503906,2391600,0.0,0.0,0.0
2024-03-21,54.38999938964844,54.470001220703125,54.125,54.16999816894531,41.03910446166992,3054000,0.0,0.0,0.0
2024-03-22,54.209999084472656,54.310001373291016,54.10499954223633,54.2599983215332,41.10728073120117,1791500,0.0,0.0,0.0
2024-03-25,54.22999954223633,54.310001373291016,54.06999969482422,54.20000076293945,41.06183624267578,2163900,0.0,0.0,0.0
2024-03-26,54.349998474121094,54.38999938964844,54.130001068115234,54.150001525878906,41.02396011352539,2333700,0.0,0.0,0.0
2024-03-27,54.36000061035156,54.38999938964844,54.03499984741211,54.290000915527344,41.13002014160156,2870200,0.0,0.0,0.0
2024-03-28,54.34000015258789,54.349998474121094,54.18000030517578,54.2400016784668,41.092140197753906,3607900,0.0,0.0,0.0
2024-04-01,54.08000183105469,54.099998474121094,53.7400016784668,53.93000030517578,41.18147659301758,3211100,0.427,0.0,0.0
2024-04-02,53.4900016784668,53.61000061035156,53.22999954223633,53.56999969482422,40.90657043457031,2438600,0.0,0.0,0.0
2024-04-03,53.380001068115234,53.88999938964844,53.349998474121094,53.68000030517578,40.99057388305664,3021400,0.0,0.0,0.0
2024-04-04,54.11000061035156,54.15999984741211,52.99399948120117,53.02000045776367,40.48659133911133,3125100,0.0,0.0,0.0
2024-04-05,53.2599983215332,53.83700180053711,53.165000915527344,53.59000015258789,40.921852111816406,2213600,0.0,0.0,0.0
2024-04-08,53.75,53.84000015258789,53.51499938964844,53.66999816894531,40.982940673828125,1630600,0.0,0.0,0.0
2024-04-09,53.88999938964844,53.90999984741211,53.279998779296875,53.790000915527344,41.0745735168457,2123800,0.0,0.0,0.0
2024-04-10,53.34000015258789,53.54499816894531,53.220001220703125,53.439998626708984,40.80730438232422,2622600,0.0,0.0,0.0
2024-04-11,53.70000076293945,54.16999816894531,53.400001525878906,54.11000061035156,41.31892395019531,2043000,0.0,0.0,0.0
2024-04-12,53.7400016784668,53.80500030517578,53.22999954223633,53.400001525878906,40.776763916015625,2993000,0.0,0.0,0.0
2024-04-15,53.650001525878906,53.79999923706055,52.0,52.61000061035156,40.17351531982422,5725900,0.0,0.0,0.0
2024-04-16,52.61000061035156,52.97999954223633,52.4900016784668,52.689998626708984,40.2346076965332,2218200,0.0,0.0,0.0
2024-04-17,52.900001525878906,52.91999816894531,52.0099983215332,52.11000061035156,39.79170608520508,2425300,0.0,0.0,0.0
2024-04-18,52.25,52.40999984741211,51.81999969482422,51.869998931884766,39.60844039916992,2318300,0.0,0.0,0.0
2024-04-19,51.7599983215332,51.76499938964844,50.650001525878906,50.84000015258789,38.82192611694336,6985900,0.0,0.0,0.0
2024-04-22,51.189998626708984,51.595001220703125,50.7400016784668,51.310001373291016,39.18082809448242,2795200,0.0,0.0,0.0
2024-04-23,51.599998474121094,52.209999084472656,51.540000915527344,52.099998474121094,39.78407287597656,3126700,0.0,0.0,0.0
2024-04-24,52.525001525878906,52.584999084472656,51.96099853515625,52.22999954223633,39.88332748413086,3012400,0.0,0.0,0.0
2024-04-25,51.459999084472656,52.07500076293945,51.209999084472656,51.939998626708984,39.661903381347656,2494700,0.0,0.0,0.0
2024-04-26,52.439998626708984,52.810001373291016,52.279998779296875,52.65999984741211,40.211700439453125,3636400,0.0,0.0,0.0
2024-04-29,52.939998626708984,52.97999954223633,52.59000015258789,52.880001068115234,40.37968826293945,3800800,0.0,0.0,0.0
2024-04-30,52.81999969482422,52.88999938964844,52.040000915527344,52.040000915527344,39.73825454711914,3280400,0.0,0.0,0.0
2024-05-01,51.5,52.209999084472656,51.189998626708984,51.31999969482422,39.515724182128906,3223600,0.431,0.0,0.0
2024-05-02,51.7599983215332,51.94499969482422,51.22999954223633,51.900001525878906,39.96232986450195,2330000,0.0,0.0,0.0
2024-05-03,52.52000045776367,52.790000915527344,52.474998474121094,52.75,40.616817474365234,2877000,0.0,0.0,0.0
2024-05-06,52.959999084472656,53.25,52.880001068115234,53.25,41.001800537109375,3691900,0.0,0.0,0.0
2024-05-07,53.2400016784668,53.3849983215332,53.19499969482422,53.2599983215332,41.009498596191406,2458600,0.0,0.0,0.0
2024-05-08,53.11000061035156,53.369998931884766,52.86000061035156,53.290000915527344,41.0326042175293,1843400,0.0,0.0,0.0
2024-05-09,53.36000061035156,53.400001525878906,53.16999816894531,53.369998931884766,41.094200134277344,1997700,0.0,0.0,0.0
2024-05-10,53.5,53.599998474121094,53.340999603271484,53.47999954223633,41.17890930175781,1756500,0.0,0.0,0.0
2024-05-13,53.630001068115234,53.630001068115234,53.40999984741211,53.52000045776367,41.209693908691406,1780200,0.0,0.0,0.0
2024-05-14,53.47999954223633,53.720001220703125,53.45000076293945,53.68000030517578,41.33290481567383,1693500,0.0,0.0,0.0
2024-05-15,53.96500015258789,54.11000061035156,53.81999969482422,54.09000015258789,41.648590087890625,2591500,0.0,0.0,0.0
2024-05-16,54.150001525878906,54.18000030517578,54.060001373291016,54.06999969482422,41.6331901550293,2244200,0.0,0.0,0.0
2024-05-17,54.13999938964844,54.13999938964844,54.02000045776367,54.119998931884766,41.67168045043945,1911400,0.0,0.0,0.0
2024-05-20,54.189998626708984,54.2599983215332,54.150001525878906,54.22999954223633,41.75638961791992,2216500,0.0,0.0,0.0
2024-05-21,54.22999954223633,54.279998779296875,54.150001525878906,54.27000045776367,41.787193298339844,1974700,0.0,0.0,0.0
2024-05-22,54.33000183105469,54.33000183105469,54.125,54.209999084472656,41.74098587036133,2526200,0.0,0.0,0.0
2024-05-23,54.52000045776367,54.529998779296875,54.08000183105469,54.209999084472656,41.74098587036133,2792000,0.0,0.0,0.0
2024-05-24,54.31999969482422,54.40999984741211,54.20199966430664,54.380001068115234,41.87188720703125,2209900,0.0,0.0,0.0
2024-05-28,54.45000076293945,54.564998626708984,54.38100051879883,54.54999923706055,42.00279235839844,3074600,0.0,0.0,0.0
2024-05-29,54.435001373291016,54.54999923706055,54.380001068115234,54.459999084472656,41.933475494384766,3029300,0.0,0.0,0.0
2024-05-30,54.470001220703125,54.470001220703125,53.970001220703125,54.08000183105469,41.640899658203125,3472100,0.0,0.0,0.0
2024-05-31,54.209999084472656,54.209999084472656,53.25,54.189998626708984,41.725589752197266,4943900,0.0,0.0,0.0
2024-06-03,53.959999084472656,53.959999084472656,53.40999984741211,53.779998779296875,41.75664138793945,3392900,0.45,0.0,0.0
2024-06-04,53.689998626708984,53.95000076293945,53.64400100708008,53.869998931884766,41.82652282714844,1804300,0.0,0.0,0.0
2024-06-05,54.2400016784668,54.41999816894531,54.08000183105469,54.41999816894531,42.25356674194336,3711900,0.0,0.0,0.0
2024-06-06,54.5,54.51900100708008,54.369998931884766,54.459999084472656,42.284610748291016,2515500,0.0,0.0,0.0
2024-06-07,54.459999084472656,54.59000015258789,54.380001068115234,54.4900016784668,42.30792236328125,1826700,0.0,0.0,0.0
2024-06-10,54.459999084472656,54.6349983215332,54.40999984741211,54.599998474121094,42.3933219909668,2135000,0.0,0.0,0.0
2024-06-11,54.540000915527344,54.7599983215332,54.459999084472656,54.7599983215332,42.517555236816406,1887900,0.0,0.0,0.0
2024-06-12,55.08000183105469,55.14500045776367,54.95000076293945,55.060001373291016,42.75048828125,3326000,0.0,0.0,0.0
2024-06-13,55.189998626708984,55.20000076293945,55.029998779296875,55.15999984741211,42.828121185302734,2151700,0.0,0.0,0.0
2024-06-14,55.099998474121094,55.18000030517578,55.09000015258789,55.18000030517578,42.843658447265625,1962100,0.0,0.0,0.0
2024-06-17,55.22999954223633,55.31700134277344,55.15999984741211,55.279998779296875,42.92129898071289,2979800,0.0,0.0,0.0
2024-06-18,55.33000183105469,55.349998474121094,55.27000045776367,55.33000183105469,42.960121154785156,2431800,0.0,0.0,0.0
2024-06-20,55.439998626708984,55.439998626708984,55.11000061035156,55.220001220703125,42.874717712402344,2699200,0.0,0.0,0.0
2024-06-21,55.22999954223633,55.30699920654297,55.11000061035156,55.2400016784668,42.89025115966797,1986100,0.0,0.0,0.0
2024-06-24,55.2400016784668,55.27000045776367,55.04999923706055,55.060001373291016,42.75048828125,2866800,0.0,0.0,0.0
2024-06-25,55.209999084472656,55.34000015258789,55.099998474121094,55.33000183105469,42.960121154785156,2648900,0.0,0.0,0.0
2024-06-26,55.31999969482422,55.5,55.29499816894531,55.4900016784668,43.084346771240234,2947600,0.0,0.0,0.0
2024-06-27,55.5099983215332,55.6349983215332,55.44200134277344,55.560001373291016,43.138702392578125,3069000,0.0,0.0,0.0
2024-06-28,55.70000076293945,55.83700180053711,55.439998626708984,55.5,43.09210968017578,3608500,0.0,0.0,0.0
2024-07-01,55.150001525878906,55.25,54.82500076293945,55.209999084472656,43.194602966308594,3098600,0.421,0.0,0.0
2024-07-02,55.08000183105469,55.45000076293945,55.08000183105469,55.45000076293945,43.38237380981445,2990500,0.0,0.0,0.0
2024-07-03,55.459999084472656,55.650001525878906,55.439998626708984,55.63999938964844,43.531028747558594,3661000,0.0,0.0,0.0
2024-07-05,55.72999954223633,55.88999938964844,55.689998626708984,55.880001068115234,43.71879196166992,3941500,0.0,0.0,0.0
2024-07-08,55.90999984741211,55.97999954223633,55.86000061035156,55.959999084472656,43.78137969970703,2550200,0.0,0.0,0.0
2024-07-09,56.06999969482422,56.06999969482422,55.93000030517578,55.970001220703125,43.78921127319336,2887100,0.0,0.0,0.0
2024-07-10,56.08000183105469,56.119998931884766,56.0,56.11000061035156,43.89873123168945,2145400,0.0,0.0,0.0
2024-07-11,56.18000030517578,56.18000030517578,55.560001373291016,55.630001068115234,43.52320098876953,3380200,0.0,0.0,0.0
2024-07-12,55.72999954223633,56.08000183105469,55.66999816894531,55.84000015258789,43.68749237060547,2115700,0.0,0.0,0.0
2024-07-15,55.98500061035156,56.119998931884766,55.810001373291016,55.90999984741211,43.74225997924805,2387200,0.0,0.0,0.0
2024-07-16,55.97999954223633,56.04999923706055,55.790000915527344,55.95000076293945,43.7735595703125,3168400,0.0,0.0,0.0
2024-07-17,55.459999084472656,55.459999084472656,54.84000015258789,54.849998474121094,42.912940979003906,4465300,0.0,0.0,0.0
2024-07-18,55.15999984741211,55.16999816894531,54.27000045776367,54.560001373291016,42.686073303222656,5295300,0.0,0.0,0.0
2024-07-19,54.54999923706055,54.790000915527344,54.07099914550781,54.189998626708984,42.39659118652344,2341400,0.0,0.0,0.0
2024-07-22,54.709999084472656,55.029998779296875,54.4900016784668,54.95000076293945,42.99119567871094,2893700,0.0,0.0,0.0
2024-07-23,54.90999984741211,55.15999984741211,54.75299835205078,54.79999923706055,42.873836517333984,2740400,0.0,0.0,0.0
2024-07-24,54.189998626708984,54.189998626708984,52.97999954223633,53.04999923706055,41.504695892333984,4561900,0.0,0.0,0.0
2024-07-25,53.119998931884766,53.529998779296875,52.18000030517578,52.47999954223633,41.05873107910156,4341800,0.0,0.0,0.0
2024-07-26,52.9900016784668,53.25,52.6510009765625,52.959999084472656,41.43427276611328,3234800,0.0,0.0,0.0
2024-07-29,53.209999084472656,53.470001220703125,52.81999969482422,53.029998779296875,41.489036560058594,2757000,0.0,0.0,0.0
2024-07-30,53.290000915527344,53.334999084472656,52.0,52.380001068115234,40.980506896972656,3849400,0.0,0.0,0.0
2024-07-31,53.36000061035156,53.900001525878906,53.2599983215332,53.720001220703125,42.02886962890625,3727300,0.0,0.0,0.0
2024-08-01,53.400001525878906,53.7400016784668,51.84000015258789,52.25,41.206336975097656,4166800,0.427,0.0,0.0
2024-08-02,51.13999938964844,51.619998931884766,50.630001068115234,51.13999938964844,40.33094024658203,9301600,0.0,0.0,0.0
2024-08-05,48.189998626708984,50.43000030517578,47.67100143432617,49.720001220703125,39.21107864379883,7877400,0.0,0.0,0.0
2024-08-06,49.9900016784668,50.986000061035156,49.58000183105469,50.189998626708984,39.581729888916016,3756100,0.0,0.0,0.0
2024-08-07,50.97999954223633,51.189998626708984,49.650001525878906,49.70000076293945,39.1953010559082,3850400,0.0,0.0,0.0
2024-08-08,50.349998474121094,51.06999969482422,49.880001068115234,50.97999954223633,40.20475387573242,2526900,0.0,0.0,0.0
2024-08-09,50.939998626708984,51.5,50.779998779296875,51.290000915527344,40.449241638183594,2439600,0.0,0.0,0.0
2024-08-12,51.435001373291016,51.68000030517578,51.130001068115234,51.38999938964844,40.528099060058594,2510000,0.0,0.0,0.0
2024-08-13,51.84000015258789,52.41999816894531,51.790000915527344,52.400001525878906,41.324623107910156,2605800,0.0,0.0,0.0
2024-08-14,52.560001373291016,52.67499923706055,52.11000061035156,52.5099983215332,41.4113655090332,2490100,0.0,0.0,0.0
2024-08-15,53.099998474121094,53.400001525878906,52.98099899291992,53.369998931884766,42.089603424072266,3163100,0.0,0.0,0.0
2024-08-16,53.25,53.529998779296875,53.220001220703125,53.45000076293945,42.15269088745117,1688800,0.0,0.0,0.0
2024-08-19,53.4900016784668,53.90999984741211,53.37300109863281,53.90999984741211,42.51546096801758,2560100,0.0,0.0,0.0
2024-08-20,53.88999938964844,54.0,53.7400016784668,53.869998931884766,42.483917236328125,1947100,0.0,0.0,0.0
2024-08-21,53.939998626708984,54.05500030517578,53.78499984741211,53.970001220703125,42.56278610229492,1706700,0.0,0.0,0.0
2024-08-22,54.09000015258789,54.10900115966797,53.459999084472656,53.5099983215332,42.20001220703125,2425300,0.0,0.0,0.0
2024-08-23,53.78499984741211,53.9900016784668,53.560001373291016,53.900001525878906,42.507591247558594,2187600,0.0,0.0,0.0
2024-08-26,53.9900016784668,54.029998779296875,53.599998474121094,53.7599983215332,42.397178649902344,2223200,0.0,0.0,0.0
2024-08-27,53.68000030517578,53.939998626708984,53.5,53.880001068115234,42.4918098449707,1584800,0.0,0.0,0.0
2024-08-28,53.88999938964844,53.88999938964844,53.27199935913086,53.540000915527344,42.22366714477539,3179300,0.0,0.0,0.0
2024-08-29,53.75,54.04499816894531,53.494998931884766,53.599998474121094,42.270992279052734,3267000,0.0,0.0,0.0
2024-08-30,53.900001525878906,54.08599853515625,53.63999938964844,54.08000183105469,42.64952850341797,2476700,0.0,0.0,0.0
2024-09-03,53.349998474121094,53.358001708984375,52.19499969482422,52.41999816894531,41.770626068115234,3482000,0.557,0.0,0.0
2024-09-04,52.189998626708984,52.654998779296875,52.07500076293945,52.349998474121094,41.7148323059082,2476900,0.0,0.0,0.0
2024-09-05,52.2599983215332,52.7400016784668,52.150001525878906,52.380001068115234,41.738739013671875,2394300,0.0,0.0,0.0
2024-09-06,52.400001525878906,52.45000076293945,51.279998779296875,51.36000061035156,40.92594909667969,4311500,0.0,0.0,0.0
2024-09-09,51.79999923706055,52.0,51.47200012207031,51.93000030517578,41.38016128540039,2128500,0.0,0.0,0.0
2024-09-10,52.16999816894531,52.375,51.7400016784668,52.33000183105469,41.69890213012695,2380500,0.0,0.0,0.0
2024-09-11,52.4900016784668,53.224998474121094,51.689998626708984,53.15999984741211,42.36027145385742,2319900,0.0,0.0,0.0
2024-09-12,53.22999954223633,53.61000061035156,53.0099983215332,53.540000915527344,42.66307067871094,3882900,0.0,0.0,0.0
2024-09-13,53.540000915527344,53.84000015258789,53.52000045776367,53.75,42.83041763305664,1945200,0.0,0.0,0.0
2024-09-16,53.66999816894531,53.66999816894531,53.36000061035156,53.63999938964844,42.742759704589844,1822200,0.0,0.0,0.0
2024-09-17,53.880001068115234,53.95500183105469,53.435001373291016,53.68000030517578,42.77464294433594,2258200,0.0,0.0,0.0
2024-09-18,53.83000183105469,54.04999923706055,53.505001068115234,53.56999969482422,42.686981201171875,2380800,0.0,0.0,0.0
2024-09-19,54.43000030517578,54.56700134277344,54.2140007019043,54.41999816894531,43.36429977416992,3209700,0.0,0.0,0.0
2024-09-20,54.40999984741211,54.474998474121094,54.130001068115234,54.40999984741211,43.35633850097656,1790000,0.0,0.0,0.0
2024-09-23,54.54999923706055,54.625,54.439998626708984,54.56999969482422,43.48383331298828,2206200,0.0,0.0,0.0
2024-09-24,54.654998779296875,54.74599838256836,54.34000015258789,54.709999084472656,43.59539031982422,2091500,0.0,0.0,0.0
2024-09-25,54.71500015258789,54.81999969482422,54.65999984741211,54.72999954223633,43.6113166809082,2187000,0.0,0.0,0.0
2024-09-26,55.09000015258789,55.099998474121094,54.69499969482422,54.88999938964844,43.73882293701172,3875300,0.0,0.0,0.0
2024-09-27,54.959999084472656,54.959999084472656,54.720001220703125,54.79999923706055,43.667110443115234,2702500,0.0,0.0,0.0
2024-09-30,54.83000183105469,54.939998626708984,54.6150016784668,54.93000030517578,43.77069091796875,3942500,0.0,0.0,0.0
2024-10-01,54.380001068115234,54.38999938964844,53.68000030517578,53.95000076293945,43.425384521484375,4477200,0.551,0.0,0.0
2024-10-02,53.90999984741211,54.1150016784668,53.689998626708984,54.0099983215332,43.47367858886719,2889000,0.0,0.0,0.0
2024-10-03,53.90999984741211,54.13999938964844,53.78499984741211,53.939998626708984,43.417327880859375,3113200,0.0,0.0,0.0
2024-10-04,54.38999938964844,54.400001525878906,54.04499816894531,54.369998931884766,43.76344680786133,2194400,0.0,0.0,0.0
2024-10-07,54.38999938964844,54.41999816894531,54.025001525878906,54.099998474121094,43.5461311340332,3206300,0.0,0.0,0.0
2024-10-08,54.310001373291016,54.57500076293945,54.26499938964844,54.529998779296875,43.89222717285156,2284700,0.0,0.0,0.0
2024-10-09,54.58000183105469,54.77000045776367,54.48500061035156,54.75,44.06932067871094,2404200,0.0,0.0,0.0
2024-10-10,54.689998626708984,54.84000015258789,54.61000061035156,54.7599983215332,44.07736587524414,1894800,0.0,0.0,0.0
2024-10-11,54.70000076293945,54.91699981689453,54.70000076293945,54.86000061035156,44.15785598754883,2335600,0.0,0.0,0.0
2024-10-14,55.02000045776367,55.14500045776367,55.01100158691406,55.09000015258789,44.342994689941406,3335600,0.0,0.0,0.0
2024-10-15,55.189998626708984,55.189998626708984,54.73500061035156,54.84000015258789,44.14176559448242,2902100,0.0,0.0,0.0
2024-10-16,54.93000030517578,54.95000076293945,54.65999984741211,54.90999984741211,44.19810104370117,2564600,0.0,0.0,0.0
2024-10-17,55.2400016784668,55.2400016784668,54.95000076293945,54.9900016784668,44.26250076293945,2435100,0.0,0.0,0.0
2024-10-18,55.189998626708984,55.314998626708984,55.13999938964844,55.27000045776367,44.487884521484375,1913500,0.0,0.0,0.0
2024-10-21,55.290000915527344,55.369998931884766,55.095001220703125,55.36000061035156,44.56031036376953,3388500,0.0,0.0,0.0
2024-10-22,55.22999954223633,55.47999954223633,55.16999816894531,55.43000030517578,44.616661071777344,2259600,0.0,0.0,0.0
2024-10-23,55.31999969482422,55.31999969482422,54.61000061035156,54.91999816894531,44.20615005493164,4314300,0.0,0.0,0.0
2024-10-24,55.279998779296875,55.290000915527344,54.994998931884766,55.25,44.47178649902344,2159900,0.0,0.0,0.0
2024-10-25,55.45000076293945,55.7400016784668,55.334999084472656,55.400001525878906,44.5925178527832,2666100,0.0,0.0,0.0
2024-10-28,55.709999084472656,55.720001220703125,55.45000076293945,55.470001220703125,44.64885711669922,3438300,0.0,0.0,0.0
2024-10-29,55.5,55.849998474121094,55.369998931884766,55.790000915527344,44.90643310546875,3109000,0.0,0.0,0.0
2024-10-30,55.86000061035156,55.86000061035156,55.560001373291016,55.61000061035156,44.76154327392578,4438500,0.0,0.0,0.0
2024-10-31,55.41999816894531,55.43000030517578,54.56999969482422,54.58000183105469,43.93247985839844,6226900,0.0,0.0,0.0
2024-11-01,54.31999969482422,54.720001220703125,54.209999084472656,54.439998626708984,44.22003173828125,3437900,0.494,0.0,0.0
2024-11-04,54.380001068115234,54.64500045776367,54.16999816894531,54.349998474121094,44.14691925048828,2829000,0.0,0.0,0.0
2024-11-05,54.459999084472656,54.939998626708984,54.439998626708984,54.93000030517578,44.618038177490234,2775900,0.0,0.0,0.0
2024-11-06,55.63999938964844,56.02000045776367,55.560001373291016,55.959999084472656,45.454681396484375,5356700,0.0,0.0,0.0
2024-11-07,56.130001068115234,56.45000076293945,56.130001068115234,56.43000030517578,45.836448669433594,3538100,0.0,0.0,0.0
2024-11-08,56.40999984741211,56.599998474121094,56.40999984741211,56.540000915527344,45.9257926940918,3030700,0.0,0.0,0.0
2024-11-11,56.619998931884766,56.63199996948242,56.43000030517578,56.560001373291016,45.942047119140625,3161200,0.0,0.0,0.0
2024-11-12,56.599998474121094,56.66999816894531,56.47999954223633,56.63999938964844,46.007022857666016,3156800,0.0,0.0,0.0
2024-11-13,56.70500183105469,56.779998779296875,56.52000045776367,56.650001525878906,46.015140533447266,3596500,0.0,0.0,0.0
2024-11-14,56.689998626708984,56.72999954223633,56.470001220703125,56.529998779296875,45.917667388916016,2356300,0.0,0.0,0.0
2024-11-15,56.27000045776367,56.27000045776367,55.41999816894531,55.61000061035156,45.17038345336914,6316300,0.0,0.0,0.0
2024-11-18,55.83000183105469,56.119998931884766,55.630001068115234,55.95000076293945,45.446556091308594,3116800,0.0,0.0,0.0
2024-11-19,55.720001220703125,56.29499816894531,55.68000030517578,56.25,45.69023513793945,2965300,0.0,0.0,0.0
2024-11-20,56.290000915527344,56.290000915527344,55.63999938964844,56.209999084472656,45.65774917602539,3112000,0.0,0.0,0.0
2024-11-21,56.470001220703125,56.54999923706055,55.79999923706055,56.470001220703125,45.86893844604492,3229800,0.0,0.0,0.0
2024-11-22,56.470001220703125,56.61000061035156,56.33000183105469,56.56999969482422,45.95016098022461,2981300,0.0,0.0,0.0
2024-11-25,56.959999084472656,57.040000915527344,56.529998779296875,56.689998626708984,46.047630310058594,3582000,0.0,0.0,0.0
2024-11-26,56.95000076293945,57.0099983215332,56.834999084472656,56.970001220703125,46.27507400512695,3628900,0.0,0.0,0.0
2024-11-27,56.97999954223633,56.97999954223633,56.380001068115234,56.68000030517578,46.03951644897461,4384200,0.0,0.0,0.0
2024-11-29,56.849998474121094,57.130001068115234,56.709999084472656,57.09000015258789,46.372535705566406,3304000,0.0,0.0,0.0
2024-12-02,56.68000030517578,57.0,56.66999816894531,56.970001220703125,46.69053649902344,3849400,0.508,0.0,0.0
2024-12-03,56.91999816894531,57.130001068115234,56.849998474121094,57.119998931884766,46.813472747802734,3109400,0.0,0.0,0.0
2024-12-04,57.38999938964844,57.4900016784668,57.30099868774414,57.4900016784668,47.11670684814453,4010600,0.0,0.0,0.0
2024-12-05,57.540000915527344,57.540000915527344,57.380001068115234,57.41999816894531,47.0593376159668,3298900,0.0,0.0,0.0
2024-12-06,57.5099983215332,57.650001525878906,57.459999084472656,57.619998931884766,47.22325134277344,3077900,0.0,0.0,0.0
2024-12-09,57.625,57.630001068115234,57.38999938964844,57.45000076293945,47.08393096923828,3693600,0.0,0.0,0.0
2024-12-10,57.560001373291016,57.630001068115234,57.33000183105469,57.400001525878906,47.042945861816406,2838900,0.0,0.0,0.0
2024-12-11,57.63999938964844,57.91999816894531,57.63999938964844,57.880001068115234,47.43633270263672,3912800,0.0,0.0,0.0
2024-12-12,57.827999114990234,57.84000015258789,57.70000076293945,57.720001220703125,47.305213928222656,2907100,0.0,0.0,0.0
2024-12-13,57.93000030517578,57.9900016784668,57.709999084472656,57.849998474121094,47.4117546081543,3346200,0.0,0.0,0.0
2024-12-16,58.0,58.06999969482422,57.90999984741211,58.060001373291016,47.58385467529297,3751800,0.0,0.0,0.0
2024-12-17,58.02000045776367,58.025001525878906,57.900001525878906,57.9900016784668,47.526493072509766,3181200,0.0,0.0,0.0
2024-12-18,58.029998779296875,58.06999969482422,56.75,56.84000015258789,46.58399200439453,6793000,0.0,0.0,0.0
2024-12-19,57.275001525878906,57.33000183105469,56.77000045776367,56.79999923706055,46.551204681396484,7638800,0.0,0.0,0.0
2024-12-20,56.529998779296875,57.54999923706055,56.36000061035156,57.20000076293945,46.879024505615234,5512400,0.0,0.0,0.0
2024-12-23,57.369998931884766,57.678001403808594,57.1150016784668,57.66999816894531,47.264225006103516,4364200,0.0,0.0,0.0
2024-12-24,57.904998779296875,58.150001525878906,57.77000045776367,58.150001525878906,47.65761184692383,3269600,0.0,0.0,0.0
2024-12-26,58.09000015258789,58.209999084472656,57.90999984741211,58.130001068115234,47.64122772216797,3570700,0.0,0.0,0.0
2024-12-27,58.02000045776367,58.02000045776367,57.35499954223633,57.7400016784668,47.32160568237305,4648200,0.0,0.0,0.0
2024-12-30,57.29999923706055,57.54999923706055,56.86000061035156,57.22999954223633,46.90361785888672,5371600,0.0,0.0,0.0
2024-12-31,56.959999084472656,56.959999084472656,56.279998779296875,56.380001068115234,46.57810974121094,4666300,0.456,0.0,0.0
2025-01-02,56.720001220703125,56.88999938964844,55.81999969482422,56.279998779296875,46.49550247192383,4732600,0.0,0.0,0.0
2025-01-03,56.54999923706055,57.150001525878906,56.51300048828125,57.08000183105469,47.156429290771484,5048200,0.0,0.0,0.0
2025-01-06,57.560001373291016,57.86000061035156,57.400001525878906,57.61000061035156,47.59428405761719,5471600,0.0,0.0,0.0
2025-01-07,57.77000045776367,57.77000045776367,56.59000015258789,56.779998779296875,46.908573150634766,5366800,0.0,0.0,0.0
2025-01-08,56.79999923706055,56.939998626708984,56.375,56.81999969482422,46.941619873046875,3792200,0.0,0.0,0.0
2025-01-10,56.5099983215332,56.52000045776367,55.66400146484375,55.97999954223633,46.24766540527344,6629400,0.0,0.0,0.0
2025-01-13,55.40999984741211,55.86800003051758,55.220001220703125,55.83000183105469,46.123741149902344,5184500,0.0,0.0,0.0
2025-01-14,56.18000030517578,56.25600051879883,55.40999984741211,55.7599983215332,46.06590270996094,3530900,0.0,0.0,0.0
2025-01-15,56.54999923706055,56.939998626708984,56.38100051879883,56.849998474121094,46.96640396118164,4975500,0.0,0.0,0.0
2025-01-16,57.08000183105469,57.099998474121094,56.57500076293945,56.58000183105469,46.743343353271484,3125900,0.0,0.0,0.0
2025-01-17,57.290000915527344,57.38999938964844,57.040000915527344,57.27000045776367,47.31338882446289,6088900,0.0,0.0,0.0
2025-01-21,57.59000015258789,57.630001068115234,57.13999938964844,57.560001373291016,47.552978515625,5379200,0.0,0.0,0.0
2025-01-22,57.9900016784668,58.16999816894531,57.93000030517578,58.06999969482422,47.97429275512695,4798900,0.0,0.0,0.0
2025-01-23,57.970001220703125,58.2400016784668,57.88999938964844,58.2400016784668,48.114742279052734,3714200,0.0,0.0,0.0
2025-01-24,58.29999923706055,58.310001373291016,57.94499969482422,58.06999969482422,47.97429275512695,4246800,0.0,0.0,0.0
2025-01-27,57.0,57.470001220703125,56.5099983215332,56.86000061035156,46.974666595458984,9503700,0.0,0.0,0.0
2025-01-28,57.02000045776367,57.5989990234375,56.650001525878906,57.52000045776367,47.519927978515625,5137100,0.0,0.0,0.0
2025-01-29,57.560001373291016,57.560001373291016,57.04499816894531,57.369998931884766,47.395999908447266,5421200,0.0,0.0,0.0
2025-01-30,57.599998474121094,57.709999084472656,57.125,57.52000045776367,47.519927978515625,5017500,0.0,0.0,0.0
2025-01-31,57.849998474121094,58.060001373291016,57.380001068115234,57.470001220703125,47.478607177734375,6877600,0.0,0.0,0.0
2025-02-03,56.220001220703125,56.84700012207031,55.96500015258789,56.619998931884766,47.145545959472656,7592200,0.45,0.0,0.0
2025-02-04,56.709999084472656,57.165000915527344,56.61000061035156,57.130001068115234,47.57021713256836,4178700,0.0,0.0,0.0
2025-02-05,57.040000915527344,57.36000061035156,56.880001068115234,57.36000061035156,47.761722564697266,4129300,0.0,0.0,0.0
2025-02-06,57.42499923706055,57.61000061035156,57.33000183105469,57.59000015258789,47.95322799682617,3780900,0.0,0.0,0.0
2025-02-07,57.66999816894531,57.810001373291016,57.11000061035156,57.165000915527344,47.59934997558594,4717600,0.0,0.0,0.0
2025-02-10,57.54999923706055,57.75,57.505001068115234,57.709999084472656,48.05315399169922,4122600,0.0,0.0,0.0
2025-02-11,57.529998779296875,57.75,57.459999084472656,57.63999938964844,47.994873046875,4644400,0.0,0.0,0.0
2025-02-12,57.2599983215332,57.70000076293945,57.17399978637695,57.63999938964844,47.994873046875,4528800,0.0,0.0,0.0
2025-02-13,57.79999923706055,58.130001068115234,57.70000076293945,58.11000061035156,48.38622283935547,4682000,0.0,0.0,0.0
2025-02-14,58.14500045776367,58.29999923706055,58.09000015258789,58.27000045776367,48.519447326660156,3647400,0.0,0.0,0.0
2025-02-18,58.470001220703125,58.470001220703125,58.202999114990234,58.380001068115234,48.61104202270508,4250700,0.0,0.0,0.0
2025-02-19,58.38999938964844,58.529998779296875,58.25,58.5099983215332,48.71928787231445,4575400,0.0,0.0,0.0
2025-02-20,58.5099983215332,58.52000045776367,58.05500030517578,58.400001525878906,48.62770080566406,3990000,0.0,0.0,0.0
2025-02-21,58.540000915527344,58.540000915527344,57.47999954223633,57.56999969482422,47.93658447265625,6012300,0.0,0.0,0.0
2025-02-24,57.79999923706055,57.869998931884766,56.97999954223633,57.0099983215332,47.47029495239258,6231000,0.0,0.0,0.0
2025-02-25,56.97999954223633,56.97999954223633,55.959999084472656,56.38999938964844,46.954036712646484,7899700,0.0,0.0,0.0
2025-02-26,56.64500045776367,57.040000915527344,56.2400016784668,56.54999923706055,47.0872688293457,5848000,0.0,0.0,0.0
2025-02-27,56.95000076293945,57.0,55.11000061035156,55.130001068115234,45.90488052368164,8444000,0.0,0.0,0.0
2025-02-28,55.189998626708984,56.040000915527344,54.790000915527344,55.97999954223633,46.612648010253906,7271700,0.0,0.0,0.0
2025-03-03,55.939998626708984,55.9900016784668,54.0,54.380001068115234,45.67363739013672,9146000,0.482,0.0,0.0
2025-03-04,54.0,54.9900016784668,53.34000015258789,54.15999984741211,45.48886489868164,9877800,0.0,0.0,0.0
2025-03-05,54.25,54.970001220703125,53.75,54.83000183105469,46.051597595214844,7918100,0.0,0.0,0.0
2025-03-06,54.02000045776367,54.43899917602539,53.185001373291016,53.400001525878906,44.85054016113281,7323500,0.0,0.0,0.0
2025-03-07,53.34000015258789,53.904998779296875,52.619998931884766,53.7599983215332,45.15290069580078,6584700,0.0,0.0,0.0
2025-03-10,52.94499969482422,52.94499969482422,51.400001525878906,51.90999984741211,43.59907913208008,11139000,0.0,0.0,0.0
2025-03-11,51.849998474121094,52.470001220703125,51.2599983215332,51.779998779296875,43.489906311035156,6905600,0.0,0.0,0.0
2025-03-12,52.56999969482422,52.72100067138672,51.79999923706055,52.349998474121094,43.96864318847656,5241800,0.0,0.0,0.0
2025-03-13,52.25,52.279998779296875,51.28499984741211,51.45000076293945,43.212738037109375,6146500,0.0,0.0,0.0
2025-03-14,52.040000915527344,52.70000076293945,51.95500183105469,52.61000061035156,44.18701934814453,5297100,0.0,0.0,0.0
2025-03-17,52.66999816894531,53.209999084472656,52.45000076293945,52.880001068115234,44.41378402709961,5144300,0.0,0.0,0.0
2025-03-18,52.619998931884766,52.630001068115234,51.90999984741211,52.150001525878906,43.800662994384766,5245900,0.0,0.0,0.0
2025-03-19,52.369998931884766,53.15999984741211,52.15999984741211,52.7400016784668,44.29620361328125,5126900,0.0,0.0,0.0
2025-03-20,52.45000076293945,53.1349983215332,52.340999603271484,52.650001525878906,44.22061538696289,4387100,0.0,0.0,0.0
2025-03-21,52.18000030517578,52.849998474121094,52.04999923706055,52.79999923706055,44.34659957885742,4556500,0.0,0.0,0.0
2025-03-24,53.529998779296875,53.83000183105469,53.43000030517578,53.7599983215332,45.15290069580078,5405900,0.0,0.0,0.0
2025-03-25,53.900001525878906,54.13999938964844,53.7599983215332,54.0099983215332,45.36287307739258,4930200,0.0,0.0,0.0
2025-03-26,53.970001220703125,53.970001220703125,53.04999923706055,53.220001220703125,44.69935607910156,4687500,0.0,0.0,0.0
2025-03-27,53.05500030517578,53.39500045776367,52.83000183105469,52.97999954223633,44.497772216796875,4384100,0.0,0.0,0.0
2025-03-28,52.79999923706055,52.86000061035156,51.70000076293945,51.810001373291016,43.51510238647461,7299300,0.0,0.0,0.0
2025-03-31,51.08000183105469,51.880001068115234,50.56999969482422,51.779998779296875,43.489906311035156,8193500,0.0,0.0,0.0
2025-04-01,51.10499954223633,51.68000030517578,50.78499984741211,51.61000061035156,43.8047981262207,5752900,0.541,0.0,0.0
2025-04-02,51.0,52.224998474121094,50.95000076293945,51.88999938964844,44.042449951171875,5950700,0.0,0.0,0.0
2025-04-03,50.125,50.33000183105469,49.290000915527344,49.349998474121094,41.88657760620117,15606200,0.0,0.0,0.0
2025-04-04,48.0,48.29999923706055,46.529998779296875,46.599998474121094,39.55247497558594,22360000,0.0,0.0,0.0
2025-04-07,44.88999938964844,48.58000183105469,44.31100082397461,46.709999084472656,39.645843505859375,19670100,0.0,0.0,0.0
2025-04-08,48.040000915527344,48.65999984741211,45.150001525878906,45.880001068115234,38.941368103027344,14939700,0.0,0.0,0.0
2025-04-09,45.86000061035156,50.86000061035156,45.66999816894531,50.689998626708984,43.02392578125,16189300,0.0,0.0,0.0
2025-04-10,49.54999923706055,49.689998626708984,47.439998626708984,48.86000061035156,41.4706916809082,14714900,0.0,0.0,0.0
2025-04-11,48.7400016784668,49.650001525878906,48.34000015258789,49.540000915527344,42.047855377197266,7327600,0.0,0.0,0.0
2025-04-14,50.58000183105469,50.599998474121094,49.45000076293945,49.93000030517578,42.37887191772461,6402500,0.0,0.0,0.0
2025-04-15,50.05500030517578,50.38999938964844,49.86000061035156,50.02000045776367,42.455257415771484,5875000,0.0,0.0,0.0
2025-04-16,49.25,49.55500030517578,48.12099838256836,48.7599983215332,41.38581466674805,6261500,0.0,0.0,0.0
2025-04-17,49.040000915527344,49.05500030517578,48.470001220703125,48.7400016784668,41.36883544921875,4221400,0.0,0.0,0.0
2025-04-21,48.209999084472656,48.25,47.13999938964844,47.689998626708984,40.47762680053711,6753500,0.0,0.0,0.0
2025-04-22,48.279998779296875,49.02000045776367,48.130001068115234,48.77000045776367,41.39429473876953,6086100,0.0,0.0,0.0
2025-04-23,50.07500076293945,50.34000015258789,49.4900016784668,49.63999938964844,42.13273239135742,7851400,0.0,0.0,0.0
2025-04-24,49.83000183105469,50.650001525878906,49.79999923706055,50.630001068115234,42.97300720214844,6181800,0.0,0.0,0.0
2025-04-25,50.709999084472656,51.11000061035156,50.54999923706055,51.09000015258789,43.36343765258789,5279600,0.0,0.0,0.0
2025-04-28,51.185001373291016,51.279998779296875,50.665000915527344,51.11000061035156,43.38041305541992,5794000,0.0,0.0,0.0
2025-04-29,51.0,51.380001068115234,50.93000030517578,51.31999969482422,43.55864334106445,9588800,0.0,0.0,0.0
2025-04-30,50.750999450683594,51.4900016784668,50.472999572753906,51.34000015258789,43.575626373291016,8104500,0.0,0.0,0.0
2025-05-01,51.16999816894531,51.29999923706055,51.02000045776367,51.08000183105469,43.86588668823242,6424300,0.598,0.0,0.0
2025-05-02,51.42499923706055,51.59000015258789,51.28499984741211,51.4900016784668,44.217987060546875,5762900,0.0,0.0,0.0
2025-05-05,51.33000183105469,51.599998474121094,51.310001373291016,51.470001220703125,44.200809478759766,5266700,0.0,0.0,0.0
2025-05-06,51.20000076293945,51.47999954223633,51.119998931884766,51.290000915527344,44.04623031616211,3998000,0.0,0.0,0.0
2025-05-07,51.415000915527344,51.560001373291016,51.06999969482422,51.459999084472656,44.19221878051758,4507000,0.0,0.0,0.0
2025-05-08,51.810001373291016,51.810001373291016,51.465999603271484,51.61000061035156,44.321044921875,6473000,0.0,0.0,0.0
2025-05-09,51.724998474121094,51.766998291015625,51.54999923706055,51.630001068115234,44.33821105957031,5450500,0.0,0.0,0.0
2025-05-12,52.470001220703125,52.470001220703125,52.08000183105469,52.22999954223633,44.85347366333008,9144900,0.0,0.0,0.0
2025-05-13,52.36000061035156,52.400001525878906,52.27000045776367,52.349998474121094,44.95652770996094,8437300,0.0,0.0,0.0
2025-05-14,52.45000076293945,52.45000076293945,52.349998474121094,52.41999816894531,45.01663589477539,7904200,0.0,0.0,0.0
2025-05-15,52.3849983215332,52.470001220703125,52.29999923706055,52.43000030517578,45.02522659301758,4170900,0.0,0.0,0.0
2025-05-16,52.52000045776367,52.529998779296875,52.38999938964844,52.52000045776367,45.102516174316406,4497700,0.0,0.0,0.0
2025-05-19,52.279998779296875,52.540000915527344,52.27000045776367,52.529998779296875,45.111106872558594,4067800,0.0,0.0,0.0
2025-05-20,52.5,52.540000915527344,52.369998931884766,52.4900016784668,45.07675552368164,4218100,0.0,0.0,0.0
2025-05-21,52.380001068115234,52.540000915527344,52.08000183105469,52.15999984741211,44.79336166381836,5573100,0.0,0.0,0.0
2025-05-22,52.22999954223633,52.375,52.13999938964844,52.22999954223633,44.85347366333008,7655900,0.0,0.0,0.0
2025-05-23,51.849998474121094,52.165000915527344,51.709999084472656,52.040000915527344,44.690303802490234,5917000,0.0,0.0,0.0
2025-05-27,52.45000076293945,52.63999938964844,52.349998474121094,52.619998931884766,45.18839645385742,6359900,0.0,0.0,0.0
2025-05-28,52.75,52.77799987792969,52.54999923706055,52.56999969482422,45.14546203613281,7291400,0.0,0.0,0.0
2025-05-29,52.95000076293945,52.970001220703125,52.52000045776367,52.68000030517578,45.23991775512695,7702400,0.0,0.0,0.0
2025-05-30,52.689998626708984,52.70000076293945,52.189998626708984,52.630001068115234,45.196983337402344,9798100,0.0,0.0,0.0
2025-06-02,51.95000076293945,52.23500061035156,51.81999969482422,52.22999954223633,45.3890266418457,5749800,0.621,0.0,0.0
2025-06-03,52.20000076293945,52.47999954223633,52.20000076293945,52.41999816894531,45.55415344238281,5101700,0.0,0.0,0.0
2025-06-04,52.46500015258789,52.56999969482422,52.36000061035156,52.529998779296875,45.64973831176758,6301000,0.0,0.0,0.0
2025-06-05,52.599998474121094,52.7599983215332,52.189998626708984,52.34000015258789,45.48462677001953,10307100,0.0,0.0,0.0
2025-06-06,52.599998474121094,52.768001556396484,52.59000015258789,52.70000076293945,45.79747772216797,6835700,0.0,0.0,0.0
2025-06-09,52.75,52.869998931884766,52.68000030517578,52.79999923706055,45.88438034057617,8015300,0.0,0.0,0.0
2025-06-10,52.83000183105469,53.02000045776367,52.70500183105469,52.9900016784668,46.04948806762695,5259400,0.0,0.0,0.0
2025-06-11,53.10499954223633,53.130001068115234,52.7599983215332,52.91999816894531,45.9886589050293,5023900,0.0,0.0,0.0
2025-06-12,52.86000061035156,53.060001373291016,52.81999969482422,53.040000915527344,46.09294128417969,4119000,0.0,0.0,0.0
2025-06-13,52.650001525878906,52.939998626708984,52.4900016784668,52.59000015258789,45.70188522338867,6582400,0.0,0.0,0.0
2025-06-16,52.84000015258789,53.18000030517578,52.83000183105469,53.150001525878906,46.188533782958984,4254600,0.0,0.0,0.0
2025-06-17,53.0099983215332,53.119998931884766,52.70500183105469,52.779998779296875,45.86699676513672,4896700,0.0,0.0,0.0
2025-06-18,52.900001525878906,53.117000579833984,52.7599983215332,52.849998474121094,45.92782974243164,4471100,0.0,0.0,0.0
2025-06-20,53.07500076293945,53.19499969482422,52.599998474121094,52.75,45.840919494628906,5312300,0.0,0.0,0.0
2025-06-23,52.80500030517578,53.25,52.564998626708984,53.220001220703125,46.24936294555664,5767200,0.0,0.0,0.0
2025-06-24,53.66999816894531,53.78499984741211,53.54999923706055,53.7599983215332,46.7186393737793,5373500,0.0,0.0,0.0
2025-06-25,53.95000076293945,53.970001220703125,53.790000915527344,53.900001525878906,46.840301513671875,5886200,0.0,0.0,0.0
2025-06-26,54.060001373291016,54.189998626708984,53.91999816894531,54.130001068115234,47.04017639160156,7596300,0.0,0.0,0.0
2025-06-27,54.220001220703125,54.29999923706055,54.06999969482422,54.27000045776367,47.161834716796875,8431100,0.0,0.0,0.0
2025-06-30,54.47999954223633,54.47999954223633,54.310001373291016,54.400001525878906,47.274818420410156,11398600,0.0,0.0,0.0
2025-07-01,53.869998931884766,53.88999938964844,53.632999420166016,53.810001373291016,47.19062042236328,7421200,0.494,0.0,0.0
2025-07-02,53.77000045776367,53.97999954223633,53.75,53.97999954223633,47.33970642089844,6218400,0.0,0.0,0.0
2025-07-03,54.130001068115234,54.189998626708984,54.06999969482422,54.15999984741211,47.497562408447266,5122400,0.0,0.0,0.0
2025-07-07,54.06999969482422,54.099998474121094,53.90999984741211,54.029998779296875,47.38356018066406,7297600,0.0,0.0,0.0
2025-07-08,54.099998474121094,54.20000076293945,54.060001373291016,54.150001525878906,47.488800048828125,4186700,0.0,0.0,0.0
2025-07-09,54.22999954223633,54.349998474121094,54.15999984741211,54.29999923706055,47.6203498840332,5318600,0.0,0.0,0.0
2025-07-10,54.31999969482422,54.380001068115234,54.189998626708984,54.36000061035156,47.67296600341797,4443500,0.0,0.0,0.0
2025-07-11,54.290000915527344,54.40999984741211,54.189998626708984,54.36000061035156,47.67296600341797,4237500,0.0,0.0,0.0
2025-07-14,54.34000015258789,54.439998626708984,54.2140007019043,54.40999984741211,47.71680450439453,3868200,0.0,0.0,0.0
2025-07-15,54.54999923706055,54.61199951171875,54.47999954223633,54.4900016784668,47.78697204589844,4086600,0.0,0.0,0.0
2025-07-16,54.54999923706055,54.56999969482422,54.16999816894531,54.54999923706055,47.8395881652832,4759500,0.0,0.0,0.0
2025-07-17,54.619998931884766,54.779998779296875,54.529998779296875,54.7599983215332,48.02375793457031,4032100,0.0,0.0,0.0
2025-07-18,54.86000061035156,54.86000061035156,54.68000030517578,54.689998626708984,47.96236801147461,6278500,0.0,0.0,0.0
2025-07-21,54.810001373291016,54.97999954223633,54.79999923706055,54.88999938964844,48.13776779174805,5293700,0.0,0.0,0.0
2025-07-22,54.93000030517578,54.93000030517578,54.59000015258789,54.77000045776367,48.03252410888672,5171900,0.0,0.0,0.0
2025-07-23,54.880001068115234,54.939998626708984,54.709999084472656,54.93000030517578,48.172847747802734,4347100,0.0,0.0,0.0
2025-07-24,55.0099983215332,55.09000015258789,54.95000076293945,55.02000045776367,48.251773834228516,4534400,0.0,0.0,0.0
2025-07-25,55.05500030517578,55.15999984741211,54.9900016784668,55.08000183105469,48.30439758300781,4430400,0.0,0.0,0.0
2025-07-28,55.220001220703125,55.27000045776367,55.17499923706055,55.2599983215332,48.46224594116211,6316600,0.0,0.0,0.0
2025-07-29,55.439998626708984,55.45000076293945,55.16999816894531,55.20000076293945,48.40963363647461,6570500,0.0,0.0,0.0
2025-07-30,55.275001525878906,55.34000015258789,55.0099983215332,55.22999954223633,48.43593978881836,7059900,0.0,0.0,0.0
2025-07-31,55.630001068115234,55.63999938964844,55.0099983215332,55.099998474121094,48.32194137573242,9643700,0.0,0.0,0.0
2025-08-01,54.2599983215332,54.29999923706055,53.599998474121094,53.810001373291016,47.573974609375,9385900,0.444,0.0,0.0
2025-08-04,54.15999984741211,54.650001525878906,54.15999984741211,54.63999938964844,48.30778884887695,7055800,0.0,0.0,0.0
2025-08-05,54.720001220703125,54.77000045776367,54.29999923706055,54.34000015258789,48.04255676269531,6749400,0.0,0.0,0.0
2025-08-06,54.400001525878906,54.869998931884766,54.37099838256836,54.81999969482422,48.46693420410156,5897900,0.0,0.0,0.0
2025-08-07,55.09000015258789,55.220001220703125,54.70000076293945,54.97999954223633,48.6083869934082,6510400,0.0,0.0,0.0
2025-08-08,55.029998779296875,55.33000183105469,55.029998779296875,55.31999969482422,48.90898132324219,6085500,0.0,0.0,0.0
2025-08-11,55.310001373291016,55.45000076293945,55.220001220703125,55.279998779296875,48.87362289428711,5441100,0.0,0.0,0.0
2025-08-12,55.40999984741211,55.72999954223633,55.33000183105469,55.72999954223633,49.27146911621094,4753800,0.0,0.0,0.0
2025-08-13,55.849998474121094,55.86000061035156,55.685001373291016,55.75,49.289154052734375,4625200,0.0,0.0,0.0
2025-08-14,55.68000030517578,55.84000015258789,55.65999984741211,55.810001373291016,49.34220504760742,4537700,0.0,0.0,0.0
2025-08-15,55.900001525878906,55.900001525878906,55.70000076293945,55.79999923706055,49.33335494995117,3914600,0.0,0.0,0.0
2025-08-18,55.779998779296875,55.869998931884766,55.72999954223633,55.86000061035156,49.38639831542969,3786400,0.0,0.0,0.0
2025-08-19,55.86000061035156,55.869998931884766,55.29999923706055,55.380001068115234,48.962032318115234,5439600,0.0,0.0,0.0
2025-08-20,55.36000061035156,55.36000061035156,54.52000045776367,55.13999938964844,48.74984359741211,6536800,0.0,0.0,0.0
2025-08-21,55.040000915527344,55.196998596191406,54.72999954223633,54.939998626708984,48.573020935058594,4136200,0.0,0.0,0.0
2025-08-22,55.060001373291016,55.77000045776367,54.91999816894531,55.66999816894531,49.21841812133789,5962800,0.0,0.0,0.0
2025-08-25,55.599998474121094,55.83000183105469,55.5,55.61000061035156,49.165382385253906,4447700,0.0,0.0,0.0
2025-08-26,55.60499954223633,55.83000183105469,55.486000061035156,55.810001373291016,49.34220504760742,4844700,0.0,0.0,0.0
2025-08-27,55.775001525878906,55.90999984741211,55.650001525878906,55.869998931884766,49.39524459838867,4900700,0.0,0.0,0.0
2025-08-28,55.95000076293945,56.25600051879883,55.86000061035156,56.20000076293945,49.6870002746582,6074400,0.0,0.0,0.0
2025-08-29,56.09000015258789,56.095001220703125,55.53499984741211,55.68000030517578,49.22726058959961,8994600,0.0,0.0,0.0
2025-09-02,54.61000061035156,54.91899871826172,54.33000183105469,54.900001525878906,48.92604064941406,6178600,0.442,0.0,0.0
2025-09-03,55.20000076293945,55.38999938964844,54.970001220703125,55.25,49.23795700073242,4833500,0.0,0.0,0.0
2025-09-04,55.349998474121094,55.68000030517578,55.21699905395508,55.65999984741211,49.60334014892578,5557300,0.0,0.0,0.0
2025-09-05,55.970001220703125,56.02000045776367,55.43000030517578,55.779998779296875,49.71028518676758,5974600,0.0,0.0,0.0
2025-09-08,55.939998626708984,56.099998474121094,55.93000030517578,56.02000045776367,49.924171447753906,5301400,0.0,0.0,0.0
2025-09-09,56.04999923706055,56.20000076293945,55.900001525878906,56.16999816894531,50.0578498840332,3926000,0.0,0.0,0.0
2025-09-10,56.380001068115234,56.380001068115234,56.08000183105469,56.20000076293945,50.08458709716797,4190200,0.0,0.0,0.0
2025-09-11,56.380001068115234,56.459999084472656,56.290000915527344,56.40999984741211,50.271732330322266,3838100,0.0,0.0,0.0
2025-09-12,56.439998626708984,56.59000015258789,56.415000915527344,56.540000915527344,50.38758850097656,3750700,0.0,0.0,0.0
2025-09-15,56.630001068115234,56.82699966430664,56.630001068115234,56.81999969482422,50.63711929321289,3665100,0.0,0.0,0.0
2025-09-16,56.904998779296875,56.90999984741211,56.79999923706055,56.83000183105469,50.64603805541992,3512900,0.0,0.0,0.0
2025-09-17,56.869998931884766,56.89500045776367,56.5,56.81999969482422,50.63711929321289,4583600,0.0,0.0,0.0
2025-09-18,57.029998779296875,57.09000015258789,56.93000030517578,57.02000045776367,50.81535339355469,4053700,0.0,0.0,0.0
2025-09-19,57.130001068115234,57.18000030517578,57.040000915527344,57.15999984741211,50.94011306762695,5449600,0.0,0.0,0.0
2025-09-22,57.15999984741211,57.36000061035156,57.12900161743164,57.34000015258789,51.100528717041016,4193100,0.0,0.0,0.0
2025-09-23,57.38999938964844,57.38999938964844,57.11000061035156,57.16999816894531,50.949031829833984,4401900,0.0,0.0,0.0
2025-09-24,57.2599983215332,57.310001373291016,56.97999954223633,57.16999816894531,50.949031829833984,3919800,0.0,0.0,0.0
2025-09-25,57.099998474121094,57.150001525878906,56.77000045776367,57.099998474121094,50.88664627075195,4853500,0.0,0.0,0.0
2025-09-26,57.16999816894531,57.25,56.970001220703125,57.25,51.02033233642578,4683900,0.0,0.0,0.0
2025-09-29,57.459999084472656,57.5099983215332,57.349998474121094,57.40999984741211,51.16291427612305,7100900,0.0,0.0,0.0
2025-09-30,57.5,57.529998779296875,57.34000015258789,57.52000045776367,51.260948181152344,9561500,0.0,0.0,0.0
2025-10-01,57.0,57.22999954223633,56.869998931884766,57.20000076293945,51.374114990234375,5377100,0.446,0.0,0.0
2025-10-02,57.369998931884766,57.38999938964844,57.16999816894531,57.290000915527344,51.454959869384766,4936800,0.0,0.0,0.0
2025-10-03,57.27000045776367,57.400001525878906,57.16999816894531,57.279998779296875,51.44596862792969,7952400,0.0,0.0,0.0
2025-10-06,57.42499923706055,57.5,57.345001220703125,57.459999084472656,51.60763168334961,5643500,0.0,0.0,0.0
2025-10-07,57.5,57.5359992980957,57.209999084472656,57.31999969482422,51.48189163208008,6097100,0.0,0.0,0.0
2025-10-08,57.3849983215332,57.65999984741211,57.369998931884766,57.65999984741211,51.787261962890625,4823700,0.0,0.0,0.0
2025-10-09,57.64500045776367,57.67900085449219,57.4900016784668,57.630001068115234,51.76032638549805,3348200,0.0,0.0,0.0
2025-10-10,57.689998626708984,57.75,56.290000915527344,56.33000183105469,50.592735290527344,10801200,0.0,0.0,0.0
2025-10-13,57.029998779296875,57.349998474121094,56.944000244140625,57.31999969482422,51.48189163208008,5392800,0.0,0.0,0.0
2025-10-14,56.88999938964844,57.33000183105469,56.41999816894531,57.040000915527344,51.23040771484375,5761700,0.0,0.0,0.0
2025-10-15,57.44499969482422,57.584999084472656,56.86000061035156,57.29999923706055,51.463924407958984,4972700,0.0,0.0,0.0
2025-10-16,57.5099983215332,57.685001373291016,56.79999923706055,57.119998931884766,51.30226135253906,4676500,0.0,0.0,0.0
2025-10-17,57.0,57.54999923706055,56.880001068115234,57.47999954223633,51.62559509277344,4774400,0.0,0.0,0.0
2025-10-20,57.685001373291016,58.04999923706055,57.66999816894531,58.0099983215332,52.10161590576172,4309700,0.0,0.0,0.0
2025-10-21,58.02000045776367,58.119998931884766,57.91999816894531,58.060001373291016,52.14652633666992,3930400,0.0,0.0,0.0
2025-10-22,58.06999969482422,58.09000015258789,57.2599983215332,57.75,51.868099212646484,7297300,0.0,0.0,0.0
2025-10-23,57.79999923706055,58.20000076293945,57.709999084472656,58.13999938964844,52.21837615966797,3778400,0.0,0.0,0.0
2025-10-24,58.54999923706055,58.619998931884766,58.43000030517578,58.54999923706055,52.58661651611328,4538700,0.0,0.0,0.0
2025-10-27,59.040000915527344,59.040000915527344,58.849998474121094,58.959999084472656,52.95486068725586,6301800,0.0,0.0,0.0
2025-10-28,59.13999938964844,59.13999938964844,58.9900016784668,59.099998474121094,53.080596923828125,4768300,0.0,0.0,0.0
2025-10-29,59.23500061035156,59.279998779296875,59.04999923706055,59.220001220703125,53.18837356567383,13122700,0.0,0.0,0.0
2025-10-30,59.119998931884766,59.20000076293945,58.939998626708984,58.959999084472656,52.95486068725586,6343600,0.0,0.0,0.0
2025-10-31,59.41999816894531,59.41999816894531,58.939998626708984,59.099998474121094,53.080596923828125,6285300,0.0,0.0,0.0
2025-11-03,58.88999938964844,58.88999938964844,58.599998474121094,58.77000045776367,53.212791442871094,4303900,0.476,0.0,0.0
2025-11-04,58.33000183105469,58.59000015258789,58.150001525878906,58.189998626708984,52.68763732910156,6965800,0.0,0.0,0.0
2025-11-05,58.2400016784668,58.72999954223633,58.13999938964844,58.540000915527344,53.004539489746094,5367800,0.0,0.0,0.0
2025-11-06,58.439998626708984,58.5,57.685001373291016,57.81999969482422,52.35261917114258,7111900,0.0,0.0,0.0
2025-11-07,57.52000045776367,57.709999084472656,56.73500061035156,57.709999084472656,52.253021240234375,11280900,0.0,0.0,0.0
2025-11-10,58.4900016784668,58.83000183105469,58.34000015258789,58.77000045776367,53.212791442871094,5908700,0.0,0.0,0.0
2025-11-11,58.584999084472656,58.779998779296875,58.435001373291016,58.720001220703125,53.167518615722656,3383200,0.0,0.0,0.0
2025-11-12,58.939998626708984,58.95000076293945,58.47999954223633,58.75,53.194679260253906,3776500,0.0,0.0,0.0
2025-11-13,58.54999923706055,58.584999084472656,57.584999084472656,57.7599983215332,52.298282623291016,6017500,0.0,0.0,0.0
2025-11-14,57.09000015258789,58.189998626708984,56.77000045776367,57.81999969482422,52.35261917114258,6582900,0.0,0.0,0.0
2025-11-17,57.63999938964844,58.15999984741211,57.09000015258789,57.43000030517578,51.9995002746582,5009600,0.0,0.0,0.0
2025-11-18,57.0,57.2599983215332,56.310001373291016,56.77000045776367,51.40190887451172,8116000,0.0,0.0,0.0
2025-11-19,56.83000183105469,57.5989990234375,56.619998931884766,57.08000183105469,51.68259811401367,5150800,0.0,0.0,0.0
2025-11-20,58.11000061035156,58.26499938964844,55.736000061035156,55.81999969482422,50.541744232177734,10331500,0.0,0.0,0.0
2025-11-21,55.9900016784668,56.81999969482422,55.349998474121094,56.2400016784668,50.922027587890625,9777300,0.0,0.0,0.0
2025-11-24,56.7400016784668,57.70800018310547,56.720001220703125,57.59000015258789,52.14437484741211,5455600,0.0,0.0,0.0
2025-11-25,57.4900016784668,58.060001373291016,56.915000915527344,57.95000076293945,52.47032928466797,4957200,0.0,0.0,0.0
2025-11-26,58.31999969482422,58.560001373291016,58.09000015258789,58.41999816894531,52.89588165283203,4622600,0.0,0.0,0.0
2025-11-28,58.63999938964844,58.810001373291016,58.52000045776367,58.810001373291016,53.24900817871094,5005300,0.0,0.0,0.0
2025-12-01,57.92499923706055,58.33000183105469,57.78099822998047,58.16999816894531,53.16948699951172,5070400,0.553,0.0,0.0
2025-12-02,58.36000061035156,58.60499954223633,58.154998779296875,58.47999954223633,53.45283889770508,4500900,0.0,0.0,0.0
2025-12-03,58.380001068115234,58.619998931884766,58.19499969482422,58.58000183105469,53.54424285888672,4702500,0.0,0.0,0.0
2025-12-04,58.665000915527344,58.70000076293945,58.349998474121094,58.61000061035156,53.57166290283203,4426600,0.0,0.0,0.0
2025-12-05,58.70000076293945,58.9900016784668,58.66999816894531,58.81999969482422,53.76361083984375,4390900,0.0,0.0,0.0
2025-12-08,58.92499923706055,59.02000045776367,58.599998474121094,58.790000915527344,53.73619079589844,4000900,0.0,0.0,0.0
2025-12-09,58.72999954223633,58.880001068115234,58.59000015258789,58.84000015258789,53.781890869140625,3167600,0.0,0.0,0.0
2025-12-10,58.790000915527344,59.130001068115234,58.56999969482422,59.04999923706055,53.97384262084961,4309700,0.0,0.0,0.0
2025-12-11,58.83000183105469,59.0,58.41999816894531,58.9900016784668,53.91899871826172,4746500,0.0,0.0,0.0
2025-12-12,58.86000061035156,58.900001525878906,57.93000030517578,58.18000030517578,53.17863082885742,6232700,0.0,0.0,0.0
2025-12-15,58.5,58.53499984741211,57.845001220703125,57.9900016784668,53.004966735839844,3890300,0.0,0.0,0.0
2025-12-16,57.849998474121094,58.25,57.689998626708984,58.119998931884766,53.123783111572266,4439000,0.0,0.0,0.0
2025-12-17,58.25,58.279998779296875,57.125,57.13999938964844,52.228031158447266,5524300,0.0,0.0,0.0
2025-12-18,57.900001525878906,58.20000076293945,57.724998474121094,57.90999984741211,52.93183517456055,3779300,0.0,0.0,0.0
2025-12-19,58.18000030517578,58.637001037597656,58.15999984741211,58.619998931884766,53.58080291748047,4052200,0.0,0.0,0.0
2025-12-22,59.0,59.0,58.73500061035156,58.88999938964844,53.82759475708008,3729200,0.0,0.0,0.0
2025-12-23,58.869998931884766,59.16999816894531,58.79999923706055,59.150001525878906,54.06524658203125,3954500,0.0,0.0,0.0
2025-12-24,59.15999984741211,59.310001373291016,59.1150016784668,59.290000915527344,54.193206787109375,2746900,0.0,0.0,0.0
2025-12-26,59.38999938964844,59.42499923706055,59.25299835205078,59.34000015258789,54.238914489746094,4296600,0.0,0.0,0.0
2025-12-29,59.08000183105469,59.25,58.96500015258789,59.15999984741211,54.07438659667969,6087000,0.0,0.0,0.0
2025-12-30,59.13999938964844,59.27000045776367,59.060001373291016,59.09000015258789,54.01040267944336,6687900,0.0,0.0,0.0
2025-12-31,58.59000015258789,58.599998474121094,58.11000061035156,58.119998931884766,53.646724700927734,5021000,0.576,0.0,0.0
2026-01-02,58.560001373291016,58.75,57.84000015258789,58.09000015258789,53.61903762817383,6252200,0.0,0.0,0.0
2026-01-05,58.6150016784668,58.65999984741211,58.33000183105469,58.439998626708984,53.94208908081055,6576700,0.0,0.0,0.0
2026-01-06,58.54499816894531,58.90999984741211,58.5,58.869998931884766,54.33900451660156,5381000,0.0,0.0,0.0
2026-01-07,58.869998931884766,59.130001068115234,58.83000183105469,58.93000030517578,54.394378662109375,5265800,0.0,0.0,0.0
2026-01-08,58.869998931884766,58.88999938964844,58.494998931884766,58.720001220703125,54.20054626464844,4947500,0.0,0.0,0.0
2026-01-09,58.84000015258789,59.220001220703125,58.625,59.15999984741211,54.606685638427734,6481600,0.0,0.0,0.0
2026-01-12,58.8849983215332,59.34000015258789,58.8849983215332,59.25,54.68975067138672,5537200,0.0,0.0,0.0
2026-01-13,59.29999923706055,59.375,59.0099983215332,59.16999816894531,54.615909576416016,4289100,0.0,0.0,0.0
2026-01-14,58.95000076293945,58.9900016784668,58.3650016784668,58.75,54.22823715209961,6294800,0.0,0.0,0.0
2026-01-15,59.2400016784668,59.244998931884766,58.84000015258789,58.88999938964844,54.35746383666992,4034000,0.0,0.0,0.0
2026-01-16,59.220001220703125,59.220001220703125,58.775001525878906,58.91999816894531,54.385154724121094,4676900,0.0,0.0,0.0
2026-01-20,58.13999938964844,58.4900016784668,57.84000015258789,57.91999816894531,53.462120056152344,8534200,0.0,0.0,0.0
2026-01-21,58.05500030517578,58.93000030517578,57.92499923706055,58.630001068115234,54.11747741699219,6624900,0.0,0.0,0.0
2026-01-22,59.04999923706055,59.10499954223633,58.75,59.02000045776367,54.47745132446289,4419800,0.0,0.0,0.0
2026-01-23,59.029998779296875,59.38999938964844,58.900001525878906,59.220001220703125,54.66206359863281,4863600,0.0,0.0,0.0
2026-01-26,59.2400016784668,59.599998474121094,59.20000076293945,59.459999084472656,54.88359069824219,5359600,0.0,0.0,0.0
2026-01-27,59.779998779296875,59.88999938964844,59.595001220703125,59.810001373291016,55.20665740966797,5632100,0.0,0.0,0.0
2026-01-28,60.060001373291016,60.13999938964844,59.875,59.959999084472656,55.34510803222656,5349000,0.0,0.0,0.0
2026-01-29,60.0099983215332,60.040000915527344,59.03499984741211,59.86000061035156,55.252811431884766,10549500,0.0,0.0,0.0
2026-01-30,59.75,59.875,59.220001220703125,59.43000030517578,54.85590744018555,8725500,0.0,0.0,0.0
2026-02-02,58.83000183105469,59.529998779296875,58.779998779296875,59.380001068115234,55.242919921875,5922200,0.466,0.0,0.0
2026-02-03,59.540000915527344,59.560001373291016,58.150001525878906,58.619998931884766,54.53586959838867,9322300,0.0,0.0,0.0
2026-02-04,58.55500030517578,58.55500030517578,57.20000076293945,57.68000030517578,53.66135787963867,10595200,0.0,0.0,0.0
2026-02-05,57.290000915527344,57.6150016784668,56.72999954223633,56.93000030517578,52.96361541748047,10548700,0.0,0.0,0.0
2026-02-06,57.244998931884766,58.189998626708984,57.07500076293945,58.04999923706055,54.005584716796875,6102200,0.0,0.0,0.0
2026-02-09,57.88999938964844,58.650001525878906,57.65999984741211,58.47999954223633,54.40562438964844,5231400,0.0,0.0,0.0
2026-02-10,58.650001525878906,58.70000076293945,58.23500061035156,58.279998779296875,54.21955490112305,4315500,0.0,0.0,0.0
2026-02-11,58.709999084472656,58.77000045776367,57.95000076293945,58.40999984741211,54.34049987792969,5062000,0.0,0.0,0.0
2026-02-12,58.584999084472656,58.70000076293945,57.35499954223633,57.439998626708984,53.43807601928711,6680500,0.0,0.0,0.0
2026-02-13,57.43000030517578,57.9119987487793,57.02000045776367,57.5099983215332,53.50320053100586,5401200,0.0,0.0,0.0
2026-02-17,57.244998931884766,57.70000076293945,56.77000045776367,57.470001220703125,53.46599197387695,5777700,0.0,0.0,0.0
2026-02-18,57.54999923706055,58.220001220703125,57.439998626708984,57.88999938964844,53.85673141479492,4726600,0.0,0.0,0.0
2026-02-19,57.67499923706055,57.869998931884766,57.459999084472656,57.689998626708984,53.6706657409668,4305900,0.0,0.0,0.0
2026-02-20,57.459999084472656,58.26499938964844,57.375,58.150001525878906,54.09861373901367,5419600,0.0,0.0,0.0
2026-02-23,57.97999954223633,58.08000183105469,57.3380012512207,57.560001373291016,53.54971694946289,7041900,0.0,0.0,0.0
2026-02-24,57.66299819946289,58.18000030517578,57.45000076293945,58.09000015258789,54.04279327392578,5592600,0.0,0.0,0.0
2026-02-25,58.31999969482422,58.720001220703125,58.310001373291016,58.70000076293945,54.61029815673828,4896100,0.0,0.0,0.0
2026-02-26,58.68000030517578,58.689998626708984,57.71500015258789,58.18000030517578,54.126529693603516,7437300,0.0,0.0,0.0
2026-02-27,57.7400016784668,58.099998474121094,57.625,58.040000915527344,53.99627685546875,7456800,0.0,0.0,0.0
2026-03-02,56.845001220703125,57.73500061035156,56.755001068115234,57.58000183105469,54.04227066040039,6057300,0.509,0.0,0.0
2026-03-03,56.70000076293945,57.26499938964844,56.220001220703125,57.09000015258789,53.582374572753906,9526800,0.0,0.0,0.0
2026-03-04,57.29999923706055,57.93000030517578,57.209999084472656,57.779998779296875,54.229976654052734,6585500,0.0,0.0,0.0
2026-03-05,57.5,57.91400146484375,57.09000015258789,57.63999938964844,54.09857940673828,7278300,0.0,0.0,0.0
2026-03-06,56.974998474121094,57.36000061035156,56.724998474121094,56.849998474121094,53.35711669921875,7533400,0.0,0.0,0.0
2026-03-09,56.345001220703125,57.67499923706055,56.150001525878906,57.58000183105469,54.04227066040039,10996100,0.0,0.0,0.0
2026-03-10,57.57500076293945,58.07699966430664,57.44499969482422,57.619998931884766,54.079811096191406,8615800,0.0,0.0,0.0
2026-03-11,57.76499938964844,58.01599884033203,57.47999954223633,57.70000076293945,54.1548957824707,6593900,0.0,0.0,0.0
2026-03-12,57.349998474121094,57.400001525878906,56.83000183105469,56.86000061035156,53.36650085449219,9020900,0.0,0.0,0.0
2026-03-13,57.095001220703125,57.38999938964844,56.47999954223633,56.560001373291016,53.084938049316406,7288800,0.0,0.0,0.0
2026-03-16,57.130001068115234,57.55500030517578,57.09000015258789,57.2599983215332,53.74192810058594,5510900,0.0,0.0,0.0
2026-03-17,57.560001373291016,57.73699951171875,57.439998626708984,57.59000015258789,54.05165481567383,5221800,0.0,0.0,0.0
2026-03-18,57.5,57.51499938964844,56.80500030517578,56.81999969482422,53.32896041870117,6163900,0.0,0.0,0.0
2026-03-19,56.45500183105469,56.93000030517578,56.130001068115234,56.70000076293945,53.216339111328125,7498000,0.0,0.0,0.0
2026-03-20,56.560001373291016,56.59000015258789,55.43000030517578,55.7599983215332,52.33408737182617,7511600,0.0,0.0,0.0
2026-03-23,56.525001525878906,56.9900016784668,56.14500045776367,56.34000015258789,52.87845230102539,10206300,0.0,0.0,0.0
2026-03-24,56.119998931884766,56.380001068115234,55.82500076293945,56.060001373291016,52.615657806396484,6186200,0.0,0.0,0.0
2026-03-25,56.5,56.63999938964844,56.13999938964844,56.349998474121094,52.88783645629883,5565200,0.0,0.0,0.0
2026-03-26,56.02000045776367,56.07500076293945,55.119998931884766,55.150001525878906,51.761573791503906,8038700,0.0,0.0,0.0
2026-03-27,54.939998626708984,54.95000076293945,54.040000915527344,54.130001068115234,50.804237365722656,10987800,0.0,0.0,0.0
2026-03-30,54.58000183105469,54.64500045776367,53.5099983215332,53.77000045776367,50.46635818481445,8106700,0.0,0.0,0.0
2026-03-31,54.36000061035156,55.619998931884766,54.349998474121094,55.52000045776367,52.10883331298828,9884100,0.0,0.0,0.0
2026-04-01,55.31999969482422,55.81999969482422,55.220001220703125,55.52000045776367,52.63882064819336,6934200,0.559,0.0,0.0
2026-04-02,54.630001068115234,55.65999984741211,54.47999954223633,55.59000015258789,52.7051887512207,6050100,0.0,0.0,0.0
2026-04-06,55.790000915527344,56.040000915527344,55.61000061035156,55.91999816894531,53.018062591552734,7444000,0.0,0.0,0.0
2026-04-07,55.65999984741211,55.93600082397461,55.10499954223633,55.91999816894531,53.018062591552734,5918600,0.0,0.0,0.0
2026-04-08,57.314998626708984,57.400001525878906,56.869998931884766,57.099998474121094,54.1368293762207,6792500,0.0,0.0,0.0
2026-04-09,57.130001068115234,57.52000045776367,57.029998779296875,57.5099983215332,54.525550842285156,5082400,0.0,0.0,0.0
2026-04-10,57.65999984741211,57.72999954223633,57.5,57.619998931884766,54.629844665527344,3917600,0.0,0.0,0.0
2026-04-13,57.4900016784668,57.9900016784668,57.439998626708984,57.97999954223633,54.971160888671875,5568500,0.0,0.0,0.0
2026-04-14,58.14500045776367,58.38999938964844,58.13999938964844,58.380001068115234,55.35040283203125,5833600,0.0,0.0,0.0
2026-04-15,58.45500183105469,58.4900016784668,58.345001220703125,58.47999954223633,55.44521713256836,5989700,0.0,0.0,0.0
2026-04-16,58.54999923706055,58.54999923706055,58.369998931884766,58.529998779296875,55.49262619018555,5503500,0.0,0.0,0.0
2026-04-17,58.68000030517578,58.689998626708984,58.53499984741211,58.65999984741211,55.615875244140625,7344400,0.0,0.0,0.0
2026-04-20,58.625,58.689998626708984,58.57400131225586,58.66999816894531,55.62535095214844,4713400,0.0,0.0,0.0
2026-04-21,58.790000915527344,58.83000183105469,58.56999969482422,58.63999938964844,55.59690856933594,5260700,0.0,0.0,0.0
2026-04-22,58.84000015258789,58.900001525878906,58.75,58.88999938964844,55.83394241333008,5936700,0.0,0.0,0.0
2026-04-23,58.849998474121094,58.959999084472656,58.61000061035156,58.83000183105469,55.77705764770508,6246500,0.0,0.0,0.0
2026-04-24,59.029998779296875,59.029998779296875,58.869998931884766,58.9900016784668,55.92875289916992,6133200,0.0,0.0,0.0
2026-04-27,59.0,59.08000183105469,58.900001525878906,59.040000915527344,55.976158142089844,6614000,0.0,0.0,0.0
2026-04-28,58.915000915527344,59.0,58.77000045776367,58.93000030517578,55.87186050415039,7291300,0.0,0.0,0.0
2026-04-29,59.0099983215332,59.064998626708984,58.88999938964844,59.0,55.938232421875,8509400,0.0,0.0,0.0
2026-04-30,59.209999084472656,59.30500030517578,58.94499969482422,59.27000045776367,56.19422149658203,9209300,0.0,0.0,0.0
2026-05-01,58.790000915527344,58.91999816894531,58.73699951171875,58.86000061035156,56.367557525634766,6698200,0.591,0.0,0.0
2026-05-04,58.84000015258789,58.970001220703125,58.72999954223633,58.83000183105469,56.338829040527344,7081800,0.0,0.0,0.0
2026-05-05,58.9900016784668,59.09000015258789,58.979000091552734,59.060001373291016,56.55908966064453,7339700,0.0,0.0,0.0
2026-05-06,59.16999816894531,59.42900085449219,59.150001525878906,59.400001525878906,56.88469314575195,9005300,0.0,0.0,0.0
2026-05-07,59.41999816894531,59.470001220703125,59.25,59.380001068115234,56.865535736083984,6630500,0.0,0.0,0.0
2026-05-08,59.47999954223633,59.61000061035156,59.45000076293945,59.61000061035156,57.08579635620117,8261500,0.0,0.0,0.0
2026-05-11,59.52000045776367,59.75,59.51499938964844,59.720001220703125,57.191139221191406,8153700,0.0,0.0,0.0
2026-05-12,59.65999984741211,59.68000030517578,59.36000061035156,59.65999984741211,57.1336784362793,8161100,0.0,0.0,0.0
2026-05-13,59.744998931884766,59.95000076293945,59.63999938964844,59.88999938964844,57.353939056396484,5053000,0.0,0.0,0.0
2026-05-14,59.93000030517578,60.060001373291016,59.89500045776367,60.0099983215332,57.46885681152344,4884700,0.0,0.0,0.0
2026-05-15,59.83000183105469,59.93000030517578,59.64500045776367,59.77000045776367,57.2390251159668,5900500,0.0,0.0,0.0
2026-05-18,59.845001220703125,59.869998931884766,59.47999954223633,59.709999084472656,57.18156051635742,6327100,0.0,0.0,0.0
2026-05-19,59.540000915527344,59.77000045776367,59.349998474121094,59.599998474121094,57.07621765136719,6495500,0.0,0.0,0.0
2026-05-20,59.779998779296875,59.97999954223633,59.65999984741211,59.97999954223633,57.440128326416016,5680500,0.0,0.0,0.0
2026-05-21,59.869998931884766,60.150001525878906,59.81999969482422,60.11000061035156,57.56462478637695,4513200,0.0,0.0,0.0
2026-05-22,60.244998931884766,60.31999969482422,60.150001525878906,60.209999084472656,57.6603889465332,4937500,0.0,0.0,0.0
2026-05-26,60.54499816894531,60.61000061035156,60.45000076293945,60.599998474121094,58.03387451171875,7961100,0.0,0.0,0.0
2026-05-27,60.810001373291016,60.83000183105469,60.584999084472656,60.7599983215332,58.187095642089844,7502000,0.0,0.0,0.0
2026-05-28,60.869998931884766,60.9900016784668,60.70000076293945,60.95000076293945,58.369056701660156,7174800,0.0,0.0,0.0
2026-05-29,61.099998474121094,61.16999816894531,60.9900016784668,61.150001525878906,58.56059265136719,16562100,0.0,0.0,0.0
2026-06-01,60.630001068115234,60.790000915527344,60.529998779296875,60.70000076293945,58.6707763671875,7430500,0.564,0.0,0.0
2026-06-02,60.68000030517578,60.86000061035156,60.66999816894531,60.86000061035156,58.8254280090332,5972100,0.0,0.0,0.0
2026-06-03,60.970001220703125,60.970001220703125,60.68000030517578,60.79999923706055,58.76742935180664,6579600,0.0,0.0,0.0
2026-06-04,60.41999816894531,60.849998474121094,60.380001068115234,60.72999954223633,58.699771881103516,6029000,0.0,0.0,0.0
2026-06-05,60.33000183105469,60.38999938964844,58.81999969482422,58.900001525878906,56.93095016479492,11060200,0.0,0.0,0.0
2026-06-08,59.65999984741211,59.9900016784668,59.40999984741211,59.630001068115234,57.63654708862305,6245500,0.0,0.0,0.0
2026-06-09,60.0,60.15999984741211,57.470001220703125,59.08000183105469,57.10493469238281,11313900,0.0,0.0,0.0
2026-06-10,58.595001220703125,59.26499938964844,57.90999984741211,57.9900016784668,56.05137252807617,11128900,0.0,0.0,0.0
2026-06-11,58.349998474121094,59.55500030517578,58.01499938964844,59.4900016784668,57.50122833251953,6450100,0.0,0.0,0.0
2026-06-12,59.606998443603516,59.97999954223633,59.189998626708984,59.86000061035156,57.858856201171875,5667300,0.0,0.0,0.0
2026-06-15,60.709999084472656,61.18000030517578,60.709999084472656,61.18000030517578,59.134727478027344,6854800,0.0,0.0,0.0
2026-06-16,61.2400016784668,61.505001068115234,60.77000045776367,60.779998779296875,58.74810028076172,5233400,0.0,0.0,0.0
2026-06-17,61.13999938964844,61.150001525878906,60.27000045776367,60.369998931884766,58.351806640625,5520500,0.0,0.0,0.0
2026-06-18,61.2400016784668,61.45000076293945,60.974998474121094,61.34000015258789,59.28937911987305,5479300,0.0,0.0,0.0
2026-06-22,61.474998474121094,61.720001220703125,61.16999816894531,61.380001068115234,59.32804489135742,6577000,0.0,0.0,0.0
2026-06-23,60.04499816894531,60.54499816894531,59.71500015258789,59.86000061035156,57.858856201171875,7542700,0.0,0.0,0.0
2026-06-24,59.97999954223633,60.31999969482422,59.209999084472656,59.689998626708984,57.69453811645508,5522700,0.0,0.0,0.0
2026-06-25,60.80500030517578,60.869998931884766,59.35499954223633,60.130001068115234,58.11983108520508,6943100,0.0,0.0,0.0
2026-06-26,59.5,60.06999969482422,59.150001525878906,59.41999816894531,57.433563232421875,6220800,0.0,0.0,0.0
2026-06-29,60.09000015258789,60.720001220703125,59.33100128173828,60.70000076293945,58.6707763671875,6975900,0.0,0.0,0.0
2026-06-30,60.72999954223633,61.560001373291016,60.65999984741211,61.459999084472656,59.405364990234375,6497100,0.0,0.0,0.0
2026-07-01,60.439998626708984,60.595001220703125,60.18000030517578,60.20000076293945,58.79689025878906,5562800,0.637,0.0,0.0
2026-07-02,60.25,60.58000183105469,58.994998931884766,59.38999938964844,58.00576400756836,7297900,0.0,0.0,0.0
2026-07-06,59.974998474121094,60.380001068115234,59.849998474121094,60.15999984741211,58.75782012939453,6512100,0.0,0.0,0.0
2026-07-07,59.599998474121094,59.75,58.915000915527344,59.31999969482422,57.93739700317383,6463400,0.0,0.0,0.0
2026-07-08,59.0099983215332,59.51499938964844,58.64500045776367,59.45000076293945,58.064369201660156,6075200,0.0,0.0,0.0
2026-07-09,59.97999954223633,60.29999923706055,59.720001220703125,60.2400016784668,58.83595657348633,4949300,0.0,0.0,0.0
2026-07-10,60.13999938964844,60.54999923706055,59.900001525878906,60.5099983215332,59.09965896606445,5083500,0.0,0.0,0.0
2026-07-13,59.98500061035156,60.04999923706055,59.46500015258789,59.59000015258789,58.201107025146484,6601200,0.0,0.0,0.0
2026-07-14,60.18000030517578,60.33000183105469,59.779998779296875,60.189998626708984,58.7871208190918,9480100,0.0,0.0,0.0
2026-07-15,60.46500015258789,60.4900016784668,59.53099822998047,60.119998931884766,58.718753814697266,5815900,0.0,0.0,0.0
2026-07-16,59.779998779296875,59.814998626708984,58.9900016784668,59.2599983215332,57.8787956237793,6524000,0.0,0.0,0.0
2026-07-17,58.15999984741211,59.03499984741211,57.779998779296875,58.5099983215332,57.146278381347656,8325200,0.0,0.0,0.0
2026-07-20,59.03499984741211,59.31999969482422,58.54999923706055,58.59000015258789,57.22441482543945,5241300,0.0,0.0,0.0
2026-07-21,59.38999938964844,59.720001220703125,59.1349983215332,59.650001525878906,58.259708404541016,5391200,0.0,0.0,0.0
2026-07-22,59.34000015258789,59.720001220703125,59.29499816894531,59.459999084472656,58.074134826660156,5201600,0.0,0.0,0.0
2026-07-23,58.73500061035156,59.025001525878906,58.20000076293945,58.529998779296875,57.165809631347656,8207900,0.0,0.0,0.0
2026-07-24,58.45500183105469,58.599998474121094,57.78499984741211,57.959999084472656,56.60909652709961,8726100,0.0,0.0,0.0
2026-07-27,58.65999984741211,58.65999984741211,57.220001220703125,57.7400016784668,56.39422607421875,8415500,0.0,0.0,0.0
2026-07-28,57.31999969482422,57.47600173950195,56.564998626708984,57.20000076293945,55.86681365966797,9014700,0.0,0.0,0.0
2026-07-29,57.22999954223633,57.54999923706055,56.084999084472656,56.13999938964844,54.83151626586914,10673400,0.0,0.0,0.0
2026-07-30,57.2400016784668,58.029998779296875,57.13999938964844,57.91999816894531,56.57002639770508,6886700,0.0,0.0,0.0
2026-07-31,58.59000015258789,58.810001373291016,57.619998931884766,58.25,56.892337799072266,8156100,0.0,0.0,0.0
2026-08-03,57.560001373291016,58.44499969482422,57.36000061035156,58.34000015258789,57.678321838378906,13714000,0.705,0.0,0.0
2026-08-04,58.79999923706055,59.66999816894531,58.79999923706055,59.560001373291016,58.88448715209961,8202400,0.0,0.0,0.0
2026-08-05,59.79999923706055,59.79999923706055,59.349998474121094,59.380001068115234,58.70652770996094,7152900,0.0,0.0,0.0
2026-08-06,59.06999969482422,59.52000045776367,58.869998931884766,59.34000015258789,58.6669807434082,4746300,0.0,0.0,0.0
2026-08-07,59.599998474121094,59.7599983215332,59.34000015258789,59.7400016784668,59.06244659423828,4986500,0.0,0.0,0.0
2026-08-10,59.709999084472656,59.8650016784668,59.619998931884766,59.68000030517578,59.00312423706055,4056900,0.0,0.0,0.0
2026-08-11,59.814998626708984,59.84000015258789,59.505001068115234,59.650001525878906,58.97346496582031,4000300,0.0,0.0,0.0
2026-08-12,60.040000915527344,60.099998474121094,59.93000030517578,60.0,59.319496154785156,5009100,0.0,0.0,0.0
2026-08-13,60.099998474121094,60.474998474121094,60.04600143432617,60.41999816894531,59.7347297668457,4498900,0.0,0.0,0.0
2026-08-14,60.470001220703125,60.599998474121094,60.3650016784668,60.529998779296875,59.843482971191406,3774500,0.0,0.0,0.0
2026-08-17,60.619998931884766,60.7400016784668,60.529998779296875,60.560001373291016,59.873146057128906,4396200,0.0,0.0,0.0
2026-08-18,60.07500076293945,60.14500045776367,59.83000183105469,59.93000030517578,59.25028991699219,10101900,0.0,0.0,0.0
2026-08-19,60.060001373291016,60.15999984741211,59.654998779296875,59.869998931884766,59.19096755981445,4930400,0.0,0.0,0.0
2026-08-20,59.65999984741211,59.86000061035156,59.494998931884766,59.65999984741211,58.98335266113281,4886300,0.0,0.0,0.0
2026-08-21,59.96500015258789,59.9900016784668,59.54999923706055,59.84000015258789,59.16130828857422,4926700,0.0,0.0,0.0
2026-08-24,59.619998931884766,59.65999984741211,59.15999984741211,59.41999816894531,58.746070861816406,5737600,0.0,0.0,0.0
2026-08-25,59.77000045776367,59.900001525878906,59.525001525878906,59.75,59.072330474853516,4602500,0.0,0.0,0.0
2026-08-26,59.619998931884766,59.88999938964844,59.599998474121094,59.790000915527344,59.11187744140625,4441800,0.0,0.0,0.0
2026-08-27,60.130001068115234,60.327999114990234,59.959999084472656,60.310001373291016,59.625980377197266,4667600,0.0,0.0,0.0
2026-08-28,60.27000045776367,60.5099983215332,60.06999969482422,60.150001525878906,59.467796325683594,6185300,0.0,0.0,0.0
2026-08-31,60.150001525878906,60.25,60.0,60.220001220703125,59.53700256347656,8095700,0.0,0.0,0.0
2026-09-01,59.0,59.2859992980957,58.79499816894531,59.0,59.0,7668200,0.683,0.0,0.0
2026-09-02,59.01499938964844,59.189998626708984,58.849998474121094,59.150001525878906,59.150001525878906,6824300,0.0,0.0,0.0
2026-09-03,59.279998779296875,59.75,59.14500045776367,59.689998626708984,59.689998626708984,6623600,0.0,0.0,0.0
2026-09-04,59.779998779296875,59.9900016784668,59.68000030517578,59.869998931884766,59.869998931884766,4921400,0.0,0.0,0.0
2026-09-08,59.970001220703125,60.040000915527344,59.65999984741211,59.849998474121094,59.849998474121094,5171700,0.0,0.0,0.0
2026-09-09,59.75,59.96500015258789,59.599998474121094,59.779998779296875,59.779998779296875,4225600,0.0,0.0,0.0
2026-09-10,59.20000076293945,59.5099983215332,59.125,59.29999923706055,59.29999923706055,4977900,0.0,0.0,0.0
2026-09-11,59.779998779296875,59.93000030517578,59.65999984741211,59.779998779296875,59.779998779296875,3905600,0.0,0.0,0.0
2026-09-14,58.974998474121094,59.63999938964844,58.874000549316406,59.349998474121094,59.349998474121094,5518100,0.0,0.0,0.0
2026-09-15,59.38999938964844,59.400001525878906,59.0,59.08000183105469,59.08000183105469,4088700,0.0,0.0,0.0
2026-09-16,59.32500076293945,59.55799865722656,58.7400016784668,59.09000015258789,59.09000015258789,5300200,0.0,0.0,0.0
2026-09-17,59.83000183105469,60.0,59.685001373291016,59.95000076293945,59.95000076293945,4339700,0.0,0.0,0.0
2026-09-18,60.05500030517578,60.2599983215332,59.849998474121094,60.2400016784668,60.2400016784668,4606100,0.0,0.0,0.0
2026-09-21,60.619998931884766,61.060001373291016,60.619998931884766,61.0099983215332,61.0099983215332,8033100,0.0,0.0,0.0
2026-09-22,61.0099983215332,61.220001220703125,61.0,61.16999816894531,61.16999816894531,4475200,0.0,0.0,0.0
2026-09-23,61.20500183105469,61.20500183105469,60.972999572753906,61.099998474121094,61.099998474121094,4743600,0.0,0.0,0.0
2026-09-24,60.880001068115234,61.130001068115234,60.849998474121094,61.11000061035156,61.11000061035156,4516600,0.0,0.0,0.0
2026-09-25,61.20500183105469,61.279998779296875,61.064998626708984,61.2400016784668,61.2400016784668,6045400,0.0,0.0,0.0
2026-09-28,61.13999938964844,61.220001220703125,60.849998474121094,61.11000061035156,61.11000061035156,7221700,0.0,0.0,0.0
2026-09-29,61.27000045776367,61.310001373291016,61.09000015258789,61.18000030517578,61.18000030517578,7062400,0.0,0.0,0.0
