Date,Open,High,Low,Close,Adj Close,Volume,Dividends,Stock Splits,Capital Gains
2013-12-12,25.049999237060547,25.049999237060547,25.006999969482422,25.040000915527344,6.394473075866699,3200,0.0,0.0,0.0
2013-12-13,25.030000686645508,25.030000686645508,24.989999771118164,25.020000457763672,6.3893632888793945,1600,0.0,0.0,0.0
2013-12-16,25.100000381469727,25.100000381469727,25.040000915527344,25.049999237060547,6.3970255851745605,1600,0.0,0.0,0.0
2013-12-17,25.06999969482422,25.06999969482422,25.040000915527344,25.06999969482422,6.402133464813232,13200,0.0,0.0,0.0
2013-12-18,25.040000915527344,25.040000915527344,25.030000686645508,25.030000686645508,6.39192008972168,5000,0.0,0.0,0.0
2013-12-19,25.1299991607666,25.1299991607666,25.059999465942383,25.059999465942383,6.399580001831055,1300,0.0,0.0,0.0
2013-12-20,25.139999389648438,25.3700008392334,25.139999389648438,25.360000610351562,6.476189136505127,6600,0.0,0.0,0.0
2013-12-23,25.489999771118164,25.5,25.489999771118164,25.5,6.511941432952881,5700,0.0,0.0,0.0
2013-12-24,25.520000457763672,25.610000610351562,25.479999542236328,25.479999542236328,6.506837844848633,700,0.0,0.0,0.0
2013-12-26,25.510000228881836,25.510000228881836,25.43000030517578,25.459999084472656,6.50172758102417,1500,0.0,0.0,0.0
2013-12-27,25.510000228881836,25.510000228881836,25.5,25.5,6.511941432952881,900,0.0,0.0,0.0
2013-12-30,25.469999313354492,25.489999771118164,25.459999084472656,25.469999313354492,6.504283905029297,2000,0.0,0.0,0.0
2013-12-31,25.540000915527344,25.540000915527344,25.540000915527344,25.540000915527344,6.522158145904541,300,0.0,0.0,0.0
2014-01-02,25.440000534057617,25.440000534057617,25.440000534057617,25.440000534057617,6.49661922454834,300,0.0,0.0,0.0
2014-01-03,25.420000076293945,25.420000076293945,25.420000076293945,25.420000076293945,6.491511344909668,300,0.0,0.0,0.0
2014-01-06,25.389999389648438,25.389999389648438,25.389999389648438,25.389999389648438,6.483850479125977,600,0.0,0.0,0.0
2014-01-07,25.520000457763672,25.520000457763672,25.520000457763672,25.520000457763672,6.517049312591553,100,0.0,0.0,0.0
2014-01-08,25.579999923706055,25.579999923706055,25.56999969482422,25.56999969482422,6.529819011688232,1700,0.0,0.0,0.0
2014-01-09,25.469999313354492,25.469999313354492,25.469999313354492,25.469999313354492,6.504283905029297,100,0.0,0.0,0.0
2014-01-10,25.479999542236328,25.5,25.479999542236328,25.489999771118164,6.509390830993652,1300,0.0,0.0,0.0
2014-01-13,25.579999923706055,25.579999923706055,25.440000534057617,25.440000534057617,6.49661922454834,2300,0.0,0.0,0.0
2014-01-14,25.56999969482422,25.610000610351562,25.559999465942383,25.610000610351562,6.54003381729126,5100,0.0,0.0,0.0
2014-01-15,25.75,25.75,25.639999389648438,25.670000076293945,6.555356502532959,6500,0.0,0.0,0.0
2014-01-16,25.690000534057617,25.700000762939453,25.639999389648438,25.700000762939453,6.563018798828125,2900,0.0,0.0,0.0
2014-01-17,25.670000076293945,25.770000457763672,25.649999618530273,25.709999084472656,6.565571308135986,5600,0.0,0.0,0.0
2014-01-21,25.739999771118164,25.739999771118164,25.65999984741211,25.719999313354492,6.568123817443848,2200,0.0,0.0,0.0
2014-01-22,25.530000686645508,25.540000915527344,25.530000686645508,25.530000686645508,6.585410118103027,1100,0.257,0.0,0.0
2014-01-23,25.530000686645508,25.530000686645508,25.43000030517578,25.43000030517578,6.559615135192871,1200,0.0,0.0,0.0
2014-01-24,25.299999237060547,25.299999237060547,25.299999237060547,25.299999237060547,6.526079177856445,400,0.0,0.0,0.0
2014-01-27,25.1200008392334,25.1200008392334,24.850000381469727,25.06999969482422,6.4667487144470215,4100,0.0,0.0,0.0
2014-01-28,24.959999084472656,24.959999084472656,24.8799991607666,24.93000030517578,6.430637836456299,600,0.0,0.0,0.0
2014-01-29,24.860000610351562,24.8700008392334,24.860000610351562,24.860000610351562,6.4125800132751465,8400,0.0,0.0,0.0
2014-01-30,25.010000228881836,25.209999084472656,25.010000228881836,25.18000030517578,6.495126247406006,1300,0.0,0.0,0.0
2014-01-31,25.1200008392334,25.1299991607666,25.1200008392334,25.1299991607666,6.482229709625244,200,0.0,0.0,0.0
2014-02-03,24.93000030517578,24.93000030517578,24.59000015258789,24.59000015258789,6.342939853668213,1200,0.0,0.0,0.0
2014-02-04,24.809999465942383,24.809999465942383,24.809999465942383,24.809999465942383,6.399685859680176,100,0.0,0.0,0.0
2014-02-05,24.799999237060547,24.799999237060547,24.56999969482422,24.75,6.384208679199219,1100,0.0,0.0,0.0
2014-02-06,24.799999237060547,25.100000381469727,24.799999237060547,25.049999237060547,6.461591720581055,9500,0.0,0.0,0.0
2014-02-07,25.219999313354492,25.219999313354492,25.219999313354492,25.219999313354492,6.50544548034668,100,0.0,0.0,0.0
2014-02-10,25.43000030517578,25.459999084472656,25.43000030517578,25.459999084472656,6.567350387573242,1600,0.0,0.0,0.0
2014-02-11,25.469999313354492,25.700000762939453,25.469999313354492,25.700000762939453,6.629258155822754,600,0.0,0.0,0.0
2014-02-12,25.719999313354492,25.719999313354492,25.719999313354492,25.719999313354492,6.63441801071167,100,0.0,0.0,0.0
2014-02-13,25.719999313354492,25.719999313354492,25.709999084472656,25.709999084472656,6.631840229034424,800,0.0,0.0,0.0
2014-02-14,25.770000457763672,25.780000686645508,25.75,25.780000686645508,6.64989709854126,1500,0.0,0.0,0.0
2014-02-18,25.75,25.75,25.75,25.75,6.642159461975098,500,0.0,0.0,0.0
2014-02-19,25.81999969482422,25.81999969482422,25.81999969482422,25.81999969482422,6.660212516784668,1100,0.0,0.0,0.0
2014-02-20,25.799999237060547,25.799999237060547,25.799999237060547,25.799999237060547,6.65504789352417,1000,0.0,0.0,0.0
2014-02-21,25.81999969482422,25.829999923706055,25.81999969482422,25.829999923706055,6.662791728973389,2000,0.0,0.0,0.0
2014-02-24,25.81999969482422,25.81999969482422,25.81999969482422,25.81999969482422,6.660212516784668,1600,0.0,0.0,0.0
2014-02-25,25.770000457763672,25.770000457763672,25.770000457763672,25.770000457763672,6.6473164558410645,200,0.0,0.0,0.0
2014-02-26,25.6200008392334,25.6200008392334,25.540000915527344,25.540000915527344,6.637700080871582,500,0.193,0.0,0.0
2014-02-27,25.670000076293945,25.670000076293945,25.670000076293945,25.670000076293945,6.671483516693115,200,0.0,0.0,0.0
2014-02-28,25.799999237060547,25.799999237060547,25.799999237060547,25.799999237060547,6.7052693367004395,700,0.0,0.0,0.0
2014-03-03,25.56999969482422,25.56999969482422,25.56999969482422,25.56999969482422,6.645500183105469,300,0.0,0.0,0.0
2014-03-04,25.75,25.799999237060547,25.75,25.760000228881836,6.694876194000244,2000,0.0,0.0,0.0
2014-03-05,25.75,25.790000915527344,25.75,25.780000686645508,6.700072765350342,500,0.0,0.0,0.0
2014-03-06,25.8700008392334,25.8700008392334,25.799999237060547,25.829999923706055,6.713066577911377,5100,0.0,0.0,0.0
2014-03-07,25.920000076293945,25.920000076293945,25.920000076293945,25.920000076293945,6.736458778381348,100,0.0,0.0,0.0
2014-03-10,25.780000686645508,25.780000686645508,25.770000457763672,25.780000686645508,6.700072765350342,300,0.0,0.0,0.0
2014-03-11,25.850000381469727,25.850000381469727,25.770000457763672,25.770000457763672,6.697473526000977,1000,0.0,0.0,0.0
2014-03-12,25.84000015258789,25.84000015258789,25.809999465942383,25.809999465942383,6.707869529724121,1100,0.0,0.0,0.0
2014-03-13,25.81999969482422,25.81999969482422,25.600000381469727,25.600000381469727,6.653290748596191,2600,0.0,0.0,0.0
2014-03-14,25.559999465942383,25.559999465942383,25.559999465942383,25.559999465942383,6.642894268035889,100,0.0,0.0,0.0
2014-03-17,25.75,25.75,25.75,25.75,6.69227933883667,1000,0.0,0.0,0.0
2014-03-18,25.75,25.950000762939453,25.75,25.950000762939453,6.744257926940918,1200,0.0,0.0,0.0
2014-03-19,25.81999969482422,25.8700008392334,25.81999969482422,25.8700008392334,6.72346305847168,2200,0.0,0.0,0.0
2014-03-20,25.8799991607666,25.8799991607666,25.8799991607666,25.8799991607666,6.726062774658203,1000,0.0,0.0,0.0
2014-03-21,25.940000534057617,26.0,25.700000762939453,25.719999313354492,6.684481143951416,119700,0.0,0.0,0.0
2014-03-24,25.520000457763672,25.520000457763672,25.5,25.5,6.62730598449707,400,0.0,0.0,0.0
2014-03-25,25.489999771118164,25.489999771118164,25.489999771118164,25.489999771118164,6.624701499938965,400,0.0,0.0,0.0
2014-03-26,25.360000610351562,25.360000610351562,25.09000015258789,25.09000015258789,6.570497989654541,700,0.193,0.0,0.0
2014-03-27,25.0,25.0,25.0,25.0,6.546926021575928,900,0.0,0.0,0.0
2014-03-28,25.100000381469727,25.100000381469727,25.100000381469727,25.100000381469727,6.573117256164551,200,0.0,0.0,0.0
2014-03-31,25.190000534057617,25.190000534057617,25.190000534057617,25.190000534057617,6.596683979034424,300,0.0,0.0,0.0
2014-04-01,25.3799991607666,25.3799991607666,25.3700008392334,25.3799991607666,6.646444320678711,700,0.0,0.0,0.0
2014-04-02,25.56999969482422,25.56999969482422,25.5,25.549999237060547,6.690958023071289,1200,0.0,0.0,0.0
2014-04-03,25.59000015258789,25.59000015258789,25.3799991607666,25.3799991607666,6.646444320678711,3000,0.0,0.0,0.0
2014-04-04,25.350000381469727,25.350000381469727,24.940000534057617,24.940000534057617,6.531216144561768,700,0.0,0.0,0.0
2014-04-07,24.790000915527344,24.799999237060547,24.479999542236328,24.479999542236328,6.410750865936279,7400,0.0,0.0,0.0
2014-04-08,24.690000534057617,24.860000610351562,24.65999984741211,24.850000381469727,6.507643222808838,2700,0.0,0.0,0.0
2014-04-09,25.219999313354492,25.219999313354492,25.219999313354492,25.219999313354492,6.604540824890137,1000,0.0,0.0,0.0
2014-04-10,24.579999923706055,24.579999923706055,24.579999923706055,24.579999923706055,6.436936378479004,300,0.0,0.0,0.0
2014-04-11,24.440000534057617,24.469999313354492,24.309999465942383,24.469999313354492,6.408131122589111,600,0.0,0.0,0.0
2014-04-14,24.350000381469727,24.399999618530273,24.270000457763672,24.31999969482422,6.368852138519287,1300,0.0,0.0,0.0
2014-04-15,24.100000381469727,24.420000076293945,24.100000381469727,24.420000076293945,6.395038604736328,1100,0.0,0.0,0.0
2014-04-16,24.639999389648438,24.639999389648438,24.6299991607666,24.6299991607666,6.450029373168945,6200,0.0,0.0,0.0
2014-04-17,24.739999771118164,24.739999771118164,24.739999771118164,24.739999771118164,6.478837966918945,200,0.0,0.0,0.0
2014-04-21,24.8799991607666,24.93000030517578,24.850000381469727,24.889999389648438,6.518117427825928,13000,0.0,0.0,0.0
2014-04-22,24.989999771118164,25.030000686645508,24.920000076293945,24.989999771118164,6.544304847717285,4700,0.0,0.0,0.0
2014-04-23,24.549999237060547,24.700000762939453,24.549999237060547,24.649999618530273,6.523927211761475,1700,0.263,0.0,0.0
2014-04-24,24.729999542236328,24.760000228881836,24.700000762939453,24.760000228881836,6.553042411804199,300,0.0,0.0,0.0
2014-04-25,24.649999618530273,24.649999618530273,24.649999618530273,24.649999618530273,6.523927211761475,400,0.0,0.0,0.0
2014-04-28,24.65999984741211,24.670000076293945,24.469999313354492,24.6299991607666,6.518633842468262,1700,0.0,0.0,0.0
2014-04-29,24.700000762939453,24.770000457763672,24.700000762939453,24.770000457763672,6.55568790435791,400,0.0,0.0,0.0
2014-04-30,24.739999771118164,24.739999771118164,24.739999771118164,24.739999771118164,6.547748565673828,200,0.0,0.0,0.0
2014-05-01,24.959999084472656,24.959999084472656,24.959999084472656,24.959999084472656,6.60597038269043,100,0.0,0.0,0.0
2014-05-02,24.93000030517578,24.93000030517578,24.790000915527344,24.790000915527344,6.560980796813965,500,0.0,0.0,0.0
2014-05-05,24.790000915527344,24.790000915527344,24.790000915527344,24.790000915527344,6.560980796813965,0,0.0,0.0,0.0
2014-05-06,24.81999969482422,24.81999969482422,24.81999969482422,24.81999969482422,6.5689239501953125,200,0.0,0.0,0.0
2014-05-07,24.75,24.75,24.75,24.75,6.550393104553223,200,0.0,0.0,0.0
2014-05-08,24.860000610351562,24.860000610351562,24.860000610351562,24.860000610351562,6.579507350921631,1000,0.0,0.0,0.0
2014-05-09,24.770000457763672,24.770000457763672,24.770000457763672,24.770000457763672,6.55568790435791,500,0.0,0.0,0.0
2014-05-12,25.110000610351562,25.110000610351562,24.940000534057617,24.940000534057617,6.600682735443115,200,0.0,0.0,0.0
2014-05-13,24.959999084472656,24.959999084472656,24.959999084472656,24.959999084472656,6.60597038269043,2400,0.0,0.0,0.0
2014-05-14,25.020000457763672,25.020000457763672,24.969999313354492,24.969999313354492,6.608623504638672,1700,0.0,0.0,0.0
2014-05-15,25.010000228881836,25.010000228881836,24.979999542236328,24.979999542236328,6.611266613006592,6100,0.0,0.0,0.0
2014-05-16,25.020000457763672,25.020000457763672,25.020000457763672,25.020000457763672,6.621855735778809,700,0.0,0.0,0.0
2014-05-19,24.610000610351562,25.34000015258789,24.610000610351562,25.299999237060547,6.695960521697998,700,0.0,0.0,0.0
2014-05-20,25.15999984741211,25.239999771118164,25.09000015258789,25.239999771118164,6.680079936981201,900,0.0,0.0,0.0
2014-05-21,24.959999084472656,25.0,24.899999618530273,25.0,6.681416988372803,1500,0.245,0.0,0.0
2014-05-22,25.030000686645508,25.049999237060547,25.0,25.049999237060547,6.6947808265686035,700,0.0,0.0,0.0
2014-05-23,25.049999237060547,25.079999923706055,25.030000686645508,25.079999923706055,6.702796936035156,1700,0.0,0.0,0.0
2014-05-27,25.100000381469727,25.100000381469727,25.079999923706055,25.079999923706055,6.702796936035156,900,0.0,0.0,0.0
2014-05-28,25.149999618530273,25.149999618530273,25.06999969482422,25.1200008392334,6.713488578796387,15300,0.0,0.0,0.0
2014-05-29,25.149999618530273,25.149999618530273,25.110000610351562,25.110000610351562,6.710809230804443,400,0.0,0.0,0.0
2014-05-30,25.06999969482422,25.06999969482422,25.06999969482422,25.06999969482422,6.7001237869262695,500,0.0,0.0,0.0
2014-06-02,25.06999969482422,25.149999618530273,25.06999969482422,25.149999618530273,6.721504211425781,2400,0.0,0.0,0.0
2014-06-03,25.149999618530273,25.149999618530273,25.149999618530273,25.149999618530273,6.721504211425781,200,0.0,0.0,0.0
2014-06-04,25.15999984741211,25.18000030517578,25.149999618530273,25.149999618530273,6.721504211425781,1600,0.0,0.0,0.0
2014-06-05,25.149999618530273,25.209999084472656,25.149999618530273,25.190000534057617,6.732197284698486,3100,0.0,0.0,0.0
2014-06-06,25.25,25.25,25.1299991607666,25.200000762939453,6.734871864318848,2000,0.0,0.0,0.0
2014-06-09,25.200000762939453,25.219999313354492,25.15999984741211,25.15999984741211,6.724177837371826,1500,0.0,0.0,0.0
2014-06-10,25.190000534057617,25.200000762939453,25.18000030517578,25.200000762939453,6.734871864318848,3500,0.0,0.0,0.0
2014-06-11,25.399999618530273,25.399999618530273,25.18000030517578,25.18000030517578,6.729521751403809,1600,0.0,0.0,0.0
2014-06-12,25.209999084472656,25.209999084472656,25.209999084472656,25.209999084472656,6.737537860870361,500,0.0,0.0,0.0
2014-06-13,25.170000076293945,25.209999084472656,25.170000076293945,25.209999084472656,6.737537860870361,900,0.0,0.0,0.0
2014-06-16,25.18000030517578,25.190000534057617,25.18000030517578,25.190000534057617,6.732197284698486,900,0.0,0.0,0.0
2014-06-17,25.18000030517578,25.190000534057617,25.18000030517578,25.190000534057617,6.732197284698486,1900,0.0,0.0,0.0
2014-06-18,25.200000762939453,25.200000762939453,25.190000534057617,25.190000534057617,6.732197284698486,600,0.0,0.0,0.0
2014-06-19,25.190000534057617,25.190000534057617,25.18000030517578,25.18000030517578,6.729521751403809,1500,0.0,0.0,0.0
2014-06-20,25.40999984741211,25.579999923706055,25.18000030517578,25.18000030517578,6.729521751403809,7500,0.0,0.0,0.0
2014-06-23,25.149999618530273,25.149999618530273,25.149999618530273,25.149999618530273,6.721504211425781,2200,0.0,0.0,0.0
2014-06-24,25.25,25.25,25.15999984741211,25.15999984741211,6.724177837371826,1700,0.0,0.0,0.0
2014-06-25,25.110000610351562,25.139999389648438,24.899999618530273,25.020000457763672,6.743849754333496,20900,0.213,0.0,0.0
2014-06-26,24.979999542236328,25.100000381469727,24.979999542236328,25.100000381469727,6.765417098999023,7600,0.0,0.0,0.0
2014-06-27,25.209999084472656,25.209999084472656,24.950000762939453,25.100000381469727,6.765417098999023,1000,0.0,0.0,0.0
2014-06-30,25.100000381469727,25.15999984741211,25.100000381469727,25.15999984741211,6.781589031219482,400,0.0,0.0,0.0
2014-07-01,25.729999542236328,25.729999542236328,25.170000076293945,25.209999084472656,6.795069694519043,2100,0.0,0.0,0.0
2014-07-02,25.219999313354492,25.219999313354492,25.190000534057617,25.190000534057617,6.789671897888184,1200,0.0,0.0,0.0
2014-07-03,25.399999618530273,25.559999465942383,25.399999618530273,25.549999237060547,6.8867082595825195,1700,0.0,0.0,0.0
2014-07-07,25.25,25.389999389648438,25.15999984741211,25.3799991607666,6.840884685516357,28400,0.0,0.0,0.0
2014-07-08,25.200000762939453,25.200000762939453,25.149999618530273,25.170000076293945,6.784285068511963,19500,0.0,0.0,0.0
2014-07-09,25.18000030517578,25.190000534057617,25.09000015258789,25.190000534057617,6.789671897888184,103200,0.0,0.0,0.0
2014-07-10,25.149999618530273,25.219999313354492,25.149999618530273,25.209999084472656,6.795069694519043,2900,0.0,0.0,0.0
2014-07-11,25.209999084472656,25.229999542236328,25.200000762939453,25.229999542236328,6.8004584312438965,52800,0.0,0.0,0.0
2014-07-14,25.239999771118164,25.239999771118164,25.139999389648438,25.239999771118164,6.803153038024902,2700,0.0,0.0,0.0
2014-07-15,25.149999618530273,25.209999084472656,25.149999618530273,25.190000534057617,6.789671897888184,46500,0.0,0.0,0.0
2014-07-16,25.219999313354492,25.229999542236328,25.219999313354492,25.229999542236328,6.8004584312438965,1100,0.0,0.0,0.0
2014-07-17,25.1299991607666,25.190000534057617,25.1299991607666,25.190000534057617,6.789671897888184,1800,0.0,0.0,0.0
2014-07-18,25.25,25.31999969482422,25.149999618530273,25.31999969482422,6.824717044830322,5500,0.0,0.0,0.0
2014-07-21,25.6200008392334,25.6200008392334,25.3700008392334,25.3700008392334,6.83819055557251,900,0.0,0.0,0.0
2014-07-22,25.459999084472656,25.459999084472656,25.399999618530273,25.43000030517578,6.854365348815918,25000,0.0,0.0,0.0
2014-07-23,25.280000686645508,25.280000686645508,25.280000686645508,25.280000686645508,6.870397090911865,200,0.209,0.0,0.0
2014-07-24,25.229999542236328,25.25,25.229999542236328,25.25,6.862244129180908,1100,0.0,0.0,0.0
2014-07-25,25.170000076293945,25.170000076293945,25.170000076293945,25.170000076293945,6.840504169464111,200,0.0,0.0,0.0
2014-07-28,25.219999313354492,25.219999313354492,25.190000534057617,25.219999313354492,6.854091167449951,4800,0.0,0.0,0.0
2014-07-29,25.25,25.25,25.229999542236328,25.229999542236328,6.856811046600342,2100,0.0,0.0,0.0
2014-07-30,25.219999313354492,25.219999313354492,25.219999313354492,25.219999313354492,6.854091167449951,300,0.0,0.0,0.0
2014-07-31,25.06999969482422,25.06999969482422,24.969999313354492,24.969999313354492,6.786149978637695,2500,0.0,0.0,0.0
2014-08-01,25.0,25.010000228881836,24.940000534057617,24.940000534057617,6.777996063232422,7000,0.0,0.0,0.0
2014-08-04,25.049999237060547,25.049999237060547,25.049999237060547,25.049999237060547,6.807889461517334,200,0.0,0.0,0.0
2014-08-05,25.049999237060547,25.049999237060547,25.049999237060547,25.049999237060547,6.807889461517334,0,0.0,0.0,0.0
2014-08-06,25.030000686645508,25.030000686645508,25.010000228881836,25.010000228881836,6.797023773193359,1500,0.0,0.0,0.0
2014-08-07,25.030000686645508,25.030000686645508,25.030000686645508,25.030000686645508,6.802454948425293,300,0.0,0.0,0.0
2014-08-08,25.049999237060547,25.049999237060547,25.049999237060547,25.049999237060547,6.807889461517334,200,0.0,0.0,0.0
2014-08-11,25.25,25.25,25.229999542236328,25.229999542236328,6.856811046600342,900,0.0,0.0,0.0
2014-08-12,25.18000030517578,25.18000030517578,25.18000030517578,25.18000030517578,6.843221187591553,800,0.0,0.0,0.0
2014-08-13,25.290000915527344,25.43000030517578,25.290000915527344,25.40999984741211,6.905728816986084,1500,0.0,0.0,0.0
2014-08-14,25.329999923706055,25.450000762939453,25.329999923706055,25.440000534057617,6.913882732391357,7400,0.0,0.0,0.0
2014-08-15,25.3799991607666,25.389999389648438,25.200000762939453,25.239999771118164,6.859527111053467,3500,0.0,0.0,0.0
2014-08-18,25.329999923706055,25.40999984741211,25.309999465942383,25.40999984741211,6.905728816986084,21200,0.0,0.0,0.0
2014-08-19,25.360000610351562,25.399999618530273,25.350000381469727,25.360000610351562,6.8921403884887695,11600,0.0,0.0,0.0
2014-08-20,25.309999465942383,25.34000015258789,25.100000381469727,25.170000076293945,6.900914192199707,79700,0.222,0.0,0.0
2014-08-21,25.219999313354492,25.270000457763672,25.219999313354492,25.25,6.92284631729126,54500,0.0,0.0,0.0
2014-08-22,25.25,25.25,25.219999313354492,25.25,6.92284631729126,3000,0.0,0.0,0.0
2014-08-25,25.25,25.280000686645508,25.25,25.280000686645508,6.931071758270264,700,0.0,0.0,0.0
2014-08-26,25.299999237060547,25.299999237060547,25.290000915527344,25.290000915527344,6.93381404876709,1700,0.0,0.0,0.0
2014-08-27,25.139999389648438,25.299999237060547,25.139999389648438,25.270000457763672,6.928330421447754,3200,0.0,0.0,0.0
2014-08-28,25.290000915527344,25.299999237060547,25.290000915527344,25.299999237060547,6.93655252456665,4500,0.0,0.0,0.0
2014-08-29,25.3700008392334,25.3700008392334,25.309999465942383,25.309999465942383,6.939298152923584,1000,0.0,0.0,0.0
2014-09-02,25.450000762939453,25.5,25.280000686645508,25.280000686645508,6.931071758270264,2500,0.0,0.0,0.0
2014-09-03,25.329999923706055,25.34000015258789,25.329999923706055,25.34000015258789,6.947521686553955,1400,0.0,0.0,0.0
2014-09-04,25.3700008392334,25.3700008392334,25.299999237060547,25.309999465942383,6.939298152923584,5200,0.0,0.0,0.0
2014-09-05,25.299999237060547,25.350000381469727,25.290000915527344,25.34000015258789,6.947521686553955,1800,0.0,0.0,0.0
2014-09-08,25.260000228881836,25.360000610351562,25.260000228881836,25.360000610351562,6.953007221221924,6100,0.0,0.0,0.0
2014-09-09,25.420000076293945,25.420000076293945,25.329999923706055,25.329999923706055,6.944783687591553,600,0.0,0.0,0.0
2014-09-10,25.329999923706055,25.329999923706055,25.31999969482422,25.31999969482422,6.94204044342041,1400,0.0,0.0,0.0
2014-09-11,25.420000076293945,25.420000076293945,25.34000015258789,25.360000610351562,6.953007221221924,3900,0.0,0.0,0.0
2014-09-12,25.360000610351562,25.360000610351562,25.329999923706055,25.34000015258789,6.947521686553955,6200,0.0,0.0,0.0
2014-09-15,25.34000015258789,25.34000015258789,25.34000015258789,25.34000015258789,6.947521686553955,0,0.0,0.0,0.0
2014-09-16,25.34000015258789,25.360000610351562,25.34000015258789,25.360000610351562,6.953007221221924,1900,0.0,0.0,0.0
2014-09-17,25.350000381469727,25.43000030517578,25.350000381469727,25.399999618530273,6.963977813720703,5000,0.0,0.0,0.0
2014-09-18,25.399999618530273,25.399999618530273,25.3799991607666,25.399999618530273,6.963977813720703,5600,0.0,0.0,0.0
2014-09-19,25.3700008392334,25.3700008392334,25.239999771118164,25.309999465942383,6.939298152923584,31200,0.0,0.0,0.0
2014-09-22,25.299999237060547,25.299999237060547,25.010000228881836,25.100000381469727,6.881722927093506,5600,0.0,0.0,0.0
2014-09-23,25.110000610351562,25.139999389648438,25.030000686645508,25.030000686645508,6.862528324127197,700,0.0,0.0,0.0
2014-09-24,24.84000015258789,25.010000228881836,24.84000015258789,25.010000228881836,6.910883903503418,12100,0.195,0.0,0.0
2014-09-25,25.0,25.0,24.639999389648438,24.68000030517578,6.819700717926025,25700,0.0,0.0,0.0
2014-09-26,24.899999618530273,24.899999618530273,24.780000686645508,24.780000686645508,6.847335338592529,1200,0.0,0.0,0.0
2014-09-29,24.790000915527344,24.790000915527344,24.729999542236328,24.729999542236328,6.833516597747803,800,0.0,0.0,0.0
2014-09-30,24.90999984741211,24.90999984741211,24.809999465942383,24.809999465942383,6.855623245239258,800,0.0,0.0,0.0
2014-10-01,24.65999984741211,24.770000457763672,24.65999984741211,24.75,6.839041233062744,1800,0.0,0.0,0.0
2014-10-02,24.649999618530273,24.649999618530273,24.440000534057617,24.6200008392334,6.803120136260986,5000,0.0,0.0,0.0
2014-10-03,24.690000534057617,24.829999923706055,24.690000534057617,24.829999923706055,6.861148834228516,2100,0.0,0.0,0.0
2014-10-06,24.940000534057617,24.940000534057617,24.75,24.780000686645508,6.847335338592529,3600,0.0,0.0,0.0
2014-10-07,24.639999389648438,24.700000762939453,24.399999618530273,24.5,6.769961357116699,7900,0.0,0.0,0.0
2014-10-08,24.5,24.84000015258789,24.350000381469727,24.84000015258789,6.8639140129089355,2000,0.0,0.0,0.0
2014-10-09,24.760000228881836,24.799999237060547,24.530000686645508,24.530000686645508,6.778252124786377,1400,0.0,0.0,0.0
2014-10-10,24.450000762939453,24.450000762939453,24.149999618530273,24.149999618530273,6.673245429992676,4700,0.0,0.0,0.0
2014-10-13,23.959999084472656,23.959999084472656,23.579999923706055,23.940000534057617,6.61522102355957,3900,0.0,0.0,0.0
2014-10-14,23.559999465942383,23.780000686645508,23.030000686645508,23.670000076293945,6.540614604949951,10600,0.0,0.0,0.0
2014-10-15,23.3700008392334,23.3700008392334,23.06999969482422,23.280000686645508,6.432843208312988,2100,0.0,0.0,0.0
2014-10-16,23.18000030517578,23.389999389648438,23.0,23.260000228881836,6.4273176193237305,16700,0.0,0.0,0.0
2014-10-17,23.43000030517578,23.809999465942383,23.399999618530273,23.65999984741211,6.537846565246582,14600,0.0,0.0,0.0
2014-10-20,23.649999618530273,23.780000686645508,23.649999618530273,23.75,6.562718868255615,2300,0.0,0.0,0.0
2014-10-21,24.0,24.139999389648438,24.0,24.1299991607666,6.667720794677734,2900,0.0,0.0,0.0
2014-10-22,23.959999084472656,23.959999084472656,23.780000686645508,23.829999923706055,6.651250839233398,3100,0.241,0.0,0.0
2014-10-23,23.90999984741211,23.959999084472656,23.899999618530273,23.899999618530273,6.6707892417907715,6500,0.0,0.0,0.0
2014-10-24,23.950000762939453,23.969999313354492,23.950000762939453,23.969999313354492,6.690328598022461,1100,0.0,0.0,0.0
2014-10-27,23.989999771118164,24.0,23.979999542236328,24.0,6.698703765869141,2200,0.0,0.0,0.0
2014-10-28,24.020000457763672,24.049999237060547,24.0,24.030000686645508,6.7070722579956055,3300,0.0,0.0,0.0
2014-10-29,24.030000686645508,24.049999237060547,24.010000228881836,24.010000228881836,6.701493263244629,1800,0.0,0.0,0.0
2014-10-30,24.059999465942383,24.059999465942383,24.0,24.010000228881836,6.701493263244629,4800,0.0,0.0,0.0
2014-10-31,24.079999923706055,24.079999923706055,24.049999237060547,24.06999969482422,6.718238830566406,3200,0.0,0.0,0.0
2014-11-03,24.059999465942383,24.1200008392334,24.059999465942383,24.1200008392334,6.732193470001221,2400,0.0,0.0,0.0
2014-11-04,24.15999984741211,24.15999984741211,24.06999969482422,24.09000015258789,6.723824977874756,2300,0.0,0.0,0.0
2014-11-05,24.100000381469727,24.100000381469727,24.100000381469727,24.100000381469727,6.726613998413086,1000,0.0,0.0,0.0
2014-11-06,24.1200008392334,24.1299991607666,24.1200008392334,24.1299991607666,6.734986782073975,2100,0.0,0.0,0.0
2014-11-07,24.110000610351562,24.110000610351562,24.040000915527344,24.040000915527344,6.709868431091309,4600,0.0,0.0,0.0
2014-11-10,24.149999618530273,24.149999618530273,24.0,24.1299991607666,6.734986782073975,4100,0.0,0.0,0.0
2014-11-11,24.190000534057617,24.190000534057617,24.139999389648438,24.139999389648438,6.7377777099609375,1900,0.0,0.0,0.0
2014-11-12,24.100000381469727,24.14900016784668,24.06999969482422,24.14900016784668,6.740292549133301,1300,0.0,0.0,0.0
2014-11-13,24.139999389648438,24.139999389648438,24.139999389648438,24.139999389648438,6.7377777099609375,200,0.0,0.0,0.0
2014-11-14,24.139999389648438,24.139999389648438,24.13599967956543,24.139999389648438,6.7377777099609375,3200,0.0,0.0,0.0
2014-11-17,24.139999389648438,24.139999389648438,24.1200008392334,24.1299991607666,6.734986782073975,500,0.0,0.0,0.0
2014-11-18,24.14900016784668,24.149999618530273,24.14900016784668,24.149999618530273,6.740565299987793,2800,0.0,0.0,0.0
2014-11-19,24.149999618530273,24.15999984741211,24.100000381469727,24.100000381469727,6.726613998413086,2700,0.0,0.0,0.0
2014-11-20,24.100000381469727,24.187000274658203,24.100000381469727,24.100000381469727,6.726613998413086,70800,0.0,0.0,0.0
2014-11-21,24.079999923706055,24.280000686645508,23.809999465942383,23.809999465942383,6.64567232131958,34100,0.0,0.0,0.0
2014-11-24,23.850000381469727,23.950000762939453,23.84000015258789,23.84000015258789,6.654041767120361,7300,0.0,0.0,0.0
2014-11-25,23.961000442504883,23.961000442504883,23.93000030517578,23.93000030517578,6.679162502288818,22800,0.0,0.0,0.0
2014-11-26,23.799999237060547,23.84000015258789,23.760000228881836,23.833999633789062,6.652371406555176,5300,0.0,0.0,0.0
2014-11-28,23.770000457763672,23.851999282836914,23.770000457763672,23.81999969482422,6.648465156555176,1500,0.0,0.0,0.0
2014-12-01,23.799999237060547,23.799999237060547,23.709999084472656,23.709999084472656,6.617761135101318,4000,0.0,0.0,0.0
2014-12-02,23.700000762939453,23.81999969482422,23.700000762939453,23.799999237060547,6.642878532409668,4300,0.0,0.0,0.0
2014-12-03,23.809999465942383,23.850000381469727,23.780000686645508,23.82900047302246,6.650970935821533,3700,0.0,0.0,0.0
2014-12-04,23.812000274658203,23.8799991607666,23.812000274658203,23.839000701904297,6.65376615524292,7200,0.0,0.0,0.0
2014-12-05,23.878999710083008,23.888999938964844,23.850000381469727,23.868999481201172,6.662135124206543,4400,0.0,0.0,0.0
2014-12-08,23.888999938964844,23.889999389648438,23.780000686645508,23.780000686645508,6.637296676635742,6300,0.0,0.0,0.0
2014-12-09,23.719999313354492,23.860000610351562,23.64699935913086,23.860000610351562,6.6596269607543945,3700,0.0,0.0,0.0
2014-12-10,23.759000778198242,23.760000228881836,23.64900016784668,23.649999618530273,6.60101318359375,5300,0.0,0.0,0.0
2014-12-11,23.73900032043457,23.73900032043457,23.73900032043457,23.73900032043457,6.625852584838867,400,0.0,0.0,0.0
2014-12-12,23.73900032043457,23.73900032043457,23.73900032043457,23.73900032043457,6.625852584838867,0,0.0,0.0,0.0
2014-12-15,23.6299991607666,23.6299991607666,23.3700008392334,23.399999618530273,6.531233787536621,6500,0.0,0.0,0.0
2014-12-16,23.32900047302246,23.479999542236328,23.149999618530273,23.440000534057617,6.542398929595947,12000,0.0,0.0,0.0
2014-12-17,23.06999969482422,23.393999099731445,23.06999969482422,23.393999099731445,6.529561996459961,1700,0.0,0.0,0.0
2014-12-18,23.649999618530273,23.940000534057617,23.579999923706055,23.940000534057617,6.681954860687256,12800,0.0,0.0,0.0
2014-12-19,23.979999542236328,24.170000076293945,23.969999313354492,24.170000076293945,6.746148586273193,5700,0.0,0.0,0.0
2014-12-22,24.108999252319336,24.108999252319336,24.030000686645508,24.040000915527344,6.709868431091309,36100,0.0,0.0,0.0
2014-12-23,24.100000381469727,24.1200008392334,24.100000381469727,24.110000610351562,6.729404926300049,6100,0.0,0.0,0.0
2014-12-24,23.961000442504883,24.020000457763672,23.937999725341797,23.989999771118164,6.736146450042725,4100,0.144,0.0,0.0
2014-12-26,24.09000015258789,24.09000015258789,24.079999923706055,24.09000015258789,6.764222621917725,14000,0.0,0.0,0.0
2014-12-29,24.1299991607666,24.1299991607666,24.06999969482422,24.079999923706055,6.761414527893066,2200,0.0,0.0,0.0
2014-12-30,24.0,24.079999923706055,23.940000534057617,23.969999313354492,6.730527400970459,8300,0.0,0.0,0.0
2014-12-31,24.1299991607666,24.1299991607666,24.010000228881836,24.010000228881836,6.741759777069092,1200,0.0,0.0,0.0
2015-01-02,24.040000915527344,24.040000915527344,23.77899932861328,23.809999465942383,6.685602188110352,3300,0.0,0.0,0.0
2015-01-05,23.8799991607666,23.8799991607666,23.610000610351562,23.610000610351562,6.629443645477295,1900,0.0,0.0,0.0
2015-01-06,23.559999465942383,23.559999465942383,23.25,23.434999465942383,6.580300807952881,2000,0.0,0.0,0.0
2015-01-07,23.509000778198242,23.549999237060547,23.509000778198242,23.549999237060547,6.612598419189453,300,0.0,0.0,0.0
2015-01-08,23.9950008392334,23.9950008392334,23.9950008392334,23.9950008392334,6.737547874450684,100,0.0,0.0,0.0
2015-01-09,23.94700050354004,23.979999542236328,23.791000366210938,23.860000610351562,6.699640274047852,3200,0.0,0.0,0.0
2015-01-12,23.707000732421875,23.739999771118164,23.61400032043457,23.61400032043457,6.630568981170654,3300,0.0,0.0,0.0
2015-01-13,24.030000686645508,24.059999465942383,23.58799934387207,23.58799934387207,6.623266696929932,1800,0.0,0.0,0.0
2015-01-14,23.559999465942383,23.559999465942383,23.40999984741211,23.52899932861328,6.606699466705322,10900,0.0,0.0,0.0
2015-01-15,23.520000457763672,23.520000457763672,23.479000091552734,23.489999771118164,6.59574556350708,1600,0.0,0.0,0.0
2015-01-16,23.299999237060547,23.469999313354492,23.18000030517578,23.469999313354492,6.5901336669921875,6300,0.0,0.0,0.0
2015-01-20,23.549999237060547,23.600000381469727,23.459999084472656,23.570999145507812,6.618494987487793,7800,0.0,0.0,0.0
2015-01-21,23.360000610351562,23.3799991607666,23.31100082397461,23.31100082397461,6.609987258911133,2700,0.23,0.0,0.0
2015-01-22,23.405000686645508,23.530000686645508,23.405000686645508,23.530000686645508,6.672082901000977,4900,0.0,0.0,0.0
2015-01-23,23.496999740600586,23.549999237060547,23.496999740600586,23.540000915527344,6.674920082092285,1900,0.0,0.0,0.0
2015-01-26,23.510000228881836,23.549999237060547,23.5,23.549999237060547,6.677757263183594,3500,0.0,0.0,0.0
2015-01-27,23.549999237060547,23.549999237060547,23.3700008392334,23.374000549316406,6.627851486206055,2600,0.0,0.0,0.0
2015-01-28,23.5,23.5,23.270000457763672,23.270000457763672,6.59835958480835,1800,0.0,0.0,0.0
2015-01-29,23.170000076293945,23.420000076293945,23.170000076293945,23.409000396728516,6.6377716064453125,2700,0.0,0.0,0.0
2015-01-30,23.391000747680664,23.391000747680664,23.34000015258789,23.34000015258789,6.61820650100708,1200,0.0,0.0,0.0
2015-02-02,23.34000015258789,23.349000930786133,23.260000228881836,23.349000930786133,6.62076473236084,2100,0.0,0.0,0.0
2015-02-03,23.450000762939453,23.520000457763672,23.450000762939453,23.520000457763672,6.669248580932617,7500,0.0,0.0,0.0
2015-02-04,23.6200008392334,23.6200008392334,23.54800033569336,23.58799934387207,6.688531875610352,4200,0.0,0.0,0.0
2015-02-05,23.597000122070312,23.6200008392334,23.597000122070312,23.610000610351562,6.694770812988281,6100,0.0,0.0,0.0
2015-02-06,23.6299991607666,23.6299991607666,23.579999923706055,23.579999923706055,6.686264514923096,1800,0.0,0.0,0.0
2015-02-09,23.530000686645508,23.649999618530273,23.530000686645508,23.6299991607666,6.700437545776367,13500,0.0,0.0,0.0
2015-02-10,23.67300033569336,23.729999542236328,23.56999969482422,23.729999542236328,6.728796005249023,8400,0.0,0.0,0.0
2015-02-11,23.75,23.780000686645508,23.700000762939453,23.770000457763672,6.740139007568359,54300,0.0,0.0,0.0
2015-02-12,23.770000457763672,23.770000457763672,23.718000411987305,23.770000457763672,6.740139007568359,2200,0.0,0.0,0.0
2015-02-13,23.780000686645508,23.799999237060547,23.700000762939453,23.780000686645508,6.742974758148193,7600,0.0,0.0,0.0
2015-02-17,23.760000228881836,23.760000228881836,23.73200035095215,23.760000228881836,6.737300395965576,10800,0.0,0.0,0.0
2015-02-18,23.760000228881836,23.760000228881836,23.719999313354492,23.719999313354492,6.725957870483398,3800,0.0,0.0,0.0
2015-02-19,23.760000228881836,23.770000457763672,23.68000030517578,23.709999084472656,6.723126411437988,4200,0.0,0.0,0.0
2015-02-20,23.708999633789062,23.780000686645508,23.687999725341797,23.780000686645508,6.742974758148193,8400,0.0,0.0,0.0
2015-02-23,23.860000610351562,23.90999984741211,23.780000686645508,23.799999237060547,6.748644828796387,10000,0.0,0.0,0.0
2015-02-24,23.801000595092773,23.889999389648438,23.766000747680664,23.799999237060547,6.748644828796387,7400,0.0,0.0,0.0
2015-02-25,23.8700008392334,23.8700008392334,23.68899917602539,23.68899917602539,6.7171711921691895,3500,0.0,0.0,0.0
2015-02-26,23.76099967956543,23.770000457763672,23.76099967956543,23.770000457763672,6.740139007568359,1600,0.0,0.0,0.0
2015-02-27,23.829999923706055,23.850000381469727,23.690000534057617,23.709999084472656,6.723126411437988,2900,0.0,0.0,0.0
2015-03-02,23.639999389648438,23.829999923706055,23.639999389648438,23.82900047302246,6.756865978240967,18700,0.0,0.0,0.0
2015-03-03,23.79400062561035,23.79400062561035,23.729999542236328,23.777000427246094,6.742123603820801,12000,0.0,0.0,0.0
2015-03-04,23.850000381469727,23.850000381469727,23.6299991607666,23.649999618530273,6.706112384796143,11300,0.0,0.0,0.0
2015-03-05,23.739999771118164,23.790000915527344,23.65999984741211,23.780000686645508,6.742974758148193,9900,0.0,0.0,0.0
2015-03-06,23.850000381469727,23.850000381469727,23.589000701904297,23.589000701904297,6.688817501068115,12800,0.0,0.0,0.0
2015-03-09,23.670000076293945,23.670000076293945,23.579999923706055,23.579999923706055,6.686264514923096,1400,0.0,0.0,0.0
2015-03-10,23.549999237060547,23.6200008392334,23.420000076293945,23.420000076293945,6.640893459320068,26800,0.0,0.0,0.0
2015-03-11,23.399999618530273,23.399999618530273,23.25,23.25,6.592687606811523,6300,0.0,0.0,0.0
2015-03-12,23.3700008392334,23.43000030517578,23.3700008392334,23.3799991607666,6.629553318023682,9100,0.0,0.0,0.0
2015-03-13,23.479999542236328,23.510000228881836,23.15999984741211,23.389999389648438,6.632389068603516,29600,0.0,0.0,0.0
2015-03-16,23.35300064086914,23.6299991607666,23.35300064086914,23.62700080871582,6.699591636657715,3000,0.0,0.0,0.0
2015-03-17,23.670000076293945,23.68000030517578,23.55900001525879,23.60099983215332,6.692216396331787,6600,0.0,0.0,0.0
2015-03-18,23.59000015258789,23.8700008392334,23.538000106811523,23.729999542236328,6.728796005249023,2900,0.0,0.0,0.0
2015-03-19,23.84600067138672,23.90999984741211,23.809999465942383,23.90999984741211,6.779836654663086,7000,0.0,0.0,0.0
2015-03-20,24.0,24.049999237060547,23.950000762939453,24.049999237060547,6.81953763961792,4800,0.0,0.0,0.0
2015-03-23,24.049999237060547,24.280000686645508,23.950000762939453,23.950000762939453,6.791177749633789,4100,0.0,0.0,0.0
2015-03-24,23.929000854492188,23.948999404907227,23.8799991607666,23.90999984741211,6.779836654663086,1800,0.0,0.0,0.0
2015-03-25,23.729999542236328,23.729999542236328,23.386999130249023,23.386999130249023,6.676209926605225,12300,0.16,0.0,0.0
2015-03-26,23.290000915527344,23.3799991607666,23.1299991607666,23.3799991607666,6.67421293258667,5400,0.0,0.0,0.0
2015-03-27,23.399999618530273,23.43000030517578,23.25,23.350000381469727,6.665652275085449,4400,0.0,0.0,0.0
2015-03-30,23.360000610351562,23.579999923706055,23.360000610351562,23.572999954223633,6.729306221008301,1400,0.0,0.0,0.0
2015-03-31,23.549999237060547,23.56999969482422,23.450000762939453,23.479999542236328,6.702759265899658,10400,0.0,0.0,0.0
2015-04-01,23.149999618530273,23.15999984741211,23.072999954223633,23.15999984741211,6.611410140991211,2900,0.0,0.0,0.0
2015-04-02,23.309999465942383,23.381000518798828,23.18000030517578,23.381000518798828,6.674498558044434,6700,0.0,0.0,0.0
2015-04-06,23.360000610351562,23.6200008392334,23.349000930786133,23.56399917602539,6.726743221282959,3700,0.0,0.0,0.0
2015-04-07,23.5,23.64900016784668,23.479999542236328,23.541000366210938,6.720168590545654,2200,0.0,0.0,0.0
2015-04-08,23.66900062561035,23.71500015258789,23.52400016784668,23.52400016784668,6.715322017669678,1200,0.0,0.0,0.0
2015-04-09,23.809999465942383,23.809999465942383,23.51099967956543,23.770000457763672,6.785547256469727,5000,0.0,0.0,0.0
2015-04-10,23.75,23.860000610351562,23.75,23.77199935913086,6.786118507385254,1200,0.0,0.0,0.0
2015-04-13,23.829999923706055,23.982999801635742,23.780000686645508,23.780000686645508,6.7884016036987305,7600,0.0,0.0,0.0
2015-04-14,23.780000686645508,23.780000686645508,23.54800033569336,23.690000534057617,6.7627058029174805,5700,0.0,0.0,0.0
2015-04-15,23.81399917602539,23.899999618530273,23.770000457763672,23.899999618530273,6.82265567779541,2600,0.0,0.0,0.0
2015-04-16,23.969999313354492,23.969999313354492,23.729999542236328,23.899999618530273,6.82265567779541,4100,0.0,0.0,0.0
2015-04-17,24.020000457763672,24.020000457763672,23.270000457763672,23.329999923706055,6.659942626953125,27100,0.0,0.0,0.0
2015-04-20,23.600000381469727,23.775999069213867,23.600000381469727,23.775999069213867,6.787260055541992,2800,0.0,0.0,0.0
2015-04-21,23.700000762939453,23.84000015258789,23.700000762939453,23.84000015258789,6.805525779724121,7400,0.0,0.0,0.0
2015-04-22,23.649999618530273,23.649999618530273,23.56999969482422,23.579999923706055,6.774787425994873,1400,0.153,0.0,0.0
2015-04-23,23.56399917602539,23.639999389648438,23.56399917602539,23.6299991607666,6.789149284362793,1400,0.0,0.0,0.0
2015-04-24,23.674999237060547,23.690000534057617,23.66900062561035,23.66900062561035,6.800354957580566,2900,0.0,0.0,0.0
2015-04-27,23.760000228881836,23.760000228881836,23.676000595092773,23.729000091552734,6.817597389221191,700,0.0,0.0,0.0
2015-04-28,23.670000076293945,23.739999771118164,23.670000076293945,23.711999893188477,6.812713146209717,3500,0.0,0.0,0.0
2015-04-29,23.743999481201172,23.743999481201172,23.610000610351562,23.650999069213867,6.7951860427856445,3900,0.0,0.0,0.0
2015-04-30,23.700000762939453,23.729999542236328,23.551000595092773,23.56999969482422,6.771914005279541,6500,0.0,0.0,0.0
2015-05-01,23.670000076293945,23.670000076293945,23.655000686645508,23.670000076293945,6.800645351409912,1000,0.0,0.0,0.0
2015-05-04,23.549999237060547,23.780000686645508,23.549999237060547,23.74799919128418,6.823055267333984,1500,0.0,0.0,0.0
2015-05-05,23.670000076293945,23.670000076293945,23.540000915527344,23.6299991607666,6.789149284362793,6800,0.0,0.0,0.0
2015-05-06,23.65999984741211,23.65999984741211,23.440000534057617,23.450000762939453,6.737435817718506,3100,0.0,0.0,0.0
2015-05-07,23.549999237060547,23.639999389648438,23.489999771118164,23.6200008392334,6.786277770996094,3900,0.0,0.0,0.0
2015-05-08,23.760000228881836,23.760000228881836,23.719999313354492,23.719999313354492,6.815008163452148,2700,0.0,0.0,0.0
2015-05-11,23.719999313354492,23.766000747680664,23.663999557495117,23.766000747680664,6.828228950500488,1700,0.0,0.0,0.0
2015-05-12,23.739999771118164,23.739999771118164,23.599000930786133,23.60300064086914,6.781394004821777,2800,0.0,0.0,0.0
2015-05-13,23.829999923706055,23.829999923706055,23.775999069213867,23.790000915527344,6.8351263999938965,2200,0.0,0.0,0.0
2015-05-14,23.790000915527344,23.790000915527344,23.739999771118164,23.780000686645508,6.832249641418457,4700,0.0,0.0,0.0
2015-05-15,23.719999313354492,23.729999542236328,23.700000762939453,23.729999542236328,6.817882537841797,1800,0.0,0.0,0.0
2015-05-18,23.700000762939453,23.899999618530273,23.66200065612793,23.836000442504883,6.848337650299072,5400,0.0,0.0,0.0
2015-05-19,23.889999389648438,23.889999389648438,23.670000076293945,23.709999084472656,6.812138557434082,5700,0.0,0.0,0.0
2015-05-20,23.639999389648438,23.639999389648438,23.489999771118164,23.489999771118164,6.797378063201904,10200,0.169,0.0,0.0
2015-05-21,23.5,23.600000381469727,23.5,23.520000457763672,6.806058406829834,3900,0.0,0.0,0.0
2015-05-22,23.549999237060547,23.579999923706055,23.540000915527344,23.549999237060547,6.814744472503662,7600,0.0,0.0,0.0
2015-05-26,23.5,23.549999237060547,23.40399932861328,23.459999084472656,6.788699150085449,5600,0.0,0.0,0.0
2015-05-27,23.5,23.600000381469727,23.5,23.59000015258789,6.826316833496094,11600,0.0,0.0,0.0
2015-05-28,23.579999923706055,23.6200008392334,23.579999923706055,23.600000381469727,6.8292107582092285,4500,0.0,0.0,0.0
2015-05-29,23.559999465942383,23.648000717163086,23.548999786376953,23.639999389648438,6.840788841247559,14300,0.0,0.0,0.0
2015-06-01,23.600000381469727,23.649999618530273,23.540000915527344,23.649999618530273,6.8436784744262695,11800,0.0,0.0,0.0
2015-06-02,23.600000381469727,23.600000381469727,23.549999237060547,23.559999465942383,6.817633152008057,9100,0.0,0.0,0.0
2015-06-03,23.790000915527344,23.790000915527344,23.700000762939453,23.709999084472656,6.861042022705078,14200,0.0,0.0,0.0
2015-06-04,23.700000762939453,23.7189998626709,23.55500030517578,23.639999389648438,6.840788841247559,3300,0.0,0.0,0.0
2015-06-05,23.6299991607666,23.649999618530273,23.549999237060547,23.549999237060547,6.814744472503662,5000,0.0,0.0,0.0
2015-06-08,23.509000778198242,23.509000778198242,23.44499969482422,23.492000579833984,6.797954559326172,3100,0.0,0.0,0.0
2015-06-09,23.399999618530273,23.489999771118164,23.3700008392334,23.43000030517578,6.780019283294678,5300,0.0,0.0,0.0
2015-06-10,23.40999984741211,23.70400047302246,23.40999984741211,23.670000076293945,6.849466323852539,4900,0.0,0.0,0.0
2015-06-11,23.790000915527344,23.790000915527344,23.70199966430664,23.719999313354492,6.863934516906738,6100,0.0,0.0,0.0
2015-06-12,23.700000762939453,23.700000762939453,23.624000549316406,23.639999389648438,6.840788841247559,4800,0.0,0.0,0.0
2015-06-15,23.600000381469727,23.600000381469727,23.448999404907227,23.540000915527344,6.811849117279053,5600,0.0,0.0,0.0
2015-06-16,23.59000015258789,23.68000030517578,23.5,23.65999984741211,6.846571445465088,8800,0.0,0.0,0.0
2015-06-17,23.690000534057617,23.790000915527344,23.631000518798828,23.729999542236328,6.866829872131348,13400,0.0,0.0,0.0
2015-06-18,23.81999969482422,23.989999771118164,23.81999969482422,23.989999771118164,6.942066669464111,22100,0.0,0.0,0.0
2015-06-19,23.959999084472656,23.959999084472656,23.799999237060547,23.799999237060547,6.887084007263184,15300,0.0,0.0,0.0
2015-06-22,23.850000381469727,23.940000534057617,23.850000381469727,23.90999984741211,6.918916702270508,5500,0.0,0.0,0.0
2015-06-23,23.979999542236328,24.009000778198242,23.81999969482422,23.929000854492188,6.924413204193115,8100,0.0,0.0,0.0
2015-06-24,23.889999389648438,23.889999389648438,23.75,23.799999237060547,6.930526256561279,10300,0.15,0.0,0.0
2015-06-25,23.889999389648438,23.889999389648438,23.746999740600586,23.746999740600586,6.915094375610352,5700,0.0,0.0,0.0
2015-06-26,23.700000762939453,23.75,23.59000015258789,23.68400001525879,6.896749973297119,5700,0.0,0.0,0.0
2015-06-29,23.59000015258789,23.59000015258789,23.260000228881836,23.280000686645508,6.7791056632995605,9500,0.0,0.0,0.0
2015-06-30,23.229999542236328,23.329999923706055,23.219999313354492,23.219999313354492,6.76163911819458,8900,0.0,0.0,0.0
2015-07-01,23.399999618530273,23.399999618530273,23.270000457763672,23.299999237060547,6.784928321838379,8100,0.0,0.0,0.0
2015-07-02,23.530000686645508,23.530000686645508,23.3799991607666,23.450000762939453,6.828611850738525,6100,0.0,0.0,0.0
2015-07-06,23.399999618530273,23.43400001525879,23.368000030517578,23.368000030517578,6.8047332763671875,1400,0.0,0.0,0.0
2015-07-07,23.31999969482422,23.31999969482422,22.98200035095215,23.31999969482422,6.7907586097717285,110500,0.0,0.0,0.0
2015-07-08,23.100000381469727,23.299999237060547,22.90999984741211,22.950000762939453,6.683008193969727,163500,0.0,0.0,0.0
2015-07-09,23.15999984741211,23.229999542236328,23.06999969482422,23.149999618530273,6.741250038146973,17400,0.0,0.0,0.0
2015-07-10,23.280000686645508,23.459999084472656,23.219999313354492,23.3799991607666,6.808223247528076,4200,0.0,0.0,0.0
2015-07-13,23.8799991607666,23.950000762939453,23.554000854492188,23.950000762939453,6.9742112159729,19600,0.0,0.0,0.0
2015-07-14,23.93000030517578,23.940000534057617,23.780000686645508,23.790000915527344,6.927615642547607,20300,0.0,0.0,0.0
2015-07-15,23.790000915527344,24.079999923706055,23.790000915527344,24.079999923706055,7.0120649337768555,2900,0.0,0.0,0.0
2015-07-16,24.049999237060547,24.18000030517578,23.93000030517578,23.959999084472656,6.977118015289307,13200,0.0,0.0,0.0
2015-07-17,23.950000762939453,24.356000900268555,23.950000762939453,24.09000015258789,7.0149760246276855,7400,0.0,0.0,0.0
2015-07-20,24.121000289916992,24.190000534057617,24.121000289916992,24.149999618530273,7.032447338104248,1700,0.0,0.0,0.0
2015-07-21,24.149999618530273,24.149999618530273,24.031999588012695,24.031999588012695,6.998088836669922,3100,0.0,0.0,0.0
2015-07-22,23.8700008392334,23.8700008392334,23.799999237060547,23.839000701904297,6.9860758781433105,14300,0.152,0.0,0.0
2015-07-23,23.84000015258789,23.8799991607666,23.735000610351562,23.739999771118164,6.957059383392334,3400,0.0,0.0,0.0
2015-07-24,23.760000228881836,24.90999984741211,23.6299991607666,23.6299991607666,6.924825668334961,18000,0.0,0.0,0.0
2015-07-27,23.65999984741211,23.65999984741211,23.3799991607666,23.389999389648438,6.854489803314209,10000,0.0,0.0,0.0
2015-07-28,23.43199920654297,23.649999618530273,23.43199920654297,23.6200008392334,6.9218926429748535,23600,0.0,0.0,0.0
2015-07-29,23.687999725341797,23.760000228881836,23.6200008392334,23.760000228881836,6.962922096252441,7400,0.0,0.0,0.0
2015-07-30,23.690000534057617,23.84000015258789,23.610000610351562,23.770000457763672,6.965850830078125,3900,0.0,0.0,0.0
2015-07-31,23.83799934387207,23.860000610351562,23.799999237060547,23.82699966430664,6.982555389404297,67300,0.0,0.0,0.0
2015-08-03,23.780000686645508,23.8799991607666,23.639999389648438,23.690000534057617,6.94240665435791,7700,0.0,0.0,0.0
2015-08-04,23.780000686645508,23.790000915527344,23.690000534057617,23.75,6.959991931915283,7900,0.0,0.0,0.0
2015-08-05,23.729999542236328,23.979999542236328,23.729999542236328,23.899999618530273,7.003946781158447,15300,0.0,0.0,0.0
2015-08-06,23.75,23.75,23.5,23.6200008392334,6.9218926429748535,23600,0.0,0.0,0.0
2015-08-07,23.516000747680664,23.516000747680664,23.5,23.5,6.8867268562316895,1600,0.0,0.0,0.0
2015-08-10,23.489999771118164,24.100000381469727,23.489999771118164,23.790000915527344,6.9717116355896,6000,0.0,0.0,0.0
2015-08-11,23.613000869750977,23.613000869750977,23.459999084472656,23.50200080871582,6.88731575012207,1800,0.0,0.0,0.0
2015-08-12,23.25,23.6200008392334,23.110000610351562,23.56999969482422,6.907240867614746,10500,0.0,0.0,0.0
2015-08-13,23.739999771118164,23.75,23.56999969482422,23.600000381469727,6.916032314300537,26300,0.0,0.0,0.0
2015-08-14,23.59000015258789,23.600000381469727,23.510000228881836,23.559999465942383,6.904310703277588,7700,0.0,0.0,0.0
2015-08-17,23.5,23.81999969482422,23.5,23.81999969482422,6.980505466461182,2700,0.0,0.0,0.0
2015-08-18,23.920000076293945,23.920000076293945,23.67300033569336,23.690000534057617,6.94240665435791,8000,0.0,0.0,0.0
2015-08-19,23.770000457763672,23.770000457763672,23.450000762939453,23.56999969482422,6.907240867614746,10700,0.0,0.0,0.0
2015-08-20,23.40999984741211,23.40999984741211,22.920000076293945,22.920000076293945,6.716756343841553,12300,0.0,0.0,0.0
2015-08-21,22.780000686645508,22.780000686645508,22.010000228881836,22.17799949645996,6.499312877655029,70400,0.0,0.0,0.0
2015-08-24,22.0,22.0,17.959999084472656,21.639999389648438,6.34165096282959,42500,0.0,0.0,0.0
2015-08-25,22.1200008392334,22.829999923706055,21.360000610351562,21.360000610351562,6.259596824645996,16400,0.0,0.0,0.0
2015-08-26,21.457000732421875,21.5,21.040000915527344,21.5,6.361381530761719,7800,0.204,0.0,0.0
2015-08-27,21.871999740600586,22.0,21.799999237060547,21.812999725341797,6.453984260559082,4300,0.0,0.0,0.0
2015-08-28,22.09000015258789,22.1299991607666,21.989999771118164,22.038999557495117,6.520855903625488,2600,0.0,0.0,0.0
2015-08-31,21.969999313354492,22.190000534057617,21.950000762939453,22.0,6.5093159675598145,2700,0.0,0.0,0.0
2015-09-01,21.799999237060547,22.0,21.7810001373291,21.7810001373291,6.444519519805908,3700,0.0,0.0,0.0
2015-09-02,21.950000762939453,22.040000915527344,21.84000015258789,21.989999771118164,6.506356716156006,3800,0.0,0.0,0.0
2015-09-03,22.329999923706055,22.329999923706055,22.079999923706055,22.079999923706055,6.532986640930176,5400,0.0,0.0,0.0
2015-09-04,21.941999435424805,22.020000457763672,21.878999710083008,21.969999313354492,6.500439643859863,4700,0.0,0.0,0.0
2015-09-08,22.530000686645508,22.530000686645508,22.219999313354492,22.283000946044922,6.593050003051758,8000,0.0,0.0,0.0
2015-09-09,22.530000686645508,22.530000686645508,22.274999618530273,22.274999618530273,6.590686321258545,900,0.0,0.0,0.0
2015-09-10,22.34000015258789,22.489999771118164,22.295000076293945,22.450000762939453,6.64246129989624,3000,0.0,0.0,0.0
2015-09-11,22.3799991607666,22.530000686645508,22.3799991607666,22.530000686645508,6.666132926940918,600,0.0,0.0,0.0
2015-09-14,22.739999771118164,22.739999771118164,22.450000762939453,22.540000915527344,6.669089317321777,7400,0.0,0.0,0.0
2015-09-15,22.610000610351562,22.780000686645508,22.59000015258789,22.780000686645508,6.740101337432861,14600,0.0,0.0,0.0
2015-09-16,22.670000076293945,22.950000762939453,22.6200008392334,22.75,6.731227874755859,12000,0.0,0.0,0.0
2015-09-17,22.729999542236328,22.850000381469727,22.729999542236328,22.850000381469727,6.760812282562256,8900,0.0,0.0,0.0
2015-09-18,22.860000610351562,23.261999130249023,22.68000030517578,22.969999313354492,6.796317100524902,42500,0.0,0.0,0.0
2015-09-21,23.18000030517578,23.18000030517578,22.950000762939453,23.0,6.805192470550537,10100,0.0,0.0,0.0
2015-09-22,22.520000457763672,22.899999618530273,22.520000457763672,22.899999618530273,6.775606632232666,9400,0.0,0.0,0.0
2015-09-23,22.709999084472656,22.729999542236328,22.56999969482422,22.68000030517578,6.776203632354736,13000,0.222,0.0,0.0
2015-09-24,22.520000457763672,22.530000686645508,22.31999969482422,22.489999771118164,6.719437599182129,9000,0.0,0.0,0.0
2015-09-25,22.6200008392334,22.6200008392334,22.309999465942383,22.399999618530273,6.692548751831055,4300,0.0,0.0,0.0
2015-09-28,22.274999618530273,22.274999618530273,21.864999771118164,21.920000076293945,6.549136638641357,19600,0.0,0.0,0.0
2015-09-29,21.899999618530273,22.020000457763672,21.56999969482422,21.770000457763672,6.504319667816162,11400,0.0,0.0,0.0
2015-09-30,22.06399917602539,22.229999542236328,21.959999084472656,22.229999542236328,6.641758441925049,3400,0.0,0.0,0.0
2015-10-01,22.089000701904297,22.280000686645508,22.033000946044922,22.280000686645508,6.656693458557129,1400,0.0,0.0,0.0
2015-10-02,22.020000457763672,22.607999801635742,22.020000457763672,22.607999801635742,6.754688739776611,4500,0.0,0.0,0.0
2015-10-05,22.895000457763672,22.90999984741211,22.895000457763672,22.90999984741211,6.844921112060547,800,0.0,0.0,0.0
2015-10-06,22.801000595092773,22.850000381469727,22.677000045776367,22.84000015258789,6.824007987976074,8100,0.0,0.0,0.0
2015-10-07,22.93400001525879,23.0,22.899999618530273,22.899999618530273,6.841937065124512,6000,0.0,0.0,0.0
2015-10-08,22.829999923706055,23.06999969482422,22.780000686645508,23.06999969482422,6.89272928237915,5500,0.0,0.0,0.0
2015-10-09,23.07900047302246,23.110000610351562,22.979999542236328,23.110000610351562,6.904677391052246,6000,0.0,0.0,0.0
2015-10-12,23.1200008392334,23.209999084472656,23.1200008392334,23.190000534057617,6.928579330444336,12500,0.0,0.0,0.0
2015-10-13,23.209999084472656,23.209999084472656,23.110000610351562,23.1299991607666,6.910654067993164,5600,0.0,0.0,0.0
2015-10-14,23.007999420166016,23.1560001373291,23.007999420166016,23.086000442504883,6.897507667541504,3700,0.0,0.0,0.0
2015-10-15,23.299999237060547,23.389999389648438,23.173999786376953,23.389999389648438,6.988331317901611,16100,0.0,0.0,0.0
2015-10-16,23.3700008392334,23.40999984741211,23.270000457763672,23.3799991607666,6.98534631729126,14100,0.0,0.0,0.0
2015-10-19,23.610000610351562,23.610000610351562,23.3799991607666,23.450000762939453,7.006259441375732,2700,0.0,0.0,0.0
2015-10-20,23.459999084472656,23.469999313354492,23.329999923706055,23.40999984741211,6.994311809539795,2800,0.0,0.0,0.0
2015-10-21,23.209999084472656,23.270000457763672,23.13800048828125,23.15999984741211,6.983452796936035,8900,0.214,0.0,0.0
2015-10-22,23.31999969482422,23.389999389648438,23.260000228881836,23.31999969482422,7.0316996574401855,8000,0.0,0.0,0.0
2015-10-23,23.68000030517578,23.68000030517578,23.510000228881836,23.613000869750977,7.120049953460693,12400,0.0,0.0,0.0
2015-10-26,23.729999542236328,23.729999542236328,23.405000686645508,23.530000686645508,7.095020294189453,12900,0.0,0.0,0.0
2015-10-27,23.239999771118164,23.53499984741211,23.239999771118164,23.53499984741211,7.096532821655273,23600,0.0,0.0,0.0
2015-10-28,23.739999771118164,23.739999771118164,23.450000762939453,23.450000762939453,7.070898056030273,14000,0.0,0.0,0.0
2015-10-29,23.51099967956543,23.577999114990234,23.493999481201172,23.540000915527344,7.098036289215088,5800,0.0,0.0,0.0
2015-10-30,23.700000762939453,23.700000762939453,23.549999237060547,23.59000015258789,7.1131157875061035,8900,0.0,0.0,0.0
2015-11-02,23.700000762939453,23.700000762939453,23.56999969482422,23.649999618530273,7.131204605102539,16600,0.0,0.0,0.0
2015-11-03,23.649999618530273,23.649999618530273,23.60099983215332,23.6299991607666,7.125174522399902,7500,0.0,0.0,0.0
2015-11-04,23.618000030517578,23.6200008392334,23.559999465942383,23.610000610351562,7.119144916534424,2200,0.0,0.0,0.0
2015-11-05,23.639999389648438,23.719999313354492,23.56999969482422,23.719999313354492,7.152309417724609,4400,0.0,0.0,0.0
2015-11-06,23.65999984741211,23.729999542236328,23.614999771118164,23.729999542236328,7.155325889587402,11200,0.0,0.0,0.0
2015-11-09,23.739999771118164,23.739999771118164,23.559999465942383,23.600000381469727,7.116127014160156,11500,0.0,0.0,0.0
2015-11-10,23.600000381469727,23.610000610351562,23.579999923706055,23.59000015258789,7.1131157875061035,18200,0.0,0.0,0.0
2015-11-11,23.56999969482422,23.639999389648438,23.56999969482422,23.6200008392334,7.122158527374268,6900,0.0,0.0,0.0
2015-11-12,23.790000915527344,23.790000915527344,23.56999969482422,23.56999969482422,7.107084274291992,25900,0.0,0.0,0.0
2015-11-13,23.56999969482422,23.579999923706055,23.5,23.53499984741211,7.096532821655273,20800,0.0,0.0,0.0
2015-11-16,23.549999237060547,23.6299991607666,23.46500015258789,23.6299991607666,7.125174522399902,6800,0.0,0.0,0.0
2015-11-17,23.719999313354492,23.719999313354492,23.566999435424805,23.566999435424805,7.106176376342773,14400,0.0,0.0,0.0
2015-11-18,23.55500030517578,23.690000534057617,23.55500030517578,23.6299991607666,7.125174522399902,23600,0.0,0.0,0.0
2015-11-19,23.809999465942383,23.809999465942383,23.6200008392334,23.6299991607666,7.125174522399902,9700,0.0,0.0,0.0
2015-11-20,23.670000076293945,23.75,23.549999237060547,23.549999237060547,7.101048946380615,91200,0.0,0.0,0.0
2015-11-23,23.75,23.76300048828125,23.667999267578125,23.690000534057617,7.143266201019287,7900,0.0,0.0,0.0
2015-11-24,23.801000595092773,23.801000595092773,23.586000442504883,23.760000228881836,7.164371967315674,8600,0.0,0.0,0.0
2015-11-25,23.549999237060547,23.579999923706055,23.548999786376953,23.559999465942383,7.15859842300415,8500,0.181,0.0,0.0
2015-11-27,23.559999465942383,23.610000610351562,23.559999465942383,23.600000381469727,7.170751094818115,600,0.0,0.0,0.0
2015-11-30,23.81999969482422,23.81999969482422,23.5,23.56999969482422,7.161637306213379,17200,0.0,0.0,0.0
2015-12-01,23.809999465942383,23.809999465942383,23.610000610351562,23.700000762939453,7.201138973236084,47300,0.0,0.0,0.0
2015-12-02,23.90999984741211,23.90999984741211,23.610000610351562,23.624000549316406,7.178043842315674,42400,0.0,0.0,0.0
2015-12-03,23.770000457763672,23.770000457763672,23.329999923706055,23.3799991607666,7.103904724121094,36600,0.0,0.0,0.0
2015-12-04,23.559999465942383,23.75,23.489999771118164,23.739999771118164,7.213291645050049,21800,0.0,0.0,0.0
2015-12-07,23.920000076293945,23.920000076293945,23.6200008392334,23.643999099731445,7.184122085571289,30500,0.0,0.0,0.0
2015-12-08,23.75,24.200000762939453,23.6200008392334,23.667999267578125,7.191417694091797,19800,0.0,0.0,0.0
2015-12-09,23.360000610351562,23.65999984741211,23.360000610351562,23.43000030517578,7.11909818649292,23100,0.0,0.0,0.0
2015-12-10,23.549999237060547,23.600000381469727,23.42099952697754,23.5,7.140367031097412,18700,0.0,0.0,0.0
2015-12-11,23.479999542236328,23.479999542236328,23.06999969482422,23.09000015258789,7.015789985656738,34600,0.0,0.0,0.0
2015-12-14,23.190000534057617,23.209999084472656,22.809999465942383,23.209999084472656,7.052253246307373,25700,0.0,0.0,0.0
2015-12-15,23.280000686645508,23.56999969482422,23.280000686645508,23.384000778198242,7.105128765106201,18800,0.0,0.0,0.0
2015-12-16,23.760000228881836,23.760000228881836,23.420000076293945,23.584999084472656,7.166194438934326,12000,0.0,0.0,0.0
2015-12-17,23.8700008392334,23.8700008392334,23.549999237060547,23.549999237060547,7.155560493469238,32600,0.0,0.0,0.0
2015-12-18,23.540000915527344,23.959999084472656,23.25,23.25,7.064410209655762,64300,0.0,0.0,0.0
2015-12-21,23.719999313354492,23.719999313354492,23.079999923706055,23.385000228881836,7.10542631149292,18800,0.0,0.0,0.0
2015-12-22,23.424999237060547,23.440000534057617,23.336999893188477,23.424999237060547,7.117581844329834,12400,0.0,0.0,0.0
2015-12-23,23.389999389648438,23.389999389648438,23.229000091552734,23.309999465942383,7.148243427276611,10600,0.215,0.0,0.0
2015-12-24,23.3799991607666,23.43000030517578,23.299999237060547,23.34000015258789,7.157447338104248,2900,0.0,0.0,0.0
2015-12-28,23.440000534057617,23.549999237060547,23.184999465942383,23.389999389648438,7.172776699066162,32200,0.0,0.0,0.0
2015-12-29,23.440000534057617,23.700000762939453,23.30299949645996,23.56999969482422,7.2279767990112305,42500,0.0,0.0,0.0
2015-12-30,23.579999923706055,23.59000015258789,23.31999969482422,23.469999313354492,7.197312355041504,36900,0.0,0.0,0.0
2015-12-31,23.389999389648438,23.52199935913086,23.264999389648438,23.408000946044922,7.17829704284668,33200,0.0,0.0,0.0
2016-01-04,23.309999465942383,23.309999465942383,22.790000915527344,23.1200008392334,7.0899834632873535,33100,0.0,0.0,0.0
2016-01-05,23.149999618530273,23.149999618530273,22.940000534057617,23.09000015258789,7.080780982971191,14800,0.0,0.0,0.0
2016-01-06,22.969999313354492,22.989999771118164,22.75,22.93000030517578,7.031716346740723,21500,0.0,0.0,0.0
2016-01-07,22.6299991607666,22.639999389648438,22.0,22.1299991607666,6.7863874435424805,72300,0.0,0.0,0.0
2016-01-08,22.18000030517578,22.31999969482422,22.149999618530273,22.190000534057617,6.804786205291748,7700,0.0,0.0,0.0
2016-01-11,22.3799991607666,22.3799991607666,21.6299991607666,22.09600067138672,6.7759623527526855,46800,0.0,0.0,0.0
2016-01-12,22.299999237060547,22.450000762939453,22.003999710083008,22.399999618530273,6.86918830871582,20500,0.0,0.0,0.0
2016-01-13,23.389999389648438,23.389999389648438,21.600000381469727,21.670000076293945,6.645323276519775,37900,0.0,0.0,0.0
2016-01-14,21.610000610351562,22.18000030517578,21.34000015258789,22.100000381469727,6.777184963226318,23700,0.0,0.0,0.0
2016-01-15,21.700000762939453,21.709999084472656,21.0,21.649999618530273,6.639190196990967,71000,0.0,0.0,0.0
2016-01-19,21.34000015258789,21.559999465942383,21.34000015258789,21.420000076293945,6.568661689758301,19800,0.0,0.0,0.0
2016-01-20,21.0,21.2549991607666,20.68000030517578,21.25,6.516529083251953,34300,0.0,0.0,0.0
2016-01-21,21.450000762939453,21.450000762939453,21.0,21.290000915527344,6.528790473937988,15400,0.0,0.0,0.0
2016-01-22,21.5,21.559999465942383,21.3700008392334,21.459999084472656,6.580926895141602,4900,0.0,0.0,0.0
2016-01-25,21.450000762939453,21.53499984741211,21.43000030517578,21.441999435424805,6.575406074523926,13000,0.0,0.0,0.0
2016-01-26,21.389999389648438,21.549999237060547,21.3799991607666,21.540000915527344,6.605459213256836,19800,0.0,0.0,0.0
2016-01-27,21.36400032043457,21.5,21.28499984741211,21.315000534057617,6.536461353302002,17600,0.0,0.0,0.0
2016-01-28,21.889999389648438,21.889999389648438,21.270000457763672,21.5,6.5931925773620605,28400,0.0,0.0,0.0
2016-01-29,21.600000381469727,21.815000534057617,21.520000457763672,21.690000534057617,6.651459693908691,41100,0.0,0.0,0.0
2016-02-01,21.68000030517578,21.809999465942383,21.559999465942383,21.739999771118164,6.666787147521973,43600,0.0,0.0,0.0
2016-02-02,21.770000457763672,21.770000457763672,21.55500030517578,21.55500030517578,6.610058307647705,23300,0.0,0.0,0.0
2016-02-03,21.62299919128418,21.62299919128418,21.360000610351562,21.520000457763672,6.599325656890869,17800,0.0,0.0,0.0
2016-02-04,21.600000381469727,21.600000381469727,21.3700008392334,21.559999465942383,6.611592769622803,13900,0.0,0.0,0.0
2016-02-05,21.459999084472656,21.459999084472656,20.920000076293945,20.940000534057617,6.421463966369629,27900,0.0,0.0,0.0
2016-02-08,20.729999542236328,20.770000457763672,20.5,20.709999084472656,6.350931167602539,52800,0.0,0.0,0.0
2016-02-09,20.530000686645508,20.979999542236328,20.530000686645508,20.799999237060547,6.378530025482178,11400,0.0,0.0,0.0
2016-02-10,20.950000762939453,21.190000534057617,20.950000762939453,20.989999771118164,6.43679666519165,23600,0.0,0.0,0.0
2016-02-11,20.700000762939453,20.888999938964844,20.540000915527344,20.790000915527344,6.375463485717773,20900,0.0,0.0,0.0
2016-02-12,21.0,21.100000381469727,20.934999465942383,21.100000381469727,6.4705281257629395,19500,0.0,0.0,0.0
2016-02-16,21.6200008392334,21.6200008392334,21.43600082397461,21.549999237060547,6.608524322509766,9300,0.0,0.0,0.0
2016-02-17,21.756000518798828,21.91900062561035,21.711000442504883,21.892000198364258,6.713406085968018,15300,0.0,0.0,0.0
2016-02-18,21.75,21.8700008392334,21.75,21.826000213623047,6.693160533905029,15800,0.0,0.0,0.0
2016-02-19,21.75,21.93000030517578,21.75,21.878000259399414,6.70911169052124,20400,0.0,0.0,0.0
2016-02-22,21.889999389648438,22.100000381469727,21.889999389648438,22.003999710083008,6.747750759124756,14300,0.0,0.0,0.0
2016-02-23,22.020000457763672,22.06999969482422,21.81999969482422,21.930999755859375,6.7253618240356445,22100,0.0,0.0,0.0
2016-02-24,21.6200008392334,21.799999237060547,21.3799991607666,21.799999237060547,6.752929210662842,19300,0.22,0.0,0.0
2016-02-25,21.950000762939453,21.950000762939453,21.649999618530273,21.89900016784668,6.783597469329834,16700,0.0,0.0,0.0
2016-02-26,21.950000762939453,21.950000762939453,21.81999969482422,21.926000595092773,6.791961669921875,6800,0.0,0.0,0.0
2016-02-29,21.950000762939453,22.020000457763672,21.940000534057617,21.94499969482422,6.797853469848633,12600,0.0,0.0,0.0
2016-03-01,22.049999237060547,22.170000076293945,21.981000900268555,22.170000076293945,6.86754035949707,8300,0.0,0.0,0.0
2016-03-02,22.1299991607666,22.139999389648438,21.940000534057617,22.1299991607666,6.855157375335693,21500,0.0,0.0,0.0
2016-03-03,21.979999542236328,22.139999389648438,21.979999542236328,22.114999771118164,6.850508213043213,5600,0.0,0.0,0.0
2016-03-04,22.15999984741211,22.170000076293945,22.000999450683594,22.114999771118164,6.850508213043213,20200,0.0,0.0,0.0
2016-03-07,22.086999893188477,22.139999389648438,22.020000457763672,22.110000610351562,6.848960876464844,5100,0.0,0.0,0.0
2016-03-08,22.010000228881836,22.139999389648438,22.010000228881836,22.1299991607666,6.855157375335693,11600,0.0,0.0,0.0
2016-03-09,22.0,22.149999618530273,22.0,22.149999618530273,6.86135196685791,27100,0.0,0.0,0.0
2016-03-10,22.170000076293945,22.18400001525879,22.06999969482422,22.139999389648438,6.858251094818115,26400,0.0,0.0,0.0
2016-03-11,22.31999969482422,22.31999969482422,22.18000030517578,22.225000381469727,6.884580612182617,10100,0.0,0.0,0.0
2016-03-14,22.0,22.299999237060547,22.0,22.299999237060547,6.907818794250488,20400,0.0,0.0,0.0
2016-03-15,22.31999969482422,22.31999969482422,22.200000762939453,22.25,6.892327785491943,18100,0.0,0.0,0.0
2016-03-16,22.299999237060547,22.31999969482422,22.170000076293945,22.29400062561035,6.9059553146362305,17100,0.0,0.0,0.0
2016-03-17,22.3799991607666,22.92300033569336,22.219999313354492,22.260000228881836,6.895423889160156,56900,0.0,0.0,0.0
2016-03-18,22.399999618530273,22.75200080871582,22.18000030517578,22.270000457763672,6.89852237701416,32600,0.0,0.0,0.0
2016-03-21,23.0,23.0,22.209999084472656,22.350000381469727,6.9233012199401855,21500,0.0,0.0,0.0
2016-03-22,22.329999923706055,22.399999618530273,22.290000915527344,22.309999465942383,6.91091251373291,37900,0.0,0.0,0.0
2016-03-23,22.260000228881836,22.260000228881836,22.1200008392334,22.139999389648438,6.858251094818115,10500,0.0,0.0,0.0
2016-03-24,22.309999465942383,22.334999084472656,22.01300048828125,22.170000076293945,6.86754035949707,32700,0.0,0.0,0.0
2016-03-28,22.170000076293945,22.170000076293945,22.009000778198242,22.100000381469727,6.845859527587891,15300,0.0,0.0,0.0
2016-03-29,22.18000030517578,22.290000915527344,22.0,22.240999221801758,6.889538288116455,23900,0.0,0.0,0.0
2016-03-30,22.299999237060547,22.420000076293945,22.290000915527344,22.399999618530273,6.938793659210205,19800,0.0,0.0,0.0
2016-03-31,22.399999618530273,22.489999771118164,22.211000442504883,22.375999450683594,6.93135929107666,7300,0.0,0.0,0.0
2016-04-01,22.399999618530273,22.416000366210938,22.299999237060547,22.3799991607666,6.932592391967773,6900,0.0,0.0,0.0
2016-04-04,22.469999313354492,22.469999313354492,22.299999237060547,22.399999618530273,6.938793659210205,16300,0.0,0.0,0.0
2016-04-05,22.31100082397461,22.389999389648438,22.239999771118164,22.368000030517578,6.9288763999938965,10200,0.0,0.0,0.0
2016-04-06,22.43000030517578,22.46500015258789,22.399999618530273,22.459999084472656,6.957381725311279,30700,0.0,0.0,0.0
2016-04-07,22.549999237060547,22.549999237060547,22.260000228881836,22.41900062561035,6.944675445556641,17000,0.0,0.0,0.0
2016-04-08,22.479999542236328,22.479999542236328,22.31999969482422,22.409000396728516,6.941583633422852,17000,0.0,0.0,0.0
2016-04-11,22.299999237060547,22.437999725341797,22.299999237060547,22.420000076293945,6.944986343383789,13800,0.0,0.0,0.0
2016-04-12,22.299999237060547,22.5049991607666,22.299999237060547,22.469999313354492,6.960477352142334,26600,0.0,0.0,0.0
2016-04-13,22.56999969482422,22.56999969482422,22.43000030517578,22.50200080871582,6.9703874588012695,26700,0.0,0.0,0.0
2016-04-14,22.59000015258789,22.59000015258789,22.368000030517578,22.520000457763672,6.975964069366455,16900,0.0,0.0,0.0
2016-04-15,22.41200065612793,22.479999542236328,22.389999389648438,22.440000534057617,6.951181411743164,28300,0.0,0.0,0.0
2016-04-18,22.389999389648438,22.479999542236328,22.3799991607666,22.43000030517578,6.948087215423584,13300,0.0,0.0,0.0
2016-04-19,22.698999404907227,22.698999404907227,22.450000762939453,22.489999771118164,6.966672897338867,12700,0.0,0.0,0.0
2016-04-20,22.68000030517578,22.68000030517578,22.280000686645508,22.3700008392334,6.977897644042969,34900,0.156,0.0,0.0
2016-04-21,22.340999603271484,22.34600067138672,22.299999237060547,22.325000762939453,6.963864803314209,13000,0.0,0.0,0.0
2016-04-22,22.209999084472656,22.209999084472656,21.93000030517578,22.149999618530273,6.909276962280273,23900,0.0,0.0,0.0
2016-04-25,22.170000076293945,22.170000076293945,22.049999237060547,22.110000610351562,6.8968000411987305,10000,0.0,0.0,0.0
2016-04-26,22.049999237060547,22.1299991607666,22.0,22.013999938964844,6.86685037612915,21700,0.0,0.0,0.0
2016-04-27,21.899999618530273,21.920000076293945,21.729999542236328,21.91699981689453,6.8365983963012695,31400,0.0,0.0,0.0
2016-04-28,21.790000915527344,22.031999588012695,21.729999542236328,21.739999771118164,6.781383037567139,20400,0.0,0.0,0.0
2016-04-29,21.719999313354492,21.719999313354492,21.440000534057617,21.575000762939453,6.729917526245117,12400,0.0,0.0,0.0
2016-05-02,21.607999801635742,21.760000228881836,21.530000686645508,21.760000228881836,6.787622451782227,7700,0.0,0.0,0.0
2016-05-03,21.573999404907227,21.68600082397461,21.520999908447266,21.5939998626709,6.735840797424316,7500,0.0,0.0,0.0
2016-05-04,21.559999465942383,21.559999465942383,21.43000030517578,21.459999084472656,6.694043159484863,12600,0.0,0.0,0.0
2016-05-05,21.486000061035156,21.489999771118164,21.450000762939453,21.452999114990234,6.691861152648926,5500,0.0,0.0,0.0
2016-05-06,21.43000030517578,21.549999237060547,21.309999465942383,21.549999237060547,6.722115516662598,39400,0.0,0.0,0.0
2016-05-09,21.59000015258789,21.600000381469727,21.43000030517578,21.551000595092773,6.7224273681640625,18700,0.0,0.0,0.0
2016-05-10,21.75,21.850000381469727,21.55500030517578,21.777000427246094,6.79292631149292,9500,0.0,0.0,0.0
2016-05-11,21.709999084472656,21.8799991607666,21.700000762939453,21.700000762939453,6.768908500671387,12900,0.0,0.0,0.0
2016-05-12,21.579999923706055,21.66200065612793,21.451000213623047,21.59000015258789,6.73459529876709,12600,0.0,0.0,0.0
2016-05-13,21.459999084472656,21.780000686645508,21.450000762939453,21.506000518798828,6.708395004272461,20100,0.0,0.0,0.0
2016-05-16,21.459999084472656,21.84000015258789,21.459999084472656,21.84000015258789,6.812577247619629,13500,0.0,0.0,0.0
2016-05-17,21.889999389648438,21.899999618530273,21.466999053955078,21.54400062561035,6.720248222351074,16400,0.0,0.0,0.0
2016-05-18,21.549999237060547,21.6299991607666,21.399999618530273,21.43199920654297,6.6853108406066895,20500,0.0,0.0,0.0
2016-05-19,21.399999618530273,21.510000228881836,21.329999923706055,21.510000228881836,6.709643363952637,23100,0.0,0.0,0.0
2016-05-20,21.610000610351562,21.80900001525879,21.610000610351562,21.760000228881836,6.787622451782227,6700,0.0,0.0,0.0
2016-05-23,21.84000015258789,21.84000015258789,21.643999099731445,21.770000457763672,6.790743350982666,19700,0.0,0.0,0.0
2016-05-24,22.43000030517578,22.43000030517578,21.795000076293945,21.969999313354492,6.853126525878906,17500,0.0,0.0,0.0
2016-05-25,21.829999923706055,21.8799991607666,21.6299991607666,21.78499984741211,6.848730087280273,10900,0.171,0.0,0.0
2016-05-26,21.850000381469727,21.850000381469727,21.709999084472656,21.780000686645508,6.8471550941467285,3600,0.0,0.0,0.0
2016-05-27,21.850000381469727,21.950000762939453,21.74799919128418,21.871000289916992,6.875764846801758,10500,0.0,0.0,0.0
2016-05-31,22.020000457763672,22.020000457763672,21.763999938964844,21.770000457763672,6.844009876251221,11400,0.0,0.0,0.0
2016-06-01,21.889999389648438,21.899999618530273,21.756999969482422,21.763999938964844,6.842127323150635,2400,0.0,0.0,0.0
2016-06-02,21.820999145507812,21.920000076293945,21.770000457763672,21.8799991607666,6.878592491149902,11500,0.0,0.0,0.0
2016-06-03,21.809999465942383,21.909000396728516,21.797000885009766,21.899999618530273,6.884881496429443,14800,0.0,0.0,0.0
2016-06-06,21.920000076293945,21.920000076293945,21.804000854492188,21.8799991607666,6.878592491149902,14100,0.0,0.0,0.0
2016-06-07,21.81999969482422,21.950000762939453,21.780000686645508,21.8700008392334,6.875446796417236,38000,0.0,0.0,0.0
2016-06-08,21.770000457763672,21.99799919128418,21.770000457763672,21.895999908447266,6.883623123168945,7400,0.0,0.0,0.0
2016-06-09,21.799999237060547,21.959999084472656,21.780000686645508,21.86199951171875,6.872934818267822,28500,0.0,0.0,0.0
2016-06-10,21.809999465942383,21.889999389648438,21.756000518798828,21.780000686645508,6.8471550941467285,34200,0.0,0.0,0.0
2016-06-13,21.75,21.950000762939453,21.75,21.760000228881836,6.8408708572387695,12000,0.0,0.0,0.0
2016-06-14,21.969999313354492,21.969999313354492,21.719999313354492,21.920000076293945,6.891170024871826,19000,0.0,0.0,0.0
2016-06-15,21.801000595092773,21.899999618530273,21.799999237060547,21.8799991607666,6.878592491149902,8100,0.0,0.0,0.0
2016-06-16,21.81100082397461,21.959999084472656,21.743999481201172,21.940000534057617,6.8974609375,37700,0.0,0.0,0.0
2016-06-17,21.799999237060547,21.937000274658203,21.6299991607666,21.75,6.837724685668945,39800,0.0,0.0,0.0
2016-06-20,21.899999618530273,21.899999618530273,21.718000411987305,21.81999969482422,6.859729766845703,16900,0.0,0.0,0.0
2016-06-21,21.799999237060547,21.799999237060547,21.709999084472656,21.709999084472656,6.8251495361328125,5900,0.0,0.0,0.0
2016-06-22,21.6200008392334,21.670000076293945,21.545000076293945,21.549999237060547,6.838473796844482,10400,0.202,0.0,0.0
2016-06-23,21.719999313354492,21.719999313354492,21.530000686645508,21.610000610351562,6.857513904571533,5600,0.0,0.0,0.0
2016-06-24,21.489999771118164,21.510000228881836,21.1200008392334,21.309999465942383,6.762316703796387,40100,0.0,0.0,0.0
2016-06-27,21.299999237060547,21.299999237060547,20.770000457763672,20.969999313354492,6.65442419052124,31300,0.0,0.0,0.0
2016-06-28,21.100000381469727,21.399999618530273,21.100000381469727,21.232999801635742,6.737882137298584,12900,0.0,0.0,0.0
2016-06-29,21.472000122070312,21.700000762939453,21.469999313354492,21.639999389648438,6.86703634262085,12000,0.0,0.0,0.0
2016-06-30,21.649999618530273,21.7450008392334,21.631000518798828,21.719999313354492,6.892422676086426,16200,0.0,0.0,0.0
2016-07-01,21.770000457763672,21.799999237060547,21.702999114990234,21.729999542236328,6.8955979347229,6600,0.0,0.0,0.0
2016-07-05,21.850000381469727,21.850000381469727,21.641000747680664,21.770000457763672,6.908291339874268,16200,0.0,0.0,0.0
2016-07-06,21.770000457763672,21.8439998626709,21.700000762939453,21.764999389648438,6.906705379486084,22000,0.0,0.0,0.0
2016-07-07,21.700000762939453,21.8700008392334,21.700000762939453,21.860000610351562,6.936850547790527,10600,0.0,0.0,0.0
2016-07-08,22.049999237060547,22.049999237060547,21.75,21.8700008392334,6.940020561218262,36700,0.0,0.0,0.0
2016-07-11,21.950000762939453,21.950000762939453,21.8799991607666,21.934999465942383,6.960649013519287,35100,0.0,0.0,0.0
2016-07-12,22.030000686645508,22.030000686645508,21.850000381469727,21.917999267578125,6.955252647399902,73600,0.0,0.0,0.0
2016-07-13,21.819000244140625,21.95400047302246,21.819000244140625,21.87700080871582,6.942245006561279,21300,0.0,0.0,0.0
2016-07-14,21.915000915527344,21.959999084472656,21.84000015258789,21.90999984741211,6.952717304229736,9200,0.0,0.0,0.0
2016-07-15,21.920000076293945,21.93000030517578,21.799999237060547,21.809999465942383,6.920982360839844,17300,0.0,0.0,0.0
2016-07-18,21.895999908447266,21.969999313354492,21.8799991607666,21.881000518798828,6.943514347076416,15700,0.0,0.0,0.0
2016-07-19,21.90999984741211,21.929000854492188,21.84000015258789,21.863000869750977,6.937803745269775,20300,0.0,0.0,0.0
2016-07-20,21.889999389648438,21.889999389648438,21.812999725341797,21.829999923706055,6.972296714782715,32700,0.141,0.0,0.0
2016-07-21,21.8799991607666,21.8799991607666,21.801000595092773,21.809999465942383,6.965907573699951,18800,0.0,0.0,0.0
2016-07-22,21.850000381469727,21.860000610351562,21.739999771118164,21.81999969482422,6.969102382659912,8000,0.0,0.0,0.0
2016-07-25,21.889999389648438,21.889999389648438,21.739999771118164,21.799999237060547,6.96271276473999,18100,0.0,0.0,0.0
2016-07-26,21.799999237060547,21.91699981689453,21.799999237060547,21.81999969482422,6.969102382659912,8700,0.0,0.0,0.0
2016-07-27,21.969999313354492,22.0,21.871000289916992,21.920000076293945,7.001039981842041,5500,0.0,0.0,0.0
2016-07-28,21.75,21.950000762939453,21.75,21.90999984741211,6.997848033905029,18800,0.0,0.0,0.0
2016-07-29,21.854999542236328,21.920000076293945,21.854999542236328,21.905000686645508,6.99625301361084,16300,0.0,0.0,0.0
2016-08-01,21.8799991607666,22.020000457763672,21.8799991607666,21.979999542236328,7.020205974578857,18500,0.0,0.0,0.0
2016-08-02,21.950000762939453,21.969999313354492,21.91900062561035,21.920000076293945,7.001039981842041,6000,0.0,0.0,0.0
2016-08-03,21.950000762939453,21.989999771118164,21.90999984741211,21.90999984741211,6.997848033905029,8900,0.0,0.0,0.0
2016-08-04,21.920000076293945,22.020000457763672,21.899999618530273,22.010000228881836,7.029787540435791,13600,0.0,0.0,0.0
2016-08-05,21.979000091552734,22.020000457763672,21.975000381469727,22.010000228881836,7.029787540435791,14500,0.0,0.0,0.0
2016-08-08,22.020000457763672,22.049999237060547,21.999000549316406,22.040000915527344,7.039365768432617,11900,0.0,0.0,0.0
2016-08-09,22.02899932861328,22.049999237060547,22.010000228881836,22.040000915527344,7.039365768432617,7400,0.0,0.0,0.0
2016-08-10,22.030000686645508,22.110000610351562,22.030000686645508,22.100000381469727,7.058528423309326,13000,0.0,0.0,0.0
2016-08-11,22.020000457763672,22.06999969482422,21.940000534057617,21.940000534057617,7.00743293762207,17300,0.0,0.0,0.0
2016-08-12,22.06999969482422,22.079999923706055,21.968000411987305,22.030000686645508,7.03617525100708,17000,0.0,0.0,0.0
2016-08-15,22.059999465942383,22.059999465942383,21.959999084472656,22.020000457763672,7.032981872558594,9800,0.0,0.0,0.0
2016-08-16,22.020000457763672,22.089000701904297,22.0,22.040000915527344,7.039365768432617,6400,0.0,0.0,0.0
2016-08-17,21.969999313354492,22.079999923706055,21.969999313354492,22.065000534057617,7.047352313995361,8400,0.0,0.0,0.0
2016-08-18,22.06999969482422,22.07900047302246,22.049999237060547,22.059999465942383,7.045751571655273,2900,0.0,0.0,0.0
2016-08-19,22.041000366210938,22.059999465942383,22.010000228881836,22.049999237060547,7.042562484741211,13000,0.0,0.0,0.0
2016-08-22,22.079999923706055,22.079999923706055,22.030000686645508,22.049999237060547,7.042562484741211,6800,0.0,0.0,0.0
2016-08-23,22.059999465942383,22.174999237060547,22.059999465942383,22.131999969482422,7.068750381469727,18100,0.0,0.0,0.0
2016-08-24,22.059999465942383,22.1299991607666,21.81999969482422,21.829999923706055,7.013493061065674,81700,0.13,0.0,0.0
2016-08-25,21.829999923706055,21.940000534057617,21.829999923706055,21.899999618530273,7.035981178283691,15000,0.0,0.0,0.0
2016-08-26,21.979999542236328,22.030000686645508,21.829999923706055,21.84000015258789,7.016704559326172,13100,0.0,0.0,0.0
2016-08-29,21.979999542236328,22.0,21.8700008392334,21.969999313354492,7.058467388153076,9000,0.0,0.0,0.0
2016-08-30,21.989999771118164,21.989999771118164,21.850000381469727,21.93000030517578,7.045618534088135,21200,0.0,0.0,0.0
2016-08-31,21.93000030517578,21.93000030517578,21.84600067138672,21.900999069213867,7.03630256652832,9900,0.0,0.0,0.0
2016-09-01,21.8799991607666,21.959999084472656,21.8700008392334,21.959999084472656,7.055262088775635,7000,0.0,0.0,0.0
2016-09-02,21.972999572753906,22.049999237060547,21.961000442504883,22.020000457763672,7.074536323547363,9700,0.0,0.0,0.0
2016-09-06,22.059999465942383,22.06999969482422,21.972000122070312,22.04800033569336,7.0835280418396,9700,0.0,0.0,0.0
2016-09-07,22.054000854492188,22.100000381469727,22.030000686645508,22.09000015258789,7.0970258712768555,6200,0.0,0.0,0.0
2016-09-08,22.010000228881836,22.1200008392334,22.010000228881836,22.09000015258789,7.0970258712768555,16400,0.0,0.0,0.0
2016-09-09,22.079999923706055,22.079999923706055,21.709999084472656,21.760000228881836,6.991006851196289,47400,0.0,0.0,0.0
2016-09-12,21.760000228881836,21.996000289916992,21.652000427246094,21.945999145507812,7.050755500793457,8600,0.0,0.0,0.0
2016-09-13,21.899999618530273,21.899999618530273,21.68000030517578,21.809999465942383,7.007067680358887,9200,0.0,0.0,0.0
2016-09-14,21.940000534057617,22.059999465942383,21.871999740600586,21.93000030517578,7.045618534088135,10400,0.0,0.0,0.0
2016-09-15,21.950000762939453,22.209999084472656,21.950000762939453,22.209999084472656,7.135577201843262,3300,0.0,0.0,0.0
2016-09-16,22.100000381469727,22.209999084472656,22.100000381469727,22.150999069213867,7.1166157722473145,8000,0.0,0.0,0.0
2016-09-19,22.420000076293945,22.420000076293945,22.110000610351562,22.21299934387207,7.13654088973999,6600,0.0,0.0,0.0
2016-09-20,22.149999618530273,22.280000686645508,22.149999618530273,22.200000762939453,7.132366180419922,2900,0.0,0.0,0.0
2016-09-21,21.950000762939453,22.100000381469727,21.93000030517578,22.100000381469727,7.162827968597412,13600,0.194,0.0,0.0
2016-09-22,22.229999542236328,22.229999542236328,22.100000381469727,22.141000747680664,7.17612361907959,16400,0.0,0.0,0.0
2016-09-23,22.1200008392334,22.139999389648438,22.111000061035156,22.1299991607666,7.172554969787598,10300,0.0,0.0,0.0
2016-09-26,22.10300064086914,22.1299991607666,22.049999237060547,22.049999237060547,7.146626949310303,7300,0.0,0.0,0.0
2016-09-27,22.06999969482422,22.17099952697754,22.040000915527344,22.149999618530273,7.179038047790527,6900,0.0,0.0,0.0
2016-09-28,22.100000381469727,22.149999618530273,22.079999923706055,22.149999618530273,7.179038047790527,11700,0.0,0.0,0.0
2016-09-29,22.08799934387207,22.15999984741211,22.051000595092773,22.100000381469727,7.162827968597412,17300,0.0,0.0,0.0
2016-09-30,22.110000610351562,22.15999984741211,22.110000610351562,22.155000686645508,7.18065881729126,12200,0.0,0.0,0.0
2016-10-03,22.200000762939453,22.280000686645508,22.149999618530273,22.25,7.2114481925964355,11900,0.0,0.0,0.0
2016-10-04,22.260000228881836,22.260000228881836,22.190000534057617,22.23200035095215,7.20561408996582,9600,0.0,0.0,0.0
2016-10-05,22.260000228881836,22.260000228881836,22.18600082397461,22.18600082397461,7.19070291519165,3800,0.0,0.0,0.0
2016-10-06,22.15999984741211,22.290000915527344,22.15999984741211,22.18000030517578,7.1887617111206055,4900,0.0,0.0,0.0
2016-10-07,22.299999237060547,22.299999237060547,22.149999618530273,22.190000534057617,7.192000389099121,5700,0.0,0.0,0.0
2016-10-10,22.233999252319336,22.329999923706055,22.233999252319336,22.329999923706055,7.237375736236572,8200,0.0,0.0,0.0
2016-10-11,22.31999969482422,22.31999969482422,22.09000015258789,22.229999542236328,7.2049665451049805,13900,0.0,0.0,0.0
2016-10-12,22.360000610351562,22.360000610351562,22.1200008392334,22.219999313354492,7.201724529266357,7600,0.0,0.0,0.0
2016-10-13,22.110000610351562,22.239999771118164,22.0,22.207000732421875,7.197506904602051,29300,0.0,0.0,0.0
2016-10-14,22.450000762939453,22.450000762939453,22.15999984741211,22.200000762939453,7.195242404937744,20600,0.0,0.0,0.0
2016-10-17,22.3700008392334,22.3700008392334,22.18000030517578,22.209999084472656,7.19848108291626,12100,0.0,0.0,0.0
2016-10-18,22.170000076293945,22.3799991607666,22.170000076293945,22.31999969482422,7.234137058258057,36000,0.0,0.0,0.0
2016-10-19,22.399999618530273,22.399999618530273,22.224000930786133,22.290000915527344,7.224413871765137,18900,0.0,0.0,0.0
2016-10-20,22.31999969482422,22.450000762939453,22.290000915527344,22.3799991607666,7.253581523895264,20600,0.0,0.0,0.0
2016-10-21,22.360000610351562,22.45400047302246,22.299999237060547,22.399999618530273,7.260064125061035,14600,0.0,0.0,0.0
2016-10-24,22.670000076293945,22.670000076293945,22.5,22.59000015258789,7.321645259857178,19000,0.0,0.0,0.0
2016-10-25,22.799999237060547,22.799999237060547,22.469999313354492,22.540000915527344,7.3054399490356445,31100,0.0,0.0,0.0
2016-10-26,22.530000686645508,22.530000686645508,22.180999755859375,22.260000228881836,7.262695789337158,25500,0.149,0.0,0.0
2016-10-27,22.5,22.5,22.200000762939453,22.281999588012695,7.269874572753906,9900,0.0,0.0,0.0
2016-10-28,22.549999237060547,22.549999237060547,22.1299991607666,22.1299991607666,7.220282554626465,20300,0.0,0.0,0.0
2016-10-31,22.329999923706055,22.329999923706055,22.100000381469727,22.149999618530273,7.226811408996582,9700,0.0,0.0,0.0
2016-11-01,22.170000076293945,22.183000564575195,21.9060001373291,22.03499984741211,7.189287185668945,9600,0.0,0.0,0.0
2016-11-02,22.079999923706055,22.208999633789062,21.8700008392334,21.90999984741211,7.148502826690674,24800,0.0,0.0,0.0
2016-11-03,22.049999237060547,22.049999237060547,21.75,21.829999923706055,7.122402667999268,25600,0.0,0.0,0.0
2016-11-04,21.850000381469727,21.905000686645508,21.610000610351562,21.6200008392334,7.053888320922852,50500,0.0,0.0,0.0
2016-11-07,22.049999237060547,22.197999954223633,21.959999084472656,22.040000915527344,7.190918445587158,52300,0.0,0.0,0.0
2016-11-08,22.25,22.25,22.0,22.09000015258789,7.2072296142578125,24300,0.0,0.0,0.0
2016-11-09,22.0,22.39900016784668,22.0,22.31999969482422,7.2822699546813965,25200,0.0,0.0,0.0
2016-11-10,22.270000457763672,22.270000457763672,21.84000015258789,22.100000381469727,7.210492134094238,28800,0.0,0.0,0.0
2016-11-11,22.0,22.149999618530273,21.899999618530273,22.06100082397461,7.197770118713379,17600,0.0,0.0,0.0
2016-11-14,21.940000534057617,22.069000244140625,21.783000946044922,21.84000015258789,7.125665187835693,18300,0.0,0.0,0.0
2016-11-15,22.049999237060547,22.26799964904785,22.049999237060547,22.149999618530273,7.226811408996582,19500,0.0,0.0,0.0
2016-11-16,22.275999069213867,22.38800048828125,22.190000534057617,22.19099998474121,7.240185737609863,12200,0.0,0.0,0.0
2016-11-17,22.329999923706055,22.5,22.266000747680664,22.489999771118164,7.337738990783691,10500,0.0,0.0,0.0
2016-11-18,22.402000427246094,22.489999771118164,22.327999114990234,22.422000885009766,7.315551280975342,9800,0.0,0.0,0.0
2016-11-21,22.489999771118164,22.599000930786133,22.450000762939453,22.56999969482422,7.363840579986572,19900,0.0,0.0,0.0
2016-11-22,22.600000381469727,22.726999282836914,22.469999313354492,22.600000381469727,7.373630046844482,26000,0.0,0.0,0.0
2016-11-23,22.49799919128418,22.49799919128418,22.399999618530273,22.420000076293945,7.367712497711182,18700,0.162,0.0,0.0
2016-11-25,22.399999618530273,22.600000381469727,22.399999618530273,22.485000610351562,7.389073848724365,8100,0.0,0.0,0.0
2016-11-28,22.68000030517578,22.68000030517578,22.33300018310547,22.450000762939453,7.377575874328613,8000,0.0,0.0,0.0
2016-11-29,22.360000610351562,22.6299991607666,22.360000610351562,22.479999542236328,7.387430191040039,106700,0.0,0.0,0.0
2016-11-30,22.780000686645508,22.780000686645508,22.309999465942383,22.309999465942383,7.331561088562012,65500,0.0,0.0,0.0
2016-12-01,22.309999465942383,22.34000015258789,22.100000381469727,22.1200008392334,7.2691240310668945,20800,0.0,0.0,0.0
2016-12-02,22.149999618530273,22.240999221801758,22.139999389648438,22.149999618530273,7.278988361358643,30300,0.0,0.0,0.0
2016-12-05,22.200000762939453,22.409000396728516,22.16699981689453,22.350000381469727,7.344708442687988,15600,0.0,0.0,0.0
2016-12-06,22.489999771118164,22.489999771118164,22.25,22.34000015258789,7.341424942016602,29300,0.0,0.0,0.0
2016-12-07,22.200000762939453,22.549999237060547,22.200000762939453,22.549999237060547,7.410434246063232,14300,0.0,0.0,0.0
2016-12-08,22.639999389648438,22.639999389648438,22.483999252319336,22.50200080871582,7.394660949707031,14500,0.0,0.0,0.0
2016-12-09,22.709999084472656,22.709999084472656,22.464000701904297,22.549999237060547,7.410434246063232,15800,0.0,0.0,0.0
2016-12-12,22.559999465942383,22.621000289916992,22.540000915527344,22.579999923706055,7.420290470123291,9500,0.0,0.0,0.0
2016-12-13,22.549999237060547,22.739999771118164,22.549999237060547,22.709999084472656,7.463011264801025,30700,0.0,0.0,0.0
2016-12-14,22.559999465942383,22.66200065612793,22.549999237060547,22.549999237060547,7.410434246063232,9900,0.0,0.0,0.0
2016-12-15,22.690000534057617,22.695999145507812,22.549999237060547,22.600000381469727,7.42686653137207,27100,0.0,0.0,0.0
2016-12-16,22.68199920654297,22.68199920654297,22.350000381469727,22.350000381469727,7.344708442687988,24100,0.0,0.0,0.0
2016-12-19,22.6200008392334,22.62700080871582,22.534000396728516,22.56599998474121,7.4156928062438965,8800,0.0,0.0,0.0
2016-12-20,22.59000015258789,22.670000076293945,22.549999237060547,22.6299991607666,7.436727046966553,12200,0.0,0.0,0.0
2016-12-21,22.440000534057617,22.520000457763672,22.399999618530273,22.450000762939453,7.425479888916016,9100,0.146,0.0,0.0
2016-12-22,22.499000549316406,22.513999938964844,22.31999969482422,22.34000015258789,7.389096260070801,23500,0.0,0.0,0.0
2016-12-23,22.520000457763672,22.530000686645508,22.34000015258789,22.459999084472656,7.42878532409668,25400,0.0,0.0,0.0
2016-12-27,22.40999984741211,22.649999618530273,22.40999984741211,22.510000228881836,7.445326328277588,40700,0.0,0.0,0.0
2016-12-28,22.559999465942383,22.589000701904297,22.385000228881836,22.488000869750977,7.438046932220459,15000,0.0,0.0,0.0
2016-12-29,22.606000900268555,22.606000900268555,22.399999618530273,22.399999618530273,7.408936977386475,10900,0.0,0.0,0.0
2016-12-30,22.3700008392334,22.40999984741211,22.27899932861328,22.350000381469727,7.392400741577148,15200,0.0,0.0,0.0
2017-01-03,22.5,22.5,22.31100082397461,22.360000610351562,7.395711898803711,22700,0.0,0.0,0.0
2017-01-04,22.5,22.5,22.420000076293945,22.5,7.442017555236816,13100,0.0,0.0,0.0
2017-01-05,22.450000762939453,22.639999389648438,22.450000762939453,22.559999465942383,7.4618611335754395,28200,0.0,0.0,0.0
2017-01-06,22.645000457763672,22.764999389648438,22.625,22.65999984741211,7.494936466217041,31600,0.0,0.0,0.0
2017-01-09,22.649999618530273,22.75,22.606000900268555,22.739999771118164,7.521396160125732,22900,0.0,0.0,0.0
2017-01-10,22.700000762939453,22.760000228881836,22.700000762939453,22.72599983215332,7.516765594482422,9000,0.0,0.0,0.0
2017-01-11,22.8799991607666,22.8799991607666,22.709999084472656,22.770000457763672,7.531325340270996,52500,0.0,0.0,0.0
2017-01-12,22.729999542236328,22.81999969482422,22.621000289916992,22.799999237060547,7.5412421226501465,28600,0.0,0.0,0.0
2017-01-13,22.850000381469727,22.850000381469727,22.700000762939453,22.799999237060547,7.5412421226501465,31700,0.0,0.0,0.0
2017-01-17,22.8700008392334,22.8700008392334,22.75,22.799999237060547,7.5412421226501465,64500,0.0,0.0,0.0
2017-01-18,22.940000534057617,22.940000534057617,22.709999084472656,22.829999923706055,7.5511651039123535,19600,0.0,0.0,0.0
2017-01-19,22.889999389648438,22.889999389648438,22.790000915527344,22.829999923706055,7.5511651039123535,7600,0.0,0.0,0.0
2017-01-20,22.93000030517578,22.93000030517578,22.799999237060547,22.82900047302246,7.550834655761719,17200,0.0,0.0,0.0
2017-01-23,22.93000030517578,22.93000030517578,22.75,22.760000228881836,7.528016090393066,25300,0.0,0.0,0.0
2017-01-24,22.979999542236328,23.049999237060547,22.8700008392334,23.010000228881836,7.610701560974121,31700,0.0,0.0,0.0
2017-01-25,23.010000228881836,23.010000228881836,22.822999954223633,22.959999084472656,7.636648178100586,18400,0.128,0.0,0.0
2017-01-26,22.950000762939453,23.0,22.81999969482422,22.89699935913086,7.6156907081604,25100,0.0,0.0,0.0
2017-01-27,23.06999969482422,23.06999969482422,22.899999618530273,22.9950008392334,7.64829158782959,7600,0.0,0.0,0.0
2017-01-30,23.030000686645508,23.030000686645508,22.809999465942383,22.950000762939453,7.6333184242248535,17800,0.0,0.0,0.0
2017-01-31,22.979999542236328,22.979999542236328,22.850000381469727,22.899999618530273,7.616690158843994,6700,0.0,0.0,0.0
2017-02-01,22.899999618530273,23.04800033569336,22.882999420166016,22.93000030517578,7.626668930053711,24600,0.0,0.0,0.0
2017-02-02,23.0,23.010000228881836,22.940000534057617,22.979999542236328,7.6432976722717285,19500,0.0,0.0,0.0
2017-02-03,22.979999542236328,23.030000686645508,22.93000030517578,23.020000457763672,7.656600475311279,13600,0.0,0.0,0.0
2017-02-06,23.100000381469727,23.104000091552734,22.95800018310547,23.040000915527344,7.663252353668213,11000,0.0,0.0,0.0
2017-02-07,23.25,23.25,23.010000228881836,23.010000228881836,7.653275489807129,15800,0.0,0.0,0.0
2017-02-08,22.989999771118164,23.079999923706055,22.951000213623047,23.059999465942383,7.66990327835083,52700,0.0,0.0,0.0
2017-02-09,23.15999984741211,23.15999984741211,23.010000228881836,23.065000534057617,7.671567916870117,46100,0.0,0.0,0.0
2017-02-10,23.100000381469727,23.100000381469727,23.03700065612793,23.09000015258789,7.679882049560547,45300,0.0,0.0,0.0
2017-02-13,23.270000457763672,23.270000457763672,23.020000457763672,23.066999435424805,7.672235488891602,18200,0.0,0.0,0.0
2017-02-14,23.18000030517578,23.18000030517578,23.0,23.05500030517578,7.668243885040283,32400,0.0,0.0,0.0
2017-02-15,23.139999389648438,23.139999389648438,23.0,23.059999465942383,7.66990327835083,17400,0.0,0.0,0.0
2017-02-16,23.139999389648438,23.139999389648438,23.010000228881836,23.06999969482422,7.673229694366455,23000,0.0,0.0,0.0
2017-02-17,23.100000381469727,23.149999618530273,23.010000228881836,23.139999389648438,7.696513652801514,18900,0.0,0.0,0.0
2017-02-21,23.299999237060547,23.329999923706055,23.200000762939453,23.25,7.733100891113281,29800,0.0,0.0,0.0
2017-02-22,23.270000457763672,23.270000457763672,23.041000366210938,23.114999771118164,7.721407890319824,15500,0.1,0.0,0.0
2017-02-23,23.149999618530273,23.149999618530273,23.0,23.059999465942383,7.703032970428467,46900,0.0,0.0,0.0
2017-02-24,22.899999618530273,23.09000015258789,22.899999618530273,23.049999237060547,7.699697017669678,32900,0.0,0.0,0.0
2017-02-27,23.0,23.100000381469727,22.996000289916992,23.09000015258789,7.713057518005371,20600,0.0,0.0,0.0
2017-02-28,23.100000381469727,23.100000381469727,22.979999542236328,23.06999969482422,7.706379413604736,40300,0.0,0.0,0.0
2017-03-01,23.34000015258789,23.34000015258789,23.040000915527344,23.200000762939453,7.749804496765137,11700,0.0,0.0,0.0
2017-03-02,23.239999771118164,23.25,23.059999465942383,23.139999389648438,7.729762077331543,21100,0.0,0.0,0.0
2017-03-03,22.989999771118164,23.18000030517578,22.989999771118164,23.1299991607666,7.726419448852539,33600,0.0,0.0,0.0
2017-03-06,23.100000381469727,23.25,23.079999923706055,23.25,7.766505241394043,20100,0.0,0.0,0.0
2017-03-07,23.25,23.25,23.15999984741211,23.18000030517578,7.74312162399292,14300,0.0,0.0,0.0
2017-03-08,23.198999404907227,23.249000549316406,23.15999984741211,23.229999542236328,7.759819507598877,7900,0.0,0.0,0.0
2017-03-09,23.06999969482422,23.209999084472656,23.06999969482422,23.209999084472656,7.753139972686768,12800,0.0,0.0,0.0
2017-03-10,23.170000076293945,23.290000915527344,23.1299991607666,23.170000076293945,7.739781856536865,23600,0.0,0.0,0.0
2017-03-13,23.299999237060547,23.299999237060547,23.14699935913086,23.200000762939453,7.749804496765137,18800,0.0,0.0,0.0
2017-03-14,23.23699951171875,23.30900001525879,23.23699951171875,23.25,7.766505241394043,5300,0.0,0.0,0.0
2017-03-15,23.25,23.339000701904297,23.23900032043457,23.268999099731445,7.772855758666992,12400,0.0,0.0,0.0
2017-03-16,23.200000762939453,23.329999923706055,23.200000762939453,23.200000762939453,7.749804496765137,24300,0.0,0.0,0.0
2017-03-17,23.264999389648438,23.339000701904297,23.1299991607666,23.18000030517578,7.74312162399292,86900,0.0,0.0,0.0
2017-03-20,23.059999465942383,23.270000457763672,23.049999237060547,23.200000762939453,7.749804496765137,46700,0.0,0.0,0.0
2017-03-21,23.200000762939453,23.25,23.020000457763672,23.020000457763672,7.689677715301514,24100,0.0,0.0,0.0
2017-03-22,22.889999389648438,22.992000579833984,22.889999389648438,22.969999313354492,7.714189529418945,13700,0.123,0.0,0.0
2017-03-23,22.950000762939453,23.059999465942383,22.940000534057617,22.940000534057617,7.704113483428955,18000,0.0,0.0,0.0
2017-03-24,22.899999618530273,23.059999465942383,22.899999618530273,22.964000701904297,7.7121758460998535,8800,0.0,0.0,0.0
2017-03-27,22.959999084472656,23.100000381469727,22.8799991607666,23.06999969482422,7.747775554656982,25700,0.0,0.0,0.0
2017-03-28,23.06999969482422,23.25,23.018999099731445,23.149999618530273,7.774643898010254,20500,0.0,0.0,0.0
2017-03-29,23.229999542236328,23.290000915527344,23.125999450683594,23.280000686645508,7.818301200866699,89400,0.0,0.0,0.0
2017-03-30,23.25,23.280000686645508,23.25,23.273000717163086,7.815953254699707,5200,0.0,0.0,0.0
2017-03-31,23.25,23.270000457763672,23.200000762939453,23.25,7.808227062225342,17200,0.0,0.0,0.0
2017-04-03,23.309999465942383,23.319000244140625,23.200000762939453,23.260000228881836,7.811584949493408,20500,0.0,0.0,0.0
2017-04-04,23.290000915527344,23.29800033569336,23.209999084472656,23.239999771118164,7.804867744445801,21000,0.0,0.0,0.0
2017-04-05,23.285999298095703,23.350000381469727,23.1200008392334,23.1200008392334,7.76456880569458,23300,0.0,0.0,0.0
2017-04-06,23.110000610351562,23.299999237060547,23.110000610351562,23.275999069213867,7.816961288452148,18500,0.0,0.0,0.0
2017-04-07,23.299999237060547,23.350000381469727,23.231000900268555,23.290000915527344,7.8216633796691895,11800,0.0,0.0,0.0
2017-04-10,23.34000015258789,23.34000015258789,23.260000228881836,23.299999237060547,7.825018405914307,10300,0.0,0.0,0.0
2017-04-11,23.34000015258789,23.34000015258789,23.149999618530273,23.231000900268555,7.801849842071533,23000,0.0,0.0,0.0
2017-04-12,23.239999771118164,23.329999923706055,23.219999313354492,23.219999313354492,7.79815149307251,14900,0.0,0.0,0.0
2017-04-13,23.235000610351562,23.31999969482422,23.100000381469727,23.100000381469727,7.757847309112549,49500,0.0,0.0,0.0
2017-04-17,23.110000610351562,23.260000228881836,23.110000610351562,23.202999114990234,7.792437553405762,6100,0.0,0.0,0.0
2017-04-18,23.239999771118164,23.319000244140625,23.200000762939453,23.290000915527344,7.8216633796691895,22700,0.0,0.0,0.0
2017-04-19,23.3799991607666,23.479000091552734,23.309999465942383,23.31999969482422,7.8317365646362305,16100,0.0,0.0,0.0
2017-04-20,23.479999542236328,23.530000686645508,23.402999877929688,23.40999984741211,7.8619561195373535,27900,0.0,0.0,0.0
2017-04-21,23.395000457763672,23.469999313354492,23.3700008392334,23.420000076293945,7.865316390991211,43400,0.0,0.0,0.0
2017-04-24,23.690000534057617,23.690000534057617,23.48699951171875,23.549999237060547,7.90897798538208,27500,0.0,0.0,0.0
2017-04-25,23.690000534057617,23.690000534057617,23.5,23.559999465942383,7.912339210510254,34300,0.0,0.0,0.0
2017-04-26,23.6200008392334,23.6200008392334,23.399999618530273,23.469999313354492,7.93092155456543,50900,0.145,0.0,0.0
2017-04-27,23.68000030517578,23.68000030517578,23.459999084472656,23.5,7.9410552978515625,23900,0.0,0.0,0.0
2017-04-28,23.5,23.57900047302246,23.434999465942383,23.459999084472656,7.9275431632995605,20700,0.0,0.0,0.0
2017-05-01,23.59000015258789,23.59000015258789,23.378000259399414,23.559999465942383,7.961333751678467,24700,0.0,0.0,0.0
2017-05-02,23.59000015258789,23.59000015258789,23.5,23.54400062561035,7.955926418304443,24300,0.0,0.0,0.0
2017-05-03,23.540000915527344,23.579999923706055,23.5,23.520000457763672,7.947817325592041,13600,0.0,0.0,0.0
2017-05-04,23.540000915527344,23.65999984741211,23.510000228881836,23.65999984741211,7.995124816894531,27100,0.0,0.0,0.0
2017-05-05,23.44499969482422,23.667999267578125,23.44499969482422,23.65999984741211,7.995124816894531,16300,0.0,0.0,0.0
2017-05-08,23.59000015258789,23.65999984741211,23.5,23.610000610351562,7.978224754333496,35600,0.0,0.0,0.0
2017-05-09,23.679000854492188,23.694000244140625,23.530000686645508,23.575000762939453,7.966399192810059,33500,0.0,0.0,0.0
2017-05-10,23.56999969482422,23.679000854492188,23.56999969482422,23.600000381469727,7.974853992462158,21900,0.0,0.0,0.0
2017-05-11,23.600000381469727,23.690000534057617,23.59000015258789,23.6200008392334,7.981607437133789,26900,0.0,0.0,0.0
2017-05-12,23.6299991607666,23.642000198364258,23.558000564575195,23.6200008392334,7.981607437133789,19800,0.0,0.0,0.0
2017-05-15,23.690000534057617,23.84000015258789,23.559999465942383,23.6200008392334,7.981607437133789,21400,0.0,0.0,0.0
2017-05-16,23.709999084472656,23.709999084472656,23.565000534057617,23.6200008392334,7.981607437133789,23800,0.0,0.0,0.0
2017-05-17,23.65999984741211,23.673999786376953,23.5,23.6200008392334,7.981607437133789,29800,0.0,0.0,0.0
2017-05-18,23.549999237060547,23.64299964904785,23.549999237060547,23.618000030517578,7.980931282043457,16400,0.0,0.0,0.0
2017-05-19,23.6200008392334,23.809999465942383,23.56999969482422,23.690000534057617,8.00526237487793,58400,0.0,0.0,0.0
2017-05-22,23.850000381469727,23.850000381469727,23.700000762939453,23.781999588012695,8.036349296569824,41000,0.0,0.0,0.0
2017-05-23,23.979999542236328,23.979999542236328,23.799999237060547,23.809999465942383,8.045815467834473,35800,0.0,0.0,0.0
2017-05-24,23.8700008392334,23.8700008392334,23.70199966430664,23.739999771118164,8.064833641052246,27300,0.126,0.0,0.0
2017-05-25,23.799999237060547,23.889999389648438,23.7810001373291,23.81999969482422,8.092016220092773,52800,0.0,0.0,0.0
2017-05-26,23.850000381469727,23.850000381469727,23.760000228881836,23.799999237060547,8.085216522216797,16500,0.0,0.0,0.0
2017-05-30,24.030000686645508,24.030000686645508,23.790000915527344,23.829999923706055,8.095410346984863,25200,0.0,0.0,0.0
2017-05-31,24.06999969482422,24.06999969482422,23.75,23.75,8.068232536315918,55300,0.0,0.0,0.0
2017-06-01,23.969999313354492,23.969999313354492,23.75,23.8700008392334,8.109001159667969,68500,0.0,0.0,0.0
2017-06-02,23.969999313354492,24.073999404907227,23.79800033569336,23.920000076293945,8.125985145568848,20400,0.0,0.0,0.0
2017-06-05,23.979999542236328,23.989999771118164,23.889999389648438,23.924999237060547,8.127683639526367,29000,0.0,0.0,0.0
2017-06-06,23.975000381469727,23.979999542236328,23.8799991607666,23.889999389648438,8.11579704284668,40900,0.0,0.0,0.0
2017-06-07,23.87299919128418,24.0,23.850000381469727,23.950000762939453,8.136178970336914,45700,0.0,0.0,0.0
2017-06-08,23.954999923706055,24.010000228881836,23.899999618530273,23.90999984741211,8.122589111328125,32100,0.0,0.0,0.0
2017-06-09,24.079999923706055,24.079999923706055,23.75,23.780000686645508,8.078422546386719,96200,0.0,0.0,0.0
2017-06-12,23.780000686645508,23.81999969482422,23.5,23.799999237060547,8.085216522216797,54900,0.0,0.0,0.0
2017-06-13,23.760000228881836,23.899999618530273,23.760000228881836,23.864999771118164,8.1072998046875,41000,0.0,0.0,0.0
2017-06-14,23.8700008392334,23.93000030517578,23.790000915527344,23.920000076293945,8.125985145568848,39300,0.0,0.0,0.0
2017-06-15,24.040000915527344,24.040000915527344,23.670000076293945,23.940000534057617,8.13277816772461,27500,0.0,0.0,0.0
2017-06-16,23.989999771118164,23.989999771118164,23.760000228881836,23.81999969482422,8.092016220092773,22800,0.0,0.0,0.0
2017-06-19,24.0,24.0,23.875999450683594,24.0,8.15316104888916,24600,0.0,0.0,0.0
2017-06-20,24.0,24.1200008392334,23.95199966430664,24.0,8.15316104888916,52900,0.0,0.0,0.0
2017-06-21,23.780000686645508,23.860000610351562,23.75,23.760000228881836,8.146647453308105,14400,0.221,0.0,0.0
2017-06-22,23.93000030517578,23.93000030517578,23.719999313354492,23.81800079345703,8.16653823852539,19300,0.0,0.0,0.0
2017-06-23,23.809999465942383,23.90999984741211,23.79599952697754,23.889999389648438,8.191224098205566,16800,0.0,0.0,0.0
2017-06-26,23.889999389648438,23.945999145507812,23.77899932861328,23.84000015258789,8.174080848693848,40900,0.0,0.0,0.0
2017-06-27,23.920000076293945,23.920000076293945,23.649999618530273,23.670000076293945,8.115795135498047,51100,0.0,0.0,0.0
2017-06-28,23.790000915527344,23.790000915527344,23.600000381469727,23.726999282836914,8.135332107543945,22600,0.0,0.0,0.0
2017-06-29,23.829999923706055,23.829999923706055,23.43600082397461,23.6299991607666,8.102072715759277,35200,0.0,0.0,0.0
2017-06-30,23.610000610351562,23.709999084472656,23.5049991607666,23.639999389648438,8.105504989624023,17800,0.0,0.0,0.0
2017-07-03,23.549999237060547,23.739999771118164,23.5,23.520000457763672,8.06435775756836,14900,0.0,0.0,0.0
2017-07-05,23.610000610351562,23.75,23.520000457763672,23.700000762939453,8.126076698303223,28000,0.0,0.0,0.0
2017-07-06,23.780000686645508,23.780000686645508,23.520000457763672,23.579999923706055,8.084931373596191,74300,0.0,0.0,0.0
2017-07-07,23.59000015258789,23.764999389648438,23.59000015258789,23.683000564575195,8.120245933532715,31100,0.0,0.0,0.0
2017-07-10,23.68000030517578,23.937999725341797,23.67099952697754,23.860000610351562,8.180936813354492,41800,0.0,0.0,0.0
2017-07-11,23.90999984741211,23.93000030517578,23.739999771118164,23.799999237060547,8.16036319732666,52900,0.0,0.0,0.0
2017-07-12,23.899999618530273,23.989999771118164,23.809999465942383,23.926000595092773,8.203561782836914,27000,0.0,0.0,0.0
2017-07-13,23.891000747680664,24.06999969482422,23.868000030517578,23.959999084472656,8.215221405029297,18400,0.0,0.0,0.0
2017-07-14,24.100000381469727,24.100000381469727,23.93400001525879,24.01799964904785,8.23511028289795,18800,0.0,0.0,0.0
2017-07-17,23.989999771118164,24.020000457763672,23.950000762939453,24.0,8.228937149047852,38000,0.0,0.0,0.0
2017-07-18,23.989999771118164,24.05500030517578,23.90999984741211,24.030000686645508,8.239224433898926,1100100,0.0,0.0,0.0
2017-07-19,23.983999252319336,24.059999465942383,23.913000106811523,24.0,8.228937149047852,86200,0.0,0.0,0.0
2017-07-20,24.1299991607666,24.1299991607666,23.90999984741211,24.020000457763672,8.235795974731445,52700,0.0,0.0,0.0
2017-07-21,23.90999984741211,24.15999984741211,23.90999984741211,23.93000030517578,8.204937934875488,27400,0.0,0.0,0.0
2017-07-24,24.100000381469727,24.100000381469727,23.959999084472656,23.979999542236328,8.222082138061523,10800,0.0,0.0,0.0
2017-07-25,24.110000610351562,24.110000610351562,23.969999313354492,24.0,8.228937149047852,29400,0.0,0.0,0.0
2017-07-26,23.969999313354492,24.041000366210938,23.84000015258789,23.889999389648438,8.245850563049316,32700,0.159,0.0,0.0
2017-07-27,23.93600082397461,23.93600082397461,23.639999389648438,23.709999084472656,8.183720588684082,51800,0.0,0.0,0.0
2017-07-28,23.489999771118164,23.969999313354492,23.489999771118164,23.77899932861328,8.207534790039062,25200,0.0,0.0,0.0
2017-07-31,23.979999542236328,23.979999542236328,23.739999771118164,23.81999969482422,8.221688270568848,62000,0.0,0.0,0.0
2017-08-01,23.899999618530273,23.899999618530273,23.757999420166016,23.81999969482422,8.221688270568848,20100,0.0,0.0,0.0
2017-08-02,23.875,23.93000030517578,23.770000457763672,23.88599967956543,8.24446964263916,201500,0.0,0.0,0.0
2017-08-03,23.809999465942383,23.93000030517578,23.760000228881836,23.809999465942383,8.21823501586914,30200,0.0,0.0,0.0
2017-08-04,23.959999084472656,23.959999084472656,23.850000381469727,23.889999389648438,8.245850563049316,19100,0.0,0.0,0.0
2017-08-07,23.979999542236328,24.0,23.81999969482422,24.0,8.283820152282715,62000,0.0,0.0,0.0
2017-08-08,24.1299991607666,24.1299991607666,23.950000762939453,23.979999542236328,8.27691650390625,38900,0.0,0.0,0.0
2017-08-09,23.940000534057617,24.010000228881836,23.8799991607666,24.0,8.283820152282715,34200,0.0,0.0,0.0
2017-08-10,23.989999771118164,23.989999771118164,23.579999923706055,23.579999923706055,8.138849258422852,59900,0.0,0.0,0.0
2017-08-11,23.5,23.780000686645508,23.5,23.68000030517578,8.173365592956543,22300,0.0,0.0,0.0
2017-08-14,23.850000381469727,24.030000686645508,23.850000381469727,24.030000686645508,8.294172286987305,15300,0.0,0.0,0.0
2017-08-15,24.170000076293945,24.170000076293945,23.965999603271484,24.049999237060547,8.301074981689453,22800,0.0,0.0,0.0
2017-08-16,24.09000015258789,24.149999618530273,23.996999740600586,24.09000015258789,8.3148832321167,29200,0.0,0.0,0.0
2017-08-17,24.18000030517578,24.18000030517578,23.600000381469727,23.600000381469727,8.14575481414795,45800,0.0,0.0,0.0
2017-08-18,23.600000381469727,23.805999755859375,23.579999923706055,23.65399932861328,8.164397239685059,21400,0.0,0.0,0.0
2017-08-21,23.700000762939453,23.760000228881836,23.559999465942383,23.600000381469727,8.14575481414795,22600,0.0,0.0,0.0
2017-08-22,23.729999542236328,23.948999404907227,23.729999542236328,23.850000381469727,8.232048034667969,26300,0.0,0.0,0.0
2017-08-23,23.809999465942383,23.84000015258789,23.584999084472656,23.6200008392334,8.222641944885254,34300,0.203,0.0,0.0
2017-08-24,23.90999984741211,23.90999984741211,23.510000228881836,23.649999618530273,8.233091354370117,20300,0.0,0.0,0.0
2017-08-25,23.65999984741211,23.780000686645508,23.610000610351562,23.610000610351562,8.219161987304688,17400,0.0,0.0,0.0
2017-08-28,23.799999237060547,23.799999237060547,23.650999069213867,23.75,8.26789665222168,28400,0.0,0.0,0.0
2017-08-29,23.739999771118164,23.829999923706055,23.600000381469727,23.75,8.26789665222168,22400,0.0,0.0,0.0
2017-08-30,23.75,23.889999389648438,23.75,23.850000381469727,8.302716255187988,13700,0.0,0.0,0.0
2017-08-31,23.899999618530273,23.950000762939453,23.860000610351562,23.93000030517578,8.33056354522705,28200,0.0,0.0,0.0
2017-09-01,24.030000686645508,24.030000686645508,23.799999237060547,23.899999618530273,8.320117950439453,59900,0.0,0.0,0.0
2017-09-05,23.950000762939453,23.966999053955078,23.729999542236328,23.899999618530273,8.320117950439453,33800,0.0,0.0,0.0
2017-09-06,24.020000457763672,24.020000457763672,23.804000854492188,23.809999465942383,8.288784980773926,33500,0.0,0.0,0.0
2017-09-07,23.85300064086914,23.916000366210938,23.816999435424805,23.899999618530273,8.320117950439453,38600,0.0,0.0,0.0
2017-09-08,23.969999313354492,23.979000091552734,23.861000061035156,23.899999618530273,8.320117950439453,149300,0.0,0.0,0.0
2017-09-11,23.90999984741211,23.969999313354492,23.84000015258789,23.920000076293945,8.3270845413208,37100,0.0,0.0,0.0
2017-09-12,23.860000610351562,23.969999313354492,23.84000015258789,23.899999618530273,8.320117950439453,36500,0.0,0.0,0.0
2017-09-13,23.899999618530273,23.92099952697754,23.860000610351562,23.889999389648438,8.316638946533203,15700,0.0,0.0,0.0
2017-09-14,23.93000030517578,23.93000030517578,23.81999969482422,23.882999420166016,8.31419849395752,58000,0.0,0.0,0.0
2017-09-15,23.93000030517578,24.0,23.8799991607666,23.96500015258789,8.342751502990723,60500,0.0,0.0,0.0
2017-09-18,24.030000686645508,24.100000381469727,23.893999099731445,24.018999099731445,8.361539840698242,40600,0.0,0.0,0.0
2017-09-19,24.09000015258789,24.09000015258789,23.951000213623047,24.059999465942383,8.37581729888916,41700,0.0,0.0,0.0
2017-09-20,24.010000228881836,24.010000228881836,23.75,23.847000122070312,8.355149269104004,61400,0.154,0.0,0.0
2017-09-21,23.90999984741211,23.90999984741211,23.690000534057617,23.780000686645508,8.331669807434082,27700,0.0,0.0,0.0
2017-09-22,23.75,23.790000915527344,23.670000076293945,23.75,8.321157455444336,27500,0.0,0.0,0.0
2017-09-25,23.75,23.75,23.5,23.540000915527344,8.24758243560791,33200,0.0,0.0,0.0
2017-09-26,23.68000030517578,23.700000762939453,23.549999237060547,23.610000610351562,8.272111892700195,38100,0.0,0.0,0.0
2017-09-27,23.600000381469727,23.81999969482422,23.600000381469727,23.75,8.321157455444336,66400,0.0,0.0,0.0
2017-09-28,23.75,23.799999237060547,23.700000762939453,23.719999313354492,8.310648918151855,55400,0.0,0.0,0.0
2017-09-29,23.739999771118164,23.940000534057617,23.731000900268555,23.899999618530273,8.373712539672852,53900,0.0,0.0,0.0
2017-10-02,24.0,24.0,23.875,23.950000762939453,8.391234397888184,15000,0.0,0.0,0.0
2017-10-03,23.989999771118164,23.989999771118164,23.940000534057617,23.959999084472656,8.394737243652344,24800,0.0,0.0,0.0
2017-10-04,23.989999771118164,23.989999771118164,23.93199920654297,23.975000381469727,8.399998664855957,34900,0.0,0.0,0.0
2017-10-05,23.989999771118164,24.100000381469727,23.979999542236328,24.100000381469727,8.443791389465332,24700,0.0,0.0,0.0
2017-10-06,24.100000381469727,24.1200008392334,24.010000228881836,24.09000015258789,8.440284729003906,26200,0.0,0.0,0.0
2017-10-09,24.040000915527344,24.149999618530273,24.040000915527344,24.100000381469727,8.443791389465332,28500,0.0,0.0,0.0
2017-10-10,24.1200008392334,24.149999618530273,24.0,24.139999389648438,8.457805633544922,36500,0.0,0.0,0.0
2017-10-11,24.25,24.25,24.114999771118164,24.18000030517578,8.471818923950195,21100,0.0,0.0,0.0
2017-10-12,24.229999542236328,24.229999542236328,24.14299964904785,24.190000534057617,8.475325584411621,28900,0.0,0.0,0.0
2017-10-13,24.299999237060547,24.299999237060547,24.18000030517578,24.200000762939453,8.478828430175781,23600,0.0,0.0,0.0
2017-10-16,24.31999969482422,24.31999969482422,24.15999984741211,24.219999313354492,8.485830307006836,32600,0.0,0.0,0.0
2017-10-17,24.260000228881836,24.260000228881836,24.16900062561035,24.24799919128418,8.49564266204834,26100,0.0,0.0,0.0
2017-10-18,24.309999465942383,24.309999465942383,24.209999084472656,24.229999542236328,8.489337921142578,38500,0.0,0.0,0.0
2017-10-19,24.170000076293945,24.260000228881836,24.170000076293945,24.2450008392334,8.494593620300293,36400,0.0,0.0,0.0
2017-10-20,24.239999771118164,24.358999252319336,24.239999771118164,24.309999465942383,8.51736068725586,30800,0.0,0.0,0.0
2017-10-23,24.31999969482422,24.329999923706055,24.229999542236328,24.2450008392334,8.494593620300293,28700,0.0,0.0,0.0
2017-10-24,24.350000381469727,24.350000381469727,24.190000534057617,24.260000228881836,8.499845504760742,45100,0.0,0.0,0.0
2017-10-25,24.190000534057617,24.190000534057617,23.910999298095703,24.040000915527344,8.422767639160156,55500,0.0,0.0,0.0
2017-10-26,24.0,24.059999465942383,23.992000579833984,24.020000457763672,8.415759086608887,31400,0.0,0.0,0.0
2017-10-27,24.260000228881836,24.329999923706055,24.194000244140625,24.329999923706055,8.524372100830078,27100,0.0,0.0,0.0
2017-10-30,24.1299991607666,24.389999389648438,24.1299991607666,24.350000381469727,8.531379699707031,37200,0.0,0.0,0.0
2017-10-31,24.360000610351562,24.389999389648438,24.350000381469727,24.360000610351562,8.534884452819824,43800,0.0,0.0,0.0
2017-11-01,24.40999984741211,24.420000076293945,24.299999237060547,24.399999618530273,8.548896789550781,49100,0.0,0.0,0.0
2017-11-02,24.389999389648438,24.389999389648438,24.329999923706055,24.3799991607666,8.54189395904541,24600,0.0,0.0,0.0
2017-11-03,24.420000076293945,24.420000076293945,24.350000381469727,24.399999618530273,8.548896789550781,68500,0.0,0.0,0.0
2017-11-06,24.459999084472656,24.469999313354492,24.399999618530273,24.469999313354492,8.573424339294434,34700,0.0,0.0,0.0
2017-11-07,24.489999771118164,24.49799919128418,24.43000030517578,24.469999313354492,8.573424339294434,41800,0.0,0.0,0.0
2017-11-08,24.489999771118164,24.5,24.399999618530273,24.5,8.583927154541016,48300,0.0,0.0,0.0
2017-11-09,24.489999771118164,24.5,24.43000030517578,24.479999542236328,8.57692813873291,31600,0.0,0.0,0.0
2017-11-10,24.549999237060547,24.549999237060547,24.43000030517578,24.5,8.583927154541016,32800,0.0,0.0,0.0
2017-11-13,24.489999771118164,24.49799919128418,24.399999618530273,24.469999313354492,8.573424339294434,29400,0.0,0.0,0.0
2017-11-14,24.420000076293945,24.489999771118164,24.420000076293945,24.459999084472656,8.56992244720459,60500,0.0,0.0,0.0
2017-11-15,24.399999618530273,24.489999771118164,24.399999618530273,24.479999542236328,8.57692813873291,21900,0.0,0.0,0.0
2017-11-16,24.440000534057617,24.549999237060547,24.440000534057617,24.510000228881836,8.587438583374023,80000,0.0,0.0,0.0
2017-11-17,24.559999465942383,24.559999465942383,24.389999389648438,24.389999389648438,8.545392990112305,33400,0.0,0.0,0.0
2017-11-20,24.5,24.5,24.31999969482422,24.385000228881836,8.543646812438965,42200,0.0,0.0,0.0
2017-11-21,24.389999389648438,24.559999465942383,24.389999389648438,24.55500030517578,8.603205680847168,43200,0.0,0.0,0.0
2017-11-22,24.549999237060547,24.549999237060547,24.413999557495117,24.459999084472656,8.61623764038086,33900,0.132,0.0,0.0
2017-11-24,24.5,24.5,24.43000030517578,24.4950008392334,8.62856674194336,10800,0.0,0.0,0.0
2017-11-27,24.530000686645508,24.535999298095703,24.450000762939453,24.479999542236328,8.62328052520752,59100,0.0,0.0,0.0
2017-11-28,24.479999542236328,24.549999237060547,24.479999542236328,24.520000457763672,8.63737678527832,39700,0.0,0.0,0.0
2017-11-29,24.540000915527344,24.540000915527344,24.229999542236328,24.290000915527344,8.556355476379395,46700,0.0,0.0,0.0
2017-11-30,24.25,24.450000762939453,24.25,24.399999618530273,8.595105171203613,83100,0.0,0.0,0.0
2017-12-01,24.389999389648438,24.406999588012695,24.06999969482422,24.3799991607666,8.588058471679688,31500,0.0,0.0,0.0
2017-12-04,24.520000457763672,24.520000457763672,24.200000762939453,24.200000762939453,8.524651527404785,43100,0.0,0.0,0.0
2017-12-05,24.100000381469727,24.358999252319336,24.079999923706055,24.21500015258789,8.529937744140625,37300,0.0,0.0,0.0
2017-12-06,24.200000762939453,24.360000610351562,24.139999389648438,24.299999237060547,8.559876441955566,20000,0.0,0.0,0.0
2017-12-07,24.299999237060547,24.389999389648438,24.29800033569336,24.381000518798828,8.588410377502441,6200,0.0,0.0,0.0
2017-12-08,24.399999618530273,24.51300048828125,24.399999618530273,24.40999984741211,8.598624229431152,13500,0.0,0.0,0.0
2017-12-11,24.56999969482422,24.584999084472656,24.420000076293945,24.56999969482422,8.654988288879395,37700,0.0,0.0,0.0
2017-12-12,24.459999084472656,24.610000610351562,24.459999084472656,24.579999923706055,8.658512115478516,24200,0.0,0.0,0.0
2017-12-13,24.610000610351562,24.6200008392334,24.565000534057617,24.610000610351562,8.669074058532715,12100,0.0,0.0,0.0
2017-12-14,24.65999984741211,24.670000076293945,24.600000381469727,24.613000869750977,8.670135498046875,21400,0.0,0.0,0.0
2017-12-15,24.649999618530273,24.93000030517578,24.610000610351562,24.889999389648438,8.767707824707031,14000,0.0,0.0,0.0
2017-12-18,24.690000534057617,24.979999542236328,24.649999618530273,24.940000534057617,8.78532600402832,54700,0.0,0.0,0.0
2017-12-19,24.969999313354492,24.969999313354492,24.780000686645508,24.836999893188477,8.749039649963379,63300,0.0,0.0,0.0
2017-12-20,24.809999465942383,24.809999465942383,24.60300064086914,24.6299991607666,8.763274192810059,54800,0.247,0.0,0.0
2017-12-21,24.579999923706055,24.68000030517578,24.579999923706055,24.600000381469727,8.752598762512207,42000,0.0,0.0,0.0
2017-12-22,24.639999389648438,24.639999389648438,24.579999923706055,24.607999801635742,8.755444526672363,24400,0.0,0.0,0.0
2017-12-26,24.59000015258789,24.59000015258789,24.530000686645508,24.562999725341797,8.739432334899902,22000,0.0,0.0,0.0
2017-12-27,24.600000381469727,24.618999481201172,24.549999237060547,24.565000534057617,8.740143775939941,26500,0.0,0.0,0.0
2017-12-28,24.530000686645508,24.65999984741211,24.530000686645508,24.600000381469727,8.752598762512207,57400,0.0,0.0,0.0
2017-12-29,24.639999389648438,24.639999389648438,24.5310001373291,24.5310001373291,8.728047370910645,28500,0.0,0.0,0.0
2018-01-02,24.530000686645508,24.770000457763672,24.530000686645508,24.760000228881836,8.809528350830078,98000,0.0,0.0,0.0
2018-01-03,24.829999923706055,24.84000015258789,24.760000228881836,24.829999923706055,8.834430694580078,46000,0.0,0.0,0.0
2018-01-04,24.850000381469727,24.895000457763672,24.829999923706055,24.8799991607666,8.852221488952637,233800,0.0,0.0,0.0
2018-01-05,24.950000762939453,24.950000762939453,24.809999465942383,24.899999618530273,8.85934066772461,160800,0.0,0.0,0.0
2018-01-08,24.989999771118164,24.989999771118164,24.899999618530273,24.93000030517578,8.870014190673828,77700,0.0,0.0,0.0
2018-01-09,24.979999542236328,24.979999542236328,24.93000030517578,24.93000030517578,8.870014190673828,61400,0.0,0.0,0.0
2018-01-10,24.920000076293945,24.989999771118164,24.899999618530273,24.934999465942383,8.87178897857666,148600,0.0,0.0,0.0
2018-01-11,24.979999542236328,24.979999542236328,24.90999984741211,24.94499969482422,8.875348091125488,25100,0.0,0.0,0.0
2018-01-12,25.0,25.0049991607666,24.899999618530273,24.959999084472656,8.880685806274414,54100,0.0,0.0,0.0
2018-01-16,25.030000686645508,25.030000686645508,24.909000396728516,24.940000534057617,8.873570442199707,63300,0.0,0.0,0.0
2018-01-17,24.950000762939453,24.950000762939453,24.7810001373291,24.93000030517578,8.870014190673828,89300,0.0,0.0,0.0
2018-01-18,24.75,24.93000030517578,24.75,24.916000366210938,8.865030288696289,60000,0.0,0.0,0.0
2018-01-19,24.90999984741211,24.981000900268555,24.79800033569336,24.979999542236328,8.887802124023438,70900,0.0,0.0,0.0
2018-01-22,24.979999542236328,25.1200008392334,24.93000030517578,25.1200008392334,8.937614440917969,72600,0.0,0.0,0.0
2018-01-23,25.290000915527344,25.350000381469727,25.0,25.15999984741211,8.9518461227417,81400,0.0,0.0,0.0
2018-01-24,25.15999984741211,25.15999984741211,24.809999465942383,24.850000381469727,8.930283546447754,62300,0.25,0.0,0.0
2018-01-25,25.0,25.0,24.739999771118164,24.850000381469727,8.930283546447754,32000,0.0,0.0,0.0
2018-01-26,24.93000030517578,24.93000030517578,24.863000869750977,24.922000885009766,8.956157684326172,66100,0.0,0.0,0.0
2018-01-29,24.969999313354492,24.972999572753906,24.8700008392334,24.90999984741211,8.9518461227417,47100,0.0,0.0,0.0
2018-01-30,24.90999984741211,24.90999984741211,24.76300048828125,24.84000015258789,8.926692962646484,66300,0.0,0.0,0.0
2018-01-31,24.959999084472656,24.959999084472656,24.81999969482422,24.857999801635742,8.933158874511719,48900,0.0,0.0,0.0
2018-02-01,24.889999389648438,24.940000534057617,24.760000228881836,24.860000610351562,8.933876037597656,82400,0.0,0.0,0.0
2018-02-02,24.850000381469727,25.190000534057617,24.641000747680664,24.649999618530273,8.858404159545898,67300,0.0,0.0,0.0
2018-02-05,24.65999984741211,24.81999969482422,23.850000381469727,23.979999542236328,8.617634773254395,177500,0.0,0.0,0.0
2018-02-06,23.75,25.170000076293945,23.600000381469727,24.698999404907227,8.876018524169922,147800,0.0,0.0,0.0
2018-02-07,24.489999771118164,24.530000686645508,24.170000076293945,24.183000564575195,8.690587997436523,88300,0.0,0.0,0.0
2018-02-08,24.290000915527344,24.530000686645508,23.15999984741211,23.170000076293945,8.326544761657715,114900,0.0,0.0,0.0
2018-02-09,23.5,23.719999313354492,22.670000076293945,23.6200008392334,8.488259315490723,114200,0.0,0.0,0.0
2018-02-12,23.709999084472656,24.149999618530273,23.700000762939453,24.049999237060547,8.642789840698242,77700,0.0,0.0,0.0
2018-02-13,23.899999618530273,24.18000030517578,23.860000610351562,24.170000076293945,8.685912132263184,28300,0.0,0.0,0.0
2018-02-14,24.049999237060547,24.600000381469727,24.049999237060547,24.600000381469727,8.84044075012207,79200,0.0,0.0,0.0
2018-02-15,24.84000015258789,24.93000030517578,24.559999465942383,24.93000030517578,8.959033012390137,69900,0.0,0.0,0.0
2018-02-16,24.950000762939453,25.145000457763672,24.940000534057617,24.979999542236328,8.976995468139648,70700,0.0,0.0,0.0
2018-02-20,24.920000076293945,25.059999465942383,24.860000610351562,24.959999084472656,8.969810485839844,109000,0.0,0.0,0.0
2018-02-21,24.940000534057617,25.010000228881836,24.809999465942383,24.81999969482422,9.009379386901855,133500,0.249,0.0,0.0
2018-02-22,25.09000015258789,25.09000015258789,24.75,24.76099967956543,8.987957954406738,58300,0.0,0.0,0.0
2018-02-23,24.809999465942383,25.059999465942383,24.799999237060547,25.059999465942383,9.096495628356934,69400,0.0,0.0,0.0
2018-02-26,25.200000762939453,25.200000762939453,25.003999710083008,25.1299991607666,9.121903419494629,60100,0.0,0.0,0.0
2018-02-27,25.200000762939453,25.200000762939453,25.040000915527344,25.059999465942383,9.096495628356934,55800,0.0,0.0,0.0
2018-02-28,25.1299991607666,25.138999938964844,24.90999984741211,24.90999984741211,9.042045593261719,51200,0.0,0.0,0.0
2018-03-01,25.020000457763672,25.020000457763672,24.551000595092773,24.75,8.983968734741211,46600,0.0,0.0,0.0
2018-03-02,24.670000076293945,24.940000534057617,24.476999282836914,24.940000534057617,9.052937507629395,61700,0.0,0.0,0.0
2018-03-05,24.940000534057617,25.110000610351562,24.780000686645508,25.010000228881836,9.07834529876709,251200,0.0,0.0,0.0
2018-03-06,25.079999923706055,25.149999618530273,25.030000686645508,25.12700080871582,9.120819091796875,92900,0.0,0.0,0.0
2018-03-07,25.18000030517578,25.18000030517578,25.0,25.059999465942383,9.096495628356934,132600,0.0,0.0,0.0
2018-03-08,25.280000686645508,25.280000686645508,25.149999618530273,25.209999084472656,9.150943756103516,68800,0.0,0.0,0.0
2018-03-09,25.389999389648438,25.389999389648438,25.211000442504883,25.299999237060547,9.183616638183594,38700,0.0,0.0,0.0
2018-03-12,25.420000076293945,25.420000076293945,25.219999313354492,25.280000686645508,9.176350593566895,81400,0.0,0.0,0.0
2018-03-13,25.34000015258789,25.357999801635742,25.290000915527344,25.290000915527344,9.179984092712402,64900,0.0,0.0,0.0
2018-03-14,25.329999923706055,25.339000701904297,25.260000228881836,25.299999237060547,9.183616638183594,67300,0.0,0.0,0.0
2018-03-15,25.5,25.5,25.260000228881836,25.34000015258789,9.198132514953613,111100,0.0,0.0,0.0
2018-03-16,25.360000610351562,25.440000534057617,25.260000228881836,25.309999465942383,9.187243461608887,227000,0.0,0.0,0.0
2018-03-19,25.270000457763672,25.270000457763672,24.75,24.969999313354492,9.063830375671387,301800,0.0,0.0,0.0
2018-03-20,25.0,25.030000686645508,24.799999237060547,25.020000457763672,9.081976890563965,132700,0.0,0.0,0.0
2018-03-21,24.850000381469727,24.889999389648438,24.635000228881836,24.709999084472656,9.059611320495605,83300,0.249,0.0,0.0
2018-03-22,24.709999084472656,24.709999084472656,24.09000015258789,24.18000030517578,8.865294456481934,102300,0.0,0.0,0.0
2018-03-23,24.170000076293945,24.170000076293945,23.559999465942383,23.56999969482422,8.641646385192871,88700,0.0,0.0,0.0
2018-03-26,24.0,24.389999389648438,23.719999313354492,24.389999389648438,8.942286491394043,72600,0.0,0.0,0.0
2018-03-27,24.559999465942383,24.559999465942383,23.469999313354492,23.639999389648438,8.667312622070312,140900,0.0,0.0,0.0
2018-03-28,23.6200008392334,23.700000762939453,23.229999542236328,23.420000076293945,8.58664608001709,141500,0.0,0.0,0.0
2018-03-29,23.520000457763672,23.993999481201172,23.299999237060547,23.799999237060547,8.725968360900879,69300,0.0,0.0,0.0
2018-04-02,23.75,23.75,22.950000762939453,23.18600082397461,8.500856399536133,151500,0.0,0.0,0.0
2018-04-03,23.360000610351562,23.43000030517578,22.950000762939453,23.3799991607666,8.571985244750977,94700,0.0,0.0,0.0
2018-04-04,22.8799991607666,23.799999237060547,22.81999969482422,23.780000686645508,8.718637466430664,111200,0.0,0.0,0.0
2018-04-05,23.989999771118164,23.989999771118164,23.65999984741211,23.8799991607666,8.755298614501953,135500,0.0,0.0,0.0
2018-04-06,23.739999771118164,23.840999603271484,23.229999542236328,23.299999237060547,8.542651176452637,77400,0.0,0.0,0.0
2018-04-09,23.559999465942383,23.889999389648438,23.459999084472656,23.479999542236328,8.608648300170898,47500,0.0,0.0,0.0
2018-04-10,23.889999389648438,24.010000228881836,23.6200008392334,23.989999771118164,8.795634269714355,86500,0.0,0.0,0.0
2018-04-11,23.940000534057617,24.09000015258789,23.790000915527344,23.809999465942383,8.729640007019043,63900,0.0,0.0,0.0
2018-04-12,23.979999542236328,24.25,23.979999542236328,24.079999923706055,8.828629493713379,49700,0.0,0.0,0.0
2018-04-13,24.260000228881836,24.260000228881836,23.899999618530273,24.010000228881836,8.802963256835938,59600,0.0,0.0,0.0
2018-04-16,24.149999618530273,24.259000778198242,24.0,24.149999618530273,8.854290008544922,105700,0.0,0.0,0.0
2018-04-17,24.40999984741211,24.770000457763672,24.360000610351562,24.709999084472656,9.059611320495605,80700,0.0,0.0,0.0
2018-04-18,24.760000228881836,24.84000015258789,24.60099983215332,24.790000915527344,9.088942527770996,51900,0.0,0.0,0.0
2018-04-19,24.8799991607666,24.8799991607666,24.433000564575195,24.558000564575195,9.003887176513672,92100,0.0,0.0,0.0
2018-04-20,24.549999237060547,24.549999237060547,24.149999618530273,24.209999084472656,8.876291275024414,108700,0.0,0.0,0.0
2018-04-23,24.309999465942383,24.309999465942383,24.020000457763672,24.139999389648438,8.850625991821289,42400,0.0,0.0,0.0
2018-04-24,24.389999389648438,24.389999389648438,23.68000030517578,23.790000915527344,8.722302436828613,86000,0.0,0.0,0.0
2018-04-25,23.700000762939453,23.700000762939453,23.450000762939453,23.649999618530273,8.757116317749023,60300,0.234,0.0,0.0
2018-04-26,23.59000015258789,24.0,23.59000015258789,23.90999984741211,8.853386878967285,87400,0.0,0.0,0.0
2018-04-27,24.389999389648438,24.389999389648438,23.899999618530273,24.024999618530273,8.89595890045166,113600,0.0,0.0,0.0
2018-04-30,24.06999969482422,24.158000946044922,23.899999618530273,23.959999084472656,8.871899604797363,85800,0.0,0.0,0.0
2018-05-01,23.979999542236328,24.100000381469727,23.829999923706055,24.100000381469727,8.923738479614258,35600,0.0,0.0,0.0
2018-05-02,24.209999084472656,24.209999084472656,24.020000457763672,24.059999465942383,8.908926010131836,50400,0.0,0.0,0.0
2018-05-03,24.049999237060547,24.1299991607666,23.81999969482422,24.09000015258789,8.92003345489502,54600,0.0,0.0,0.0
2018-05-04,24.139999389648438,24.381999969482422,24.06999969482422,24.3799991607666,9.027413368225098,53800,0.0,0.0,0.0
2018-05-07,24.559999465942383,24.559999465942383,24.35300064086914,24.440000534057617,9.04963493347168,76500,0.0,0.0,0.0
2018-05-08,24.459999084472656,24.459999084472656,24.389999389648438,24.450000762939453,9.053335189819336,49700,0.0,0.0,0.0
2018-05-09,24.510000228881836,24.540000915527344,24.434999465942383,24.520000457763672,9.079253196716309,69700,0.0,0.0,0.0
2018-05-10,24.649999618530273,24.649999618530273,24.450000762939453,24.5,9.07184886932373,107000,0.0,0.0,0.0
2018-05-11,24.579999923706055,24.600000381469727,24.520000457763672,24.600000381469727,9.108874320983887,94000,0.0,0.0,0.0
2018-05-14,24.649999618530273,24.649999618530273,24.510000228881836,24.610000610351562,9.112580299377441,82100,0.0,0.0,0.0
2018-05-15,24.68000030517578,24.68000030517578,24.540000915527344,24.59000015258789,9.10517692565918,118500,0.0,0.0,0.0
2018-05-16,24.700000762939453,24.700000762939453,24.579999923706055,24.6200008392334,9.116284370422363,149900,0.0,0.0,0.0
2018-05-17,24.65999984741211,24.65999984741211,24.559999465942383,24.59000015258789,9.10517692565918,130800,0.0,0.0,0.0
2018-05-18,24.489999771118164,24.6200008392334,24.450000762939453,24.600000381469727,9.108874320983887,101700,0.0,0.0,0.0
2018-05-21,24.799999237060547,24.799999237060547,24.510000228881836,24.610000610351562,9.112580299377441,112500,0.0,0.0,0.0
2018-05-22,24.799999237060547,24.90999984741211,24.579999923706055,24.6200008392334,9.116284370422363,116400,0.0,0.0,0.0
2018-05-23,24.31999969482422,24.530000686645508,24.299999237060547,24.530000686645508,9.163350105285645,131800,0.216,0.0,0.0
2018-05-24,24.5,24.520000457763672,24.3700008392334,24.479999542236328,9.144668579101562,116600,0.0,0.0,0.0
2018-05-25,24.5,24.59000015258789,24.479999542236328,24.540000915527344,9.167084693908691,110200,0.0,0.0,0.0
2018-05-29,24.5,24.518999099731445,24.399999618530273,24.459999084472656,9.137195587158203,138300,0.0,0.0,0.0
2018-05-30,24.489999771118164,24.579999923706055,24.469999313354492,24.559999465942383,9.174558639526367,113800,0.0,0.0,0.0
2018-05-31,24.579999923706055,24.670000076293945,24.540000915527344,24.56999969482422,9.178295135498047,127100,0.0,0.0,0.0
2018-06-01,24.649999618530273,24.719999313354492,24.59000015258789,24.709999084472656,9.230594635009766,158100,0.0,0.0,0.0
2018-06-04,24.799999237060547,24.799999237060547,24.670000076293945,24.690000534057617,9.22312068939209,170500,0.0,0.0,0.0
2018-06-05,24.739999771118164,24.81999969482422,24.677000045776367,24.729999542236328,9.238061904907227,192800,0.0,0.0,0.0
2018-06-06,24.700000762939453,24.75,24.649999618530273,24.709999084472656,9.230594635009766,119800,0.0,0.0,0.0
2018-06-07,24.729999542236328,24.767000198364258,24.649999618530273,24.709999084472656,9.230594635009766,115100,0.0,0.0,0.0
2018-06-08,24.719999313354492,24.749000549316406,24.649999618530273,24.709999084472656,9.230594635009766,67300,0.0,0.0,0.0
2018-06-11,24.709999084472656,24.75,24.700000762939453,24.739999771118164,9.241793632507324,168900,0.0,0.0,0.0
2018-06-12,24.780000686645508,24.788999557495117,24.700000762939453,24.75,9.245534896850586,141200,0.0,0.0,0.0
2018-06-13,24.760000228881836,24.792999267578125,24.700000762939453,24.739999771118164,9.241793632507324,129100,0.0,0.0,0.0
2018-06-14,24.760000228881836,24.780000686645508,24.719999313354492,24.739999771118164,9.241793632507324,108900,0.0,0.0,0.0
2018-06-15,24.739999771118164,24.75,24.559999465942383,24.65999984741211,9.211915016174316,135500,0.0,0.0,0.0
2018-06-18,24.56999969482422,24.700000762939453,24.5,24.530000686645508,9.163350105285645,163600,0.0,0.0,0.0
2018-06-19,24.5,24.600000381469727,24.3799991607666,24.582000732421875,9.182775497436523,99600,0.0,0.0,0.0
2018-06-20,24.5,24.6299991607666,24.43000030517578,24.510000228881836,9.230987548828125,193700,0.2,0.0,0.0
2018-06-21,24.540000915527344,24.54400062561035,24.33099937438965,24.399999618530273,9.189556121826172,126000,0.0,0.0,0.0
2018-06-22,24.43000030517578,24.450000762939453,24.290000915527344,24.389999389648438,9.185789108276367,103900,0.0,0.0,0.0
2018-06-25,24.3799991607666,24.3799991607666,23.829999923706055,24.040000915527344,9.053967475891113,267800,0.0,0.0,0.0
2018-06-26,24.09000015258789,24.190000534057617,23.979999542236328,24.09000015258789,9.07280158996582,125000,0.0,0.0,0.0
2018-06-27,24.15999984741211,24.246999740600586,23.809999465942383,23.809999465942383,8.96734619140625,142700,0.0,0.0,0.0
2018-06-28,23.860000610351562,24.06100082397461,23.75,24.0,9.03890609741211,129000,0.0,0.0,0.0
2018-06-29,24.0,24.190000534057617,24.0,24.040000915527344,9.053967475891113,78800,0.0,0.0,0.0
2018-07-02,24.0,24.200000762939453,23.8700008392334,24.200000762939453,9.114228248596191,132100,0.0,0.0,0.0
2018-07-03,24.149999618530273,24.270000457763672,23.97800064086914,24.0,9.03890609741211,103500,0.0,0.0,0.0
2018-07-05,24.18000030517578,24.200000762939453,24.0,24.200000762939453,9.114228248596191,115100,0.0,0.0,0.0
2018-07-06,24.200000762939453,24.520000457763672,24.15999984741211,24.5,9.227217674255371,66200,0.0,0.0,0.0
2018-07-09,24.59000015258789,24.639999389648438,24.530000686645508,24.639999389648438,9.279942512512207,130200,0.0,0.0,0.0
2018-07-10,24.719999313354492,24.719999313354492,24.573999404907227,24.670000076293945,9.291243553161621,90500,0.0,0.0,0.0
2018-07-11,24.6299991607666,24.649999618530273,24.56999969482422,24.6299991607666,9.276180267333984,120400,0.0,0.0,0.0
2018-07-12,24.719999313354492,24.790000915527344,24.65999984741211,24.790000915527344,9.33643627166748,128000,0.0,0.0,0.0
2018-07-13,24.81999969482422,24.81999969482422,24.694000244140625,24.790000915527344,9.33643627166748,87900,0.0,0.0,0.0
2018-07-16,24.850000381469727,24.850000381469727,24.75,24.81999969482422,9.347734451293945,154300,0.0,0.0,0.0
2018-07-17,24.770000457763672,24.84000015258789,24.735000610351562,24.84000015258789,9.355271339416504,109400,0.0,0.0,0.0
2018-07-18,24.8799991607666,24.8799991607666,24.760000228881836,24.799999237060547,9.340203285217285,149900,0.0,0.0,0.0
2018-07-19,24.90999984741211,24.979999542236328,24.7450008392334,24.84000015258789,9.355271339416504,123600,0.0,0.0,0.0
2018-07-20,24.899999618530273,24.969999313354492,24.780000686645508,24.84000015258789,9.355271339416504,111700,0.0,0.0,0.0
2018-07-23,24.889999389648438,24.969999313354492,24.780000686645508,24.959999084472656,9.400460243225098,87100,0.0,0.0,0.0
2018-07-24,25.0,25.128999710083008,24.950000762939453,25.0,9.415526390075684,142700,0.0,0.0,0.0
2018-07-25,24.940000534057617,25.0,24.809999465942383,24.979999542236328,9.476605415344238,134600,0.181,0.0,0.0
2018-07-26,24.969999313354492,24.969999313354492,24.709999084472656,24.780000686645508,9.400729179382324,266100,0.0,0.0,0.0
2018-07-27,24.850000381469727,24.93000030517578,24.510000228881836,24.6200008392334,9.340036392211914,89800,0.0,0.0,0.0
2018-07-30,24.65999984741211,24.65999984741211,24.240999221801758,24.360000610351562,9.241399765014648,170000,0.0,0.0,0.0
2018-07-31,24.489999771118164,24.60700035095215,24.280000686645508,24.530000686645508,9.305890083312988,104800,0.0,0.0,0.0
2018-08-01,24.530000686645508,24.670000076293945,24.530000686645508,24.621999740600586,9.340795516967773,104200,0.0,0.0,0.0
2018-08-02,24.579999923706055,24.899999618530273,24.475000381469727,24.899999618530273,9.446255683898926,109400,0.0,0.0,0.0
2018-08-03,24.989999771118164,24.989999771118164,24.77400016784668,24.895000457763672,9.444361686706543,110700,0.0,0.0,0.0
2018-08-06,24.989999771118164,25.06999969482422,24.90999984741211,25.049999237060547,9.503157615661621,115900,0.0,0.0,0.0
2018-08-07,25.100000381469727,25.1200008392334,25.0,25.100000381469727,9.522127151489258,146300,0.0,0.0,0.0
2018-08-08,25.1299991607666,25.15999984741211,25.049999237060547,25.1200008392334,9.529714584350586,82300,0.0,0.0,0.0
2018-08-09,25.149999618530273,25.170000076293945,25.0,25.110000610351562,9.525923728942871,130000,0.0,0.0,0.0
2018-08-10,25.0,25.229999542236328,25.0,25.059999465942383,9.506954193115234,111500,0.0,0.0,0.0
2018-08-13,25.110000610351562,25.149999618530273,25.0,25.040000915527344,9.499371528625488,75500,0.0,0.0,0.0
2018-08-14,25.200000762939453,25.200000762939453,25.040000915527344,25.15999984741211,9.544890403747559,96200,0.0,0.0,0.0
2018-08-15,25.110000610351562,25.110000610351562,24.886999130249023,25.030000686645508,9.495573997497559,129300,0.0,0.0,0.0
2018-08-16,25.239999771118164,25.239999771118164,25.052000045776367,25.100000381469727,9.522127151489258,136400,0.0,0.0,0.0
2018-08-17,25.170000076293945,25.170000076293945,24.899999618530273,25.100000381469727,9.522127151489258,90400,0.0,0.0,0.0
2018-08-20,25.15999984741211,25.15999984741211,25.0,25.139999389648438,9.53730297088623,186100,0.0,0.0,0.0
2018-08-21,25.260000228881836,25.260000228881836,25.075000762939453,25.139999389648438,9.53730297088623,198200,0.0,0.0,0.0
2018-08-22,24.920000076293945,24.979999542236328,24.860000610351562,24.950000762939453,9.551090240478516,110200,0.226,0.0,0.0
2018-08-23,24.950000762939453,25.15999984741211,24.924999237060547,24.969999313354492,9.558744430541992,146200,0.0,0.0,0.0
2018-08-24,24.989999771118164,25.059999465942383,24.979999542236328,25.059999465942383,9.593194007873535,178700,0.0,0.0,0.0
2018-08-27,25.15999984741211,25.15999984741211,25.059999465942383,25.100000381469727,9.608503341674805,110100,0.0,0.0,0.0
2018-08-28,25.200000762939453,25.209999084472656,25.000999450683594,25.1299991607666,9.619987487792969,157200,0.0,0.0,0.0
2018-08-29,25.15999984741211,25.18000030517578,25.079999923706055,25.170000076293945,9.635305404663086,345500,0.0,0.0,0.0
2018-08-30,25.1299991607666,25.170000076293945,25.106000900268555,25.139999389648438,9.623817443847656,101400,0.0,0.0,0.0
2018-08-31,25.139999389648438,25.170000076293945,25.06999969482422,25.149999618530273,9.62764835357666,133000,0.0,0.0,0.0
2018-09-04,25.18000030517578,25.190000534057617,25.079999923706055,25.15999984741211,9.631475448608398,574200,0.0,0.0,0.0
2018-09-05,25.15999984741211,25.15999984741211,25.020000457763672,25.079999923706055,9.600851058959961,170400,0.0,0.0,0.0
2018-09-06,25.0,25.079999923706055,24.940000534057617,25.020000457763672,9.577880859375,214100,0.0,0.0,0.0
2018-09-07,25.010000228881836,25.079999923706055,24.920000076293945,25.010000228881836,9.574051856994629,137000,0.0,0.0,0.0
2018-09-10,25.100000381469727,25.110000610351562,24.979999542236328,25.06999969482422,9.597020149230957,225700,0.0,0.0,0.0
2018-09-11,25.06999969482422,25.170000076293945,25.0,25.170000076293945,9.635305404663086,159800,0.0,0.0,0.0
2018-09-12,25.190000534057617,25.190000534057617,25.024999618530273,25.170000076293945,9.635305404663086,122300,0.0,0.0,0.0
2018-09-13,25.219999313354492,25.239999771118164,25.149999618530273,25.200000762939453,9.646788597106934,131200,0.0,0.0,0.0
2018-09-14,25.25,25.260000228881836,25.200000762939453,25.239999771118164,9.66209888458252,249900,0.0,0.0,0.0
2018-09-17,25.25,25.25,25.149999618530273,25.209999084472656,9.650613784790039,373700,0.0,0.0,0.0
2018-09-18,25.260000228881836,25.260000228881836,25.190000534057617,25.25,9.66592788696289,116300,0.0,0.0,0.0
2018-09-19,25.260000228881836,25.270000457763672,25.209999084472656,25.229999542236328,9.658270835876465,181200,0.0,0.0,0.0
2018-09-20,25.260000228881836,25.299999237060547,25.200000762939453,25.270000457763672,9.673583030700684,163700,0.0,0.0,0.0
2018-09-21,25.329999923706055,25.329999923706055,25.049999237060547,25.149999618530273,9.62764835357666,210400,0.0,0.0,0.0
2018-09-24,25.149999618530273,25.219999313354492,25.01799964904785,25.219999313354492,9.65444278717041,158600,0.0,0.0,0.0
2018-09-25,25.260000228881836,25.260000228881836,25.149999618530273,25.239999771118164,9.66209888458252,117900,0.0,0.0,0.0
2018-09-26,25.09000015258789,25.170000076293945,25.010000228881836,25.049999237060547,9.66634464263916,208800,0.201,0.0,0.0
2018-09-27,25.049999237060547,25.200000762939453,25.049999237060547,25.15999984741211,9.708791732788086,130800,0.0,0.0,0.0
2018-09-28,25.1200008392334,25.18000030517578,25.100000381469727,25.1299991607666,9.697213172912598,108400,0.0,0.0,0.0
2018-10-01,25.190000534057617,25.25,25.149999618530273,25.200000762939453,9.72423267364502,187400,0.0,0.0,0.0
2018-10-02,25.200000762939453,25.239999771118164,25.156999588012695,25.190000534057617,9.720368385314941,135000,0.0,0.0,0.0
2018-10-03,25.25,25.280000686645508,25.190000534057617,25.229999542236328,9.735803604125977,253300,0.0,0.0,0.0
2018-10-04,25.25,25.25,24.850000381469727,24.969999313354492,9.635472297668457,254900,0.0,0.0,0.0
2018-10-05,25.0,25.0,24.5,24.760000228881836,9.554444313049316,208600,0.0,0.0,0.0
2018-10-08,24.760000228881836,24.81999969482422,24.399999618530273,24.68000030517578,9.523568153381348,129600,0.0,0.0,0.0
2018-10-09,24.65999984741211,24.8700008392334,24.582000732421875,24.75,9.550581932067871,98500,0.0,0.0,0.0
2018-10-10,24.719999313354492,24.719999313354492,23.760000228881836,23.889999389648438,9.218721389770508,486100,0.0,0.0,0.0
2018-10-11,23.799999237060547,23.950000762939453,23.190000534057617,23.424999237060547,9.039287567138672,375500,0.0,0.0,0.0
2018-10-12,23.940000534057617,24.149999618530273,23.610000610351562,24.1299991607666,9.31132984161377,175300,0.0,0.0,0.0
2018-10-15,24.049999237060547,24.049999237060547,23.701000213623047,23.809999465942383,9.187851905822754,73800,0.0,0.0,0.0
2018-10-16,24.0,24.549999237060547,23.990999221801758,24.530000686645508,9.465685844421387,178200,0.0,0.0,0.0
2018-10-17,24.6299991607666,24.6299991607666,24.25,24.489999771118164,9.450249671936035,156100,0.0,0.0,0.0
2018-10-18,24.420000076293945,24.420000076293945,23.850000381469727,23.979999542236328,9.253450393676758,109600,0.0,0.0,0.0
2018-10-19,24.139999389648438,24.329999923706055,23.8799991607666,23.979999542236328,9.253450393676758,61400,0.0,0.0,0.0
2018-10-22,24.030000686645508,24.239999771118164,23.979999542236328,24.139999389648438,9.315192222595215,95300,0.0,0.0,0.0
2018-10-23,23.899999618530273,24.104999542236328,23.549999237060547,24.059999465942383,9.284317970275879,211000,0.0,0.0,0.0
2018-10-24,23.700000762939453,23.80500030517578,22.8700008392334,22.920000076293945,8.9361572265625,225000,0.247,0.0,0.0
2018-10-25,23.209999084472656,23.66699981689453,23.148000717163086,23.59000015258789,9.197380065917969,147100,0.0,0.0,0.0
2018-10-26,23.020000457763672,23.5,22.854000091552734,23.1299991607666,9.01802921295166,142100,0.0,0.0,0.0
2018-10-29,23.399999618530273,23.520000457763672,22.309999465942383,22.719999313354492,8.858177185058594,213600,0.0,0.0,0.0
2018-10-30,22.649999618530273,22.989999771118164,22.579999923706055,22.969999313354492,8.955650329589844,108200,0.0,0.0,0.0
2018-10-31,23.3700008392334,23.666000366210938,23.299999237060547,23.520000457763672,9.170087814331055,145800,0.0,0.0,0.0
2018-11-01,23.59000015258789,23.829999923706055,23.450000762939453,23.799999237060547,9.279251098632812,116300,0.0,0.0,0.0
2018-11-02,23.850000381469727,23.899999618530273,23.408000946044922,23.489999771118164,9.1583890914917,318200,0.0,0.0,0.0
2018-11-05,23.559999465942383,23.56999969482422,23.290000915527344,23.489999771118164,9.1583890914917,202900,0.0,0.0,0.0
2018-11-06,23.489999771118164,23.770000457763672,23.489999771118164,23.700000762939453,9.240262985229492,94800,0.0,0.0,0.0
2018-11-07,23.899999618530273,24.229999542236328,23.850000381469727,24.229999542236328,9.446904182434082,149400,0.0,0.0,0.0
2018-11-08,24.25,24.25,24.100000381469727,24.200000762939453,9.435206413269043,96200,0.0,0.0,0.0
2018-11-09,24.100000381469727,24.100000381469727,23.75,23.93000030517578,9.329936027526855,78700,0.0,0.0,0.0
2018-11-12,23.81999969482422,23.81999969482422,23.209999084472656,23.309999465942383,9.088207244873047,132300,0.0,0.0,0.0
2018-11-13,23.360000610351562,23.638999938964844,23.200000762939453,23.260000228881836,9.068711280822754,79000,0.0,0.0,0.0
2018-11-14,23.520000457763672,23.549999237060547,22.972999572753906,23.09000015258789,9.002432823181152,94300,0.0,0.0,0.0
2018-11-15,23.100000381469727,23.56999969482422,22.85099983215332,23.489999771118164,9.1583890914917,166000,0.0,0.0,0.0
2018-11-16,23.31999969482422,23.649999618530273,23.06999969482422,23.3700008392334,9.111602783203125,101700,0.0,0.0,0.0
2018-11-19,23.3700008392334,23.3700008392334,22.84000015258789,22.90999984741211,8.932258605957031,143900,0.0,0.0,0.0
2018-11-20,22.6200008392334,22.850000381469727,22.31999969482422,22.559999465942383,8.795794486999512,270400,0.0,0.0,0.0
2018-11-21,22.600000381469727,22.760000228881836,22.520000457763672,22.600000381469727,8.900154113769531,137900,0.225,0.0,0.0
2018-11-23,22.600000381469727,22.600000381469727,22.459999084472656,22.469999313354492,8.84896183013916,72400,0.0,0.0,0.0
2018-11-26,22.6200008392334,22.860000610351562,22.549999237060547,22.860000610351562,9.002545356750488,181500,0.0,0.0,0.0
2018-11-27,22.829999923706055,22.959999084472656,22.670000076293945,22.90999984741211,9.022241592407227,249400,0.0,0.0,0.0
2018-11-28,22.959999084472656,23.31800079345703,22.920000076293945,23.280000686645508,9.167950630187988,234800,0.0,0.0,0.0
2018-11-29,23.25,23.360000610351562,23.149999618530273,23.239999771118164,9.15219497680664,128200,0.0,0.0,0.0
2018-11-30,23.260000228881836,23.3700008392334,23.239999771118164,23.329999923706055,9.187640190124512,77700,0.0,0.0,0.0
2018-12-03,23.65999984741211,23.700000762939453,23.525999069213867,23.59000015258789,9.290032386779785,199400,0.0,0.0,0.0
2018-12-04,23.559999465942383,23.610000610351562,23.049999237060547,23.1299991607666,9.10887622833252,176600,0.0,0.0,0.0
2018-12-06,22.770000457763672,23.239999771118164,22.770000457763672,23.229999542236328,9.148255348205566,188700,0.0,0.0,0.0
2018-12-07,23.209999084472656,23.239999771118164,22.719999313354492,22.780000686645508,8.971041679382324,143900,0.0,0.0,0.0
2018-12-10,22.799999237060547,23.09000015258789,22.510000228881836,22.989999771118164,9.05374526977539,248500,0.0,0.0,0.0
2018-12-11,23.1200008392334,23.25,22.8700008392334,23.040000915527344,9.073432922363281,207500,0.0,0.0,0.0
2018-12-12,23.18000030517578,23.3799991607666,23.139999389648438,23.200000762939453,9.136445045471191,197300,0.0,0.0,0.0
2018-12-13,23.219999313354492,23.3700008392334,23.1299991607666,23.25,9.156137466430664,84800,0.0,0.0,0.0
2018-12-14,23.290000915527344,23.290000915527344,22.75,22.829999923706055,8.99073314666748,194800,0.0,0.0,0.0
2018-12-17,22.690000534057617,22.829999923706055,22.100000381469727,22.25,8.762321472167969,253300,0.0,0.0,0.0
2018-12-18,22.40999984741211,22.604999542236328,22.253999710083008,22.450000762939453,8.841084480285645,130900,0.0,0.0,0.0
2018-12-19,22.6299991607666,22.716999053955078,21.690000534057617,21.899999618530273,8.624491691589355,220800,0.0,0.0,0.0
2018-12-20,21.899999618530273,22.048999786376953,21.219999313354492,21.510000228881836,8.47089958190918,308900,0.0,0.0,0.0
2018-12-21,21.559999465942383,21.729999542236328,20.3700008392334,20.68000030517578,8.144039154052734,435400,0.0,0.0,0.0
2018-12-24,20.479999542236328,20.6200008392334,20.0,20.020000457763672,7.884120941162109,205900,0.0,0.0,0.0
2018-12-26,20.0,21.0,19.43000030517578,20.600000381469727,8.112534523010254,308500,0.0,0.0,0.0
2018-12-27,20.510000228881836,21.34000015258789,20.510000228881836,21.34000015258789,8.403953552246094,222000,0.0,0.0,0.0
2018-12-28,21.1200008392334,21.31999969482422,20.979999542236328,21.075000762939453,8.36703109741211,216700,0.172,0.0,0.0
2018-12-31,21.06999969482422,21.429000854492188,21.06999969482422,21.309999465942383,8.46033000946045,359900,0.0,0.0,0.0
2019-01-02,20.940000534057617,21.360000610351562,20.940000534057617,21.309999465942383,8.46033000946045,96300,0.0,0.0,0.0
2019-01-03,21.049999237060547,21.29800033569336,21.0,21.010000228881836,8.341226577758789,195700,0.0,0.0,0.0
2019-01-04,21.3700008392334,21.559999465942383,21.100000381469727,21.459999084472656,8.519882202148438,102800,0.0,0.0,0.0
2019-01-07,21.540000915527344,21.643999099731445,21.53499984741211,21.579999923706055,8.567522048950195,140000,0.0,0.0,0.0
2019-01-08,21.729999542236328,21.75,21.56999969482422,21.700000762939453,8.615163803100586,100100,0.0,0.0,0.0
2019-01-09,21.649999618530273,21.80900001525879,21.6200008392334,21.649999618530273,8.595316886901855,223800,0.0,0.0,0.0
2019-01-10,21.739999771118164,21.80299949645996,21.649999618530273,21.760000228881836,8.638985633850098,98700,0.0,0.0,0.0
2019-01-11,21.75,21.809999465942383,21.68000030517578,21.809999465942383,8.658836364746094,103000,0.0,0.0,0.0
2019-01-14,21.790000915527344,21.82900047302246,21.719999313354492,21.75,8.635013580322266,102300,0.0,0.0,0.0
2019-01-15,21.719999313354492,21.799999237060547,21.700000762939453,21.790000915527344,8.65089225769043,150500,0.0,0.0,0.0
2019-01-16,21.760000228881836,21.799999237060547,21.719999313354492,21.75,8.635013580322266,159800,0.0,0.0,0.0
2019-01-17,21.75,21.799999237060547,21.740999221801758,21.780000686645508,8.646923065185547,94900,0.0,0.0,0.0
2019-01-18,21.8700008392334,22.0,21.75,21.920000076293945,8.702505111694336,303000,0.0,0.0,0.0
2019-01-22,21.889999389648438,21.93000030517578,21.799999237060547,21.829999923706055,8.66677474975586,120700,0.0,0.0,0.0
2019-01-23,21.690000534057617,21.759000778198242,21.479999542236328,21.639999389648438,8.677603721618652,132300,0.217,0.0,0.0
2019-01-24,21.700000762939453,21.75,21.610000610351562,21.729999542236328,8.713689804077148,80300,0.0,0.0,0.0
2019-01-25,21.770000457763672,21.8799991607666,21.770000457763672,21.8700008392334,8.769829750061035,97400,0.0,0.0,0.0
2019-01-28,21.770000457763672,21.790000915527344,21.649999618530273,21.770000457763672,8.72973346710205,217300,0.0,0.0,0.0
2019-01-29,21.770000457763672,21.809999465942383,21.600000381469727,21.639999389648438,8.677603721618652,177700,0.0,0.0,0.0
2019-01-30,21.719999313354492,22.0,21.700000762939453,21.959999084472656,8.80591869354248,100800,0.0,0.0,0.0
2019-01-31,22.0,22.17300033569336,21.968000411987305,22.06999969482422,8.850029945373535,306100,0.0,0.0,0.0
2019-02-01,22.079999923706055,22.200000762939453,22.06999969482422,22.1299991607666,8.874092102050781,153300,0.0,0.0,0.0
2019-02-04,22.170000076293945,22.30299949645996,22.15999984741211,22.280000686645508,8.934240341186523,183500,0.0,0.0,0.0
2019-02-05,22.280000686645508,22.3700008392334,22.270000457763672,22.309999465942383,8.946273803710938,194600,0.0,0.0,0.0
2019-02-06,22.309999465942383,22.388999938964844,22.290000915527344,22.31999969482422,8.950279235839844,163900,0.0,0.0,0.0
2019-02-07,22.309999465942383,22.31999969482422,22.200000762939453,22.25,8.922210693359375,119500,0.0,0.0,0.0
2019-02-08,22.170000076293945,22.290000915527344,22.128999710083008,22.270000457763672,8.930233001708984,90900,0.0,0.0,0.0
2019-02-11,22.309999465942383,22.329999923706055,22.290000915527344,22.309999465942383,8.946273803710938,160100,0.0,0.0,0.0
2019-02-12,22.360000610351562,22.389999389648438,22.350000381469727,22.3700008392334,8.970331192016602,143000,0.0,0.0,0.0
2019-02-13,22.3700008392334,22.420000076293945,22.3700008392334,22.3700008392334,8.970331192016602,217200,0.0,0.0,0.0
2019-02-14,22.389999389648438,22.420000076293945,22.309999465942383,22.399999618530273,8.98236083984375,166900,0.0,0.0,0.0
2019-02-15,22.489999771118164,22.5,22.25,22.3799991607666,8.974345207214355,286700,0.0,0.0,0.0
2019-02-19,22.329999923706055,22.489999771118164,22.31999969482422,22.469999313354492,9.010430335998535,231000,0.0,0.0,0.0
2019-02-20,22.270000457763672,22.309999465942383,22.209999084472656,22.2549991607666,8.998299598693848,224200,0.185,0.0,0.0
2019-02-21,22.219999313354492,22.329999923706055,22.1299991607666,22.219999313354492,8.984148979187012,145300,0.0,0.0,0.0
2019-02-22,22.25,22.329999923706055,22.219999313354492,22.315000534057617,9.022563934326172,145200,0.0,0.0,0.0
2019-02-25,22.40999984741211,22.489999771118164,22.329999923706055,22.3799991607666,9.048843383789062,188300,0.0,0.0,0.0
2019-02-26,22.350000381469727,22.459999084472656,22.309999465942383,22.360000610351562,9.040756225585938,210100,0.0,0.0,0.0
2019-02-27,22.350000381469727,22.393999099731445,22.260000228881836,22.389999389648438,9.052885055541992,77200,0.0,0.0,0.0
2019-02-28,22.3799991607666,22.44300079345703,22.360000610351562,22.40999984741211,9.0609712600708,107500,0.0,0.0,0.0
2019-03-01,22.5,22.5,22.399999618530273,22.469999313354492,9.085229873657227,118200,0.0,0.0,0.0
2019-03-04,22.5,22.540000915527344,22.364999771118164,22.469999313354492,9.085229873657227,223500,0.0,0.0,0.0
2019-03-05,22.489999771118164,22.5,22.450000762939453,22.479999542236328,9.089273452758789,185300,0.0,0.0,0.0
2019-03-06,22.489999771118164,22.5,22.420000076293945,22.450000762939453,9.077146530151367,149900,0.0,0.0,0.0
2019-03-07,22.43000030517578,22.440000534057617,22.297000885009766,22.34000015258789,9.03266716003418,235400,0.0,0.0,0.0
2019-03-08,22.190000534057617,22.309999465942383,22.059999465942383,22.309999465942383,9.020540237426758,104400,0.0,0.0,0.0
2019-03-11,22.399999618530273,22.600000381469727,22.399999618530273,22.600000381469727,9.13779354095459,166700,0.0,0.0,0.0
2019-03-12,22.670000076293945,22.670000076293945,22.520000457763672,22.59000015258789,9.13375473022461,233500,0.0,0.0,0.0
2019-03-13,22.729999542236328,22.729999542236328,22.559999465942383,22.600000381469727,9.13779354095459,238100,0.0,0.0,0.0
2019-03-14,22.700000762939453,22.700000762939453,22.559999465942383,22.59000015258789,9.13375473022461,233600,0.0,0.0,0.0
2019-03-15,22.68000030517578,22.8799991607666,22.655000686645508,22.780000686645508,9.21057415008545,132200,0.0,0.0,0.0
2019-03-18,22.989999771118164,22.989999771118164,22.739999771118164,22.790000915527344,9.214618682861328,339700,0.0,0.0,0.0
2019-03-19,22.860000610351562,22.909000396728516,22.760000228881836,22.790000915527344,9.214618682861328,190800,0.0,0.0,0.0
2019-03-20,22.600000381469727,22.700000762939453,22.530000686645508,22.655000686645508,9.24276351928711,120000,0.204,0.0,0.0
2019-03-21,22.610000610351562,22.760000228881836,22.60099983215332,22.700000762939453,9.261124610900879,301300,0.0,0.0,0.0
2019-03-22,22.719999313354492,22.729000091552734,22.5,22.530000686645508,9.191764831542969,184200,0.0,0.0,0.0
2019-03-25,22.5,22.589000701904297,22.40999984741211,22.549999237060547,9.199931144714355,152500,0.0,0.0,0.0
2019-03-26,22.649999618530273,22.68000030517578,22.555999755859375,22.559999465942383,9.204010009765625,137200,0.0,0.0,0.0
2019-03-27,22.610000610351562,22.639999389648438,22.415000915527344,22.530000686645508,9.191764831542969,146500,0.0,0.0,0.0
2019-03-28,22.559999465942383,22.6299991607666,22.530000686645508,22.600000381469727,9.22032642364502,128100,0.0,0.0,0.0
2019-03-29,22.639999389648438,22.739999771118164,22.600000381469727,22.700000762939453,9.261124610900879,178200,0.0,0.0,0.0
2019-04-01,22.809999465942383,22.850000381469727,22.75,22.809999465942383,9.306005477905273,349100,0.0,0.0,0.0
2019-04-02,22.84000015258789,22.860000610351562,22.809999465942383,22.84000015258789,9.318242073059082,160800,0.0,0.0,0.0
2019-04-03,22.850000381469727,22.950000762939453,22.850000381469727,22.8700008392334,9.330479621887207,213900,0.0,0.0,0.0
2019-04-04,22.8799991607666,22.90999984741211,22.84000015258789,22.889999389648438,9.338643074035645,206700,0.0,0.0,0.0
2019-04-05,22.979999542236328,22.979999542236328,22.899999618530273,22.920000076293945,9.35088062286377,384500,0.0,0.0,0.0
2019-04-08,22.93000030517578,22.94700050354004,22.899999618530273,22.93000030517578,9.354961395263672,295800,0.0,0.0,0.0
2019-04-09,22.93000030517578,22.950000762939453,22.899999618530273,22.920000076293945,9.35088062286377,228200,0.0,0.0,0.0
2019-04-10,22.90999984741211,22.950000762939453,22.90999984741211,22.940000534057617,9.359044075012207,198300,0.0,0.0,0.0
2019-04-11,22.950000762939453,22.969999313354492,22.93000030517578,22.940000534057617,9.359044075012207,211400,0.0,0.0,0.0
2019-04-12,22.950000762939453,22.959999084472656,22.940000534057617,22.950000762939453,9.363119125366211,197400,0.0,0.0,0.0
2019-04-15,23.010000228881836,23.010000228881836,22.90999984741211,22.950000762939453,9.363119125366211,339100,0.0,0.0,0.0
2019-04-16,22.959999084472656,22.979999542236328,22.93000030517578,22.969999313354492,9.371281623840332,378400,0.0,0.0,0.0
2019-04-17,22.969999313354492,22.979999542236328,22.950000762939453,22.950000762939453,9.363119125366211,553000,0.0,0.0,0.0
2019-04-18,22.969999313354492,22.979999542236328,22.8700008392334,22.959999084472656,9.367198944091797,176000,0.0,0.0,0.0
2019-04-22,22.969999313354492,23.010000228881836,22.90999984741211,23.010000228881836,9.38759994506836,180100,0.0,0.0,0.0
2019-04-23,23.010000228881836,23.139999389648438,23.010000228881836,23.100000381469727,9.424314498901367,299800,0.0,0.0,0.0
2019-04-24,22.940000534057617,22.940000534057617,22.863000869750977,22.864999771118164,9.40129280090332,258400,0.179,0.0,0.0
2019-04-25,22.950000762939453,22.950000762939453,22.850000381469727,22.8700008392334,9.40334701538086,243100,0.0,0.0,0.0
2019-04-26,22.8700008392334,22.93000030517578,22.850000381469727,22.920000076293945,9.423905372619629,138400,0.0,0.0,0.0
2019-04-29,22.959999084472656,22.969999313354492,22.940000534057617,22.940000534057617,9.432130813598633,175000,0.0,0.0,0.0
2019-04-30,22.90999984741211,22.969999313354492,22.790000915527344,22.899999618530273,9.415678024291992,568400,0.0,0.0,0.0
2019-05-01,22.969999313354492,22.979999542236328,22.899999618530273,22.90999984741211,9.419794082641602,219400,0.0,0.0,0.0
2019-05-02,22.90999984741211,22.959999084472656,22.790000915527344,22.8799991607666,9.407464027404785,225800,0.0,0.0,0.0
2019-05-03,22.940000534057617,23.0,22.90999984741211,22.979999542236328,9.448576927185059,464300,0.0,0.0,0.0
2019-05-06,22.84000015258789,22.959999084472656,22.799999237060547,22.940000534057617,9.432130813598633,224600,0.0,0.0,0.0
2019-05-07,22.8700008392334,22.8799991607666,22.56999969482422,22.649999618530273,9.312886238098145,503500,0.0,0.0,0.0
2019-05-08,22.65999984741211,22.770000457763672,22.56999969482422,22.709999084472656,9.337559700012207,199100,0.0,0.0,0.0
2019-05-09,22.56999969482422,22.700000762939453,22.3799991607666,22.649999618530273,9.312886238098145,353600,0.0,0.0,0.0
2019-05-10,22.520000457763672,22.75,22.309999465942383,22.75,9.354008674621582,380500,0.0,0.0,0.0
2019-05-13,22.350000381469727,22.350000381469727,22.0049991607666,22.049999237060547,9.066190719604492,401600,0.0,0.0,0.0
2019-05-14,22.139999389648438,22.399999618530273,22.100000381469727,22.299999237060547,9.168984413146973,508000,0.0,0.0,0.0
2019-05-15,22.170000076293945,22.649999618530273,22.139999389648438,22.600000381469727,9.292333602905273,242100,0.0,0.0,0.0
2019-05-16,22.610000610351562,22.940000534057617,22.570999145507812,22.84000015258789,9.391014099121094,194200,0.0,0.0,0.0
2019-05-17,22.610000610351562,22.899999618530273,22.604999542236328,22.65999984741211,9.317001342773438,261200,0.0,0.0,0.0
2019-05-20,22.479999542236328,22.520000457763672,22.34000015258789,22.43000030517578,9.222434043884277,184200,0.0,0.0,0.0
2019-05-21,22.540000915527344,22.639999389648438,22.520000457763672,22.604999542236328,9.294386863708496,188400,0.0,0.0,0.0
2019-05-22,22.329999923706055,22.40999984741211,22.190000534057617,22.34000015258789,9.271973609924316,175500,0.211,0.0,0.0
2019-05-23,22.15999984741211,22.170000076293945,21.950000762939453,22.09000015258789,9.168211936950684,285500,0.0,0.0,0.0
2019-05-24,22.18000030517578,22.27899932861328,22.020000457763672,22.020000457763672,9.139164924621582,151200,0.0,0.0,0.0
2019-05-28,22.1299991607666,22.260000228881836,22.020000457763672,22.030000686645508,9.143315315246582,226300,0.0,0.0,0.0
2019-05-29,21.920000076293945,21.959999084472656,21.709999084472656,21.799999237060547,9.047852516174316,326000,0.0,0.0,0.0
2019-05-30,21.860000610351562,22.0,21.850000381469727,21.979999542236328,9.12255573272705,192900,0.0,0.0,0.0
2019-05-31,21.75,21.809999465942383,21.610000610351562,21.690000534057617,9.002203941345215,189200,0.0,0.0,0.0
2019-06-03,21.610000610351562,21.6299991607666,21.09000015258789,21.18000030517578,8.790531158447266,367800,0.0,0.0,0.0
2019-06-04,21.229999542236328,21.770000457763672,21.229999542236328,21.770000457763672,9.03540325164795,187100,0.0,0.0,0.0
2019-06-05,21.90999984741211,21.93000030517578,21.719999313354492,21.93000030517578,9.101811408996582,143200,0.0,0.0,0.0
2019-06-06,21.969999313354492,22.100000381469727,21.871999740600586,22.04199981689453,9.148296356201172,99700,0.0,0.0,0.0
2019-06-07,22.1299991607666,22.489999771118164,22.1299991607666,22.459999084472656,9.32178020477295,203400,0.0,0.0,0.0
2019-06-10,22.520000457763672,22.760000228881836,22.520000457763672,22.6299991607666,9.39233684539795,229600,0.0,0.0,0.0
2019-06-11,22.739999771118164,22.75,22.6299991607666,22.700000762939453,9.421393394470215,141500,0.0,0.0,0.0
2019-06-12,22.670000076293945,22.68000030517578,22.569000244140625,22.600000381469727,9.379883766174316,127300,0.0,0.0,0.0
2019-06-13,22.6299991607666,22.729999542236328,22.6299991607666,22.709999084472656,9.425540924072266,144800,0.0,0.0,0.0
2019-06-14,22.75,22.75,22.56999969482422,22.68000030517578,9.413093566894531,122300,0.0,0.0,0.0
2019-06-17,22.739999771118164,22.84000015258789,22.715999603271484,22.809999465942383,9.467041015625,202200,0.0,0.0,0.0
2019-06-18,22.920000076293945,23.010000228881836,22.899999618530273,22.979999542236328,9.537601470947266,225400,0.0,0.0,0.0
2019-06-19,23.0,23.059999465942383,22.93000030517578,23.049999237060547,9.566652297973633,145600,0.0,0.0,0.0
2019-06-20,23.1299991607666,23.149999618530273,23.059999465942383,23.079999923706055,9.579106330871582,238000,0.0,0.0,0.0
2019-06-21,23.1299991607666,23.139999389648438,22.993000030517578,23.049999237060547,9.566652297973633,176200,0.0,0.0,0.0
2019-06-24,23.06999969482422,23.1200008392334,23.06599998474121,23.09000015258789,9.583250999450684,171400,0.0,0.0,0.0
2019-06-25,23.1299991607666,23.1299991607666,22.790000915527344,22.8799991607666,9.496103286743164,210900,0.0,0.0,0.0
2019-06-26,22.799999237060547,22.81999969482422,22.652000427246094,22.739999771118164,9.527519226074219,167500,0.215,0.0,0.0
2019-06-27,22.809999465942383,22.809999465942383,22.739999771118164,22.790000915527344,9.54847240447998,128700,0.0,0.0,0.0
2019-06-28,22.829999923706055,22.847000122070312,22.75,22.790000915527344,9.54847240447998,202500,0.0,0.0,0.0
2019-07-01,23.010000228881836,23.091999053955078,23.0,23.06999969482422,9.66578483581543,165900,0.0,0.0,0.0
2019-07-02,23.09000015258789,23.1200008392334,23.0,23.110000610351562,9.68254280090332,236600,0.0,0.0,0.0
2019-07-03,23.15999984741211,23.200000762939453,23.1200008392334,23.200000762939453,9.720248222351074,99800,0.0,0.0,0.0
2019-07-05,23.170000076293945,23.200000762939453,23.110000610351562,23.200000762939453,9.720248222351074,159600,0.0,0.0,0.0
2019-07-08,23.200000762939453,23.200000762939453,23.020000457763672,23.139999389648438,9.695115089416504,253000,0.0,0.0,0.0
2019-07-09,23.1299991607666,23.219999313354492,23.110000610351562,23.209999084472656,9.724438667297363,206500,0.0,0.0,0.0
2019-07-10,23.260000228881836,23.290000915527344,23.239999771118164,23.270000457763672,9.749579429626465,222400,0.0,0.0,0.0
2019-07-11,23.31999969482422,23.31999969482422,23.274999618530273,23.309999465942383,9.766338348388672,272000,0.0,0.0,0.0
2019-07-12,23.329999923706055,23.34000015258789,23.299999237060547,23.329999923706055,9.774715423583984,355000,0.0,0.0,0.0
2019-07-15,23.34000015258789,23.34000015258789,23.309999465942383,23.329999923706055,9.774715423583984,215400,0.0,0.0,0.0
2019-07-16,23.329999923706055,23.34000015258789,23.315000534057617,23.34000015258789,9.778908729553223,337700,0.0,0.0,0.0
2019-07-17,23.450000762939453,23.450000762939453,23.31999969482422,23.329999923706055,9.774715423583984,180700,0.0,0.0,0.0
2019-07-18,23.31999969482422,23.3700008392334,23.31999969482422,23.329999923706055,9.774715423583984,317600,0.0,0.0,0.0
2019-07-19,23.3799991607666,23.469999313354492,23.219999313354492,23.219999313354492,9.728630065917969,331700,0.0,0.0,0.0
2019-07-22,23.329999923706055,23.3799991607666,23.260000228881836,23.3700008392334,9.791475296020508,345300,0.0,0.0,0.0
2019-07-23,23.479999542236328,23.479999542236328,23.360000610351562,23.469999313354492,9.833372116088867,447300,0.0,0.0,0.0
2019-07-24,23.270000457763672,23.389999389648438,23.229999542236328,23.375,9.865452766418457,282200,0.171,0.0,0.0
2019-07-25,23.360000610351562,23.360000610351562,23.239999771118164,23.263999938964844,9.818598747253418,210400,0.0,0.0,0.0
2019-07-26,23.360000610351562,23.40999984741211,23.299999237060547,23.399999618530273,9.876001358032227,155600,0.0,0.0,0.0
2019-07-29,23.389999389648438,23.399999618530273,23.309999465942383,23.3799991607666,9.867557525634766,190400,0.0,0.0,0.0
2019-07-30,23.3700008392334,23.3700008392334,23.280000686645508,23.31999969482422,9.842240333557129,146900,0.0,0.0,0.0
2019-07-31,23.3799991607666,23.3799991607666,23.040000915527344,23.18000030517578,9.783146858215332,293200,0.0,0.0,0.0
2019-08-01,23.200000762939453,23.399999618530273,22.950000762939453,23.059999465942383,9.732501983642578,363700,0.0,0.0,0.0
2019-08-02,22.950000762939453,22.950000762939453,22.700000762939453,22.75,9.601664543151855,405000,0.0,0.0,0.0
2019-08-05,22.489999771118164,22.489999771118164,21.860000610351562,22.049999237060547,9.306236267089844,809500,0.0,0.0,0.0
2019-08-06,22.200000762939453,22.420000076293945,22.1200008392334,22.389999389648438,9.449727058410645,384400,0.0,0.0,0.0
2019-08-07,22.209999084472656,22.5,21.979999542236328,22.469999313354492,9.483491897583008,340200,0.0,0.0,0.0
2019-08-08,22.56999969482422,22.989999771118164,22.559999465942383,22.979999542236328,9.698739051818848,220200,0.0,0.0,0.0
2019-08-09,22.959999084472656,22.96500015258789,22.6299991607666,22.799999237060547,9.622767448425293,218800,0.0,0.0,0.0
2019-08-12,22.65999984741211,22.709999084472656,22.440000534057617,22.559999465942383,9.521475791931152,267400,0.0,0.0,0.0
2019-08-13,22.969999313354492,23.09000015258789,22.520000457763672,23.010000228881836,9.711400985717773,306000,0.0,0.0,0.0
2019-08-14,22.68000030517578,22.68000030517578,22.299999237060547,22.299999237060547,9.4117431640625,419200,0.0,0.0,0.0
2019-08-15,22.329999923706055,22.424999237060547,22.149999618530273,22.329999923706055,9.424407958984375,226100,0.0,0.0,0.0
2019-08-16,22.510000228881836,22.709999084472656,22.510000228881836,22.68000030517578,9.572127342224121,278200,0.0,0.0,0.0
2019-08-19,23.0,23.0,22.760000228881836,22.850000381469727,9.643874168395996,463000,0.0,0.0,0.0
2019-08-20,22.799999237060547,22.850000381469727,22.770000457763672,22.780000686645508,9.614330291748047,294400,0.0,0.0,0.0
2019-08-21,22.68000030517578,22.760000228881836,22.610000610351562,22.6200008392334,9.642887115478516,275700,0.227,0.0,0.0
2019-08-22,22.68000030517578,22.700000762939453,22.530000686645508,22.6200008392334,9.642887115478516,233800,0.0,0.0,0.0
2019-08-23,22.579999923706055,22.6299991607666,22.1299991607666,22.200000762939453,9.463845252990723,319800,0.0,0.0,0.0
2019-08-26,22.43000030517578,22.43000030517578,22.299999237060547,22.40999984741211,9.55337142944336,183200,0.0,0.0,0.0
2019-08-27,22.5,22.510000228881836,22.350000381469727,22.399999618530273,9.549102783203125,188700,0.0,0.0,0.0
2019-08-28,22.399999618530273,22.5,22.280000686645508,22.479999542236328,9.583208084106445,160900,0.0,0.0,0.0
2019-08-29,22.649999618530273,22.68000030517578,22.559999465942383,22.65999984741211,9.659937858581543,264700,0.0,0.0,0.0
2019-08-30,22.700000762939453,22.709999084472656,22.600000381469727,22.65999984741211,9.659937858581543,212500,0.0,0.0,0.0
2019-09-03,22.6299991607666,22.649999618530273,22.510000228881836,22.559999465942383,9.617310523986816,163700,0.0,0.0,0.0
2019-09-04,22.709999084472656,22.739999771118164,22.649999618530273,22.739999771118164,9.694043159484863,406100,0.0,0.0,0.0
2019-09-05,22.8799991607666,22.899999618530273,22.84000015258789,22.860000610351562,9.745200157165527,306400,0.0,0.0,0.0
2019-09-06,22.90999984741211,22.920000076293945,22.8700008392334,22.889999389648438,9.757991790771484,302000,0.0,0.0,0.0
2019-09-09,22.950000762939453,22.950000762939453,22.860000610351562,22.8700008392334,9.749463081359863,282600,0.0,0.0,0.0
2019-09-10,22.899999618530273,22.940000534057617,22.832000732421875,22.940000534057617,9.779309272766113,272500,0.0,0.0,0.0
2019-09-11,22.950000762939453,22.950000762939453,22.899999618530273,22.950000762939453,9.78356647491455,193700,0.0,0.0,0.0
2019-09-12,23.0,23.030000686645508,22.93000030517578,22.950000762939453,9.78356647491455,186400,0.0,0.0,0.0
2019-09-13,22.989999771118164,22.989999771118164,22.950000762939453,22.969999313354492,9.792092323303223,162600,0.0,0.0,0.0
2019-09-16,22.979999542236328,23.0,22.950000762939453,23.0,9.804883003234863,265800,0.0,0.0,0.0
2019-09-17,22.979999542236328,23.0,22.959999084472656,23.0,9.804883003234863,207600,0.0,0.0,0.0
2019-09-18,22.989999771118164,23.030000686645508,22.959999084472656,22.9950008392334,9.80275821685791,256400,0.0,0.0,0.0
2019-09-19,23.0,23.030000686645508,23.0,23.010000228881836,9.809148788452148,221100,0.0,0.0,0.0
2019-09-20,23.079999923706055,23.094999313354492,22.729999542236328,22.860000610351562,9.745200157165527,362500,0.0,0.0,0.0
2019-09-23,22.829999923706055,22.889999389648438,22.790000915527344,22.8700008392334,9.749463081359863,294700,0.0,0.0,0.0
2019-09-24,22.8700008392334,22.93000030517578,22.56999969482422,22.649999618530273,9.655677795410156,416600,0.0,0.0,0.0
2019-09-25,22.479999542236328,22.690000534057617,22.31999969482422,22.670000076293945,9.73945426940918,262300,0.175,0.0,0.0
2019-09-26,22.639999389648438,22.649999618530273,22.479999542236328,22.59000015258789,9.705090522766113,267900,0.0,0.0,0.0
2019-09-27,22.6299991607666,22.700000762939453,22.280000686645508,22.399999618530273,9.623456954956055,246200,0.0,0.0,0.0
2019-09-30,22.479999542236328,22.62299919128418,22.459999084472656,22.600000381469727,9.709382057189941,198100,0.0,0.0,0.0
2019-10-01,22.65999984741211,22.739999771118164,22.399999618530273,22.45599937438965,9.647517204284668,385600,0.0,0.0,0.0
2019-10-02,22.350000381469727,22.350000381469727,22.010000228881836,22.100000381469727,9.494572639465332,357500,0.0,0.0,0.0
2019-10-03,22.149999618530273,22.360000610351562,21.899999618530273,22.360000610351562,9.606273651123047,290000,0.0,0.0,0.0
2019-10-04,22.440000534057617,22.670000076293945,22.433000564575195,22.639999389648438,9.726570129394531,253700,0.0,0.0,0.0
2019-10-07,22.59000015258789,22.700000762939453,22.559999465942383,22.610000610351562,9.713679313659668,273700,0.0,0.0,0.0
2019-10-08,22.520000457763672,22.545000076293945,22.299999237060547,22.309999465942383,9.584792137145996,344000,0.0,0.0,0.0
2019-10-09,22.479999542236328,22.610000610351562,22.40999984741211,22.540000915527344,9.68360424041748,176500,0.0,0.0,0.0
2019-10-10,22.520000457763672,22.719999313354492,22.5,22.65999984741211,9.735154151916504,214200,0.0,0.0,0.0
2019-10-11,22.84000015258789,22.940000534057617,22.799999237060547,22.850000381469727,9.816787719726562,270500,0.0,0.0,0.0
2019-10-14,22.889999389648438,22.950000762939453,22.8700008392334,22.90999984741211,9.842565536499023,280200,0.0,0.0,0.0
2019-10-15,23.0,23.139999389648438,22.969999313354492,23.1200008392334,9.932783126831055,393600,0.0,0.0,0.0
2019-10-16,23.100000381469727,23.139999389648438,23.049999237060547,23.110000610351562,9.928488731384277,252600,0.0,0.0,0.0
2019-10-17,23.18000030517578,23.18000030517578,23.1299991607666,23.149999618530273,9.945674896240234,404600,0.0,0.0,0.0
2019-10-18,23.059999465942383,23.149999618530273,22.825000762939453,22.940000534057617,9.85545539855957,544200,0.0,0.0,0.0
2019-10-21,23.0,23.100000381469727,23.0,23.09000015258789,9.91989517211914,407700,0.0,0.0,0.0
2019-10-22,23.139999389648438,23.149999618530273,23.0,23.014999389648438,9.887672424316406,346900,0.0,0.0,0.0
2019-10-23,22.81999969482422,22.899999618530273,22.790000915527344,22.829999923706055,9.884212493896484,349800,0.177,0.0,0.0
2019-10-24,22.90999984741211,22.969999313354492,22.8700008392334,22.954999923706055,9.938328742980957,236400,0.0,0.0,0.0
2019-10-25,22.950000762939453,23.049999237060547,22.940000534057617,23.049999237060547,9.979459762573242,201600,0.0,0.0,0.0
2019-10-28,23.1299991607666,23.139999389648438,23.07900047302246,23.079999923706055,9.992446899414062,428500,0.0,0.0,0.0
2019-10-29,23.1200008392334,23.1200008392334,23.049999237060547,23.059999465942383,9.983787536621094,415200,0.0,0.0,0.0
2019-10-30,23.110000610351562,23.1200008392334,23.040000915527344,23.110000610351562,10.005437850952148,366100,0.0,0.0,0.0
2019-10-31,23.139999389648438,23.139999389648438,23.06999969482422,23.1299991607666,10.0140962600708,299600,0.0,0.0,0.0
2019-11-01,23.18000030517578,23.190000534057617,23.139999389648438,23.18000030517578,10.035740852355957,407900,0.0,0.0,0.0
2019-11-04,23.190000534057617,23.219999313354492,23.174999237060547,23.18000030517578,10.035740852355957,553400,0.0,0.0,0.0
2019-11-05,23.219999313354492,23.229999542236328,23.190000534057617,23.229999542236328,10.057389259338379,216000,0.0,0.0,0.0
2019-11-06,23.229999542236328,23.229999542236328,23.170000076293945,23.229999542236328,10.057389259338379,379800,0.0,0.0,0.0
2019-11-07,23.239999771118164,23.25,23.19499969482422,23.209999084472656,10.048728942871094,539700,0.0,0.0,0.0
2019-11-08,23.229999542236328,23.25,23.209999084472656,23.25,10.06605052947998,258600,0.0,0.0,0.0
2019-11-11,23.239999771118164,23.25,23.229999542236328,23.25,10.06605052947998,339200,0.0,0.0,0.0
2019-11-12,23.25,23.260000228881836,23.219999313354492,23.25,10.06605052947998,515100,0.0,0.0,0.0
2019-11-13,23.25,23.25,23.209999084472656,23.229999542236328,10.057389259338379,638800,0.0,0.0,0.0
2019-11-14,23.25,23.25,23.21500015258789,23.25,10.06605052947998,252600,0.0,0.0,0.0
2019-11-15,23.3700008392334,23.399999618530273,23.299999237060547,23.389999389648438,10.126655578613281,482500,0.0,0.0,0.0
2019-11-18,23.440000534057617,23.450000762939453,23.350000381469727,23.40999984741211,10.135322570800781,303200,0.0,0.0,0.0
2019-11-19,23.469999313354492,23.479999542236328,23.389999389648438,23.450000762939453,10.152640342712402,412400,0.0,0.0,0.0
2019-11-20,23.209999084472656,23.280000686645508,23.052000045776367,23.190000534057617,10.124258995056152,304400,0.195,0.0,0.0
2019-11-21,23.18000030517578,23.18000030517578,23.1200008392334,23.15999984741211,10.111166000366211,279200,0.0,0.0,0.0
2019-11-22,23.190000534057617,23.219999313354492,23.110000610351562,23.149999618530273,10.106794357299805,317300,0.0,0.0,0.0
2019-11-25,23.229999542236328,23.329999923706055,23.209999084472656,23.329999923706055,10.185378074645996,215700,0.0,0.0,0.0
2019-11-26,23.34000015258789,23.389999389648438,23.329999923706055,23.360000610351562,10.198480606079102,235800,0.0,0.0,0.0
2019-11-27,23.40999984741211,23.420000076293945,23.360000610351562,23.402999877929688,10.21725082397461,205400,0.0,0.0,0.0
2019-11-29,23.420000076293945,23.43000030517578,23.360000610351562,23.389999389648438,10.21157169342041,173100,0.0,0.0,0.0
2019-12-02,23.360000610351562,23.40999984741211,23.190000534057617,23.270000457763672,10.159184455871582,366200,0.0,0.0,0.0
2019-12-03,23.110000610351562,23.190000534057617,22.9950008392334,23.190000534057617,10.124258995056152,274500,0.0,0.0,0.0
2019-12-04,23.239999771118164,23.290000915527344,23.239999771118164,23.25,10.150458335876465,308400,0.0,0.0,0.0
2019-12-05,23.299999237060547,23.30500030517578,23.2189998626709,23.299999237060547,10.172282218933105,303800,0.0,0.0,0.0
2019-12-06,23.3700008392334,23.440000534057617,23.299999237060547,23.40999984741211,10.220306396484375,531300,0.0,0.0,0.0
2019-12-09,23.440000534057617,23.450000762939453,23.350000381469727,23.399999618530273,10.21593952178955,289000,0.0,0.0,0.0
2019-12-10,23.399999618530273,23.43000030517578,23.350000381469727,23.399999618530273,10.21593952178955,322100,0.0,0.0,0.0
2019-12-11,23.420000076293945,23.440000534057617,23.399999618530273,23.440000534057617,10.233405113220215,372200,0.0,0.0,0.0
2019-12-12,23.450000762939453,23.540000915527344,23.43000030517578,23.520000457763672,10.268332481384277,409700,0.0,0.0,0.0
2019-12-13,23.510000228881836,23.559999465942383,23.486000061035156,23.53499984741211,10.274879455566406,631900,0.0,0.0,0.0
2019-12-16,23.56999969482422,23.59000015258789,23.55900001525879,23.579999923706055,10.29452133178711,314000,0.0,0.0,0.0
2019-12-17,23.579999923706055,23.59000015258789,23.549999237060547,23.584999084472656,10.296710968017578,346300,0.0,0.0,0.0
2019-12-18,23.59000015258789,23.600000381469727,23.579999923706055,23.59000015258789,10.298891067504883,228500,0.0,0.0,0.0
2019-12-19,23.59000015258789,23.600000381469727,23.579999923706055,23.600000381469727,10.30325698852539,446400,0.0,0.0,0.0
2019-12-20,23.719999313354492,23.739999771118164,23.65999984741211,23.729999542236328,10.360016822814941,347000,0.0,0.0,0.0
2019-12-23,23.75,23.780000686645508,23.729999542236328,23.735000610351562,10.36219596862793,337500,0.0,0.0,0.0
2019-12-24,23.75,23.780000686645508,23.75,23.760000228881836,10.37310791015625,189300,0.0,0.0,0.0
2019-12-26,23.790000915527344,23.829999923706055,23.770000457763672,23.809999465942383,10.394941329956055,272600,0.0,0.0,0.0
2019-12-27,23.860000610351562,23.8700008392334,23.790000915527344,23.790000915527344,10.386208534240723,332800,0.0,0.0,0.0
2019-12-30,23.670000076293945,23.670000076293945,23.510000228881836,23.575000762939453,10.364228248596191,365600,0.165,0.0,0.0
2019-12-31,23.559999465942383,23.6200008392334,23.540000915527344,23.610000610351562,10.37961483001709,298100,0.0,0.0,0.0
2020-01-02,23.709999084472656,23.75,23.670000076293945,23.735000610351562,10.4345703125,538200,0.0,0.0,0.0
2020-01-03,23.68000030517578,23.75,23.649999618530273,23.709999084472656,10.423575401306152,402000,0.0,0.0,0.0
2020-01-06,23.65999984741211,23.770000457763672,23.649999618530273,23.75,10.441160202026367,406400,0.0,0.0,0.0
2020-01-07,23.770000457763672,23.799999237060547,23.739999771118164,23.770000457763672,10.449950218200684,388100,0.0,0.0,0.0
2020-01-08,23.75,23.829999923706055,23.722000122070312,23.81999969482422,10.471935272216797,421900,0.0,0.0,0.0
2020-01-09,23.84000015258789,23.8799991607666,23.81999969482422,23.829999923706055,10.476327896118164,622100,0.0,0.0,0.0
2020-01-10,23.850000381469727,23.860000610351562,23.81999969482422,23.834999084472656,10.478529930114746,472400,0.0,0.0,0.0
2020-01-13,23.850000381469727,23.860000610351562,23.84000015258789,23.850000381469727,10.485123634338379,445700,0.0,0.0,0.0
2020-01-14,23.8700008392334,23.874000549316406,23.829999923706055,23.8700008392334,10.493918418884277,411400,0.0,0.0,0.0
2020-01-15,23.860000610351562,23.8700008392334,23.84000015258789,23.854999542236328,10.487326622009277,287800,0.0,0.0,0.0
2020-01-16,23.860000610351562,23.8799991607666,23.860000610351562,23.8799991607666,10.498312950134277,406100,0.0,0.0,0.0
2020-01-17,23.989999771118164,23.989999771118164,23.885000228881836,23.969999313354492,10.537879943847656,420300,0.0,0.0,0.0
2020-01-21,23.760000228881836,23.899999618530273,23.700000762939453,23.770000457763672,10.537432670593262,778200,0.199,0.0,0.0
2020-01-22,23.809999465942383,23.84000015258789,23.729999542236328,23.75,10.528569221496582,353700,0.0,0.0,0.0
2020-01-23,23.770000457763672,23.81999969482422,23.729999542236328,23.790000915527344,10.546303749084473,228800,0.0,0.0,0.0
2020-01-24,23.829999923706055,23.854000091552734,23.6299991607666,23.700000762939453,10.506406784057617,438700,0.0,0.0,0.0
2020-01-27,23.3700008392334,23.5,23.200000762939453,23.3799991607666,10.364547729492188,741000,0.0,0.0,0.0
2020-01-28,23.479999542236328,23.68000030517578,23.479999542236328,23.670000076293945,10.49310302734375,345000,0.0,0.0,0.0
2020-01-29,23.700000762939453,23.739999771118164,23.6200008392334,23.68000030517578,10.497536659240723,307800,0.0,0.0,0.0
2020-01-30,23.579999923706055,23.739999771118164,23.520000457763672,23.739999771118164,10.524136543273926,407800,0.0,0.0,0.0
2020-01-31,23.770000457763672,23.770000457763672,23.450000762939453,23.510000228881836,10.422181129455566,531500,0.0,0.0,0.0
2020-02-03,23.600000381469727,23.780000686645508,23.600000381469727,23.739999771118164,10.524136543273926,301700,0.0,0.0,0.0
2020-02-04,23.850000381469727,23.969999313354492,23.850000381469727,23.959999084472656,10.621664047241211,357400,0.0,0.0,0.0
2020-02-05,24.059999465942383,24.059999465942383,23.920000076293945,23.950000762939453,10.617230415344238,448100,0.0,0.0,0.0
2020-02-06,24.010000228881836,24.049999237060547,24.0,24.030000686645508,10.652694702148438,460300,0.0,0.0,0.0
2020-02-07,24.020000457763672,24.049999237060547,23.989999771118164,24.020000457763672,10.648260116577148,346900,0.0,0.0,0.0
2020-02-10,24.040000915527344,24.09000015258789,24.020000457763672,24.09000015258789,10.679293632507324,363800,0.0,0.0,0.0
2020-02-11,24.1200008392334,24.132999420166016,24.059999465942383,24.059999465942383,10.665993690490723,561500,0.0,0.0,0.0
2020-02-12,24.149999618530273,24.149999618530273,24.09000015258789,24.100000381469727,10.68372917175293,449400,0.0,0.0,0.0
2020-02-13,24.100000381469727,24.139999389648438,24.100000381469727,24.1299991607666,10.697021484375,420100,0.0,0.0,0.0
2020-02-14,24.1299991607666,24.145999908447266,24.110000610351562,24.110000610351562,10.688159942626953,392100,0.0,0.0,0.0
2020-02-18,24.1200008392334,24.15999984741211,24.110000610351562,24.1299991607666,10.697021484375,405700,0.0,0.0,0.0
2020-02-19,24.149999618530273,24.18000030517578,24.1299991607666,24.149999618530273,10.705892562866211,507300,0.0,0.0,0.0
2020-02-20,24.15999984741211,24.15999984741211,24.1299991607666,24.149999618530273,10.705892562866211,440300,0.0,0.0,0.0
2020-02-21,24.049999237060547,24.1299991607666,23.700000762939453,23.73699951171875,10.522802352905273,731500,0.0,0.0,0.0
2020-02-24,22.989999771118164,23.100000381469727,22.809999465942383,22.93000030517578,10.268012046813965,1153300,0.238,0.0,0.0
2020-02-25,23.09000015258789,23.128999710083008,22.280000686645508,22.3700008392334,10.017240524291992,1284800,0.0,0.0,0.0
2020-02-26,22.469999313354492,22.860000610351562,22.350000381469727,22.520000457763672,10.08441162109375,749700,0.0,0.0,0.0
2020-02-27,21.915000915527344,22.29400062561035,21.399999618530273,21.440000534057617,9.60079288482666,1546800,0.0,0.0,0.0
2020-02-28,20.649999618530273,21.450000762939453,20.600000381469727,21.389999389648438,9.578394889831543,1746400,0.0,0.0,0.0
2020-03-02,21.649999618530273,22.479999542236328,21.450000762939453,22.469999313354492,10.06202220916748,933800,0.0,0.0,0.0
2020-03-03,22.579999923706055,22.739999771118164,21.6200008392334,21.860000610351562,9.788867950439453,909800,0.0,0.0,0.0
2020-03-04,22.219999313354492,22.700000762939453,22.020000457763672,22.700000762939453,10.165020942687988,501200,0.0,0.0,0.0
2020-03-05,22.1299991607666,22.489999771118164,21.8799991607666,22.010000228881836,9.856034278869629,816900,0.0,0.0,0.0
2020-03-06,21.309999465942383,21.75,21.1299991607666,21.719999313354492,9.726174354553223,988600,0.0,0.0,0.0
2020-03-09,20.229999542236328,20.899999618530273,20.0,20.15999984741211,9.027607917785645,1066100,0.0,0.0,0.0
2020-03-10,20.93000030517578,21.209999084472656,20.200000762939453,21.209999084472656,9.497796058654785,694800,0.0,0.0,0.0
2020-03-11,20.729999542236328,20.920000076293945,20.049999237060547,20.360000610351562,9.117165565490723,844300,0.0,0.0,0.0
2020-03-12,18.889999389648438,19.68000030517578,18.479999542236328,18.479999542236328,8.27530574798584,1971000,0.0,0.0,0.0
2020-03-13,19.790000915527344,20.194000244140625,18.600000381469727,20.040000915527344,8.973872184753418,1080300,0.0,0.0,0.0
2020-03-16,18.0,19.200000762939453,17.5,17.989999771118164,8.055887222290039,842000,0.0,0.0,0.0
2020-03-17,18.299999237060547,19.09000015258789,17.5310001373291,18.81999969482422,8.427560806274414,829100,0.0,0.0,0.0
2020-03-18,17.799999237060547,18.604999542236328,17.219999313354492,18.219999313354492,8.158879280090332,1292400,0.0,0.0,0.0
2020-03-19,18.110000610351562,18.989999771118164,17.6299991607666,18.40999984741211,8.243959426879883,944400,0.0,0.0,0.0
2020-03-20,18.780000686645508,18.940000534057617,18.059999465942383,18.229999542236328,8.163358688354492,756000,0.0,0.0,0.0
2020-03-23,18.0,18.18000030517578,17.309999465942383,18.0,8.141197204589844,822600,0.181,0.0,0.0
2020-03-24,18.700000762939453,18.749000549316406,18.3700008392334,18.59000015258789,8.408048629760742,487100,0.0,0.0,0.0
2020-03-25,18.799999237060547,18.989999771118164,18.5,18.65999984741211,8.439705848693848,834400,0.0,0.0,0.0
2020-03-26,18.540000915527344,19.149999618530273,18.540000915527344,19.0,8.593482971191406,671000,0.0,0.0,0.0
2020-03-27,18.68000030517578,18.889999389648438,18.5,18.549999237060547,8.389955520629883,545200,0.0,0.0,0.0
2020-03-30,18.709999084472656,19.149999618530273,18.709999084472656,19.100000381469727,8.638717651367188,402800,0.0,0.0,0.0
2020-03-31,19.18000030517578,19.350000381469727,19.139999389648438,19.270000457763672,8.715606689453125,858700,0.0,0.0,0.0
2020-04-01,18.850000381469727,19.1299991607666,18.700000762939453,18.899999618530273,8.548255920410156,636800,0.0,0.0,0.0
2020-04-02,19.09000015258789,19.219999313354492,18.809999465942383,19.1299991607666,8.652281761169434,565800,0.0,0.0,0.0
2020-04-03,19.1299991607666,19.290000915527344,18.979999542236328,19.117000579833984,8.646403312683105,411900,0.0,0.0,0.0
2020-04-06,19.489999771118164,19.65999984741211,19.450000762939453,19.594999313354492,8.86259651184082,501300,0.0,0.0,0.0
2020-04-07,19.690000534057617,19.94499969482422,19.549999237060547,19.6200008392334,8.873902320861816,581300,0.0,0.0,0.0
2020-04-08,19.639999389648438,19.7450008392334,19.600000381469727,19.729999542236328,8.923654556274414,418800,0.0,0.0,0.0
2020-04-09,19.760000228881836,19.760000228881836,19.600000381469727,19.6299991607666,8.878426551818848,551600,0.0,0.0,0.0
2020-04-13,19.639999389648438,19.809999465942383,19.610000610351562,19.770000457763672,8.941747665405273,404800,0.0,0.0,0.0
2020-04-14,19.760000228881836,19.850000381469727,19.73200035095215,19.790000915527344,8.950790405273438,913000,0.0,0.0,0.0
2020-04-15,19.700000762939453,19.790000915527344,19.660999298095703,19.75,8.932703018188477,441800,0.0,0.0,0.0
2020-04-16,19.770000457763672,19.825000762939453,19.420000076293945,19.670000076293945,8.896519660949707,1254400,0.0,0.0,0.0
2020-04-17,20.100000381469727,20.110000610351562,19.68000030517578,19.989999771118164,9.041251182556152,702000,0.0,0.0,0.0
2020-04-20,19.639999389648438,19.739999771118164,19.514999389648438,19.579999923706055,8.944856643676758,483500,0.199,0.0,0.0
2020-04-21,19.450000762939453,19.469999313354492,19.02199935913086,19.18000030517578,8.762125968933105,458100,0.0,0.0,0.0
2020-04-22,19.3799991607666,19.559999465942383,19.299999237060547,19.5,8.908309936523438,567100,0.0,0.0,0.0
2020-04-23,19.56999969482422,19.709999084472656,19.469999313354492,19.540000915527344,8.926587104797363,573900,0.0,0.0,0.0
2020-04-24,19.600000381469727,19.809999465942383,19.510000228881836,19.780000686645508,9.036221504211426,563000,0.0,0.0,0.0
2020-04-27,20.0,20.030000686645508,19.850000381469727,19.93000030517578,9.104750633239746,488600,0.0,0.0,0.0
2020-04-28,20.059999465942383,20.059999465942383,19.700000762939453,19.739999771118164,9.017951965332031,488500,0.0,0.0,0.0
2020-04-29,20.0,20.100000381469727,19.916000366210938,20.09000015258789,9.17784595489502,691100,0.0,0.0,0.0
2020-04-30,20.020000457763672,20.100000381469727,19.989999771118164,20.06999969482422,9.168708801269531,420800,0.0,0.0,0.0
2020-05-01,19.81999969482422,19.989999771118164,19.719999313354492,19.829999923706055,9.059064865112305,550600,0.0,0.0,0.0
2020-05-04,19.81999969482422,20.0,19.76799964904785,20.0,9.13672924041748,327000,0.0,0.0,0.0
2020-05-05,20.139999389648438,20.239999771118164,20.100000381469727,20.149999618530273,9.2052583694458,331200,0.0,0.0,0.0
2020-05-06,20.239999771118164,20.260000228881836,20.149999618530273,20.200000762939453,9.228097915649414,306300,0.0,0.0,0.0
2020-05-07,20.25,20.329999923706055,20.18000030517578,20.229999542236328,9.241801261901855,374800,0.0,0.0,0.0
2020-05-08,20.34000015258789,20.389999389648438,20.260000228881836,20.360000610351562,9.301189422607422,386800,0.0,0.0,0.0
2020-05-11,20.420000076293945,20.450000762939453,20.360000610351562,20.43000030517578,9.333168983459473,425100,0.0,0.0,0.0
2020-05-12,20.440000534057617,20.479999542236328,20.399999618530273,20.399999618530273,9.31946086883545,644200,0.0,0.0,0.0
2020-05-13,20.389999389648438,20.43600082397461,20.290000915527344,20.40999984741211,9.324031829833984,414500,0.0,0.0,0.0
2020-05-14,20.40999984741211,20.479999542236328,20.299999237060547,20.469999313354492,9.351442337036133,385500,0.0,0.0,0.0
2020-05-15,20.219999313354492,20.5,20.200000762939453,20.489999771118164,9.360576629638672,709100,0.0,0.0,0.0
2020-05-18,20.450000762939453,20.481000900268555,20.399999618530273,20.469999313354492,9.44548225402832,721700,0.204,0.0,0.0
2020-05-19,20.469999313354492,20.549999237060547,20.420000076293945,20.420000076293945,9.422411918640137,348900,0.0,0.0,0.0
2020-05-20,20.540000915527344,20.610000610351562,20.510000228881836,20.559999465942383,9.487011909484863,765500,0.0,0.0,0.0
2020-05-21,20.600000381469727,20.600000381469727,20.469999313354492,20.530000686645508,9.473167419433594,440700,0.0,0.0,0.0
2020-05-22,20.5,20.56999969482422,20.43000030517578,20.540000915527344,9.477782249450684,420400,0.0,0.0,0.0
2020-05-26,20.625,20.739999771118164,20.579999923706055,20.600000381469727,9.505471229553223,734900,0.0,0.0,0.0
2020-05-27,20.600000381469727,20.65999984741211,20.40999984741211,20.6200008392334,9.514702796936035,685300,0.0,0.0,0.0
2020-05-28,20.610000610351562,20.694000244140625,20.540000915527344,20.600000381469727,9.505471229553223,969900,0.0,0.0,0.0
2020-05-29,20.600000381469727,20.729999542236328,20.56999969482422,20.65999984741211,9.533157348632812,330600,0.0,0.0,0.0
2020-06-01,20.670000076293945,20.739999771118164,20.639999389648438,20.729999542236328,9.565457344055176,606900,0.0,0.0,0.0
2020-06-02,20.770000457763672,20.790000915527344,20.68000030517578,20.780000686645508,9.58852481842041,541700,0.0,0.0,0.0
2020-06-03,20.760000228881836,20.809999465942383,20.75,20.799999237060547,9.597756385803223,625900,0.0,0.0,0.0
2020-06-04,20.809999465942383,20.81999969482422,20.735000610351562,20.809999465942383,9.602372169494629,713300,0.0,0.0,0.0
2020-06-05,20.84000015258789,20.850000381469727,20.809999465942383,20.81999969482422,9.60698127746582,639400,0.0,0.0,0.0
2020-06-08,20.860000610351562,20.8799991607666,20.81999969482422,20.81999969482422,9.60698127746582,777900,0.0,0.0,0.0
2020-06-09,20.850000381469727,20.850000381469727,20.81999969482422,20.84000015258789,9.6162109375,498600,0.0,0.0,0.0
2020-06-10,20.84000015258789,20.860000610351562,20.799999237060547,20.860000610351562,9.625436782836914,854200,0.0,0.0,0.0
2020-06-11,20.799999237060547,20.8700008392334,20.68000030517578,20.700000762939453,9.551613807678223,898300,0.0,0.0,0.0
2020-06-12,20.809999465942383,20.8700008392334,20.700000762939453,20.75,9.574686050415039,682500,0.0,0.0,0.0
2020-06-15,20.700000762939453,20.90999984741211,20.700000762939453,20.860000610351562,9.625436782836914,803400,0.0,0.0,0.0
2020-06-16,20.8700008392334,20.90999984741211,20.84000015258789,20.8799991607666,9.634669303894043,906100,0.0,0.0,0.0
2020-06-17,20.8700008392334,20.899999618530273,20.84000015258789,20.8799991607666,9.634669303894043,581900,0.0,0.0,0.0
2020-06-18,20.8700008392334,20.920000076293945,20.850000381469727,20.920000076293945,9.65312671661377,454800,0.0,0.0,0.0
2020-06-19,21.020000457763672,21.149999618530273,20.860000610351562,20.979999542236328,9.680811882019043,725800,0.0,0.0,0.0
2020-06-22,20.809999465942383,20.8799991607666,20.719999313354492,20.8799991607666,9.731609344482422,563400,0.209,0.0,0.0
2020-06-23,20.950000762939453,21.040000915527344,20.90999984741211,20.979999542236328,9.778216361999512,658200,0.0,0.0,0.0
2020-06-24,20.950000762939453,20.979999542236328,20.639999389648438,20.760000228881836,9.675686836242676,685200,0.0,0.0,0.0
2020-06-25,20.719999313354492,20.899999618530273,20.600000381469727,20.899999618530273,9.74093246459961,375200,0.0,0.0,0.0
2020-06-26,20.899999618530273,20.899999618530273,20.579999923706055,20.600000381469727,9.601116180419922,779900,0.0,0.0,0.0
2020-06-29,20.610000610351562,20.770000457763672,20.43000030517578,20.770000457763672,9.680346488952637,661800,0.0,0.0,0.0
2020-06-30,20.770000457763672,21.0,20.739999771118164,21.0,9.787544250488281,342100,0.0,0.0,0.0
2020-07-01,20.959999084472656,21.18000030517578,20.959999084472656,21.18000030517578,9.871437072753906,487500,0.0,0.0,0.0
2020-07-02,21.239999771118164,21.280000686645508,21.18000030517578,21.219999313354492,9.890080451965332,549700,0.0,0.0,0.0
2020-07-06,21.350000381469727,21.3700008392334,21.270000457763672,21.34000015258789,9.94600772857666,643800,0.0,0.0,0.0
2020-07-07,21.299999237060547,21.3700008392334,21.2810001373291,21.299999237060547,9.927360534667969,643900,0.0,0.0,0.0
2020-07-08,21.34000015258789,21.3799991607666,21.299999237060547,21.3799991607666,9.96465015411377,481100,0.0,0.0,0.0
2020-07-09,21.3799991607666,21.3799991607666,21.299999237060547,21.3799991607666,9.96465015411377,437500,0.0,0.0,0.0
2020-07-10,21.3700008392334,21.420000076293945,21.350000381469727,21.399999618530273,9.97397518157959,481400,0.0,0.0,0.0
2020-07-13,21.440000534057617,21.450000762939453,21.309999465942383,21.329999923706055,9.941347122192383,712600,0.0,0.0,0.0
2020-07-14,21.34000015258789,21.43000030517578,21.290000915527344,21.43000030517578,9.987954139709473,574800,0.0,0.0,0.0
2020-07-15,21.420000076293945,21.459999084472656,21.395000457763672,21.450000762939453,9.997276306152344,693800,0.0,0.0,0.0
2020-07-16,21.43000030517578,21.489999771118164,21.399999618530273,21.489999771118164,10.015921592712402,468600,0.0,0.0,0.0
2020-07-17,21.489999771118164,21.510000228881836,21.290000915527344,21.469999313354492,10.006597518920898,767100,0.0,0.0,0.0
2020-07-20,21.299999237060547,21.485000610351562,21.209999084472656,21.479999542236328,10.112045288085938,739700,0.214,0.0,0.0
2020-07-21,21.479999542236328,21.489999771118164,21.329999923706055,21.350000381469727,10.050846099853516,558000,0.0,0.0,0.0
2020-07-22,21.360000610351562,21.40999984741211,21.329999923706055,21.399999618530273,10.074389457702637,394600,0.0,0.0,0.0
2020-07-23,21.399999618530273,21.410999298095703,21.1299991607666,21.139999389648438,9.951986312866211,583700,0.0,0.0,0.0
2020-07-24,21.010000228881836,21.1200008392334,20.864999771118164,21.040000915527344,9.9049072265625,621300,0.0,0.0,0.0
2020-07-27,21.170000076293945,21.30500030517578,21.1200008392334,21.270000457763672,10.013189315795898,399600,0.0,0.0,0.0
2020-07-28,21.309999465942383,21.3799991607666,21.200000762939453,21.219999313354492,9.98965072631836,535600,0.0,0.0,0.0
2020-07-29,21.33099937438965,21.385000228881836,21.25,21.3700008392334,10.060264587402344,430400,0.0,0.0,0.0
2020-07-30,21.239999771118164,21.3799991607666,21.179000854492188,21.3799991607666,10.064973831176758,547000,0.0,0.0,0.0
2020-07-31,21.540000915527344,21.579999923706055,21.40999984741211,21.579999923706055,10.159123420715332,589100,0.0,0.0,0.0
2020-08-03,21.649999618530273,21.719999313354492,21.649999618530273,21.690000534057617,10.210906982421875,488900,0.0,0.0,0.0
2020-08-04,21.690000534057617,21.739999771118164,21.670000076293945,21.739999771118164,10.234452247619629,412100,0.0,0.0,0.0
2020-08-05,21.790000915527344,21.799999237060547,21.75,21.799999237060547,10.262691497802734,460600,0.0,0.0,0.0
2020-08-06,21.799999237060547,21.81999969482422,21.75,21.799999237060547,10.262691497802734,512800,0.0,0.0,0.0
2020-08-07,21.829999923706055,21.829999923706055,21.719999313354492,21.809999465942383,10.267401695251465,452200,0.0,0.0,0.0
2020-08-10,21.809999465942383,21.847999572753906,21.75,21.84000015258789,10.281525611877441,570000,0.0,0.0,0.0
2020-08-11,21.84000015258789,21.84000015258789,21.700000762939453,21.704999923706055,10.217970848083496,684700,0.0,0.0,0.0
2020-08-12,21.780000686645508,21.8700008392334,21.770000457763672,21.84000015258789,10.281525611877441,400300,0.0,0.0,0.0
2020-08-13,21.889999389648438,21.90999984741211,21.84000015258789,21.860000610351562,10.290938377380371,525300,0.0,0.0,0.0
2020-08-14,21.90399932861328,21.920000076293945,21.860000610351562,21.90399932861328,10.311655044555664,386500,0.0,0.0,0.0
2020-08-17,21.920000076293945,21.954999923706055,21.90999984741211,21.950000762939453,10.333309173583984,441700,0.0,0.0,0.0
2020-08-18,21.94300079345703,21.950000762939453,21.90999984741211,21.940000534057617,10.32860279083252,519600,0.0,0.0,0.0
2020-08-19,21.940000534057617,21.940000534057617,21.915000915527344,21.940000534057617,10.32860279083252,652000,0.0,0.0,0.0
2020-08-20,21.940000534057617,21.969999313354492,21.93000030517578,21.969999313354492,10.342724800109863,547100,0.0,0.0,0.0
2020-08-21,21.959999084472656,22.06999969482422,21.93000030517578,22.059999465942383,10.385091781616211,558700,0.0,0.0,0.0
2020-08-24,21.979999542236328,21.979999542236328,21.770000457763672,21.84000015258789,10.385093688964844,716200,0.22,0.0,0.0
2020-08-25,21.899999618530273,21.950000762939453,21.84000015258789,21.90999984741211,10.418374061584473,520400,0.0,0.0,0.0
2020-08-26,21.969999313354492,22.09000015258789,21.959999084472656,22.06999969482422,10.494461059570312,506100,0.0,0.0,0.0
2020-08-27,22.100000381469727,22.1200008392334,21.940000534057617,22.040000915527344,10.48019027709961,540800,0.0,0.0,0.0
2020-08-28,22.06999969482422,22.1200008392334,22.025999069213867,22.1200008392334,10.518234252929688,451600,0.0,0.0,0.0
2020-08-31,22.1200008392334,22.18000030517578,22.079999923706055,22.139999389648438,10.527750968933105,728000,0.0,0.0,0.0
2020-09-01,22.219999313354492,22.260000228881836,22.15999984741211,22.229999542236328,10.570537567138672,732200,0.0,0.0,0.0
2020-09-02,22.23900032043457,22.280000686645508,22.15999984741211,22.270000457763672,10.589561462402344,887800,0.0,0.0,0.0
2020-09-03,22.209999084472656,22.22100067138672,21.770000457763672,21.920000076293945,10.423133850097656,1103700,0.0,0.0,0.0
2020-09-04,21.805999755859375,21.979999542236328,21.059999465942383,21.84000015258789,10.385093688964844,1630300,0.0,0.0,0.0
2020-09-08,21.344999313354492,21.649999618530273,21.20199966430664,21.25,10.104540824890137,1552400,0.0,0.0,0.0
2020-09-09,21.479999542236328,21.850000381469727,21.459999084472656,21.739999771118164,10.337544441223145,924400,0.0,0.0,0.0
2020-09-10,21.90999984741211,21.959999084472656,21.350000381469727,21.420000076293945,10.185378074645996,977400,0.0,0.0,0.0
2020-09-11,21.559999465942383,21.68400001525879,21.145000457763672,21.3799991607666,10.166358947753906,723200,0.0,0.0,0.0
2020-09-14,21.56999969482422,21.8700008392334,21.559999465942383,21.799999237060547,10.366070747375488,518000,0.0,0.0,0.0
2020-09-15,21.959999084472656,22.09000015258789,21.940000534057617,22.040000915527344,10.48019027709961,588600,0.0,0.0,0.0
2020-09-16,22.100000381469727,22.100000381469727,21.760000228881836,21.790000915527344,10.36131477355957,958900,0.0,0.0,0.0
2020-09-17,21.299999237060547,21.606000900268555,21.163000106811523,21.489999771118164,10.218663215637207,1109700,0.0,0.0,0.0
2020-09-18,21.56999969482422,21.613000869750977,21.0,21.229999542236328,10.0950288772583,983200,0.0,0.0,0.0
2020-09-21,20.799999237060547,21.09000015258789,20.700000762939453,21.09000015258789,10.129607200622559,810400,0.212,0.0,0.0
2020-09-22,21.139999389648438,21.280000686645508,21.030000686645508,21.219999313354492,10.19205379486084,427200,0.0,0.0,0.0
2020-09-23,21.209999084472656,21.260000228881836,20.899999618530273,20.959999084472656,10.06717586517334,479800,0.0,0.0,0.0
2020-09-24,20.788000106811523,21.1299991607666,20.760000228881836,20.989999771118164,10.081584930419922,423800,0.0,0.0,0.0
2020-09-25,21.0,21.329999923706055,21.0,21.329999923706055,10.244891166687012,433400,0.0,0.0,0.0
2020-09-28,21.440000534057617,21.479999542236328,21.3799991607666,21.469999313354492,10.312134742736816,514300,0.0,0.0,0.0
2020-09-29,21.479999542236328,21.530000686645508,21.459999084472656,21.5,10.32654094696045,572500,0.0,0.0,0.0
2020-09-30,21.5,21.6299991607666,21.420000076293945,21.559999465942383,10.35536003112793,542500,0.0,0.0,0.0
2020-10-01,21.59000015258789,21.670000076293945,21.579999923706055,21.610000610351562,10.379369735717773,456200,0.0,0.0,0.0
2020-10-02,21.43000030517578,21.600000381469727,21.420000076293945,21.5,10.32654094696045,474600,0.0,0.0,0.0
2020-10-05,21.579999923706055,21.700000762939453,21.579999923706055,21.690000534057617,10.417795181274414,426200,0.0,0.0,0.0
2020-10-06,21.700000762939453,21.719999313354492,21.549999237060547,21.600000381469727,10.374567031860352,577600,0.0,0.0,0.0
2020-10-07,21.639999389648438,21.739999771118164,21.6299991607666,21.719999313354492,10.432205200195312,320800,0.0,0.0,0.0
2020-10-08,21.770000457763672,21.780000686645508,21.729999542236328,21.770000457763672,10.456225395202637,368700,0.0,0.0,0.0
2020-10-09,21.770000457763672,21.809999465942383,21.760000228881836,21.809999465942383,10.475435256958008,453900,0.0,0.0,0.0
2020-10-12,21.809999465942383,21.84000015258789,21.760000228881836,21.760000228881836,10.451419830322266,687600,0.0,0.0,0.0
2020-10-13,21.760000228881836,21.81999969482422,21.760000228881836,21.809999465942383,10.475435256958008,493700,0.0,0.0,0.0
2020-10-14,21.799999237060547,21.81999969482422,21.760000228881836,21.81999969482422,10.48023509979248,572400,0.0,0.0,0.0
2020-10-15,21.75,21.829999923706055,21.75,21.790000915527344,10.465826034545898,917500,0.0,0.0,0.0
2020-10-16,21.8700008392334,22.0049991607666,21.75,21.760000228881836,10.451419830322266,993800,0.0,0.0,0.0
2020-10-19,21.700000762939453,21.729999542236328,21.312999725341797,21.350000381469727,10.357786178588867,822700,0.217,0.0,0.0
2020-10-20,21.389999389648438,21.540000915527344,21.329999923706055,21.43000030517578,10.396599769592285,449100,0.0,0.0,0.0
2020-10-21,21.408000946044922,21.53499984741211,21.3799991607666,21.420000076293945,10.39174747467041,514800,0.0,0.0,0.0
2020-10-22,21.489999771118164,21.5,21.229999542236328,21.459999084472656,10.411151885986328,495400,0.0,0.0,0.0
2020-10-23,21.469999313354492,21.520000457763672,21.350000381469727,21.520000457763672,10.440258979797363,528400,0.0,0.0,0.0
2020-10-26,21.420000076293945,21.520000457763672,21.059999465942383,21.260000228881836,10.314125061035156,734700,0.0,0.0,0.0
2020-10-27,21.34000015258789,21.43000030517578,21.264999389648438,21.40999984741211,10.386894226074219,446100,0.0,0.0,0.0
2020-10-28,21.149999618530273,21.152000427246094,20.71500015258789,20.739999771118164,10.061850547790527,1159400,0.0,0.0,0.0
2020-10-29,20.780000686645508,21.224000930786133,20.780000686645508,21.079999923706055,10.226799964904785,482000,0.0,0.0,0.0
2020-10-30,20.959999084472656,21.0,20.510000228881836,20.690000534057617,10.037593841552734,839200,0.0,0.0,0.0
2020-11-02,20.780000686645508,20.93000030517578,20.520000457763672,20.695999145507812,10.040501594543457,613800,0.0,0.0,0.0
2020-11-03,20.809999465942383,21.15999984741211,20.770000457763672,21.059999465942383,10.217094421386719,374400,0.0,0.0,0.0
2020-11-04,21.530000686645508,21.84000015258789,21.510000228881836,21.790000915527344,10.571246147155762,899500,0.0,0.0,0.0
2020-11-05,21.959999084472656,22.100000381469727,21.950000762939453,22.09000015258789,10.716788291931152,687500,0.0,0.0,0.0
2020-11-06,22.010000228881836,22.18000030517578,21.950000762939453,22.139999389648438,10.741050720214844,611500,0.0,0.0,0.0
2020-11-09,22.34000015258789,22.34000015258789,21.90999984741211,21.93000030517578,10.639172554016113,879500,0.0,0.0,0.0
2020-11-10,21.829999923706055,21.899999618530273,21.520000457763672,21.729999542236328,10.542142868041992,716500,0.0,0.0,0.0
2020-11-11,21.850000381469727,22.110000610351562,21.850000381469727,22.09000015258789,10.716788291931152,466200,0.0,0.0,0.0
2020-11-12,22.1299991607666,22.200000762939453,21.950000762939453,22.049999237060547,10.69738483428955,510900,0.0,0.0,0.0
2020-11-13,22.0939998626709,22.229999542236328,22.030000686645508,22.209999084472656,10.775010108947754,377300,0.0,0.0,0.0
2020-11-16,22.200000762939453,22.3799991607666,22.15999984741211,22.3799991607666,10.857481956481934,537200,0.0,0.0,0.0
2020-11-17,22.40999984741211,22.420000076293945,22.31599998474121,22.3700008392334,10.852631568908691,475700,0.0,0.0,0.0
2020-11-18,22.3799991607666,22.459999084472656,22.305999755859375,22.309999465942383,10.823526382446289,543200,0.0,0.0,0.0
2020-11-19,22.31999969482422,22.479999542236328,22.25,22.459999084472656,10.896295547485352,365600,0.0,0.0,0.0
2020-11-20,22.479999542236328,22.5,22.384000778198242,22.389999389648438,10.862335205078125,558800,0.0,0.0,0.0
2020-11-23,22.260000228881836,22.285999298095703,22.079999923706055,22.200000762939453,10.878503799438477,633500,0.223,0.0,0.0
2020-11-24,22.280000686645508,22.360000610351562,22.149999618530273,22.360000610351562,10.956910133361816,543800,0.0,0.0,0.0
2020-11-25,22.3799991607666,22.43000030517578,22.350000381469727,22.43000030517578,10.991207122802734,498700,0.0,0.0,0.0
2020-11-27,22.45599937438965,22.510000228881836,22.450000762939453,22.469999313354492,11.010809898376465,256800,0.0,0.0,0.0
2020-11-30,22.540000915527344,22.540000915527344,22.3700008392334,22.540000915527344,11.045111656188965,804100,0.0,0.0,0.0
2020-12-01,22.56999969482422,22.639999389648438,22.540000915527344,22.600000381469727,11.074516296386719,565100,0.0,0.0,0.0
2020-12-02,22.579999923706055,22.639999389648438,22.549999237060547,22.6299991607666,11.089215278625488,450700,0.0,0.0,0.0
2020-12-03,22.6299991607666,22.719999313354492,22.610000610351562,22.670000076293945,11.108819007873535,638000,0.0,0.0,0.0
2020-12-04,22.68000030517578,22.700000762939453,22.649999618530273,22.690000534057617,11.118616104125977,557200,0.0,0.0,0.0
2020-12-07,22.709999084472656,22.719999313354492,22.68000030517578,22.719999313354492,11.133316993713379,634700,0.0,0.0,0.0
2020-12-08,22.690000534057617,22.75,22.690000534057617,22.739999771118164,11.143118858337402,683300,0.0,0.0,0.0
2020-12-09,22.729999542236328,22.75,22.600000381469727,22.639999389648438,11.094114303588867,758200,0.0,0.0,0.0
2020-12-10,22.6200008392334,22.704999923706055,22.579999923706055,22.670000076293945,11.108819007873535,600000,0.0,0.0,0.0
2020-12-11,22.68000030517578,22.700000762939453,22.594999313354492,22.700000762939453,11.123518943786621,641900,0.0,0.0,0.0
2020-12-14,22.700000762939453,22.780000686645508,22.700000762939453,22.75,11.14802074432373,536800,0.0,0.0,0.0
2020-12-15,22.790000915527344,22.799999237060547,22.766000747680664,22.799999237060547,11.172514915466309,997000,0.0,0.0,0.0
2020-12-16,22.799999237060547,22.81599998474121,22.770000457763672,22.799999237060547,11.172514915466309,783400,0.0,0.0,0.0
2020-12-17,22.809999465942383,22.829999923706055,22.770000457763672,22.829999923706055,11.187219619750977,1040200,0.0,0.0,0.0
2020-12-18,22.829999923706055,22.8700008392334,22.65999984741211,22.780000686645508,11.162717819213867,967500,0.0,0.0,0.0
2020-12-21,22.610000610351562,22.780000686645508,22.48200035095215,22.760000228881836,11.152917861938477,1070200,0.0,0.0,0.0
2020-12-22,22.799999237060547,22.809999465942383,22.600000381469727,22.799999237060547,11.172514915466309,667500,0.0,0.0,0.0
2020-12-23,22.790000915527344,22.850000381469727,22.7549991607666,22.770000457763672,11.157815933227539,582100,0.0,0.0,0.0
2020-12-24,22.760000228881836,22.8799991607666,22.760000228881836,22.84000015258789,11.192120552062988,385200,0.0,0.0,0.0
2020-12-28,22.979999542236328,23.030000686645508,22.889999389648438,23.020000457763672,11.28032398223877,721200,0.0,0.0,0.0
2020-12-29,23.110000610351562,23.110000610351562,22.979999542236328,23.0,11.27052116394043,980200,0.0,0.0,0.0
2020-12-30,22.850000381469727,22.860000610351562,22.780000686645508,22.809999465942383,11.290323257446289,689700,0.23,0.0,0.0
2020-12-31,22.790000915527344,22.829999923706055,22.75,22.799999237060547,11.285367965698242,638300,0.0,0.0,0.0
2021-01-04,22.850000381469727,22.8700008392334,22.5,22.690000534057617,11.230924606323242,1059000,0.0,0.0,0.0
2021-01-05,22.610000610351562,22.809999465942383,22.600000381469727,22.799999237060547,11.285367965698242,640200,0.0,0.0,0.0
2021-01-06,22.610000610351562,22.899999618530273,22.600000381469727,22.68000030517578,11.225979804992676,932800,0.0,0.0,0.0
2021-01-07,22.75,23.0,22.75,22.989999771118164,11.379419326782227,820300,0.0,0.0,0.0
2021-01-08,23.0,23.049999237060547,22.979999542236328,23.049999237060547,11.409113883972168,1062800,0.0,0.0,0.0
2021-01-11,22.93000030517578,23.049999237060547,22.920000076293945,23.0,11.384363174438477,974200,0.0,0.0,0.0
2021-01-12,22.979999542236328,23.049999237060547,22.950000762939453,23.030000686645508,11.39921760559082,713000,0.0,0.0,0.0
2021-01-13,23.049999237060547,23.1200008392334,23.049999237060547,23.100000381469727,11.43386173248291,674500,0.0,0.0,0.0
2021-01-14,23.100000381469727,23.1299991607666,23.059999465942383,23.06999969482422,11.419013023376465,1087000,0.0,0.0,0.0
2021-01-15,23.07900047302246,23.12700080871582,22.75,22.969999313354492,11.369519233703613,1324800,0.0,0.0,0.0
2021-01-19,22.940000534057617,22.950000762939453,22.809999465942383,22.940000534057617,11.469006538391113,949300,0.229,0.0,0.0
2021-01-20,22.989999771118164,23.139999389648438,22.969999313354492,23.100000381469727,11.549003601074219,651500,0.0,0.0,0.0
2021-01-21,23.15999984741211,23.177000045776367,23.09000015258789,23.15999984741211,11.579002380371094,873900,0.0,0.0,0.0
2021-01-22,23.149999618530273,23.170000076293945,23.1200008392334,23.139999389648438,11.569002151489258,670900,0.0,0.0,0.0
2021-01-25,23.170000076293945,23.249000549316406,23.040000915527344,23.219999313354492,11.609000205993652,1002200,0.0,0.0,0.0
2021-01-26,23.25,23.253999710083008,23.184999465942383,23.200000762939453,11.59899616241455,929200,0.0,0.0,0.0
2021-01-27,23.15999984741211,23.170000076293945,22.809999465942383,22.899999618530273,11.449010848999023,1521800,0.0,0.0,0.0
2021-01-28,22.933000564575195,23.149999618530273,22.920000076293945,23.020000457763672,11.509004592895508,1000100,0.0,0.0,0.0
2021-01-29,22.972000122070312,23.020000457763672,22.700000762939453,22.829999923706055,11.414016723632812,1368500,0.0,0.0,0.0
2021-02-01,22.940000534057617,23.15999984741211,22.90999984741211,23.1299991607666,11.564001083374023,876700,0.0,0.0,0.0
2021-02-02,23.31999969482422,23.31999969482422,23.211999893188477,23.299999237060547,11.648992538452148,743600,0.0,0.0,0.0
2021-02-03,23.389999389648438,23.389999389648438,23.283000946044922,23.309999465942383,11.653995513916016,1054400,0.0,0.0,0.0
2021-02-04,23.3799991607666,23.389999389648438,23.329999923706055,23.389999389648438,11.693991661071777,763200,0.0,0.0,0.0
2021-02-05,23.42300033569336,23.450000762939453,23.336999893188477,23.420000076293945,11.708989143371582,1155600,0.0,0.0,0.0
2021-02-08,23.524999618530273,23.524999618530273,23.420000076293945,23.450000762939453,11.723989486694336,1101700,0.0,0.0,0.0
2021-02-09,23.450000762939453,23.459999084472656,23.43000030517578,23.440000534057617,11.718990325927734,1122500,0.0,0.0,0.0
2021-02-10,23.450000762939453,23.468000411987305,23.3799991607666,23.399999618530273,11.69898796081543,1158200,0.0,0.0,0.0
2021-02-11,23.459999084472656,23.483999252319336,23.399999618530273,23.450000762939453,11.723989486694336,843800,0.0,0.0,0.0
2021-02-12,23.450000762939453,23.47100067138672,23.433000564575195,23.459999084472656,11.728983879089355,1346100,0.0,0.0,0.0
2021-02-16,23.479999542236328,23.48900032043457,23.45599937438965,23.469999313354492,11.73398494720459,1214100,0.0,0.0,0.0
2021-02-17,23.489999771118164,23.489999771118164,23.450000762939453,23.469999313354492,11.73398494720459,992800,0.0,0.0,0.0
2021-02-18,23.479999542236328,23.510000228881836,23.44099998474121,23.459999084472656,11.728983879089355,1243700,0.0,0.0,0.0
2021-02-19,23.579999923706055,23.579999923706055,23.389999389648438,23.450000762939453,11.723989486694336,2380600,0.0,0.0,0.0
2021-02-22,23.1200008392334,23.149999618530273,22.809999465942383,22.81999969482422,11.523512840270996,2952800,0.233,0.0,0.0
2021-02-23,22.530000686645508,22.850000381469727,22.11199951171875,22.760000228881836,11.493215560913086,2558400,0.0,0.0,0.0
2021-02-24,22.670000076293945,22.940000534057617,22.450000762939453,22.93000030517578,11.57905387878418,1741100,0.0,0.0,0.0
2021-02-25,22.799999237060547,22.920000076293945,22.149999618530273,22.25,11.235678672790527,2382800,0.0,0.0,0.0
2021-02-26,22.469999313354492,22.68000030517578,22.139999389648438,22.399999618530273,11.311422348022461,2135700,0.0,0.0,0.0
2021-03-01,22.700000762939453,22.989999771118164,22.639999389648438,22.979999542236328,11.604310989379883,1373100,0.0,0.0,0.0
2021-03-02,23.0,23.06999969482422,22.649999618530273,22.670000076293945,11.447766304016113,1555300,0.0,0.0,0.0
2021-03-03,22.6299991607666,22.670000076293945,22.049999237060547,22.06999969482422,11.144779205322266,2544300,0.0,0.0,0.0
2021-03-04,22.079999923706055,22.260000228881836,21.43000030517578,21.709999084472656,10.962989807128906,2994300,0.0,0.0,0.0
2021-03-05,21.959999084472656,22.100000381469727,21.25,22.059999465942383,11.139731407165527,2033300,0.0,0.0,0.0
2021-03-08,22.030000686645508,22.148000717163086,21.40999984741211,21.450000762939453,10.83169937133789,2170100,0.0,0.0,0.0
2021-03-09,22.0,22.389999389648438,21.940000534057617,22.270000457763672,11.245779991149902,1501900,0.0,0.0,0.0
2021-03-10,22.559999465942383,22.56999969482422,22.15999984741211,22.209999084472656,11.215476989746094,1424100,0.0,0.0,0.0
2021-03-11,22.540000915527344,22.809999465942383,22.48200035095215,22.719999313354492,11.473015785217285,1293200,0.0,0.0,0.0
2021-03-12,22.3799991607666,22.549999237060547,22.25,22.530000686645508,11.377073287963867,1498700,0.0,0.0,0.0
2021-03-15,22.59000015258789,22.799999237060547,22.459999084472656,22.790000915527344,11.50836181640625,1209000,0.0,0.0,0.0
2021-03-16,22.93000030517578,23.14699935913086,22.799999237060547,22.90999984741211,11.568960189819336,1349800,0.0,0.0,0.0
2021-03-17,22.690000534057617,23.118999481201172,22.549999237060547,23.0,11.614405632019043,1498900,0.0,0.0,0.0
2021-03-18,22.649999618530273,22.7189998626709,22.25,22.309999465942383,11.26598072052002,1985600,0.0,0.0,0.0
2021-03-19,22.291000366210938,22.47599983215332,22.145000457763672,22.450000762939453,11.336673736572266,1259500,0.0,0.0,0.0
2021-03-22,22.399999618530273,22.459999084472656,22.26799964904785,22.420000076293945,11.435620307922363,1600400,0.224,0.0,0.0
2021-03-23,22.43000030517578,22.489999771118164,22.34000015258789,22.3799991607666,11.415218353271484,1037700,0.0,0.0,0.0
2021-03-24,22.479999542236328,22.5,22.219999313354492,22.229999542236328,11.338712692260742,1089300,0.0,0.0,0.0
2021-03-25,22.149999618530273,22.260000228881836,22.030000686645508,22.235000610351562,11.341264724731445,1335300,0.0,0.0,0.0
2021-03-26,22.239999771118164,22.44499969482422,22.149999618530273,22.440000534057617,11.44582462310791,880500,0.0,0.0,0.0
2021-03-29,22.420000076293945,22.450000762939453,22.290000915527344,22.420000076293945,11.435620307922363,1243000,0.0,0.0,0.0
2021-03-30,22.389999389648438,22.420000076293945,22.260000228881836,22.40999984741211,11.430522918701172,974300,0.0,0.0,0.0
2021-03-31,22.510000228881836,22.600000381469727,22.459999084472656,22.56999969482422,11.512133598327637,1111100,0.0,0.0,0.0
2021-04-01,22.670000076293945,22.709999084472656,22.649999618530273,22.700000762939453,11.57844352722168,1242200,0.0,0.0,0.0
2021-04-05,22.780000686645508,22.780000686645508,22.729999542236328,22.739999771118164,11.598846435546875,2148000,0.0,0.0,0.0
2021-04-06,22.739999771118164,22.790000915527344,22.729999542236328,22.780000686645508,11.619250297546387,1183600,0.0,0.0,0.0
2021-04-07,22.799999237060547,22.809999465942383,22.764999389648438,22.799999237060547,11.629447937011719,1452800,0.0,0.0,0.0
2021-04-08,22.84000015258789,22.84000015258789,22.780000686645508,22.809999465942383,11.634549140930176,1539400,0.0,0.0,0.0
2021-04-09,22.80299949645996,22.829999923706055,22.79400062561035,22.829999923706055,11.644750595092773,1452800,0.0,0.0,0.0
2021-04-12,22.850000381469727,22.850000381469727,22.799999237060547,22.84000015258789,11.649852752685547,1579600,0.0,0.0,0.0
2021-04-13,22.829999923706055,22.84000015258789,22.809999465942383,22.809999465942383,11.634549140930176,2159400,0.0,0.0,0.0
2021-04-14,22.829999923706055,22.829999923706055,22.780000686645508,22.829999923706055,11.644750595092773,2423300,0.0,0.0,0.0
2021-04-15,22.84000015258789,22.84000015258789,22.809999465942383,22.829999923706055,11.644750595092773,1940500,0.0,0.0,0.0
2021-04-16,22.860000610351562,22.889999389648438,22.739999771118164,22.81999969482422,11.639652252197266,2834700,0.0,0.0,0.0
2021-04-19,22.59000015258789,22.600000381469727,22.399999618530273,22.450000762939453,11.566489219665527,2512100,0.228,0.0,0.0
2021-04-20,22.459999084472656,22.489999771118164,22.280000686645508,22.3700008392334,11.52527141571045,1599200,0.0,0.0,0.0
2021-04-21,22.34000015258789,22.520000457763672,22.280000686645508,22.520000457763672,11.602560043334961,1643400,0.0,0.0,0.0
2021-04-22,22.530000686645508,22.545000076293945,22.280000686645508,22.360000610351562,11.520116806030273,1331100,0.0,0.0,0.0
2021-04-23,22.40999984741211,22.579999923706055,22.389999389648438,22.559999465942383,11.62316608428955,1171900,0.0,0.0,0.0
2021-04-26,22.600000381469727,22.649999618530273,22.530000686645508,22.639999389648438,11.66437816619873,1389300,0.0,0.0,0.0
2021-04-27,22.639999389648438,22.670000076293945,22.549999237060547,22.600000381469727,11.643770217895508,1361700,0.0,0.0,0.0
2021-04-28,22.6200008392334,22.649999618530273,22.540000915527344,22.59000015258789,11.63862133026123,1669600,0.0,0.0,0.0
2021-04-29,22.702999114990234,22.719999313354492,22.5,22.639999389648438,11.66437816619873,1530000,0.0,0.0,0.0
2021-04-30,22.579999923706055,22.639999389648438,22.530000686645508,22.579999923706055,11.633464813232422,1690600,0.0,0.0,0.0
2021-05-03,22.65999984741211,22.670000076293945,22.5,22.530000686645508,11.607710838317871,2391700,0.0,0.0,0.0
2021-05-04,22.5,22.530000686645508,22.0,22.219999313354492,11.447988510131836,4240500,0.0,0.0,0.0
2021-05-05,22.3799991607666,22.399999618530273,22.1299991607666,22.190000534057617,11.432536125183105,2122500,0.0,0.0,0.0
2021-05-06,22.209999084472656,22.34000015258789,22.020000457763672,22.329999923706055,11.504664421081543,1738100,0.0,0.0,0.0
2021-05-07,22.510000228881836,22.579999923706055,22.40999984741211,22.510000228881836,11.597403526306152,1674200,0.0,0.0,0.0
2021-05-10,22.479999542236328,22.479999542236328,22.010000228881836,22.020000457763672,11.344949722290039,3473400,0.0,0.0,0.0
2021-05-11,21.6200008392334,22.0,21.520999908447266,21.969999313354492,11.31918716430664,3128200,0.0,0.0,0.0
2021-05-12,21.649999618530273,21.780000686645508,21.360000610351562,21.3700008392334,11.010061264038086,4426500,0.0,0.0,0.0
2021-05-13,21.639999389648438,21.75,21.420000076293945,21.59000015258789,11.123407363891602,2489200,0.0,0.0,0.0
2021-05-14,21.829999923706055,22.100000381469727,21.770000457763672,22.040000915527344,11.355253219604492,1974600,0.0,0.0,0.0
2021-05-17,21.951000213623047,21.979999542236328,21.729999542236328,21.920000076293945,11.293428421020508,2271400,0.0,0.0,0.0
2021-05-18,22.020000457763672,22.06999969482422,21.760000228881836,21.780000686645508,11.22130012512207,2000800,0.0,0.0,0.0
2021-05-19,21.402000427246094,21.799999237060547,21.398000717163086,21.799999237060547,11.231596946716309,2392300,0.0,0.0,0.0
2021-05-20,21.899999618530273,22.280000686645508,21.899999618530273,22.219999313354492,11.447988510131836,1756200,0.0,0.0,0.0
2021-05-21,22.31999969482422,22.329999923706055,22.079999923706055,22.1299991607666,11.401620864868164,2025800,0.0,0.0,0.0
2021-05-24,22.030000686645508,22.1299991607666,21.979999542236328,22.100000381469727,11.501021385192871,1577400,0.221,0.0,0.0
2021-05-25,22.156999588012695,22.170000076293945,22.062999725341797,22.1200008392334,11.511429786682129,1428800,0.0,0.0,0.0
2021-05-26,22.139999389648438,22.18000030517578,22.110000610351562,22.170000076293945,11.537456512451172,1410200,0.0,0.0,0.0
2021-05-27,22.170000076293945,22.200000762939453,22.141000747680664,22.18000030517578,11.54265308380127,1371000,0.0,0.0,0.0
2021-05-28,22.226999282836914,22.257999420166016,22.18000030517578,22.209999084472656,11.558262825012207,1363200,0.0,0.0,0.0
2021-06-01,22.260000228881836,22.299999237060547,22.15999984741211,22.229999542236328,11.56867504119873,2049000,0.0,0.0,0.0
2021-06-02,22.270000457763672,22.280000686645508,22.200000762939453,22.25,11.579083442687988,2631700,0.0,0.0,0.0
2021-06-03,22.190000534057617,22.25,22.100000381469727,22.15999984741211,11.532240867614746,2079000,0.0,0.0,0.0
2021-06-04,22.260000228881836,22.329999923706055,22.22800064086914,22.329999923706055,11.620713233947754,2123800,0.0,0.0,0.0
2021-06-07,22.350000381469727,22.3700008392334,22.309999465942383,22.360000610351562,11.636323928833008,2712000,0.0,0.0,0.0
2021-06-08,22.43000030517578,22.440000534057617,22.31999969482422,22.3700008392334,11.64153003692627,2472300,0.0,0.0,0.0
2021-06-09,22.399999618530273,22.43000030517578,22.350000381469727,22.360000610351562,11.636323928833008,2211900,0.0,0.0,0.0
2021-06-10,22.420000076293945,22.440000534057617,22.3700008392334,22.399999618530273,11.65714168548584,2220700,0.0,0.0,0.0
2021-06-11,22.450000762939453,22.459999084472656,22.40999984741211,22.440000534057617,11.677955627441406,1923700,0.0,0.0,0.0
2021-06-14,22.469999313354492,22.479999542236328,22.430999755859375,22.450000762939453,11.683162689208984,2673700,0.0,0.0,0.0
2021-06-15,22.489999771118164,22.489999771118164,22.440000534057617,22.459999084472656,11.68836784362793,2115400,0.0,0.0,0.0
2021-06-16,22.489999771118164,22.489999771118164,22.3799991607666,22.450000762939453,11.683162689208984,3261000,0.0,0.0,0.0
2021-06-17,22.469999313354492,22.489999771118164,22.450000762939453,22.469999313354492,11.693572998046875,2855400,0.0,0.0,0.0
2021-06-18,22.350000381469727,22.489999771118164,22.209999084472656,22.280000686645508,11.594696044921875,4755300,0.0,0.0,0.0
2021-06-21,22.110000610351562,22.170000076293945,21.975000381469727,22.170000076293945,11.638792991638184,3674000,0.194,0.0,0.0
2021-06-22,22.200000762939453,22.280000686645508,22.149999618530273,22.270000457763672,11.691290855407715,1974400,0.0,0.0,0.0
2021-06-23,22.260000228881836,22.309999465942383,22.25,22.280000686645508,11.696537017822266,1717400,0.0,0.0,0.0
2021-06-24,22.299999237060547,22.34000015258789,22.291000366210938,22.31999969482422,11.717538833618164,1903300,0.0,0.0,0.0
2021-06-25,22.360000610351562,22.440000534057617,22.31999969482422,22.360000610351562,11.738540649414062,1769400,0.0,0.0,0.0
2021-06-28,22.3799991607666,22.5,22.360000610351562,22.43000030517578,11.775284767150879,1999500,0.0,0.0,0.0
2021-06-29,22.43000030517578,22.450000762939453,22.389999389648438,22.440000534057617,11.780532836914062,1817000,0.0,0.0,0.0
2021-06-30,22.420000076293945,22.469999313354492,22.389999389648438,22.43000030517578,11.775284767150879,1775400,0.0,0.0,0.0
2021-07-01,22.43000030517578,22.450000762939453,22.40999984741211,22.440000534057617,11.780532836914062,1721900,0.0,0.0,0.0
2021-07-02,22.459999084472656,22.5,22.43000030517578,22.485000610351562,11.804160118103027,1643800,0.0,0.0,0.0
2021-07-06,22.469999313354492,22.510000228881836,22.450000762939453,22.5,11.812031745910645,2316400,0.0,0.0,0.0
2021-07-07,22.520000457763672,22.549999237060547,22.459999084472656,22.5,11.812031745910645,2424400,0.0,0.0,0.0
2021-07-08,22.420000076293945,22.520000457763672,22.420000076293945,22.479999542236328,11.801538467407227,2717100,0.0,0.0,0.0
2021-07-09,22.5,22.520000457763672,22.485000610351562,22.520000457763672,11.82253646850586,1980900,0.0,0.0,0.0
2021-07-12,22.549999237060547,22.559999465942383,22.5,22.530000686645508,11.827786445617676,2637400,0.0,0.0,0.0
2021-07-13,22.530000686645508,22.549999237060547,22.510000228881836,22.540000915527344,11.833040237426758,3283900,0.0,0.0,0.0
2021-07-14,22.559999465942383,22.56999969482422,22.510000228881836,22.530000686645508,11.827786445617676,2925400,0.0,0.0,0.0
2021-07-15,22.540000915527344,22.549999237060547,22.5,22.510000228881836,11.81728458404541,3501000,0.0,0.0,0.0
2021-07-16,22.549999237060547,22.639999389648438,22.3700008392334,22.389999389648438,11.754284858703613,4893100,0.0,0.0,0.0
2021-07-19,22.110000610351562,22.110000610351562,21.93000030517578,22.030000686645508,11.681639671325684,5488900,0.223,0.0,0.0
2021-07-20,22.110000610351562,22.270000457763672,22.030000686645508,22.229999542236328,11.787696838378906,2584600,0.0,0.0,0.0
2021-07-21,22.219999313354492,22.31999969482422,22.219999313354492,22.31999969482422,11.83541488647461,2100400,0.0,0.0,0.0
2021-07-22,22.3700008392334,22.40999984741211,22.34000015258789,22.40999984741211,11.883146286010742,1787300,0.0,0.0,0.0
2021-07-23,22.459999084472656,22.510000228881836,22.420000076293945,22.510000228881836,11.936169624328613,2202200,0.0,0.0,0.0
2021-07-26,22.479999542236328,22.520000457763672,22.469999313354492,22.520000457763672,11.9414701461792,2731300,0.0,0.0,0.0
2021-07-27,22.520000457763672,22.520000457763672,22.290000915527344,22.43000030517578,11.893745422363281,3164800,0.0,0.0,0.0
2021-07-28,22.489999771118164,22.510000228881836,22.399999618530273,22.5,11.930868148803711,3515600,0.0,0.0,0.0
2021-07-29,22.510000228881836,22.549999237060547,22.5,22.530000686645508,11.946770668029785,2633300,0.0,0.0,0.0
2021-07-30,22.447999954223633,22.510000228881836,22.399999618530273,22.489999771118164,11.925559997558594,2495800,0.0,0.0,0.0
2021-08-02,22.520000457763672,22.559999465942383,22.489999771118164,22.510000228881836,11.936169624328613,2759800,0.0,0.0,0.0
2021-08-03,22.540000915527344,22.579999923706055,22.450000762939453,22.56999969482422,11.967984199523926,2056500,0.0,0.0,0.0
2021-08-04,22.549999237060547,22.610000610351562,22.549999237060547,22.600000381469727,11.983895301818848,1817100,0.0,0.0,0.0
2021-08-05,22.600000381469727,22.649999618530273,22.56999969482422,22.639999389648438,12.005101203918457,1639800,0.0,0.0,0.0
2021-08-06,22.625,22.649999618530273,22.610000610351562,22.649999618530273,12.010406494140625,2010200,0.0,0.0,0.0
2021-08-09,22.677000045776367,22.690000534057617,22.6200008392334,22.68000030517578,12.026311874389648,2597000,0.0,0.0,0.0
2021-08-10,22.709999084472656,22.709999084472656,22.6299991607666,22.65999984741211,12.015704154968262,2915200,0.0,0.0,0.0
2021-08-11,22.68000030517578,22.690000534057617,22.6299991607666,22.65999984741211,12.015704154968262,3108900,0.0,0.0,0.0
2021-08-12,22.68000030517578,22.700000762939453,22.6299991607666,22.700000762939453,12.036914825439453,2411100,0.0,0.0,0.0
2021-08-13,22.711999893188477,22.729999542236328,22.700000762939453,22.729999542236328,12.052824020385742,2094300,0.0,0.0,0.0
2021-08-16,22.70800018310547,22.729999542236328,22.649999618530273,22.729999542236328,12.052824020385742,2710900,0.0,0.0,0.0
2021-08-17,22.700000762939453,22.729999542236328,22.649999618530273,22.709999084472656,12.042217254638672,3505400,0.0,0.0,0.0
2021-08-18,22.709999084472656,22.729999542236328,22.65999984741211,22.670000076293945,12.02100658416748,2810100,0.0,0.0,0.0
2021-08-19,22.6299991607666,22.729999542236328,22.520000457763672,22.719999313354492,12.047520637512207,4082700,0.0,0.0,0.0
2021-08-20,22.75,22.93000030517578,22.700000762939453,22.90999984741211,12.148269653320312,3152200,0.0,0.0,0.0
2021-08-23,22.770000457763672,22.93000030517578,22.760000228881836,22.8700008392334,12.227397918701172,2881100,0.188,0.0,0.0
2021-08-24,22.860000610351562,22.920000076293945,22.829999923706055,22.889999389648438,12.238096237182617,2258000,0.0,0.0,0.0
2021-08-25,22.8700008392334,22.90999984741211,22.868000030517578,22.899999618530273,12.243436813354492,2194200,0.0,0.0,0.0
2021-08-26,22.860000610351562,22.899999618530273,22.829999923706055,22.84000015258789,12.211360931396484,1774400,0.0,0.0,0.0
2021-08-27,22.850000381469727,22.959999084472656,22.850000381469727,22.959999084472656,12.275517463684082,1819300,0.0,0.0,0.0
2021-08-30,22.959999084472656,23.030000686645508,22.950000762939453,23.020000457763672,12.30759334564209,1727500,0.0,0.0,0.0
2021-08-31,22.989999771118164,23.020000457763672,22.979999542236328,23.020000457763672,12.30759334564209,2172100,0.0,0.0,0.0
2021-09-01,23.049999237060547,23.059999465942383,23.010000228881836,23.030000686645508,12.312943458557129,2191600,0.0,0.0,0.0
2021-09-02,23.06999969482422,23.06999969482422,23.0,23.020000457763672,12.30759334564209,1963300,0.0,0.0,0.0
2021-09-03,23.030000686645508,23.049999237060547,23.0,23.049999237060547,12.323640823364258,1801600,0.0,0.0,0.0
2021-09-07,23.06999969482422,23.06999969482422,23.040000915527344,23.059999465942383,12.328983306884766,2122500,0.0,0.0,0.0
2021-09-08,23.059999465942383,23.09000015258789,23.030000686645508,23.06999969482422,12.334329605102539,2535800,0.0,0.0,0.0
2021-09-09,23.049999237060547,23.09000015258789,23.049999237060547,23.059999465942383,12.328983306884766,2221400,0.0,0.0,0.0
2021-09-10,23.09000015258789,23.149999618530273,23.030000686645508,23.049999237060547,12.323640823364258,2553300,0.0,0.0,0.0
2021-09-13,23.079999923706055,23.086000442504883,23.0,23.0,12.296904563903809,5293000,0.0,0.0,0.0
2021-09-14,23.059999465942383,23.079999923706055,23.030000686645508,23.079999923706055,12.339670181274414,4169100,0.0,0.0,0.0
2021-09-15,23.09000015258789,23.1200008392334,23.059999465942383,23.1200008392334,12.361059188842773,3594300,0.0,0.0,0.0
2021-09-16,23.110000610351562,23.1200008392334,23.09000015258789,23.100000381469727,12.350369453430176,3411600,0.0,0.0,0.0
2021-09-17,23.110000610351562,23.110000610351562,22.790000915527344,22.84000015258789,12.211360931396484,9100900,0.0,0.0,0.0
2021-09-20,22.389999389648438,22.469999313354492,22.079999923706055,22.31999969482422,12.033441543579102,10485000,0.19,0.0,0.0
2021-09-21,22.399999618530273,22.469999313354492,22.280000686645508,22.350000381469727,12.049613952636719,3759800,0.0,0.0,0.0
2021-09-22,22.420000076293945,22.579999923706055,22.357999801635742,22.540000915527344,12.152058601379395,3201000,0.0,0.0,0.0
2021-09-23,22.607999801635742,22.690000534057617,22.565000534057617,22.68000030517578,12.22753620147705,2462500,0.0,0.0,0.0
2021-09-24,22.549999237060547,22.739999771118164,22.549999237060547,22.739999771118164,12.25988483428955,2404600,0.0,0.0,0.0
2021-09-27,22.59000015258789,22.670000076293945,22.520000457763672,22.65999984741211,12.216751098632812,3180600,0.0,0.0,0.0
2021-09-28,22.420000076293945,22.450000762939453,22.100000381469727,22.139999389648438,11.9364013671875,7111600,0.0,0.0,0.0
2021-09-29,22.226999282836914,22.309999465942383,22.05500030517578,22.200000762939453,11.96875,4272100,0.0,0.0,0.0
2021-09-30,22.18000030517578,22.290000915527344,22.020000457763672,22.059999465942383,11.893266677856445,4008200,0.0,0.0,0.0
2021-10-01,22.079999923706055,22.209999084472656,21.825000762939453,22.149999618530273,11.941791534423828,6069000,0.0,0.0,0.0
2021-10-04,22.09000015258789,22.100000381469727,21.59000015258789,21.709999084472656,11.704575538635254,8364200,0.0,0.0,0.0
2021-10-05,21.799999237060547,22.139999389648438,21.790000915527344,22.030000686645508,11.877098083496094,3211500,0.0,0.0,0.0
2021-10-06,21.829999923706055,22.15999984741211,21.760000228881836,22.149999618530273,11.941791534423828,3511000,0.0,0.0,0.0
2021-10-07,22.329999923706055,22.5,22.309999465942383,22.399999618530273,12.076573371887207,2987500,0.0,0.0,0.0
2021-10-08,22.43000030517578,22.43000030517578,22.219999313354492,22.25,11.995706558227539,2293800,0.0,0.0,0.0
2021-10-11,22.18000030517578,22.375,22.09000015258789,22.1200008392334,11.925618171691895,2954700,0.0,0.0,0.0
2021-10-12,22.2549991607666,22.2549991607666,21.979999542236328,22.049999237060547,11.887879371643066,3872700,0.0,0.0,0.0
2021-10-13,22.15999984741211,22.21500015258789,22.031999588012695,22.190000534057617,11.963359832763672,2455200,0.0,0.0,0.0
2021-10-14,22.3799991607666,22.690000534057617,22.3700008392334,22.59000015258789,12.1790132522583,3416000,0.0,0.0,0.0
2021-10-15,22.6200008392334,22.690000534057617,22.590999603271484,22.68000030517578,12.22753620147705,3039400,0.0,0.0,0.0
2021-10-18,22.459999084472656,22.579999923706055,22.40999984741211,22.56999969482422,12.274847030639648,3586600,0.197,0.0,0.0
2021-10-19,22.649999618530273,22.655000686645508,22.584999084472656,22.6299991607666,12.307476997375488,2702900,0.0,0.0,0.0
2021-10-20,22.639999389648438,22.670000076293945,22.600000381469727,22.649999618530273,12.318359375,2734300,0.0,0.0,0.0
2021-10-21,22.6299991607666,22.68000030517578,22.6200008392334,22.68000030517578,12.334672927856445,2274000,0.0,0.0,0.0
2021-10-22,22.6200008392334,22.68000030517578,22.584999084472656,22.639999389648438,12.312921524047852,2157500,0.0,0.0,0.0
2021-10-25,22.649999618530273,22.729999542236328,22.610000610351562,22.719999313354492,12.356425285339355,2547400,0.0,0.0,0.0
2021-10-26,22.77400016784668,22.780000686645508,22.684999465942383,22.739999771118164,12.367300033569336,2718800,0.0,0.0,0.0
2021-10-27,22.7549991607666,22.780000686645508,22.719999313354492,22.729999542236328,12.36186408996582,2742300,0.0,0.0,0.0
2021-10-28,22.770000457763672,22.799999237060547,22.739999771118164,22.799999237060547,12.399933815002441,2252100,0.0,0.0,0.0
2021-10-29,22.719999313354492,22.81999969482422,22.709999084472656,22.81999969482422,12.410816192626953,2462800,0.0,0.0,0.0
2021-11-01,22.829999923706055,22.84000015258789,22.78499984741211,22.84000015258789,12.421696662902832,2968800,0.0,0.0,0.0
2021-11-02,22.829999923706055,22.860000610351562,22.81999969482422,22.850000381469727,12.427129745483398,2866000,0.0,0.0,0.0
2021-11-03,22.8700008392334,22.8799991607666,22.84000015258789,22.8700008392334,12.438003540039062,2747300,0.0,0.0,0.0
2021-11-04,22.899999618530273,22.899999618530273,22.8700008392334,22.889999389648438,12.44887924194336,2828100,0.0,0.0,0.0
2021-11-05,22.899999618530273,22.899999618530273,22.8700008392334,22.8799991607666,12.44344425201416,2524500,0.0,0.0,0.0
2021-11-08,22.898000717163086,22.899999618530273,22.8700008392334,22.899999618530273,12.454322814941406,3327500,0.0,0.0,0.0
2021-11-09,22.899999618530273,22.899999618530273,22.850000381469727,22.889999389648438,12.44887924194336,3528700,0.0,0.0,0.0
2021-11-10,22.87700080871582,22.889999389648438,22.850000381469727,22.8799991607666,12.44344425201416,2851200,0.0,0.0,0.0
2021-11-11,22.90999984741211,22.90999984741211,22.8799991607666,22.899999618530273,12.454322814941406,2173400,0.0,0.0,0.0
2021-11-12,22.90999984741211,22.915000915527344,22.8799991607666,22.90999984741211,12.45976448059082,2709500,0.0,0.0,0.0
2021-11-15,22.924999237060547,22.93000030517578,22.899999618530273,22.920000076293945,12.465200424194336,3185100,0.0,0.0,0.0
2021-11-16,22.920000076293945,22.93000030517578,22.899999618530273,22.90999984741211,12.45976448059082,3109500,0.0,0.0,0.0
2021-11-17,22.90999984741211,22.920000076293945,22.889999389648438,22.899999618530273,12.454322814941406,3362200,0.0,0.0,0.0
2021-11-18,22.93000030517578,22.93000030517578,22.889999389648438,22.895000457763672,12.451601028442383,4803500,0.0,0.0,0.0
2021-11-19,22.979999542236328,23.09000015258789,22.940000534057617,23.049999237060547,12.535905838012695,3817600,0.0,0.0,0.0
2021-11-22,22.88599967956543,22.93000030517578,22.65999984741211,22.670000076293945,12.450774192810059,5429000,0.225,0.0,0.0
2021-11-23,22.639999389648438,22.70800018310547,22.43000030517578,22.610000610351562,12.417815208435059,5067500,0.0,0.0,0.0
2021-11-24,22.530000686645508,22.68000030517578,22.413000106811523,22.68000030517578,12.456262588500977,3214300,0.0,0.0,0.0
2021-11-26,22.510000228881836,22.57200050354004,22.299999237060547,22.350000381469727,12.275022506713867,4062400,0.0,0.0,0.0
2021-11-29,22.549999237060547,22.75,22.549999237060547,22.729999542236328,12.483721733093262,4302600,0.0,0.0,0.0
2021-11-30,22.690000534057617,22.75,22.3799991607666,22.510000228881836,12.362895965576172,5524300,0.0,0.0,0.0
2021-12-01,22.700000762939453,22.760000228881836,22.139999389648438,22.149999618530273,12.165179252624512,5322700,0.0,0.0,0.0
2021-12-02,22.128999710083008,22.43000030517578,22.049999237060547,22.350000381469727,12.275022506713867,5545800,0.0,0.0,0.0
2021-12-03,22.461999893188477,22.4689998626709,21.770000457763672,22.030000686645508,12.099272727966309,11277800,0.0,0.0,0.0
2021-12-06,22.079999923706055,22.270000457763672,21.80500030517578,22.209999084472656,12.198127746582031,4933700,0.0,0.0,0.0
2021-12-07,22.540000915527344,22.780000686645508,22.510000228881836,22.760000228881836,12.500199317932129,3897100,0.0,0.0,0.0
2021-12-08,22.780000686645508,22.850000381469727,22.690000534057617,22.850000381469727,12.549631118774414,2409600,0.0,0.0,0.0
2021-12-09,22.799999237060547,22.8700008392334,22.600000381469727,22.600000381469727,12.412322998046875,2239600,0.0,0.0,0.0
2021-12-10,22.719999313354492,22.84000015258789,22.594999313354492,22.81999969482422,12.533157348632812,2513400,0.0,0.0,0.0
2021-12-13,22.81999969482422,22.850000381469727,22.540000915527344,22.549999237060547,12.384864807128906,3510600,0.0,0.0,0.0
2021-12-14,22.290000915527344,22.440000534057617,22.09000015258789,22.329999923706055,12.264039039611816,5583900,0.0,0.0,0.0
2021-12-15,22.399999618530273,22.84000015258789,22.09000015258789,22.809999465942383,12.527658462524414,5332100,0.0,0.0,0.0
2021-12-16,22.81999969482422,22.899999618530273,22.170000076293945,22.260000228881836,12.225592613220215,5628800,0.0,0.0,0.0
2021-12-17,22.139999389648438,22.389999389648438,21.979999542236328,22.190000534057617,12.18714427947998,6469700,0.0,0.0,0.0
2021-12-20,22.040000915527344,22.100000381469727,21.920000076293945,22.06999969482422,12.121241569519043,6532800,0.0,0.0,0.0
2021-12-21,22.200000762939453,22.3799991607666,22.059999465942383,22.3700008392334,12.286002159118652,3913400,0.0,0.0,0.0
2021-12-22,22.388999938964844,22.540000915527344,22.350000381469727,22.530000686645508,12.373878479003906,3548300,0.0,0.0,0.0
2021-12-23,22.6200008392334,22.649999618530273,22.540000915527344,22.6200008392334,12.423312187194824,3107100,0.0,0.0,0.0
2021-12-27,22.65999984741211,22.739999771118164,22.649999618530273,22.739999771118164,12.489211082458496,4521200,0.0,0.0,0.0
2021-12-28,22.75,22.75,22.690000534057617,22.709999084472656,12.472740173339844,4514100,0.0,0.0,0.0
2021-12-29,22.75,22.760000228881836,22.65999984741211,22.729999542236328,12.483721733093262,4028700,0.0,0.0,0.0
2021-12-30,22.29800033569336,22.299999237060547,22.219999313354492,22.239999771118164,12.48877239227295,8490900,0.499,0.0,0.0
2021-12-31,22.25,22.290000915527344,22.18000030517578,22.190000534057617,12.460700988769531,4013800,0.0,0.0,0.0
2022-01-03,22.260000228881836,22.290000915527344,22.200000762939453,22.290000915527344,12.516854286193848,5185100,0.0,0.0,0.0
2022-01-04,22.299999237060547,22.309999465942383,22.15999984741211,22.219999313354492,12.477545738220215,6256600,0.0,0.0,0.0
2022-01-05,22.204999923706055,22.219999313354492,21.899999618530273,21.90999984741211,12.303466796875,9330500,0.0,0.0,0.0
2022-01-06,21.8700008392334,22.010000228881836,21.729999542236328,21.920000076293945,12.30908203125,6937700,0.0,0.0,0.0
2022-01-07,21.934999465942383,21.9950008392334,21.709999084472656,21.809999465942383,12.24731159210205,7662700,0.0,0.0,0.0
2022-01-10,21.635000228881836,21.850000381469727,21.281999588012695,21.850000381469727,12.26977825164795,12313600,0.0,0.0,0.0
2022-01-11,21.799999237060547,22.059999465942383,21.700000762939453,22.049999237060547,12.382086753845215,5858100,0.0,0.0,0.0
2022-01-12,22.149999618530273,22.190000534057617,22.03499984741211,22.110000610351562,12.415776252746582,9483400,0.0,0.0,0.0
2022-01-13,22.200000762939453,22.200000762939453,21.700000762939453,21.709999084472656,12.191153526306152,11215000,0.0,0.0,0.0
2022-01-14,21.610000610351562,21.90999984741211,21.579999923706055,21.899999618530273,12.297853469848633,5811400,0.0,0.0,0.0
2022-01-18,21.639999389648438,21.700000762939453,21.360000610351562,21.40999984741211,12.02269458770752,11642200,0.0,0.0,0.0
2022-01-19,21.524999618530273,21.6299991607666,21.149999618530273,21.190000534057617,11.899160385131836,8153400,0.0,0.0,0.0
2022-01-20,21.3799991607666,21.59000015258789,20.8700008392334,20.90999984741211,11.741923332214355,9795400,0.0,0.0,0.0
2022-01-21,20.749000549316406,20.90999984741211,20.399999618530273,20.43000030517578,11.472378730773926,14143600,0.0,0.0,0.0
2022-01-24,19.940000534057617,20.325000762939453,19.43000030517578,20.299999237060547,11.513784408569336,16516400,0.203,0.0,0.0
2022-01-25,20.049999237060547,20.239999771118164,19.82200050354004,20.0,11.343631744384766,7975100,0.0,0.0,0.0
2022-01-26,20.354999542236328,20.450000762939453,19.829999923706055,20.049999237060547,11.371986389160156,10563200,0.0,0.0,0.0
2022-01-27,20.239999771118164,20.290000915527344,19.829999923706055,19.889999389648438,11.281237602233887,5905300,0.0,0.0,0.0
2022-01-28,19.979999542236328,20.3700008392334,19.729999542236328,20.350000381469727,11.542141914367676,6217400,0.0,0.0,0.0
2022-01-31,20.399999618530273,20.770000457763672,20.351999282836914,20.770000457763672,11.780359268188477,4870700,0.0,0.0,0.0
2022-02-01,20.801000595092773,20.8799991607666,20.649999618530273,20.8700008392334,11.837079048156738,4596100,0.0,0.0,0.0
2022-02-02,20.959999084472656,20.969999313354492,20.815000534057617,20.950000762939453,11.882453918457031,4970400,0.0,0.0,0.0
2022-02-03,20.65999984741211,20.788999557495117,20.440000534057617,20.479999542236328,11.615878105163574,5753500,0.0,0.0,0.0
2022-02-04,20.559999465942383,20.809999465942383,20.459999084472656,20.700000762939453,11.7406587600708,4304200,0.0,0.0,0.0
2022-02-07,20.739999771118164,20.799999237060547,20.600000381469727,20.65999984741211,11.717968940734863,4269900,0.0,0.0,0.0
2022-02-08,20.639999389648438,20.860000610351562,20.56999969482422,20.829999923706055,11.81439208984375,2710300,0.0,0.0,0.0
2022-02-09,20.969999313354492,21.030000686645508,20.920000076293945,21.030000686645508,11.927830696105957,3816400,0.0,0.0,0.0
2022-02-10,20.850000381469727,21.040000915527344,20.739999771118164,20.81999969482422,11.808716773986816,5352600,0.0,0.0,0.0
2022-02-11,20.82200050354004,20.8700008392334,20.290000915527344,20.3799991607666,11.559162139892578,6187300,0.0,0.0,0.0
2022-02-14,20.329999923706055,20.56999969482422,20.200000762939453,20.40999984741211,11.576175689697266,5518700,0.0,0.0,0.0
2022-02-15,20.700000762939453,20.8700008392334,20.639999389648438,20.8700008392334,11.837079048156738,2714200,0.0,0.0,0.0
2022-02-16,20.770000457763672,20.940000534057617,20.610000610351562,20.899999618530273,11.854096412658691,3785700,0.0,0.0,0.0
2022-02-17,20.75,20.760000228881836,20.280000686645508,20.31999969482422,11.525128364562988,6645400,0.0,0.0,0.0
2022-02-18,20.381000518798828,20.399999618530273,19.979999542236328,20.09000015258789,11.394679069519043,9487900,0.0,0.0,0.0
2022-02-22,19.809999465942383,19.975000381469727,19.649999618530273,19.799999237060547,11.344256401062012,10384800,0.202,0.0,0.0
2022-02-23,19.950000762939453,19.959999084472656,19.479999542236328,19.5,11.172375679016113,7174400,0.0,0.0,0.0
2022-02-24,18.959999084472656,19.920000076293945,18.93000030517578,19.920000076293945,11.413007736206055,9079400,0.0,0.0,0.0
2022-02-25,20.010000228881836,20.110000610351562,19.809999465942383,20.100000381469727,11.516141891479492,6299800,0.0,0.0,0.0
2022-02-28,19.950000762939453,20.167999267578125,19.924999237060547,20.1200008392334,11.527604103088379,5887900,0.0,0.0,0.0
2022-03-01,20.100000381469727,20.1299991607666,19.860000610351562,19.950000762939453,11.43019962310791,5491600,0.0,0.0,0.0
2022-03-02,20.030000686645508,20.190000534057617,19.93000030517578,20.15999984741211,11.550519943237305,4580200,0.0,0.0,0.0
2022-03-03,20.239999771118164,20.25,19.969999313354492,20.049999237060547,11.4874906539917,3790700,0.0,0.0,0.0
2022-03-04,19.97800064086914,20.0,19.760000228881836,19.90999984741211,11.407279968261719,5065700,0.0,0.0,0.0
2022-03-07,19.899999618530273,19.940000534057617,19.360000610351562,19.399999618530273,11.115080833435059,6507600,0.0,0.0,0.0
2022-03-08,19.360000610351562,19.790000915527344,19.139999389648438,19.360000610351562,11.092164039611816,7357300,0.0,0.0,0.0
2022-03-09,19.719999313354492,19.94499969482422,19.610000610351562,19.899999618530273,11.401554107666016,5759500,0.0,0.0,0.0
2022-03-10,19.725000381469727,19.829999923706055,19.540000915527344,19.780000686645508,11.33280086517334,3573000,0.0,0.0,0.0
2022-03-11,19.969999313354492,19.969999313354492,19.40999984741211,19.450000762939453,11.14372730255127,4834700,0.0,0.0,0.0
2022-03-14,19.40999984741211,19.55500030517578,19.042999267578125,19.100000381469727,10.943196296691895,7053100,0.0,0.0,0.0
2022-03-15,19.260000228881836,19.700000762939453,19.139999389648438,19.670000076293945,11.26977252960205,4787400,0.0,0.0,0.0
2022-03-16,19.90999984741211,20.31999969482422,19.700000762939453,20.31999969482422,11.642189025878906,6146400,0.0,0.0,0.0
2022-03-17,20.280000686645508,20.5,20.18000030517578,20.5,11.745317459106445,4435400,0.0,0.0,0.0
2022-03-18,20.489999771118164,20.850000381469727,20.3700008392334,20.850000381469727,11.945850372314453,5572600,0.0,0.0,0.0
2022-03-21,20.642000198364258,20.709999084472656,20.510000228881836,20.639999389648438,11.945847511291504,4547100,0.21,0.0,0.0
2022-03-22,20.670000076293945,20.809999465942383,20.649999618530273,20.780000686645508,12.026877403259277,4286900,0.0,0.0,0.0
2022-03-23,20.69499969482422,20.809999465942383,20.68000030517578,20.700000762939453,11.980575561523438,3469800,0.0,0.0,0.0
2022-03-24,20.760000228881836,20.857999801635742,20.690000534057617,20.84000015258789,12.061600685119629,3127700,0.0,0.0,0.0
2022-03-25,20.86199951171875,20.889999389648438,20.759000778198242,20.8700008392334,12.078962326049805,3634400,0.0,0.0,0.0
2022-03-28,20.899999618530273,20.979999542236328,20.8700008392334,20.979999542236328,12.14262866973877,4045200,0.0,0.0,0.0
2022-03-29,21.040000915527344,21.049999237060547,20.959999084472656,21.040000915527344,12.177358627319336,5289400,0.0,0.0,0.0
2022-03-30,21.040000915527344,21.040000915527344,20.979999542236328,21.0,12.154203414916992,3599400,0.0,0.0,0.0
2022-03-31,21.020000457763672,21.030000686645508,20.940000534057617,20.969999313354492,12.136841773986816,3804300,0.0,0.0,0.0
2022-04-01,20.969999313354492,21.020000457763672,20.959999084472656,21.010000228881836,12.159995079040527,3167400,0.0,0.0,0.0
2022-04-04,21.030000686645508,21.09000015258789,21.020000457763672,21.079999923706055,12.20050048828125,4386200,0.0,0.0,0.0
2022-04-05,21.079999923706055,21.09000015258789,21.0,21.010000228881836,12.159995079040527,4629100,0.0,0.0,0.0
2022-04-06,20.93000030517578,20.979999542236328,20.850000381469727,20.940000534057617,12.119478225708008,4949500,0.0,0.0,0.0
2022-04-07,20.940000534057617,21.0,20.84000015258789,20.959999084472656,12.131053924560547,3680200,0.0,0.0,0.0
2022-04-08,20.969999313354492,20.989999771118164,20.860000610351562,20.93000030517578,12.113688468933105,2890700,0.0,0.0,0.0
2022-04-11,20.829999923706055,20.844999313354492,20.649999618530273,20.68000030517578,11.968997955322266,5240900,0.0,0.0,0.0
2022-04-12,20.899999618530273,20.950000762939453,20.56999969482422,20.65999984741211,11.957420349121094,4186400,0.0,0.0,0.0
2022-04-13,20.690000534057617,21.040000915527344,20.639999389648438,21.010000228881836,12.159995079040527,3936600,0.0,0.0,0.0
2022-04-14,21.020000457763672,21.020000457763672,20.56999969482422,20.59000015258789,11.916908264160156,8415300,0.0,0.0,0.0
2022-04-18,20.3700008392334,20.479999542236328,20.299999237060547,20.389999389648438,11.919830322265625,5725500,0.205,0.0,0.0
2022-04-19,20.399999618530273,20.65999984741211,20.350000381469727,20.649999618530273,12.071826934814453,4007400,0.0,0.0,0.0
2022-04-20,20.65999984741211,20.65999984741211,20.479999542236328,20.530000686645508,12.001676559448242,5938200,0.0,0.0,0.0
2022-04-21,20.639999389648438,20.700000762939453,20.232999801635742,20.280000686645508,11.855525016784668,5023700,0.0,0.0,0.0
2022-04-22,20.290000915527344,20.315000534057617,19.864999771118164,19.899999618530273,11.633380889892578,8858800,0.0,0.0,0.0
2022-04-25,19.825000762939453,20.110000610351562,19.739999771118164,20.110000610351562,11.756146430969238,5710300,0.0,0.0,0.0
2022-04-26,19.985000610351562,20.110000610351562,19.479999542236328,19.5,11.399542808532715,8182300,0.0,0.0,0.0
2022-04-27,19.5,19.788999557495117,19.389999389648438,19.5,11.399542808532715,6631500,0.0,0.0,0.0
2022-04-28,19.7549991607666,20.139999389648438,19.54199981689453,20.059999465942383,11.726913452148438,4793000,0.0,0.0,0.0
2022-04-29,19.81999969482422,20.040000915527344,19.260000228881836,19.350000381469727,11.311859130859375,6719100,0.0,0.0,0.0
2022-05-02,19.299999237060547,19.600000381469727,19.100000381469727,19.600000381469727,11.458003997802734,7487000,0.0,0.0,0.0
2022-05-03,19.610000610351562,19.7450008392334,19.469999313354492,19.649999618530273,11.487235069274902,3578300,0.0,0.0,0.0
2022-05-04,19.68000030517578,20.239999771118164,19.360000610351562,20.209999084472656,11.81460189819336,7218000,0.0,0.0,0.0
2022-05-05,20.040000915527344,20.040000915527344,19.114999771118164,19.350000381469727,11.311859130859375,12413700,0.0,0.0,0.0
2022-05-06,19.239999771118164,19.450000762939453,18.850000381469727,19.1299991607666,11.183244705200195,12302600,0.0,0.0,0.0
2022-05-09,18.799999237060547,18.895000457763672,18.280000686645508,18.3799991607666,10.74480152130127,14232600,0.0,0.0,0.0
2022-05-10,18.799999237060547,18.8799991607666,18.329999923706055,18.600000381469727,10.873408317565918,8417900,0.0,0.0,0.0
2022-05-11,18.469999313354492,18.790000915527344,18.0,18.049999237060547,10.551887512207031,10950000,0.0,0.0,0.0
2022-05-12,17.799999237060547,18.280000686645508,17.6200008392334,18.0,10.52265739440918,10717700,0.0,0.0,0.0
2022-05-13,18.260000228881836,18.729999542236328,18.18000030517578,18.670000076293945,10.914337158203125,7402000,0.0,0.0,0.0
2022-05-16,18.549999237060547,18.68000030517578,18.3799991607666,18.479999542236328,10.803260803222656,4286800,0.0,0.0,0.0
2022-05-17,18.829999923706055,18.950000762939453,18.58799934387207,18.920000076293945,11.060482025146484,8234200,0.0,0.0,0.0
2022-05-18,18.670000076293945,18.690000534057617,17.93000030517578,18.020000457763672,10.534350395202637,8666900,0.0,0.0,0.0
2022-05-19,17.920000076293945,18.200000762939453,17.780000686645508,17.90999984741211,10.47004222869873,7469600,0.0,0.0,0.0
2022-05-20,18.149999618530273,18.174999237060547,17.40999984741211,17.729999542236328,10.364818572998047,12759400,0.0,0.0,0.0
2022-05-23,17.600000381469727,17.690000534057617,17.479999542236328,17.690000534057617,10.446906089782715,8880000,0.179,0.0,0.0
2022-05-24,17.5,17.559999465942383,17.309999465942383,17.530000686645508,10.352413177490234,7391400,0.0,0.0,0.0
2022-05-25,17.489999771118164,17.70800018310547,17.469999313354492,17.6299991607666,10.411468505859375,5637200,0.0,0.0,0.0
2022-05-26,17.649999618530273,17.8799991607666,17.610000610351562,17.860000610351562,10.547301292419434,5059100,0.0,0.0,0.0
2022-05-27,17.899999618530273,18.020000457763672,17.84000015258789,18.020000457763672,10.641788482666016,4888100,0.0,0.0,0.0
2022-05-31,18.020000457763672,18.06999969482422,17.950000762939453,18.030000686645508,10.64769172668457,5792600,0.0,0.0,0.0
2022-06-01,18.059999465942383,18.079999923706055,17.959999084472656,18.010000228881836,10.635880470275879,6405600,0.0,0.0,0.0
2022-06-02,18.030000686645508,18.110000610351562,17.979999542236328,18.110000610351562,10.694936752319336,3582700,0.0,0.0,0.0
2022-06-03,18.059999465942383,18.09000015258789,18.030000686645508,18.059999465942383,10.665409088134766,3420500,0.0,0.0,0.0
2022-06-06,18.1200008392334,18.1299991607666,18.051000595092773,18.079999923706055,10.677220344543457,3837100,0.0,0.0,0.0
2022-06-07,18.040000915527344,18.1200008392334,18.030000686645508,18.1200008392334,10.700845718383789,3309600,0.0,0.0,0.0
2022-06-08,18.100000381469727,18.139999389648438,18.100000381469727,18.1200008392334,10.700845718383789,2577400,0.0,0.0,0.0
2022-06-09,18.139999389648438,18.139999389648438,18.030000686645508,18.049999237060547,10.659501075744629,3966300,0.0,0.0,0.0
2022-06-10,17.959999084472656,17.969999313354492,17.81999969482422,17.8700008392334,10.553203582763672,7791500,0.0,0.0,0.0
2022-06-13,17.5,17.600000381469727,17.260000228881836,17.309999465942383,10.222492218017578,11129000,0.0,0.0,0.0
2022-06-14,17.469999313354492,17.479999542236328,17.219999313354492,17.389999389648438,10.269737243652344,6725900,0.0,0.0,0.0
2022-06-15,17.549999237060547,17.90999984741211,17.420000076293945,17.729999542236328,10.470526695251465,6163000,0.0,0.0,0.0
2022-06-16,17.389999389648438,17.440000534057617,17.010000228881836,17.1299991607666,10.116191864013672,8150700,0.0,0.0,0.0
2022-06-17,17.18000030517578,17.40999984741211,17.09000015258789,17.329999923706055,10.234306335449219,5119200,0.0,0.0,0.0
2022-06-21,17.329999923706055,17.420000076293945,17.31999969482422,17.399999618530273,10.379858016967773,4158000,0.174,0.0,0.0
2022-06-22,17.260000228881836,17.459999084472656,17.239999771118164,17.3700008392334,10.36196517944336,2935100,0.0,0.0,0.0
2022-06-23,17.40999984741211,17.489999771118164,17.3700008392334,17.469999313354492,10.42161750793457,4691500,0.0,0.0,0.0
2022-06-24,17.59000015258789,17.6299991607666,17.520000457763672,17.6200008392334,10.511104583740234,4532500,0.0,0.0,0.0
2022-06-27,17.68000030517578,17.68000030517578,17.58300018310547,17.6299991607666,10.517064094543457,3681300,0.0,0.0,0.0
2022-06-28,17.68000030517578,17.68000030517578,17.5,17.5,10.439515113830566,2457400,0.0,0.0,0.0
2022-06-29,17.5,17.559999465942383,17.459999084472656,17.530000686645508,10.457409858703613,2790300,0.0,0.0,0.0
2022-06-30,17.450000762939453,17.549999237060547,17.3700008392334,17.469999313354492,10.42161750793457,2841100,0.0,0.0,0.0
2022-07-01,17.479999542236328,17.579999923706055,17.440000534057617,17.56999969482422,10.48127269744873,2507600,0.0,0.0,0.0
2022-07-05,17.530000686645508,17.670000076293945,17.469999313354492,17.670000076293945,10.540928840637207,3479100,0.0,0.0,0.0
2022-07-06,17.649999618530273,17.719999313354492,17.639999389648438,17.700000762939453,10.55882453918457,3412300,0.0,0.0,0.0
2022-07-07,17.719999313354492,17.760000228881836,16.81999969482422,17.75,10.588652610778809,3917700,0.0,0.0,0.0
2022-07-08,17.707000732421875,17.770000457763672,17.700000762939453,17.770000457763672,10.600581169128418,2973300,0.0,0.0,0.0
2022-07-11,17.770000457763672,17.770000457763672,17.729999542236328,17.760000228881836,10.594615936279297,2846300,0.0,0.0,0.0
2022-07-12,17.75,17.780000686645508,17.729999542236328,17.75,10.588652610778809,3040500,0.0,0.0,0.0
2022-07-13,17.68000030517578,17.770000457763672,17.68000030517578,17.760000228881836,10.594615936279297,3884400,0.0,0.0,0.0
2022-07-14,17.719999313354492,17.790000915527344,17.71500015258789,17.770000457763672,10.600581169128418,4573100,0.0,0.0,0.0
2022-07-15,17.940000534057617,18.06999969482422,17.8700008392334,18.06999969482422,10.779545783996582,4610900,0.0,0.0,0.0
2022-07-18,17.989999771118164,17.989999771118164,17.770000457763672,17.799999237060547,10.72591495513916,4045300,0.181,0.0,0.0
2022-07-19,17.899999618530273,18.040000915527344,17.882999420166016,18.040000915527344,10.870535850524902,2919300,0.0,0.0,0.0
2022-07-20,18.040000915527344,18.149999618530273,18.020000457763672,18.139999389648438,10.930793762207031,2866900,0.0,0.0,0.0
2022-07-21,18.15999984741211,18.239999771118164,18.079999923706055,18.239999771118164,10.991052627563477,2823800,0.0,0.0,0.0
2022-07-22,18.200000762939453,18.264999389648438,18.1299991607666,18.18000030517578,10.954896926879883,3902200,0.0,0.0,0.0
2022-07-25,18.18000030517578,18.190000534057617,18.1200008392334,18.170000076293945,10.948869705200195,2285700,0.0,0.0,0.0
2022-07-26,18.149999618530273,18.15999984741211,18.0049991607666,18.030000686645508,10.864510536193848,3355200,0.0,0.0,0.0
2022-07-27,18.142000198364258,18.290000915527344,18.135000228881836,18.270000457763672,11.009130477905273,2552500,0.0,0.0,0.0
2022-07-28,18.25,18.34000015258789,18.219999313354492,18.34000015258789,11.051307678222656,3242700,0.0,0.0,0.0
2022-07-29,18.389999389648438,18.420000076293945,18.341999053955078,18.420000076293945,11.09951400756836,3842900,0.0,0.0,0.0
2022-08-01,18.389999389648438,18.43000030517578,18.3799991607666,18.399999618530273,11.087465286254883,3520700,0.0,0.0,0.0
2022-08-02,18.3700008392334,18.43000030517578,18.360000610351562,18.389999389648438,11.081439971923828,3278500,0.0,0.0,0.0
2022-08-03,18.420000076293945,18.459999084472656,18.40999984741211,18.440000534057617,11.111563682556152,3349900,0.0,0.0,0.0
2022-08-04,18.459999084472656,18.479999542236328,18.440000534057617,18.450000762939453,11.117592811584473,2979800,0.0,0.0,0.0
2022-08-05,18.450000762939453,18.469999313354492,18.447999954223633,18.469999313354492,11.129645347595215,2831100,0.0,0.0,0.0
2022-08-08,18.489999771118164,18.5,18.459999084472656,18.469999313354492,11.129645347595215,3678400,0.0,0.0,0.0
2022-08-09,18.469999313354492,18.479999542236328,18.459999084472656,18.469999313354492,11.129645347595215,2553800,0.0,0.0,0.0
2022-08-10,18.510000228881836,18.510000228881836,18.479999542236328,18.489999771118164,11.141695976257324,3569200,0.0,0.0,0.0
2022-08-11,18.510000228881836,18.520000457763672,18.489999771118164,18.5,11.147721290588379,3281800,0.0,0.0,0.0
2022-08-12,18.510000228881836,18.510000228881836,18.489999771118164,18.510000228881836,11.153745651245117,3684200,0.0,0.0,0.0
2022-08-15,18.5,18.510000228881836,18.40999984741211,18.510000228881836,11.153745651245117,3309300,0.0,0.0,0.0
2022-08-16,18.510000228881836,18.520000457763672,18.5,18.510000228881836,11.153745651245117,4460200,0.0,0.0,0.0
2022-08-17,18.510000228881836,18.520000457763672,18.5,18.5,11.147721290588379,3730100,0.0,0.0,0.0
2022-08-18,18.520000457763672,18.530000686645508,18.469999313354492,18.479999542236328,11.135668754577637,5257000,0.0,0.0,0.0
2022-08-19,18.34000015258789,18.34000015258789,18.079999923706055,18.149999618530273,10.936820030212402,7868900,0.0,0.0,0.0
2022-08-22,17.84000015258789,17.8799991607666,17.649999618530273,17.68000030517578,10.760918617248535,6384500,0.181,0.0,0.0
2022-08-23,17.690000534057617,17.788000106811523,17.665000915527344,17.68000030517578,10.760918617248535,5941800,0.0,0.0,0.0
2022-08-24,17.700000762939453,17.799999237060547,17.65999984741211,17.729999542236328,10.791351318359375,2905800,0.0,0.0,0.0
2022-08-25,17.809999465942383,17.93000030517578,17.770000457763672,17.93000030517578,10.913079261779785,3810300,0.0,0.0,0.0
2022-08-26,17.950000762939453,17.969999313354492,17.440000534057617,17.450000762939453,10.620932579040527,6401000,0.0,0.0,0.0
2022-08-29,17.299999237060547,17.43000030517578,17.260000228881836,17.299999237060547,10.52963638305664,4532200,0.0,0.0,0.0
2022-08-30,17.420000076293945,17.43000030517578,17.020000457763672,17.15999984741211,10.44442081451416,5994100,0.0,0.0,0.0
2022-08-31,17.280000686645508,17.350000381469727,17.059999465942383,17.059999465942383,10.38355827331543,4930400,0.0,0.0,0.0
2022-09-01,16.940000534057617,17.084999084472656,16.719999313354492,17.059999465942383,10.38355827331543,6602600,0.0,0.0,0.0
2022-09-02,17.209999084472656,17.299999237060547,16.760000228881836,16.84000015258789,10.249652862548828,4906200,0.0,0.0,0.0
2022-09-06,16.8700008392334,16.922000885009766,16.610000610351562,16.719999313354492,10.176613807678223,5606800,0.0,0.0,0.0
2022-09-07,16.75,17.1200008392334,16.729999542236328,17.059999465942383,10.38355827331543,4683700,0.0,0.0,0.0
2022-09-08,16.950000762939453,17.219999313354492,16.875,17.149999618530273,10.438336372375488,4012000,0.0,0.0,0.0
2022-09-09,17.299999237060547,17.549999237060547,17.280000686645508,17.510000228881836,10.657450675964355,2778100,0.0,0.0,0.0
2022-09-12,17.575000762939453,17.735000610351562,17.575000762939453,17.700000762939453,10.773092269897461,2788700,0.0,0.0,0.0
2022-09-13,17.209999084472656,17.309999465942383,16.729999542236328,16.770000457763672,10.207049369812012,6734900,0.0,0.0,0.0
2022-09-14,16.860000610351562,16.950000762939453,16.739999771118164,16.920000076293945,10.298348426818848,5341400,0.0,0.0,0.0
2022-09-15,16.799999237060547,16.93000030517578,16.540000915527344,16.65999984741211,10.140097618103027,5045800,0.0,0.0,0.0
2022-09-16,16.459999084472656,16.5,16.31999969482422,16.459999084472656,10.018365859985352,6073300,0.0,0.0,0.0
2022-09-19,16.229999542236328,16.3700008392334,16.219999313354492,16.360000610351562,10.058331489562988,3888600,0.165,0.0,0.0
2022-09-20,16.290000915527344,16.360000610351562,16.229999542236328,16.290000915527344,10.015295028686523,3669300,0.0,0.0,0.0
2022-09-21,16.309999465942383,16.450000762939453,16.15999984741211,16.18000030517578,9.947663307189941,4958700,0.0,0.0,0.0
2022-09-22,16.1299991607666,16.190000534057617,16.040000915527344,16.09000015258789,9.89233112335205,6322300,0.0,0.0,0.0
2022-09-23,16.0,16.020000457763672,15.770000457763672,15.920000076293945,9.787813186645508,8198300,0.0,0.0,0.0
2022-09-26,15.930000305175781,16.09000015258789,15.859999656677246,15.890000343322754,9.769366264343262,6319900,0.0,0.0,0.0
2022-09-27,16.030000686645508,16.1200008392334,15.800000190734863,15.920000076293945,9.787813186645508,5105400,0.0,0.0,0.0
2022-09-28,15.899999618530273,16.170000076293945,15.84000015258789,16.1299991607666,9.916923522949219,4159300,0.0,0.0,0.0
2022-09-29,15.994999885559082,16.010000228881836,15.6899995803833,15.819999694824219,9.72633171081543,6241500,0.0,0.0,0.0
2022-09-30,15.819999694824219,16.0,15.631999969482422,15.65999984741211,9.627963066101074,5857400,0.0,0.0,0.0
2022-10-03,15.729999542236328,16.030000686645508,15.670000076293945,15.949999809265137,9.806256294250488,4292700,0.0,0.0,0.0
2022-10-04,16.165000915527344,16.31999969482422,16.15999984741211,16.290000915527344,10.015295028686523,3733300,0.0,0.0,0.0
2022-10-05,16.170000076293945,16.3700008392334,16.059999465942383,16.309999465942383,10.02759075164795,3780600,0.0,0.0,0.0
2022-10-06,16.299999237060547,16.389999389648438,16.219999313354492,16.25,9.990699768066406,3789100,0.0,0.0,0.0
2022-10-07,16.06999969482422,16.06999969482422,15.720000267028809,15.789999961853027,9.707884788513184,5257800,0.0,0.0,0.0
2022-10-10,15.789999961853027,15.819999694824219,15.524999618530273,15.649999618530273,9.621811866760254,4768200,0.0,0.0,0.0
2022-10-11,15.569999694824219,15.723999977111816,15.380000114440918,15.479999542236328,9.517294883728027,5935100,0.0,0.0,0.0
2022-10-12,15.5,15.600000381469727,15.430000305175781,15.479999542236328,9.517294883728027,3903400,0.0,0.0,0.0
2022-10-13,15.029999732971191,15.890000343322754,15.0,15.84000015258789,9.738628387451172,6365900,0.0,0.0,0.0
2022-10-14,15.930000305175781,15.970000267028809,15.345000267028809,15.390000343322754,9.461963653564453,4278300,0.0,0.0,0.0
2022-10-17,15.675000190734863,15.925000190734863,15.670000076293945,15.890000343322754,9.769366264343262,3316200,0.0,0.0,0.0
2022-10-18,16.209999084472656,16.299999237060547,15.85099983215332,16.030000686645508,9.85544490814209,4875700,0.0,0.0,0.0
2022-10-19,15.90999984741211,16.1299991607666,15.819999694824219,15.970000267028809,9.818551063537598,2746700,0.0,0.0,0.0
2022-10-20,15.920000076293945,16.204999923706055,15.8100004196167,15.880000114440918,9.763218879699707,3910900,0.0,0.0,0.0
2022-10-21,15.859999656677246,16.1299991607666,15.75,16.1299991607666,9.916923522949219,6919900,0.0,0.0,0.0
2022-10-24,16.0,16.040000915527344,15.880000114440918,16.020000457763672,9.949844360351562,7231800,0.163,0.0,0.0
2022-10-25,16.040000915527344,16.170000076293945,16.040000915527344,16.15999984741211,10.03679084777832,3538400,0.0,0.0,0.0
2022-10-26,16.040000915527344,16.170000076293945,16.030000686645508,16.079999923706055,9.987105369567871,3872400,0.0,0.0,0.0
2022-10-27,16.049999237060547,16.094999313354492,15.960000038146973,15.960000038146973,9.912574768066406,3813500,0.0,0.0,0.0
2022-10-28,15.960000038146973,16.190000534057617,15.960000038146973,16.18000030517578,10.049215316772461,2398300,0.0,0.0,0.0
2022-10-31,16.100000381469727,16.18000030517578,16.100000381469727,16.139999389648438,10.024368286132812,2686100,0.0,0.0,0.0
2022-11-01,16.239999771118164,16.239999771118164,16.09000015258789,16.100000381469727,9.999526977539062,3342800,0.0,0.0,0.0
2022-11-02,16.110000610351562,16.18000030517578,15.869999885559082,15.880000114440918,9.862889289855957,6856500,0.0,0.0,0.0
2022-11-03,15.789999961853027,15.845000267028809,15.661999702453613,15.6899995803833,9.744879722595215,4301000,0.0,0.0,0.0
2022-11-04,15.930000305175781,15.949999809265137,15.666000366210938,15.869999885559082,9.856677055358887,5895500,0.0,0.0,0.0
2022-11-07,15.920000076293945,16.030000686645508,15.850000381469727,16.010000228881836,9.94363021850586,3296300,0.0,0.0,0.0
2022-11-08,16.09000015258789,16.15999984741211,15.920000076293945,16.079999923706055,9.987105369567871,4434900,0.0,0.0,0.0
2022-11-09,16.040000915527344,16.065000534057617,15.859999656677246,15.890000343322754,9.869098663330078,3427500,0.0,0.0,0.0
2022-11-10,16.309999465942383,16.3799991607666,16.25,16.3700008392334,10.167219161987305,4847300,0.0,0.0,0.0
2022-11-11,16.399999618530273,16.420000076293945,16.350000381469727,16.399999618530273,10.1858549118042,2676600,0.0,0.0,0.0
2022-11-14,16.420000076293945,16.459999084472656,16.399999618530273,16.440000534057617,10.210699081420898,8748800,0.0,0.0,0.0
2022-11-15,16.485000610351562,16.489999771118164,16.420000076293945,16.440000534057617,10.210699081420898,3980500,0.0,0.0,0.0
2022-11-16,16.440000534057617,16.459999084472656,16.43000030517578,16.450000762939453,10.216909408569336,2368300,0.0,0.0,0.0
2022-11-17,16.389999389648438,16.459999084472656,16.389999389648438,16.440000534057617,10.210699081420898,2799500,0.0,0.0,0.0
2022-11-18,16.594999313354492,16.639999389648438,16.360000610351562,16.469999313354492,10.229331970214844,3611100,0.0,0.0,0.0
2022-11-21,16.280000686645508,16.295000076293945,16.200000762939453,16.239999771118164,10.188549041748047,2894400,0.165,0.0,0.0
2022-11-22,16.25,16.3700008392334,16.204999923706055,16.360000610351562,10.263837814331055,2127500,0.0,0.0,0.0
2022-11-23,16.360000610351562,16.479999542236328,16.360000610351562,16.450000762939453,10.32030200958252,2530400,0.0,0.0,0.0
2022-11-25,16.459999084472656,16.459999084472656,16.420000076293945,16.450000762939453,10.32030200958252,1144600,0.0,0.0,0.0
2022-11-28,16.3700008392334,16.43000030517578,16.299999237060547,16.31999969482422,10.238740921020508,3151400,0.0,0.0,0.0
2022-11-29,16.360000610351562,16.360000610351562,16.219999313354492,16.270000457763672,10.207374572753906,1826800,0.0,0.0,0.0
2022-11-30,16.299999237060547,16.59000015258789,16.2450008392334,16.579999923706055,10.401857376098633,4691100,0.0,0.0,0.0
2022-12-01,16.610000610351562,16.6299991607666,16.549999237060547,16.610000610351562,10.420680046081543,2678100,0.0,0.0,0.0
2022-12-02,16.510000228881836,16.6299991607666,16.479999542236328,16.6200008392334,10.426953315734863,1976700,0.0,0.0,0.0
2022-12-05,16.56999969482422,16.610000610351562,16.479999542236328,16.520000457763672,10.364216804504395,2521500,0.0,0.0,0.0
2022-12-06,16.520000457763672,16.549999237060547,16.299999237060547,16.350000381469727,10.257560729980469,2846700,0.0,0.0,0.0
2022-12-07,16.299999237060547,16.3799991607666,16.260000228881836,16.329999923706055,10.245017051696777,2943700,0.0,0.0,0.0
2022-12-08,16.389999389648438,16.479999542236328,16.309999465942383,16.440000534057617,10.314026832580566,2250900,0.0,0.0,0.0
2022-12-09,16.440000534057617,16.514999389648438,16.395000457763672,16.40999984741211,10.295205116271973,2147600,0.0,0.0,0.0
2022-12-12,16.40999984741211,16.5,16.3799991607666,16.479999542236328,10.339120864868164,2577300,0.0,0.0,0.0
2022-12-13,16.739999771118164,16.780000686645508,16.584999084472656,16.65999984741211,10.452048301696777,4213600,0.0,0.0,0.0
2022-12-14,16.65999984741211,16.75,16.55500030517578,16.709999084472656,10.483417510986328,3562300,0.0,0.0,0.0
2022-12-15,16.610000610351562,16.649999618530273,16.299999237060547,16.360000610351562,10.263837814331055,4234800,0.0,0.0,0.0
2022-12-16,16.299999237060547,16.424999237060547,16.149999618530273,16.200000762939453,10.163456916809082,3986900,0.0,0.0,0.0
2022-12-19,16.200000762939453,16.270000457763672,16.059999465942383,16.110000610351562,10.106993675231934,3042000,0.0,0.0,0.0
2022-12-20,16.079999923706055,16.15999984741211,16.010000228881836,16.100000381469727,10.100717544555664,6506400,0.0,0.0,0.0
2022-12-21,16.170000076293945,16.290000915527344,16.09000015258789,16.25,10.194826126098633,2801200,0.0,0.0,0.0
2022-12-22,16.139999389648438,16.15999984741211,15.829999923706055,16.040000915527344,10.063078880310059,4758300,0.0,0.0,0.0
2022-12-23,16.020000457763672,16.079999923706055,15.899999618530273,16.06999969482422,10.081896781921387,3068900,0.0,0.0,0.0
2022-12-27,16.049999237060547,16.059999465942383,15.902999877929688,15.920000076293945,9.987793922424316,4416400,0.0,0.0,0.0
2022-12-28,15.949999809265137,16.010000228881836,15.760000228881836,15.770000457763672,9.893686294555664,5108700,0.0,0.0,0.0
2022-12-29,15.739999771118164,15.9399995803833,15.720000267028809,15.920000076293945,10.090811729431152,5745000,0.161,0.0,0.0
2022-12-30,15.800000190734863,15.90999984741211,15.729999542236328,15.90999984741211,10.08447265625,6162400,0.0,0.0,0.0
2023-01-03,15.989999771118164,16.049999237060547,15.739999771118164,15.859999656677246,10.05278205871582,5257400,0.0,0.0,0.0
2023-01-04,15.90999984741211,15.979999542236328,15.770000457763672,15.90999984741211,10.08447265625,4233100,0.0,0.0,0.0
2023-01-05,15.859999656677246,15.859999656677246,15.734000205993652,15.760000228881836,9.989398002624512,4233800,0.0,0.0,0.0
2023-01-06,15.819999694824219,16.1200008392334,15.6899995803833,16.09000015258789,10.198566436767578,4172200,0.0,0.0,0.0
2023-01-09,16.15999984741211,16.299999237060547,16.135000228881836,16.149999618530273,10.23659610748291,3572600,0.0,0.0,0.0
2023-01-10,16.110000610351562,16.260000228881836,16.110000610351562,16.25,10.299982070922852,3409800,0.0,0.0,0.0
2023-01-11,16.299999237060547,16.3799991607666,16.270000457763672,16.3799991607666,10.382381439208984,2164200,0.0,0.0,0.0
2023-01-12,16.43000030517578,16.520000457763672,16.350000381469727,16.520000457763672,10.471117973327637,3491000,0.0,0.0,0.0
2023-01-13,16.440000534057617,16.559999465942383,16.43000030517578,16.559999465942383,10.496475219726562,1999200,0.0,0.0,0.0
2023-01-17,16.559999465942383,16.59000015258789,16.540000915527344,16.579999923706055,10.50915241241455,2553500,0.0,0.0,0.0
2023-01-18,16.610000610351562,16.6200008392334,16.549999237060547,16.549999237060547,10.490134239196777,2142500,0.0,0.0,0.0
2023-01-19,16.479999542236328,16.59000015258789,16.469999313354492,16.559999465942383,10.496475219726562,2317000,0.0,0.0,0.0
2023-01-20,16.6299991607666,16.829999923706055,16.549999237060547,16.809999465942383,10.654932975769043,4179200,0.0,0.0,0.0
2023-01-23,16.670000076293945,16.780000686645508,16.649999618530273,16.770000457763672,10.738174438476562,4450000,0.17,0.0,0.0
2023-01-24,16.739999771118164,16.780000686645508,16.719999313354492,16.760000228881836,10.731770515441895,2219700,0.0,0.0,0.0
2023-01-25,16.670000076293945,16.760000228881836,16.610000610351562,16.75,10.72536849975586,2885200,0.0,0.0,0.0
2023-01-26,16.81999969482422,16.829999923706055,16.770000457763672,16.81999969482422,10.770190238952637,3310700,0.0,0.0,0.0
2023-01-27,16.809999465942383,16.889999389648438,16.799999237060547,16.8700008392334,10.802205085754395,2550800,0.0,0.0,0.0
2023-01-30,16.829999923706055,16.860000610351562,16.799999237060547,16.809999465942383,10.763787269592285,2510100,0.0,0.0,0.0
2023-01-31,16.850000381469727,16.8799991607666,16.809999465942383,16.8799991607666,10.808608055114746,2171100,0.0,0.0,0.0
2023-02-01,16.8799991607666,16.950000762939453,16.850000381469727,16.90999984741211,10.827820777893066,3215700,0.0,0.0,0.0
2023-02-02,17.014999389648438,17.020000457763672,16.94300079345703,16.959999084472656,10.85983657836914,4311400,0.0,0.0,0.0
2023-02-03,16.93000030517578,16.989999771118164,16.920000076293945,16.950000762939453,10.853434562683105,3058400,0.0,0.0,0.0
2023-02-06,16.950000762939453,16.969999313354492,16.93000030517578,16.950000762939453,10.853434562683105,2564400,0.0,0.0,0.0
2023-02-07,16.950000762939453,16.989999771118164,16.950000762939453,16.979999542236328,10.872642517089844,2758700,0.0,0.0,0.0
2023-02-08,16.989999771118164,17.0,16.969999313354492,16.979999542236328,10.872642517089844,1789500,0.0,0.0,0.0
2023-02-09,17.0,17.010000228881836,16.979999542236328,16.989999771118164,10.879043579101562,2085500,0.0,0.0,0.0
2023-02-10,16.959999084472656,16.989999771118164,16.950000762939453,16.989999771118164,10.879043579101562,2217700,0.0,0.0,0.0
2023-02-13,17.010000228881836,17.010000228881836,16.989999771118164,16.989999771118164,10.879043579101562,2024100,0.0,0.0,0.0
2023-02-14,17.010000228881836,17.020000457763672,17.0,17.010000228881836,10.891853332519531,3049900,0.0,0.0,0.0
2023-02-15,17.010000228881836,17.020000457763672,17.010000228881836,17.020000457763672,10.8982572555542,2341100,0.0,0.0,0.0
2023-02-16,17.020000457763672,17.030000686645508,16.829999923706055,16.860000610351562,10.795805931091309,7169600,0.0,0.0,0.0
2023-02-17,16.729999542236328,16.760000228881836,16.59000015258789,16.68000030517578,10.680547714233398,6323700,0.0,0.0,0.0
2023-02-21,16.450000762939453,16.459999084472656,16.309999465942383,16.31999969482422,10.55571460723877,4391200,0.167,0.0,0.0
2023-02-22,16.360000610351562,16.399999618530273,16.280000686645508,16.31999969482422,10.55571460723877,2675600,0.0,0.0,0.0
2023-02-23,16.440000534057617,16.469999313354492,16.299999237060547,16.440000534057617,10.633329391479492,4648100,0.0,0.0,0.0
2023-02-24,16.260000228881836,16.329999923706055,16.219999313354492,16.309999465942383,10.54924488067627,7120500,0.0,0.0,0.0
2023-02-27,16.399999618530273,16.469999313354492,16.3700008392334,16.399999618530273,10.607458114624023,3278500,0.0,0.0,0.0
2023-02-28,16.389999389648438,16.469999313354492,16.3700008392334,16.399999618530273,10.607458114624023,3404800,0.0,0.0,0.0
2023-03-01,16.399999618530273,16.413000106811523,16.270000457763672,16.290000915527344,10.536312103271484,3829400,0.0,0.0,0.0
2023-03-02,16.200000762939453,16.440000534057617,16.190000534057617,16.40999984741211,10.61392593383789,3201400,0.0,0.0,0.0
2023-03-03,16.469999313354492,16.639999389648438,16.459999084472656,16.639999389648438,10.762688636779785,3688800,0.0,0.0,0.0
2023-03-06,16.670000076293945,16.739999771118164,16.649999618530273,16.649999618530273,10.769156455993652,2567700,0.0,0.0,0.0
2023-03-07,16.670000076293945,16.68000030517578,16.530000686645508,16.549999237060547,10.704480171203613,4339700,0.0,0.0,0.0
2023-03-08,16.579999923706055,16.639999389648438,16.510000228881836,16.610000610351562,10.7432861328125,5870300,0.0,0.0,0.0
2023-03-09,16.6200008392334,16.709999084472656,16.389999389648438,16.420000076293945,10.62039566040039,4470400,0.0,0.0,0.0
2023-03-10,16.440000534057617,16.520000457763672,16.200000762939453,16.260000228881836,10.516905784606934,6419000,0.0,0.0,0.0
2023-03-13,16.15999984741211,16.530000686645508,16.09000015258789,16.3799991607666,10.594524383544922,8415700,0.0,0.0,0.0
2023-03-14,16.5,16.739999771118164,16.5,16.729999542236328,10.82089900970459,7295100,0.0,0.0,0.0
2023-03-15,16.579999923706055,16.799999237060547,16.54199981689453,16.780000686645508,10.853240013122559,9026600,0.0,0.0,0.0
2023-03-16,16.790000915527344,16.989999771118164,16.75,16.989999771118164,10.989065170288086,6124100,0.0,0.0,0.0
2023-03-17,16.989999771118164,17.09000015258789,16.81999969482422,16.8799991607666,10.91791820526123,6238700,0.0,0.0,0.0
2023-03-20,16.709999084472656,16.780000686645508,16.649999618530273,16.770000457763672,10.956467628479004,5108700,0.169,0.0,0.0
2023-03-21,16.850000381469727,16.899999618530273,16.799999237060547,16.899999618530273,11.041400909423828,2989400,0.0,0.0,0.0
2023-03-22,16.8700008392334,16.989999771118164,16.799999237060547,16.81999969482422,10.989133834838867,4587500,0.0,0.0,0.0
2023-03-23,16.899999618530273,16.988000869750977,16.80500030517578,16.90999984741211,11.047934532165527,4876900,0.0,0.0,0.0
2023-03-24,16.899999618530273,16.940000534057617,16.81999969482422,16.920000076293945,11.05446720123291,2801500,0.0,0.0,0.0
2023-03-27,16.950000762939453,16.989999771118164,16.899999618530273,16.93000030517578,11.061001777648926,3205300,0.0,0.0,0.0
2023-03-28,16.920000076293945,16.93000030517578,16.860000610351562,16.90999984741211,11.047934532165527,2816000,0.0,0.0,0.0
2023-03-29,16.989999771118164,17.049999237060547,16.989999771118164,17.030000686645508,11.126335144042969,2540200,0.0,0.0,0.0
2023-03-30,17.079999923706055,17.100000381469727,17.059999465942383,17.079999923706055,11.159004211425781,2581900,0.0,0.0,0.0
2023-03-31,17.079999923706055,17.170000076293945,17.06999969482422,17.149999618530273,11.204733848571777,2128300,0.0,0.0,0.0
2023-04-03,17.110000610351562,17.190000534057617,17.110000610351562,17.18000030517578,11.224337577819824,1955700,0.0,0.0,0.0
2023-04-04,17.200000762939453,17.200000762939453,17.15999984741211,17.170000076293945,11.217803001403809,2063900,0.0,0.0,0.0
2023-04-05,17.190000534057617,17.190000534057617,17.1299991607666,17.15999984741211,11.211267471313477,1679500,0.0,0.0,0.0
2023-04-06,17.15999984741211,17.209999084472656,17.1200008392334,17.209999084472656,11.24393367767334,1483300,0.0,0.0,0.0
2023-04-10,17.170000076293945,17.219999313354492,17.15999984741211,17.219999313354492,11.250467300415039,2438900,0.0,0.0,0.0
2023-04-11,17.229999542236328,17.229999542236328,17.209999084472656,17.209999084472656,11.24393367767334,3987800,0.0,0.0,0.0
2023-04-12,17.239999771118164,17.239999771118164,17.200000762939453,17.200000762939453,11.237401962280273,3587900,0.0,0.0,0.0
2023-04-13,17.25,17.280000686645508,17.239999771118164,17.270000457763672,11.283135414123535,4158800,0.0,0.0,0.0
2023-04-14,17.280000686645508,17.290000915527344,17.270000457763672,17.280000686645508,11.289669036865234,3336300,0.0,0.0,0.0
2023-04-17,17.280000686645508,17.299999237060547,17.280000686645508,17.299999237060547,11.30273723602295,3683100,0.0,0.0,0.0
2023-04-18,17.30500030517578,17.309999465942383,17.290000915527344,17.299999237060547,11.30273723602295,3679900,0.0,0.0,0.0
2023-04-19,17.299999237060547,17.309999465942383,17.290000915527344,17.299999237060547,11.30273723602295,2241000,0.0,0.0,0.0
2023-04-20,17.299999237060547,17.31999969482422,17.229999542236328,17.270000457763672,11.283135414123535,3763100,0.0,0.0,0.0
2023-04-21,17.280000686645508,17.329999923706055,17.170000076293945,17.299999237060547,11.30273723602295,6891600,0.0,0.0,0.0
2023-04-24,17.1200008392334,17.15999984741211,17.059999465942383,17.125,11.301417350769043,5361600,0.173,0.0,0.0
2023-04-25,17.100000381469727,17.100000381469727,16.93000030517578,16.93000030517578,11.1727294921875,4793300,0.0,0.0,0.0
2023-04-26,17.049999237060547,17.110000610351562,16.989999771118164,17.020000457763672,11.232124328613281,4271000,0.0,0.0,0.0
2023-04-27,17.110000610351562,17.25,17.09000015258789,17.25,11.38390827178955,3586400,0.0,0.0,0.0
2023-04-28,17.219999313354492,17.299999237060547,17.219999313354492,17.290000915527344,11.41030502319336,4206600,0.0,0.0,0.0
2023-05-01,17.290000915527344,17.34000015258789,17.280000686645508,17.329999923706055,11.43670654296875,2363400,0.0,0.0,0.0
2023-05-02,17.309999465942383,17.336999893188477,17.209999084472656,17.270000457763672,11.397107124328613,6336800,0.0,0.0,0.0
2023-05-03,17.299999237060547,17.329999923706055,17.229999542236328,17.25,11.38390827178955,4880100,0.0,0.0,0.0
2023-05-04,17.260000228881836,17.270000457763672,17.18000030517578,17.209999084472656,11.35750961303711,6421800,0.0,0.0,0.0
2023-05-05,17.290000915527344,17.399999618530273,17.270000457763672,17.399999618530273,11.482895851135254,2439600,0.0,0.0,0.0
2023-05-08,17.399999618530273,17.43000030517578,17.389999389648438,17.43000030517578,11.502701759338379,2183300,0.0,0.0,0.0
2023-05-09,17.420000076293945,17.43000030517578,17.399999618530273,17.40999984741211,11.489497184753418,1437800,0.0,0.0,0.0
2023-05-10,17.440000534057617,17.479999542236328,17.43000030517578,17.469999313354492,11.529092788696289,2585800,0.0,0.0,0.0
2023-05-11,17.479999542236328,17.5,17.469999313354492,17.489999771118164,11.542293548583984,1940800,0.0,0.0,0.0
2023-05-12,17.5,17.5,17.469999313354492,17.5,11.548891067504883,2568400,0.0,0.0,0.0
2023-05-15,17.510000228881836,17.520000457763672,17.489999771118164,17.520000457763672,11.562090873718262,2665000,0.0,0.0,0.0
2023-05-16,17.520000457763672,17.520000457763672,17.479999542236328,17.520000457763672,11.562090873718262,2278200,0.0,0.0,0.0
2023-05-17,17.530000686645508,17.540000915527344,17.520000457763672,17.530000686645508,11.568687438964844,3221200,0.0,0.0,0.0
2023-05-18,17.540000915527344,17.6299991607666,17.530000686645508,17.6299991607666,11.634682655334473,3211100,0.0,0.0,0.0
2023-05-19,17.649999618530273,17.670000076293945,17.549999237060547,17.56999969482422,11.595088005065918,7480300,0.0,0.0,0.0
2023-05-22,17.43000030517578,17.469999313354492,17.40999984741211,17.440000534057617,11.62040901184082,5039400,0.168,0.0,0.0
2023-05-23,17.40999984741211,17.420000076293945,17.309999465942383,17.329999923706055,11.54711627960205,3615600,0.0,0.0,0.0
2023-05-24,17.280000686645508,17.299999237060547,17.190000534057617,17.260000228881836,11.500472068786621,4429200,0.0,0.0,0.0
2023-05-25,17.389999389648438,17.5,17.3799991607666,17.469999313354492,11.640397071838379,5463300,0.0,0.0,0.0
2023-05-26,17.5,17.6200008392334,17.481000900268555,17.600000381469727,11.72701358795166,5740600,0.0,0.0,0.0
2023-05-30,17.639999389648438,17.670000076293945,17.610000610351562,17.6299991607666,11.747004508972168,4332700,0.0,0.0,0.0
2023-05-31,17.6200008392334,17.65999984741211,17.610000610351562,17.639999389648438,11.753669738769531,2815100,0.0,0.0,0.0
2023-06-01,17.670000076293945,17.709999084472656,17.639999389648438,17.690000534057617,11.786986351013184,4116300,0.0,0.0,0.0
2023-06-02,17.739999771118164,17.739999771118164,17.700000762939453,17.739999771118164,11.82029914855957,3848900,0.0,0.0,0.0
2023-06-05,17.760000228881836,17.760000228881836,17.729999542236328,17.760000228881836,11.833624839782715,3500300,0.0,0.0,0.0
2023-06-06,17.770000457763672,17.770000457763672,17.729999542236328,17.760000228881836,11.833624839782715,2607400,0.0,0.0,0.0
2023-06-07,17.770000457763672,17.770000457763672,17.719999313354492,17.729999542236328,11.813637733459473,3235200,0.0,0.0,0.0
2023-06-08,17.739999771118164,17.770000457763672,17.739999771118164,17.770000457763672,11.840288162231445,2364200,0.0,0.0,0.0
2023-06-09,17.780000686645508,17.780000686645508,17.770000457763672,17.780000686645508,11.846954345703125,2562400,0.0,0.0,0.0
2023-06-12,17.799999237060547,17.799999237060547,17.780000686645508,17.790000915527344,11.853617668151855,3249900,0.0,0.0,0.0
2023-06-13,17.799999237060547,17.799999237060547,17.780000686645508,17.790000915527344,11.853617668151855,4447000,0.0,0.0,0.0
2023-06-14,17.799999237060547,17.81999969482422,17.790000915527344,17.799999237060547,11.860279083251953,10682200,0.0,0.0,0.0
2023-06-15,17.809999465942383,17.84000015258789,17.770000457763672,17.780000686645508,11.846954345703125,4457200,0.0,0.0,0.0
2023-06-16,17.8700008392334,17.885000228881836,17.735000610351562,17.75,11.82696533203125,6627200,0.0,0.0,0.0
2023-06-20,17.579999923706055,17.600000381469727,17.461000442504883,17.56999969482422,11.824944496154785,8764100,0.177,0.0,0.0
2023-06-21,17.549999237060547,17.559999465942383,17.420000076293945,17.459999084472656,11.750910758972168,7411300,0.0,0.0,0.0
2023-06-22,17.43000030517578,17.600000381469727,17.40999984741211,17.600000381469727,11.845128059387207,6511000,0.0,0.0,0.0
2023-06-23,17.469999313354492,17.559999465942383,17.440000534057617,17.479999542236328,11.764371871948242,4822700,0.0,0.0,0.0
2023-06-26,17.479999542236328,17.56999969482422,17.34000015258789,17.350000381469727,11.676878929138184,8375000,0.0,0.0,0.0
2023-06-27,17.389999389648438,17.600000381469727,17.3799991607666,17.559999465942383,11.818212509155273,14760000,0.0,0.0,0.0
2023-06-28,17.530000686645508,17.6299991607666,17.510000228881836,17.579999923706055,11.831672668457031,4848700,0.0,0.0,0.0
2023-06-29,17.600000381469727,17.600000381469727,17.520000457763672,17.56999969482422,11.824944496154785,4051400,0.0,0.0,0.0
2023-06-30,17.65999984741211,17.760000228881836,17.65999984741211,17.75,11.946087837219238,3403600,0.0,0.0,0.0
2023-07-03,17.75,17.780000686645508,17.75,17.774999618530273,11.962913513183594,1512100,0.0,0.0,0.0
2023-07-05,17.760000228881836,17.809999465942383,17.729999542236328,17.790000915527344,11.973010063171387,3147900,0.0,0.0,0.0
2023-07-06,17.719999313354492,17.75,17.639999389648438,17.719999313354492,11.925898551940918,4316200,0.0,0.0,0.0
2023-07-07,17.700000762939453,17.809999465942383,17.700000762939453,17.719999313354492,11.925898551940918,2535700,0.0,0.0,0.0
2023-07-10,17.709999084472656,17.739999771118164,17.6299991607666,17.739999771118164,11.93935775756836,7570100,0.0,0.0,0.0
2023-07-11,17.770000457763672,17.799999237060547,17.68000030517578,17.780000686645508,11.966279983520508,4642700,0.0,0.0,0.0
2023-07-12,17.8799991607666,17.93000030517578,17.860000610351562,17.93000030517578,12.067232131958008,3728000,0.0,0.0,0.0
2023-07-13,17.979999542236328,18.020000457763672,17.959999084472656,18.0,12.114341735839844,2989900,0.0,0.0,0.0
2023-07-14,18.020000457763672,18.030000686645508,18.010000228881836,18.020000457763672,12.127801895141602,2439300,0.0,0.0,0.0
2023-07-17,18.040000915527344,18.049999237060547,18.020000457763672,18.049999237060547,12.147991180419922,2694700,0.0,0.0,0.0
2023-07-18,18.049999237060547,18.049999237060547,18.040000915527344,18.049999237060547,12.147991180419922,2882200,0.0,0.0,0.0
2023-07-19,18.06999969482422,18.06999969482422,18.049999237060547,18.049999237060547,12.147991180419922,3333900,0.0,0.0,0.0
2023-07-20,18.049999237060547,18.06999969482422,17.959999084472656,18.010000228881836,12.121076583862305,7533800,0.0,0.0,0.0
2023-07-21,18.110000610351562,18.15999984741211,17.989999771118164,18.010000228881836,12.121076583862305,6598400,0.0,0.0,0.0
2023-07-24,17.860000610351562,17.8700008392334,17.799999237060547,17.860000610351562,12.141468048095703,6873600,0.18,0.0,0.0
2023-07-25,17.8700008392334,17.93000030517578,17.81999969482422,17.920000076293945,12.182254791259766,4205800,0.0,0.0,0.0
2023-07-26,17.8700008392334,17.93000030517578,17.84000015258789,17.90999984741211,12.175459861755371,5838900,0.0,0.0,0.0
2023-07-27,17.979999542236328,18.030000686645508,17.8439998626709,17.889999389648438,12.161856651306152,7949300,0.0,0.0,0.0
2023-07-28,17.979999542236328,18.030000686645508,17.969999313354492,18.024999618530273,12.253633499145508,4056600,0.0,0.0,0.0
2023-07-31,18.020000457763672,18.049999237060547,18.020000457763672,18.030000686645508,12.257036209106445,2496800,0.0,0.0,0.0
2023-08-01,18.020000457763672,18.049999237060547,18.010000228881836,18.049999237060547,12.270631790161133,3066100,0.0,0.0,0.0
2023-08-02,17.969999313354492,17.969999313354492,17.829999923706055,17.8799991607666,12.155061721801758,8557000,0.0,0.0,0.0
2023-08-03,17.81999969482422,17.920000076293945,17.799999237060547,17.8700008392334,12.148266792297363,6709500,0.0,0.0,0.0
2023-08-04,17.899999618530273,18.0,17.829999923706055,17.84000015258789,12.127869606018066,3965900,0.0,0.0,0.0
2023-08-07,17.889999389648438,17.959999084472656,17.844999313354492,17.950000762939453,12.20265007019043,5480200,0.0,0.0,0.0
2023-08-08,17.899999618530273,17.899999618530273,17.760000228881836,17.889999389648438,12.161856651306152,5567500,0.0,0.0,0.0
2023-08-09,17.90999984741211,17.90999984741211,17.709999084472656,17.739999771118164,12.05988883972168,4438700,0.0,0.0,0.0
2023-08-10,17.84000015258789,17.969999313354492,17.719999313354492,17.780000686645508,12.087082862854004,4180100,0.0,0.0,0.0
2023-08-11,17.690000534057617,17.760000228881836,17.6299991607666,17.700000762939453,12.032698631286621,5822200,0.0,0.0,0.0
2023-08-14,17.68000030517578,17.889999389648438,17.6299991607666,17.8799991607666,12.155061721801758,4588100,0.0,0.0,0.0
2023-08-15,17.829999923706055,17.878000259399414,17.690000534057617,17.729999542236328,12.053093910217285,5031300,0.0,0.0,0.0
2023-08-16,17.709999084472656,17.76099967956543,17.514999389648438,17.520000457763672,11.91032886505127,7534700,0.0,0.0,0.0
2023-08-17,17.649999618530273,17.649999618530273,17.31999969482422,17.360000610351562,11.80156421661377,6420100,0.0,0.0,0.0
2023-08-18,17.170000076293945,17.31999969482422,17.139999389648438,17.299999237060547,11.760772705078125,5780200,0.0,0.0,0.0
2023-08-21,17.190000534057617,17.260000228881836,17.15999984741211,17.260000228881836,11.852097511291504,3651600,0.173,0.0,0.0
2023-08-22,17.290000915527344,17.299999237060547,17.219999313354492,17.25,11.845232963562012,6635500,0.0,0.0,0.0
2023-08-23,17.260000228881836,17.329999923706055,17.239999771118164,17.31999969482422,11.893301010131836,2564800,0.0,0.0,0.0
2023-08-24,17.360000610351562,17.3700008392334,17.219999313354492,17.229999542236328,11.831499099731445,3340200,0.0,0.0,0.0
2023-08-25,17.25,17.31999969482422,17.184999465942383,17.299999237060547,11.879568099975586,5131600,0.0,0.0,0.0
2023-08-28,17.31999969482422,17.360000610351562,17.309999465942383,17.360000610351562,11.920770645141602,5556900,0.0,0.0,0.0
2023-08-29,17.3700008392334,17.43000030517578,17.360000610351562,17.43000030517578,11.968839645385742,3280600,0.0,0.0,0.0
2023-08-30,17.440000534057617,17.459999084472656,17.43000030517578,17.459999084472656,11.989434242248535,2563900,0.0,0.0,0.0
2023-08-31,17.459999084472656,17.479999542236328,17.450000762939453,17.469999313354492,11.99630355834961,1822900,0.0,0.0,0.0
2023-09-01,17.5,17.5,17.459999084472656,17.479999542236328,12.003170013427734,1772700,0.0,0.0,0.0
2023-09-05,17.450000762939453,17.479999542236328,17.440000534057617,17.469999313354492,11.99630355834961,2040700,0.0,0.0,0.0
2023-09-06,17.459999084472656,17.479999542236328,17.459999084472656,17.479999542236328,12.003170013427734,1788200,0.0,0.0,0.0
2023-09-07,17.440000534057617,17.479999542236328,17.43400001525879,17.479999542236328,12.003170013427734,2332600,0.0,0.0,0.0
2023-09-08,17.479999542236328,17.5,17.469999313354492,17.479999542236328,12.003170013427734,2133300,0.0,0.0,0.0
2023-09-11,17.5,17.510000228881836,17.479999542236328,17.5,12.0169038772583,2348900,0.0,0.0,0.0
2023-09-12,17.489999771118164,17.5,17.479999542236328,17.5,12.0169038772583,1804600,0.0,0.0,0.0
2023-09-13,17.5,17.5,17.489999771118164,17.5,12.0169038772583,2518600,0.0,0.0,0.0
2023-09-14,17.5,17.510000228881836,17.489999771118164,17.510000228881836,12.023772239685059,5490200,0.0,0.0,0.0
2023-09-15,17.479999542236328,17.489999771118164,17.209999084472656,17.239999771118164,11.838364601135254,8234300,0.0,0.0,0.0
2023-09-18,17.049999237060547,17.09000015258789,17.030000686645508,17.059999465942383,11.832816123962402,8073300,0.172,0.0,0.0
2023-09-19,17.040000915527344,17.059999465942383,16.969999313354492,17.049999237060547,11.825883865356445,8644100,0.0,0.0,0.0
2023-09-20,17.06999969482422,17.09000015258789,16.920000076293945,16.93000030517578,11.742650032043457,5928200,0.0,0.0,0.0
2023-09-21,16.799999237060547,16.829999923706055,16.700000762939453,16.709999084472656,11.590057373046875,7223500,0.0,0.0,0.0
2023-09-22,16.739999771118164,16.864999771118164,16.719999313354492,16.729999542236328,11.603931427001953,6039600,0.0,0.0,0.0
2023-09-25,16.700000762939453,16.799999237060547,16.65999984741211,16.790000915527344,11.645546913146973,10016700,0.0,0.0,0.0
2023-09-26,16.719999313354492,16.729999542236328,16.549999237060547,16.579999923706055,11.499889373779297,5344300,0.0,0.0,0.0
2023-09-27,16.649999618530273,16.700000762939453,16.489999771118164,16.639999389648438,11.541505813598633,4636700,0.0,0.0,0.0
2023-09-28,16.600000381469727,16.829999923706055,16.56999969482422,16.75,11.617802619934082,4274100,0.0,0.0,0.0
2023-09-29,16.8799991607666,16.940000534057617,16.729999542236328,16.770000457763672,11.631673812866211,3869600,0.0,0.0,0.0
2023-10-02,16.780000686645508,16.940000534057617,16.770000457763672,16.899999618530273,11.721839904785156,6562600,0.0,0.0,0.0
2023-10-03,16.809999465942383,16.8799991607666,16.579999923706055,16.6299991607666,11.534566879272461,4293400,0.0,0.0,0.0
2023-10-04,16.670000076293945,16.8700008392334,16.65999984741211,16.850000381469727,11.68715763092041,9209400,0.0,0.0,0.0
2023-10-05,16.829999923706055,16.860000610351562,16.670000076293945,16.809999465942383,11.659418106079102,6537900,0.0,0.0,0.0
2023-10-06,16.709999084472656,17.06999969482422,16.670000076293945,17.030000686645508,11.812009811401367,5791500,0.0,0.0,0.0
2023-10-09,16.93000030517578,17.1200008392334,16.905000686645508,17.1200008392334,11.874432563781738,3168700,0.0,0.0,0.0
2023-10-10,17.110000610351562,17.239999771118164,17.110000610351562,17.170000076293945,11.909112930297852,5250700,0.0,0.0,0.0
2023-10-11,17.209999084472656,17.270000457763672,17.18000030517578,17.270000457763672,11.978473663330078,3271600,0.0,0.0,0.0
2023-10-12,17.280000686645508,17.34000015258789,17.18000030517578,17.25,11.964604377746582,3746300,0.0,0.0,0.0
2023-10-13,17.260000228881836,17.290000915527344,17.059999465942383,17.1299991607666,11.881370544433594,4596600,0.0,0.0,0.0
2023-10-16,17.170000076293945,17.309999465942383,17.15999984741211,17.290000915527344,11.992348670959473,3355100,0.0,0.0,0.0
2023-10-17,17.200000762939453,17.31999969482422,17.100000381469727,17.270000457763672,11.978473663330078,3706900,0.0,0.0,0.0
2023-10-18,17.200000762939453,17.26099967956543,17.02199935913086,17.079999923706055,11.846688270568848,4647000,0.0,0.0,0.0
2023-10-19,17.139999389648438,17.209999084472656,16.899999618530273,16.950000762939453,11.756523132324219,6604500,0.0,0.0,0.0
2023-10-20,16.920000076293945,16.94499969482422,16.690000534057617,16.709999084472656,11.590057373046875,5324300,0.0,0.0,0.0
2023-10-23,16.520000457763672,16.700000762939453,16.479999542236328,16.610000610351562,11.636998176574707,4925900,0.167,0.0,0.0
2023-10-24,16.690000534057617,16.71500015258789,16.6200008392334,16.700000762939453,11.700052261352539,3914100,0.0,0.0,0.0
2023-10-25,16.65999984741211,16.68000030517578,16.479999542236328,16.5,11.559931755065918,4451000,0.0,0.0,0.0
2023-10-26,16.469999313354492,16.5,16.25,16.299999237060547,11.41981029510498,5880400,0.0,0.0,0.0
2023-10-27,16.420000076293945,16.5,16.329999923706055,16.389999389648438,11.482861518859863,4509200,0.0,0.0,0.0
2023-10-30,16.475000381469727,16.56800079345703,16.43600082397461,16.540000915527344,11.587955474853516,4290700,0.0,0.0,0.0
2023-10-31,16.549999237060547,16.610000610351562,16.450000762939453,16.610000610351562,11.636998176574707,3827400,0.0,0.0,0.0
2023-11-01,16.639999389648438,16.790000915527344,16.6299991607666,16.770000457763672,11.74909496307373,5861900,0.0,0.0,0.0
2023-11-02,16.8799991607666,16.90999984741211,16.850000381469727,16.889999389648438,11.833165168762207,3599800,0.0,0.0,0.0
2023-11-03,16.93000030517578,16.969999313354492,16.920000076293945,16.959999084472656,11.882206916809082,2917300,0.0,0.0,0.0
2023-11-06,16.969999313354492,16.979999542236328,16.957000732421875,16.969999313354492,11.889215469360352,2103900,0.0,0.0,0.0
2023-11-07,16.969999313354492,17.0,16.969999313354492,17.0,11.91023063659668,1724400,0.0,0.0,0.0
2023-11-08,17.0,17.020000457763672,16.989999771118164,17.0,11.91023063659668,1873700,0.0,0.0,0.0
2023-11-09,17.030000686645508,17.030000686645508,17.0,17.010000228881836,11.917240142822266,2058800,0.0,0.0,0.0
2023-11-10,17.030000686645508,17.030000686645508,17.0,17.020000457763672,11.924247741699219,1841200,0.0,0.0,0.0
2023-11-13,17.040000915527344,17.045000076293945,17.020000457763672,17.040000915527344,11.938258171081543,1876800,0.0,0.0,0.0
2023-11-14,17.09000015258789,17.09000015258789,17.030000686645508,17.049999237060547,11.945263862609863,3929200,0.0,0.0,0.0
2023-11-15,17.06999969482422,17.06999969482422,17.040000915527344,17.049999237060547,11.945263862609863,2232900,0.0,0.0,0.0
2023-11-16,17.049999237060547,17.09000015258789,17.040000915527344,17.079999923706055,11.966279983520508,2924000,0.0,0.0,0.0
2023-11-17,17.110000610351562,17.110000610351562,17.0,17.09000015258789,11.973285675048828,5074500,0.0,0.0,0.0
2023-11-20,16.940000534057617,17.010000228881836,16.93000030517578,17.0,12.0235013961792,3127700,0.161,0.0,0.0
2023-11-21,16.969999313354492,16.989999771118164,16.940000534057617,16.969999313354492,12.002284049987793,2473700,0.0,0.0,0.0
2023-11-22,17.0,17.049999237060547,16.989999771118164,17.0,12.0235013961792,3243300,0.0,0.0,0.0
2023-11-24,17.0,17.040000915527344,17.0,17.040000915527344,12.051793098449707,1005200,0.0,0.0,0.0
2023-11-27,17.010000228881836,17.059999465942383,17.010000228881836,17.049999237060547,12.058866500854492,4087100,0.0,0.0,0.0
2023-11-28,17.040000915527344,17.06999969482422,17.020000457763672,17.049999237060547,12.058866500854492,2205300,0.0,0.0,0.0
2023-11-29,17.100000381469727,17.100000381469727,17.049999237060547,17.059999465942383,12.065935134887695,2386000,0.0,0.0,0.0
2023-11-30,17.06999969482422,17.079999923706055,17.0,17.049999237060547,12.058866500854492,3633300,0.0,0.0,0.0
2023-12-01,17.030000686645508,17.079999923706055,17.010000228881836,17.06999969482422,12.073009490966797,3058200,0.0,0.0,0.0
2023-12-04,17.030000686645508,17.040000915527344,16.940000534057617,17.020000457763672,12.037651062011719,3924000,0.0,0.0,0.0
2023-12-05,16.979999542236328,17.06999969482422,16.969999313354492,17.040000915527344,12.051793098449707,3237100,0.0,0.0,0.0
2023-12-06,17.079999923706055,17.09000015258789,17.010000228881836,17.020000457763672,12.037651062011719,3160500,0.0,0.0,0.0
2023-12-07,17.06999969482422,17.1299991607666,17.059999465942383,17.1299991607666,12.115447998046875,2852800,0.0,0.0,0.0
2023-12-08,17.1200008392334,17.18000030517578,17.100000381469727,17.18000030517578,12.15080738067627,2205500,0.0,0.0,0.0
2023-12-11,17.15999984741211,17.200000762939453,17.15999984741211,17.200000762939453,12.164953231811523,3159500,0.0,0.0,0.0
2023-12-12,17.200000762939453,17.219999313354492,17.190000534057617,17.209999084472656,12.172022819519043,2209800,0.0,0.0,0.0
2023-12-13,17.229999542236328,17.229999542236328,17.209999084472656,17.219999313354492,12.179098129272461,2040100,0.0,0.0,0.0
2023-12-14,17.239999771118164,17.25,17.200000762939453,17.25,12.20032024383545,3578100,0.0,0.0,0.0
2023-12-15,17.260000228881836,17.3799991607666,17.25,17.3700008392334,12.28519344329834,4498500,0.0,0.0,0.0
2023-12-18,17.3700008392334,17.420000076293945,17.360000610351562,17.40999984741211,12.313483238220215,3514600,0.0,0.0,0.0
2023-12-19,17.40999984741211,17.440000534057617,17.389999389648438,17.43000030517578,12.32762622833252,3000700,0.0,0.0,0.0
2023-12-20,17.399999618530273,17.450000762939453,17.31999969482422,17.329999923706055,12.2568998336792,4204300,0.0,0.0,0.0
2023-12-21,17.399999618530273,17.43000030517578,17.350000381469727,17.40999984741211,12.313483238220215,3403100,0.0,0.0,0.0
2023-12-22,17.420000076293945,17.450000762939453,17.399999618530273,17.43000030517578,12.32762622833252,3099000,0.0,0.0,0.0
2023-12-26,17.440000534057617,17.5,17.440000534057617,17.489999771118164,12.370060920715332,2449100,0.0,0.0,0.0
2023-12-27,17.5,17.520000457763672,17.489999771118164,17.510000228881836,12.38420581817627,3135700,0.0,0.0,0.0
2023-12-28,17.389999389648438,17.399999618530273,17.360000610351562,17.3700008392334,12.402774810791016,2984600,0.166,0.0,0.0
2023-12-29,17.3799991607666,17.3799991607666,17.309999465942383,17.34000015258789,12.381351470947266,4689100,0.0,0.0,0.0
2024-01-02,17.290000915527344,17.299999237060547,17.18000030517578,17.229999542236328,12.302807807922363,5169900,0.0,0.0,0.0
2024-01-03,17.18000030517578,17.200000762939453,17.121999740600586,17.1299991607666,12.231404304504395,3896000,0.0,0.0,0.0
2024-01-04,17.100000381469727,17.190000534057617,17.059999465942383,17.09000015258789,12.20284366607666,3843000,0.0,0.0,0.0
2024-01-05,17.100000381469727,17.200000762939453,17.06999969482422,17.1299991607666,12.231404304504395,2843600,0.0,0.0,0.0
2024-01-08,17.18000030517578,17.3700008392334,17.149999618530273,17.3700008392334,12.402774810791016,3046200,0.0,0.0,0.0
2024-01-09,17.299999237060547,17.399999618530273,17.290000915527344,17.389999389648438,12.417055130004883,2236100,0.0,0.0,0.0
2024-01-10,17.399999618530273,17.440000534057617,17.389999389648438,17.420000076293945,12.43847370147705,2525300,0.0,0.0,0.0
2024-01-11,17.450000762939453,17.479999542236328,17.3799991607666,17.459999084472656,12.467035293579102,2289300,0.0,0.0,0.0
2024-01-12,17.459999084472656,17.5,17.459999084472656,17.489999771118164,12.488456726074219,2122900,0.0,0.0,0.0
2024-01-16,17.469999313354492,17.510000228881836,17.459999084472656,17.5,12.495599746704102,2422000,0.0,0.0,0.0
2024-01-17,17.469999313354492,17.489999771118164,17.389999389648438,17.489999771118164,12.488456726074219,2433200,0.0,0.0,0.0
2024-01-18,17.520000457763672,17.56999969482422,17.520000457763672,17.549999237060547,12.53129768371582,2389700,0.0,0.0,0.0
2024-01-19,17.6200008392334,17.799999237060547,17.610000610351562,17.799999237060547,12.709807395935059,4455300,0.0,0.0,0.0
2024-01-22,17.649999618530273,17.670000076293945,17.6200008392334,17.639999389648438,12.723509788513184,3086700,0.179,0.0,0.0
2024-01-23,17.639999389648438,17.670000076293945,17.6200008392334,17.670000076293945,12.745150566101074,2374000,0.0,0.0,0.0
2024-01-24,17.700000762939453,17.729999542236328,17.690000534057617,17.709999084472656,12.774003028869629,3041200,0.0,0.0,0.0
2024-01-25,17.709999084472656,17.729999542236328,17.68000030517578,17.700000762939453,12.766790390014648,2398700,0.0,0.0,0.0
2024-01-26,17.700000762939453,17.719999313354492,17.690000534057617,17.700000762939453,12.766790390014648,2301800,0.0,0.0,0.0
2024-01-29,17.729999542236328,17.75,17.700000762939453,17.739999771118164,12.795641899108887,2482500,0.0,0.0,0.0
2024-01-30,17.760000228881836,17.770000457763672,17.719999313354492,17.719999313354492,12.78121280670166,2283900,0.0,0.0,0.0
2024-01-31,17.700000762939453,17.719999313354492,17.6200008392334,17.6200008392334,12.709087371826172,4274800,0.0,0.0,0.0
2024-02-01,17.68000030517578,17.729999542236328,17.649999618530273,17.719999313354492,12.78121280670166,3616200,0.0,0.0,0.0
2024-02-02,17.760000228881836,17.799999237060547,17.739999771118164,17.799999237060547,12.83891773223877,2736200,0.0,0.0,0.0
2024-02-05,17.799999237060547,17.81999969482422,17.780000686645508,17.809999465942383,12.846128463745117,3156300,0.0,0.0,0.0
2024-02-06,17.829999923706055,17.84000015258789,17.790000915527344,17.81999969482422,12.853342056274414,1957400,0.0,0.0,0.0
2024-02-07,17.84000015258789,17.84000015258789,17.829999923706055,17.84000015258789,12.867770195007324,1854100,0.0,0.0,0.0
2024-02-08,17.84000015258789,17.860000610351562,17.84000015258789,17.860000610351562,12.882196426391602,2991600,0.0,0.0,0.0
2024-02-09,17.8700008392334,17.8700008392334,17.850000381469727,17.860000610351562,12.882196426391602,2381500,0.0,0.0,0.0
2024-02-12,17.8700008392334,17.8799991607666,17.860000610351562,17.8700008392334,12.889410018920898,2435000,0.0,0.0,0.0
2024-02-13,17.860000610351562,17.8799991607666,17.850000381469727,17.8700008392334,12.889410018920898,3865500,0.0,0.0,0.0
2024-02-14,17.889999389648438,17.889999389648438,17.8700008392334,17.889999389648438,12.903833389282227,2398900,0.0,0.0,0.0
2024-02-15,17.90999984741211,17.90999984741211,17.8700008392334,17.889999389648438,12.903833389282227,2917200,0.0,0.0,0.0
2024-02-16,17.940000534057617,17.940000534057617,17.709999084472656,17.799999237060547,12.83891773223877,5875300,0.0,0.0,0.0
2024-02-20,17.600000381469727,17.610000610351562,17.450000762939453,17.540000915527344,12.778449058532715,6199800,0.177,0.0,0.0
2024-02-21,17.489999771118164,17.510000228881836,17.399999618530273,17.510000228881836,12.756590843200684,4472800,0.0,0.0,0.0
2024-02-22,17.700000762939453,17.780000686645508,17.690000534057617,17.780000686645508,12.953298568725586,4506500,0.0,0.0,0.0
2024-02-23,17.780000686645508,17.81999969482422,17.75,17.790000915527344,12.960582733154297,3557100,0.0,0.0,0.0
2024-02-26,17.790000915527344,17.81999969482422,17.780000686645508,17.799999237060547,12.96786880493164,2872900,0.0,0.0,0.0
2024-02-27,17.799999237060547,17.829999923706055,17.780000686645508,17.829999923706055,12.989723205566406,3121900,0.0,0.0,0.0
2024-02-28,17.809999465942383,17.81999969482422,17.780000686645508,17.799999237060547,12.96786880493164,3053800,0.0,0.0,0.0
2024-02-29,17.829999923706055,17.8700008392334,17.799999237060547,17.860000610351562,13.011581420898438,3992500,0.0,0.0,0.0
2024-03-01,17.860000610351562,17.920000076293945,17.860000610351562,17.920000076293945,13.05529499053955,3138400,0.0,0.0,0.0
2024-03-04,17.920000076293945,17.93000030517578,17.90999984741211,17.920000076293945,13.05529499053955,3337500,0.0,0.0,0.0
2024-03-05,17.889999389648438,17.889999389648438,17.799999237060547,17.84000015258789,12.997010231018066,4009100,0.0,0.0,0.0
2024-03-06,17.90999984741211,17.920000076293945,17.850000381469727,17.889999389648438,13.033434867858887,3621200,0.0,0.0,0.0
2024-03-07,17.93000030517578,17.950000762939453,17.899999618530273,17.93000030517578,13.062579154968262,3366100,0.0,0.0,0.0
2024-03-08,17.940000534057617,17.969999313354492,17.889999389648438,17.920000076293945,13.05529499053955,4857200,0.0,0.0,0.0
2024-03-11,17.90999984741211,17.93000030517578,17.860000610351562,17.899999618530273,13.040719985961914,4579100,0.0,0.0,0.0
2024-03-12,17.940000534057617,17.989999771118164,17.920000076293945,17.979999542236328,13.099003791809082,2829600,0.0,0.0,0.0
2024-03-13,17.989999771118164,18.010000228881836,17.979999542236328,17.989999771118164,13.106290817260742,3569000,0.0,0.0,0.0
2024-03-14,18.0,18.0,17.90999984741211,18.0,13.113574028015137,3810900,0.0,0.0,0.0
2024-03-15,17.940000534057617,17.959999084472656,17.780000686645508,17.81999969482422,12.982437133789062,7311100,0.0,0.0,0.0
2024-03-18,17.75,17.770000457763672,17.719999313354492,17.729999542236328,13.047197341918945,3940300,0.178,0.0,0.0
2024-03-19,17.690000534057617,17.760000228881836,17.639999389648438,17.760000228881836,13.069270133972168,4786500,0.0,0.0,0.0
2024-03-20,17.760000228881836,17.850000381469727,17.729999542236328,17.84000015258789,13.128144264221191,4031900,0.0,0.0,0.0
2024-03-21,17.899999618530273,17.920000076293945,17.8700008392334,17.889999389648438,13.164936065673828,2634100,0.0,0.0,0.0
2024-03-22,17.899999618530273,17.90999984741211,17.8700008392334,17.90999984741211,13.179652214050293,2139100,0.0,0.0,0.0
2024-03-25,17.8799991607666,17.90999984741211,17.860000610351562,17.899999618530273,13.172298431396484,2431400,0.0,0.0,0.0
2024-03-26,17.920000076293945,17.93000030517578,17.8700008392334,17.8700008392334,13.150221824645996,3624600,0.0,0.0,0.0
2024-03-27,17.93000030517578,17.93000030517578,17.8799991607666,17.93000030517578,13.194375991821289,3155100,0.0,0.0,0.0
2024-03-28,17.920000076293945,17.950000762939453,17.90999984741211,17.90999984741211,13.179652214050293,2672200,0.0,0.0,0.0
2024-04-01,17.940000534057617,17.969999313354492,17.920000076293945,17.940000534057617,13.20173168182373,3376600,0.0,0.0,0.0
2024-04-02,17.920000076293945,17.920000076293945,17.850000381469727,17.920000076293945,13.187015533447266,3115100,0.0,0.0,0.0
2024-04-03,17.90999984741211,17.950000762939453,17.8700008392334,17.920000076293945,13.187015533447266,3240600,0.0,0.0,0.0
2024-04-04,17.969999313354492,17.989999771118164,17.809999465942383,17.809999465942383,13.10606575012207,4364800,0.0,0.0,0.0
2024-04-05,17.860000610351562,17.950000762939453,17.834999084472656,17.924999237060547,13.190691947937012,4389000,0.0,0.0,0.0
2024-04-08,17.93000030517578,17.969999313354492,17.899999618530273,17.93000030517578,13.194375991821289,4219500,0.0,0.0,0.0
2024-04-09,17.969999313354492,17.979999542236328,17.889999389648438,17.979999542236328,13.231167793273926,4445300,0.0,0.0,0.0
2024-04-10,17.90999984741211,17.959999084472656,17.889999389648438,17.950000762939453,13.20909309387207,6219600,0.0,0.0,0.0
2024-04-11,17.969999313354492,18.040000915527344,17.93000030517578,18.040000915527344,13.275320053100586,2779300,0.0,0.0,0.0
2024-04-12,18.010000228881836,18.010000228881836,17.920000076293945,17.959999084472656,13.216448783874512,5238200,0.0,0.0,0.0
2024-04-15,18.0,18.040000915527344,17.799999237060547,17.829999923706055,13.1207857131958,6133100,0.0,0.0,0.0
2024-04-16,17.84000015258789,17.924999237060547,17.799999237060547,17.829999923706055,13.1207857131958,6886400,0.0,0.0,0.0
2024-04-17,17.920000076293945,17.92099952697754,17.649999618530273,17.700000762939453,13.02511978149414,9576400,0.0,0.0,0.0
2024-04-18,17.75,17.790000915527344,17.56999969482422,17.59000015258789,12.944172859191895,7686700,0.0,0.0,0.0
2024-04-19,17.549999237060547,17.559999465942383,17.229999542236328,17.280000686645508,12.716050148010254,8049800,0.0,0.0,0.0
2024-04-22,17.190000534057617,17.280000686645508,17.110000610351562,17.219999313354492,12.799296379089355,6763400,0.172,0.0,0.0
2024-04-23,17.270000457763672,17.389999389648438,17.270000457763672,17.3700008392334,12.910789489746094,5072300,0.0,0.0,0.0
2024-04-24,17.40999984741211,17.440000534057617,17.350000381469727,17.389999389648438,12.925654411315918,4962300,0.0,0.0,0.0
2024-04-25,17.280000686645508,17.3799991607666,17.239999771118164,17.350000381469727,12.895922660827637,6578700,0.0,0.0,0.0
2024-04-26,17.440000534057617,17.489999771118164,17.399999618530273,17.479999542236328,12.99255084991455,3664600,0.0,0.0,0.0
2024-04-29,17.489999771118164,17.520000457763672,17.469999313354492,17.489999771118164,12.999982833862305,3476800,0.0,0.0,0.0
2024-04-30,17.510000228881836,17.510000228881836,17.399999618530273,17.40999984741211,12.940520286560059,4022400,0.0,0.0,0.0
2024-05-01,17.420000076293945,17.514999389648438,17.351999282836914,17.389999389648438,12.925654411315918,4976500,0.0,0.0,0.0
2024-05-02,17.440000534057617,17.5,17.360000610351562,17.469999313354492,12.985115051269531,6423600,0.0,0.0,0.0
2024-05-03,17.559999465942383,17.579999923706055,17.549999237060547,17.56999969482422,13.059443473815918,3093900,0.0,0.0,0.0
2024-05-06,17.600000381469727,17.6200008392334,17.59000015258789,17.610000610351562,13.089178085327148,2691000,0.0,0.0,0.0
2024-05-07,17.6299991607666,17.6299991607666,17.610000610351562,17.610000610351562,13.089178085327148,2074000,0.0,0.0,0.0
2024-05-08,17.610000610351562,17.6299991607666,17.610000610351562,17.6200008392334,13.09660816192627,1891300,0.0,0.0,0.0
2024-05-09,17.6299991607666,17.639999389648438,17.6200008392334,17.635000228881836,13.107760429382324,2082000,0.0,0.0,0.0
2024-05-10,17.649999618530273,17.649999618530273,17.6299991607666,17.649999618530273,13.11890697479248,1595700,0.0,0.0,0.0
2024-05-13,17.649999618530273,17.659000396728516,17.639999389648438,17.649999618530273,13.11890697479248,3106100,0.0,0.0,0.0
2024-05-14,17.65999984741211,17.65999984741211,17.649999618530273,17.65999984741211,13.126343727111816,1953800,0.0,0.0,0.0
2024-05-15,17.65999984741211,17.65999984741211,17.639999389648438,17.649999618530273,13.11890697479248,3578200,0.0,0.0,0.0
2024-05-16,17.65999984741211,17.670000076293945,17.594999313354492,17.610000610351562,13.089178085327148,4879900,0.0,0.0,0.0
2024-05-17,17.639999389648438,17.649999618530273,17.575000762939453,17.6299991607666,13.104039192199707,4982500,0.0,0.0,0.0
2024-05-20,17.479999542236328,17.520000457763672,17.459999084472656,17.510000228881836,13.136301040649414,4672200,0.163,0.0,0.0
2024-05-21,17.489999771118164,17.530000686645508,17.469999313354492,17.520000457763672,13.14380168914795,3297800,0.0,0.0,0.0
2024-05-22,17.520000457763672,17.549999237060547,17.479999542236328,17.530000686645508,13.151308059692383,4098200,0.0,0.0,0.0
2024-05-23,17.600000381469727,17.610000610351562,17.469999313354492,17.5,13.128800392150879,5683800,0.0,0.0,0.0
2024-05-24,17.520000457763672,17.600000381469727,17.520000457763672,17.579999923706055,13.188815116882324,2934500,0.0,0.0,0.0
2024-05-28,17.579999923706055,17.6200008392334,17.56999969482422,17.600000381469727,13.20382308959961,5571300,0.0,0.0,0.0
2024-05-29,17.600000381469727,17.600000381469727,17.549999237060547,17.56999969482422,13.181312561035156,4366400,0.0,0.0,0.0
2024-05-30,17.559999465942383,17.559999465942383,17.459999084472656,17.479999542236328,13.113795280456543,5618500,0.0,0.0,0.0
2024-05-31,17.520000457763672,17.527999877929688,17.30500030517578,17.510000228881836,13.136301040649414,5981400,0.0,0.0,0.0
2024-06-03,17.56999969482422,17.59000015258789,17.43400001525879,17.540000915527344,13.158807754516602,6004000,0.0,0.0,0.0
2024-06-04,17.540000915527344,17.59000015258789,17.510000228881836,17.579999923706055,13.188815116882324,3764400,0.0,0.0,0.0
2024-06-05,17.600000381469727,17.690000534057617,17.59600067138672,17.68000030517578,13.263842582702637,3550200,0.0,0.0,0.0
2024-06-06,17.68000030517578,17.719999313354492,17.68000030517578,17.719999313354492,13.293846130371094,2574400,0.0,0.0,0.0
2024-06-07,17.719999313354492,17.739999771118164,17.700000762939453,17.729999542236328,13.301350593566895,3212900,0.0,0.0,0.0
2024-06-10,17.729999542236328,17.75,17.719999313354492,17.729999542236328,13.301350593566895,2772700,0.0,0.0,0.0
2024-06-11,17.719999313354492,17.770000457763672,17.709999084472656,17.770000457763672,13.331357955932617,2218300,0.0,0.0,0.0
2024-06-12,17.780000686645508,17.799999237060547,17.780000686645508,17.799999237060547,13.353864669799805,2933200,0.0,0.0,0.0
2024-06-13,17.809999465942383,17.809999465942383,17.790000915527344,17.799999237060547,13.353864669799805,2353600,0.0,0.0,0.0
2024-06-14,17.790000915527344,17.81999969482422,17.780000686645508,17.799999237060547,13.353864669799805,2054700,0.0,0.0,0.0
2024-06-17,17.81999969482422,17.834999084472656,17.799999237060547,17.809999465942383,13.36136531829834,4168100,0.0,0.0,0.0
2024-06-18,17.809999465942383,17.829999923706055,17.80500030517578,17.829999923706055,13.37636947631836,2659000,0.0,0.0,0.0
2024-06-20,17.829999923706055,17.84000015258789,17.780000686645508,17.81999969482422,13.368868827819824,5225600,0.0,0.0,0.0
2024-06-21,17.829999923706055,17.850000381469727,17.719999313354492,17.770000457763672,13.331357955932617,5417700,0.0,0.0,0.0
2024-06-24,17.6299991607666,17.649999618530273,17.530000686645508,17.530000686645508,13.277581214904785,6245300,0.169,0.0,0.0
2024-06-25,17.56999969482422,17.65999984741211,17.559999465942383,17.639999389648438,13.360896110534668,5414500,0.0,0.0,0.0
2024-06-26,17.6200008392334,17.68000030517578,17.6200008392334,17.670000076293945,13.383621215820312,4167700,0.0,0.0,0.0
2024-06-27,17.68000030517578,17.72800064086914,17.670000076293945,17.709999084472656,13.413915634155273,4410400,0.0,0.0,0.0
2024-06-28,17.709999084472656,17.790000915527344,17.670000076293945,17.670000076293945,13.383621215820312,5613000,0.0,0.0,0.0
2024-07-01,17.719999313354492,17.760000228881836,17.639999389648438,17.760000228881836,13.451787948608398,5749700,0.0,0.0,0.0
2024-07-02,17.739999771118164,17.81999969482422,17.739999771118164,17.809999465942383,13.489659309387207,4252500,0.0,0.0,0.0
2024-07-03,17.809999465942383,17.8700008392334,17.799999237060547,17.8700008392334,13.535107612609863,2805500,0.0,0.0,0.0
2024-07-05,17.8700008392334,17.90999984741211,17.8700008392334,17.899999618530273,13.55782699584961,2290700,0.0,0.0,0.0
2024-07-08,17.899999618530273,17.93000030517578,17.889999389648438,17.93000030517578,13.580549240112305,1958700,0.0,0.0,0.0
2024-07-09,17.93000030517578,17.940000534057617,17.920000076293945,17.93000030517578,13.580549240112305,3345000,0.0,0.0,0.0
2024-07-10,17.940000534057617,17.950000762939453,17.93000030517578,17.950000762939453,13.595698356628418,1992600,0.0,0.0,0.0
2024-07-11,17.950000762939453,17.959999084472656,17.90999984741211,17.920000076293945,13.57297420501709,3628000,0.0,0.0,0.0
2024-07-12,17.90999984741211,17.959999084472656,17.90999984741211,17.950000762939453,13.595698356628418,2552900,0.0,0.0,0.0
2024-07-15,17.969999313354492,17.979999542236328,17.950000762939453,17.979999542236328,13.618422508239746,3694600,0.0,0.0,0.0
2024-07-16,17.979999542236328,17.979999542236328,17.950000762939453,17.969999313354492,13.610845565795898,2242600,0.0,0.0,0.0
2024-07-17,17.96500015258789,17.969999313354492,17.8799991607666,17.889999389648438,13.550250053405762,4636400,0.0,0.0,0.0
2024-07-18,17.940000534057617,17.950000762939453,17.790000915527344,17.8799991607666,13.54267692565918,7574400,0.0,0.0,0.0
2024-07-19,17.889999389648438,17.979999542236328,17.729999542236328,17.770000457763672,13.45936107635498,8918300,0.0,0.0,0.0
2024-07-22,17.690000534057617,17.739999771118164,17.639999389648438,17.739999771118164,13.571824073791504,6925800,0.177,0.0,0.0
2024-07-23,17.719999313354492,17.768999099731445,17.700000762939453,17.709999084472656,13.548871994018555,5485200,0.0,0.0,0.0
2024-07-24,17.610000610351562,17.610000610351562,17.309999465942383,17.329999923706055,13.258156776428223,8098000,0.0,0.0,0.0
2024-07-25,17.34000015258789,17.44499969482422,17.100000381469727,17.190000534057617,13.15105152130127,11439000,0.0,0.0,0.0
2024-07-26,17.329999923706055,17.40999984741211,17.239999771118164,17.329999923706055,13.258156776428223,7102000,0.0,0.0,0.0
2024-07-29,17.43000030517578,17.469999313354492,17.299999237060547,17.3799991607666,13.296406745910645,8131900,0.0,0.0,0.0
2024-07-30,17.420000076293945,17.440000534057617,17.079999923706055,17.190000534057617,13.15105152130127,8318600,0.0,0.0,0.0
2024-07-31,17.469999313354492,17.610000610351562,17.44499969482422,17.56999969482422,13.441766738891602,6609100,0.0,0.0,0.0
2024-08-01,17.600000381469727,17.68000030517578,17.139999389648438,17.25,13.196952819824219,8963100,0.0,0.0,0.0
2024-08-02,16.989999771118164,17.049999237060547,16.76099967956543,16.90999984741211,12.936841011047363,13567200,0.0,0.0,0.0
2024-08-05,15.994999885559082,16.65999984741211,15.90999984741211,16.420000076293945,12.561968803405762,16070100,0.0,0.0,0.0
2024-08-06,16.530000686645508,16.860000610351562,16.399999618530273,16.59000015258789,12.692026138305664,7786300,0.0,0.0,0.0
2024-08-07,16.829999923706055,16.93000030517578,16.389999389648438,16.420000076293945,12.561968803405762,7498700,0.0,0.0,0.0
2024-08-08,16.649999618530273,16.93000030517578,16.510000228881836,16.889999389648438,12.92153549194336,6928900,0.0,0.0,0.0
2024-08-09,16.8700008392334,17.049999237060547,16.809999465942383,16.989999771118164,12.998043060302734,5338000,0.0,0.0,0.0
2024-08-12,17.049999237060547,17.149999618530273,16.923999786376953,17.030000686645508,13.028644561767578,5910100,0.0,0.0,0.0
2024-08-13,17.190000534057617,17.450000762939453,17.190000534057617,17.450000762939453,13.349960327148438,5098400,0.0,0.0,0.0
2024-08-14,17.5,17.540000915527344,17.299999237060547,17.459999084472656,13.357611656188965,5488800,0.0,0.0,0.0
2024-08-15,17.68000030517578,17.889999389648438,17.670000076293945,17.889999389648438,13.686576843261719,5678700,0.0,0.0,0.0
2024-08-16,17.84000015258789,17.940000534057617,17.799999237060547,17.920000076293945,13.709528923034668,5082600,0.0,0.0,0.0
2024-08-19,17.760000228881836,17.850000381469727,17.719999313354492,17.850000381469727,13.793760299682617,5413300,0.179,0.0,0.0
2024-08-20,17.84000015258789,17.8700008392334,17.790000915527344,17.81999969482422,13.770577430725098,4012800,0.0,0.0,0.0
2024-08-21,17.81999969482422,17.850000381469727,17.770000457763672,17.850000381469727,13.793760299682617,13886300,0.0,0.0,0.0
2024-08-22,17.8700008392334,17.8799991607666,17.700000762939453,17.729999542236328,13.701030731201172,22153400,0.0,0.0,0.0
2024-08-23,17.790000915527344,17.860000610351562,17.760000228881836,17.850000381469727,13.793760299682617,4528500,0.0,0.0,0.0
2024-08-26,17.850000381469727,17.860000610351562,17.735000610351562,17.790000915527344,13.747396469116211,4172300,0.0,0.0,0.0
2024-08-27,17.780000686645508,17.836999893188477,17.719999313354492,17.809999465942383,13.762847900390625,4900400,0.0,0.0,0.0
2024-08-28,17.809999465942383,17.829999923706055,17.645000457763672,17.719999313354492,13.693302154541016,5027700,0.0,0.0,0.0
2024-08-29,17.799999237060547,17.8700008392334,17.725000381469727,17.760000228881836,13.724211692810059,4723000,0.0,0.0,0.0
2024-08-30,17.829999923706055,17.889999389648438,17.76099967956543,17.889999389648438,13.824670791625977,4040600,0.0,0.0,0.0
2024-09-03,17.84000015258789,17.850000381469727,17.5,17.56999969482422,13.577386856079102,4946700,0.0,0.0,0.0
2024-09-04,17.520000457763672,17.65999984741211,17.469999313354492,17.559999465942383,13.569660186767578,4598300,0.0,0.0,0.0
2024-09-05,17.510000228881836,17.690000534057617,17.479999542236328,17.59000015258789,13.592844009399414,4416300,0.0,0.0,0.0
2024-09-06,17.56999969482422,17.579999923706055,17.15999984741211,17.18000030517578,13.276009559631348,6884800,0.0,0.0,0.0
2024-09-09,17.309999465942383,17.43000030517578,17.229999542236328,17.420000076293945,13.461477279663086,4419500,0.0,0.0,0.0
2024-09-10,17.450000762939453,17.549999237060547,17.31999969482422,17.540000915527344,13.554210662841797,3549800,0.0,0.0,0.0
2024-09-11,17.579999923706055,17.850000381469727,17.292999267578125,17.829999923706055,13.778306007385254,5119400,0.0,0.0,0.0
2024-09-12,17.84000015258789,17.950000762939453,17.790000915527344,17.93000030517578,13.855581283569336,5503200,0.0,0.0,0.0
2024-09-13,17.940000534057617,18.020000457763672,17.920000076293945,18.010000228881836,13.917401313781738,5121400,0.0,0.0,0.0
2024-09-16,17.969999313354492,17.989999771118164,17.90999984741211,17.989999771118164,13.901947021484375,4650000,0.0,0.0,0.0
2024-09-17,18.030000686645508,18.06999969482422,17.934999465942383,18.0,13.909675598144531,5248000,0.0,0.0,0.0
2024-09-18,18.020000457763672,18.100000381469727,17.948999404907227,18.010000228881836,13.917401313781738,4907600,0.0,0.0,0.0
2024-09-19,18.100000381469727,18.170000076293945,18.100000381469727,18.1200008392334,14.002406120300293,4768900,0.0,0.0,0.0
2024-09-20,18.079999923706055,18.1299991607666,17.93000030517578,18.079999923706055,13.971495628356934,5637700,0.0,0.0,0.0
2024-09-23,17.920000076293945,17.940000534057617,17.899999618530273,17.940000534057617,14.003501892089844,3530300,0.181,0.0,0.0
2024-09-24,17.950000762939453,17.989999771118164,17.889999389648438,17.969999313354492,14.026917457580566,3966600,0.0,0.0,0.0
2024-09-25,17.969999313354492,18.0,17.950000762939453,17.979999542236328,14.034725189208984,3024200,0.0,0.0,0.0
2024-09-26,18.030000686645508,18.04599952697754,17.979999542236328,18.030000686645508,14.073749542236328,2424900,0.0,0.0,0.0
2024-09-27,18.040000915527344,18.045000076293945,17.989999771118164,18.010000228881836,14.058136940002441,2553200,0.0,0.0,0.0
2024-09-30,18.010000228881836,18.040000915527344,17.959999084472656,18.040000915527344,14.081555366516113,3922700,0.0,0.0,0.0
2024-10-01,18.030000686645508,18.030000686645508,17.850000381469727,17.93000030517578,13.995694160461426,4915500,0.0,0.0,0.0
2024-10-02,17.93000030517578,17.989999771118164,17.8700008392334,17.969999313354492,14.026917457580566,2414900,0.0,0.0,0.0
2024-10-03,17.940000534057617,18.0,17.899999618530273,17.959999084472656,14.019110679626465,2999100,0.0,0.0,0.0
2024-10-04,18.040000915527344,18.079999923706055,17.985000610351562,18.079999923706055,14.11277961730957,3338500,0.0,0.0,0.0
2024-10-07,18.049999237060547,18.079999923706055,17.979999542236328,18.0,14.050333976745605,3300000,0.0,0.0,0.0
2024-10-08,18.040000915527344,18.1200008392334,18.040000915527344,18.110000610351562,14.136195182800293,2100800,0.0,0.0,0.0
2024-10-09,18.110000610351562,18.15999984741211,18.110000610351562,18.149999618530273,14.16741943359375,1779800,0.0,0.0,0.0
2024-10-10,18.15999984741211,18.190000534057617,18.139999389648438,18.18000030517578,14.190836906433105,1918600,0.0,0.0,0.0
2024-10-11,18.18000030517578,18.209999084472656,18.167999267578125,18.209999084472656,14.214253425598145,1574100,0.0,0.0,0.0
2024-10-14,18.229999542236328,18.229999542236328,18.209999084472656,18.229999542236328,14.229865074157715,2069300,0.0,0.0,0.0
2024-10-15,18.229999542236328,18.229999542236328,18.200000762939453,18.219999313354492,14.22205924987793,1964300,0.0,0.0,0.0
2024-10-16,18.229999542236328,18.239999771118164,18.209999084472656,18.229999542236328,14.229865074157715,2415000,0.0,0.0,0.0
2024-10-17,18.2450008392334,18.2450008392334,18.200000762939453,18.209999084472656,14.214253425598145,3329700,0.0,0.0,0.0
2024-10-18,18.299999237060547,18.350000381469727,18.274999618530273,18.329999923706055,14.307917594909668,4417600,0.0,0.0,0.0
2024-10-21,18.139999389648438,18.170000076293945,18.079999923706055,18.149999618530273,14.31028938293457,3340900,0.183,0.0,0.0
2024-10-22,18.110000610351562,18.190000534057617,18.090999603271484,18.15999984741211,14.318172454833984,2821800,0.0,0.0,0.0
2024-10-23,18.1299991607666,18.139999389648438,17.950000762939453,18.020000457763672,14.207789421081543,4249300,0.0,0.0,0.0
2024-10-24,18.100000381469727,18.1299991607666,18.049999237060547,18.1200008392334,14.286636352539062,3297700,0.0,0.0,0.0
2024-10-25,18.170000076293945,18.239999771118164,18.143999099731445,18.149999618530273,14.31028938293457,4526500,0.0,0.0,0.0
2024-10-28,18.219999313354492,18.219999313354492,18.170000076293945,18.170000076293945,14.32606315612793,4255000,0.0,0.0,0.0
2024-10-29,18.190000534057617,18.270000457763672,18.149999618530273,18.260000228881836,14.397016525268555,3033000,0.0,0.0,0.0
2024-10-30,18.25,18.260000228881836,18.200000762939453,18.209999084472656,14.357596397399902,3205300,0.0,0.0,0.0
2024-10-31,18.15999984741211,18.15999984741211,17.959999084472656,17.969999313354492,14.168370246887207,5315600,0.0,0.0,0.0
2024-11-01,18.020000457763672,18.136999130249023,18.0,18.059999465942383,14.239327430725098,3479100,0.0,0.0,0.0
2024-11-04,18.059999465942383,18.1200008392334,18.0,18.059999465942383,14.239327430725098,3875000,0.0,0.0,0.0
2024-11-05,18.09000015258789,18.219999313354492,18.079999923706055,18.209999084472656,14.357596397399902,3612600,0.0,0.0,0.0
2024-11-06,18.3700008392334,18.469999313354492,18.3700008392334,18.469999313354492,14.562591552734375,5368000,0.0,0.0,0.0
2024-11-07,18.5,18.520000457763672,18.479999542236328,18.520000457763672,14.602014541625977,2963300,0.0,0.0,0.0
2024-11-08,18.530000686645508,18.540000915527344,18.520000457763672,18.540000915527344,14.61778450012207,2659700,0.0,0.0,0.0
2024-11-11,18.540000915527344,18.549999237060547,18.530000686645508,18.540000915527344,14.61778450012207,2928600,0.0,0.0,0.0
2024-11-12,18.549999237060547,18.559999465942383,18.530000686645508,18.549999237060547,14.625670433044434,2780400,0.0,0.0,0.0
2024-11-13,18.549999237060547,18.559999465942383,18.540000915527344,18.549999237060547,14.625670433044434,3247600,0.0,0.0,0.0
2024-11-14,18.559999465942383,18.559999465942383,18.5,18.510000228881836,14.594128608703613,3383700,0.0,0.0,0.0
2024-11-15,18.329999923706055,18.34000015258789,18.040000915527344,18.079999923706055,14.255099296569824,8358400,0.0,0.0,0.0
2024-11-18,17.979999542236328,18.010000228881836,17.920000076293945,17.989999771118164,14.326774597167969,4890600,0.18,0.0,0.0
2024-11-19,17.940000534057617,18.040000915527344,17.920000076293945,18.030000686645508,14.35862922668457,4224400,0.0,0.0,0.0
2024-11-20,18.040000915527344,18.040000915527344,17.90999984741211,18.010000228881836,14.34270191192627,4474000,0.0,0.0,0.0
2024-11-21,18.049999237060547,18.09000015258789,17.94499969482422,18.06999969482422,14.390482902526855,3351400,0.0,0.0,0.0
2024-11-22,18.06999969482422,18.110000610351562,18.045000076293945,18.100000381469727,14.414372444152832,4814900,0.0,0.0,0.0
2024-11-25,18.139999389648438,18.18000030517578,18.100000381469727,18.139999389648438,14.446227073669434,4526300,0.0,0.0,0.0
2024-11-26,18.139999389648438,18.18000030517578,18.139999389648438,18.170000076293945,14.47011947631836,2280500,0.0,0.0,0.0
2024-11-27,18.15999984741211,18.170000076293945,18.100000381469727,18.170000076293945,14.47011947631836,3116400,0.0,0.0,0.0
2024-11-29,18.184999465942383,18.219999313354492,18.15999984741211,18.219999313354492,14.509940147399902,1799800,0.0,0.0,0.0
2024-12-02,18.209999084472656,18.260000228881836,18.209999084472656,18.25,14.533830642700195,2359500,0.0,0.0,0.0
2024-12-03,18.239999771118164,18.280000686645508,18.239999771118164,18.280000686645508,14.557722091674805,1858400,0.0,0.0,0.0
2024-12-04,18.299999237060547,18.309999465942383,18.290000915527344,18.309999465942383,14.581612586975098,2197200,0.0,0.0,0.0
2024-12-05,18.299999237060547,18.31999969482422,18.290000915527344,18.31999969482422,14.589573860168457,1812500,0.0,0.0,0.0
2024-12-06,18.31999969482422,18.34000015258789,18.31999969482422,18.34000015258789,14.605501174926758,1741400,0.0,0.0,0.0
2024-12-09,18.34000015258789,18.34000015258789,18.31999969482422,18.34000015258789,14.605501174926758,2008500,0.0,0.0,0.0
2024-12-10,18.329999923706055,18.34000015258789,18.31999969482422,18.329999923706055,14.597536087036133,1819600,0.0,0.0,0.0
2024-12-11,18.31999969482422,18.350000381469727,18.31999969482422,18.350000381469727,14.61346435546875,1932000,0.0,0.0,0.0
2024-12-12,18.34000015258789,18.364999771118164,18.34000015258789,18.360000610351562,14.621428489685059,1775800,0.0,0.0,0.0
2024-12-13,18.3700008392334,18.3799991607666,18.350000381469727,18.360000610351562,14.621428489685059,2038000,0.0,0.0,0.0
2024-12-16,18.360000610351562,18.389999389648438,18.350000381469727,18.3799991607666,14.637356758117676,2694900,0.0,0.0,0.0
2024-12-17,18.3799991607666,18.3799991607666,18.3700008392334,18.3700008392334,14.629395484924316,1784400,0.0,0.0,0.0
2024-12-18,18.3700008392334,18.3799991607666,18.34000015258789,18.360000610351562,14.621428489685059,3937700,0.0,0.0,0.0
2024-12-19,18.360000610351562,18.3799991607666,18.264999389648438,18.270000457763672,14.54975414276123,4671900,0.0,0.0,0.0
2024-12-20,18.149999618530273,18.649999618530273,18.110000610351562,18.549999237060547,14.772740364074707,4533500,0.0,0.0,0.0
2024-12-23,18.559999465942383,18.68000030517578,18.530000686645508,18.670000076293945,14.868306159973145,2956200,0.0,0.0,0.0
2024-12-24,18.65999984741211,18.790000915527344,18.65999984741211,18.780000686645508,14.95590877532959,2140400,0.0,0.0,0.0
2024-12-26,18.760000228881836,18.809999465942383,18.75,18.799999237060547,14.971835136413574,2891400,0.0,0.0,0.0
2024-12-27,18.799999237060547,18.80500030517578,18.6299991607666,18.719999313354492,14.908125877380371,3608600,0.0,0.0,0.0
2024-12-30,18.290000915527344,18.360000610351562,18.200000762939453,18.290000915527344,14.834318161010742,4223000,0.339,0.0,0.0
2024-12-31,18.329999923706055,18.34000015258789,18.200000762939453,18.219999313354492,14.777543067932129,3341000,0.0,0.0,0.0
2025-01-02,18.280000686645508,18.329999923706055,18.08099937438965,18.190000534057617,14.753210067749023,6600000,0.0,0.0,0.0
2025-01-03,18.25,18.40999984741211,18.25,18.389999389648438,14.915421485900879,3102400,0.0,0.0,0.0
2025-01-06,18.479999542236328,18.520000457763672,18.450000762939453,18.479999542236328,14.988421440124512,4535000,0.0,0.0,0.0
2025-01-07,18.530000686645508,18.530000686645508,18.309999465942383,18.350000381469727,14.88298511505127,8486600,0.0,0.0,0.0
2025-01-08,18.364999771118164,18.399999618530273,18.25,18.3799991607666,14.907315254211426,11652700,0.0,0.0,0.0
2025-01-10,18.34000015258789,18.350000381469727,18.100000381469727,18.209999084472656,14.769432067871094,15684100,0.0,0.0,0.0
2025-01-13,18.049999237060547,18.18000030517578,17.979999542236328,18.18000030517578,14.745101928710938,8383300,0.0,0.0,0.0
2025-01-14,18.290000915527344,18.30500030517578,18.05500030517578,18.170000076293945,14.736992835998535,12067700,0.0,0.0,0.0
2025-01-15,18.389999389648438,18.540000915527344,18.3700008392334,18.510000228881836,15.012751579284668,7148800,0.0,0.0,0.0
2025-01-16,18.559999465942383,18.579999923706055,18.469999313354492,18.479999542236328,14.988421440124512,9058800,0.0,0.0,0.0
2025-01-17,18.649999618530273,18.65999984741211,18.450000762939453,18.579999923706055,15.069527626037598,6046900,0.0,0.0,0.0
2025-01-21,18.440000534057617,18.469999313354492,18.365999221801758,18.459999084472656,15.125240325927734,8411700,0.188,0.0,0.0
2025-01-22,18.489999771118164,18.549999237060547,18.489999771118164,18.549999237060547,15.198980331420898,4206600,0.0,0.0,0.0
2025-01-23,18.520000457763672,18.56999969482422,18.510000228881836,18.56999969482422,15.215371131896973,3806400,0.0,0.0,0.0
2025-01-24,18.559999465942383,18.56999969482422,18.514999389648438,18.540000915527344,15.190789222717285,3029800,0.0,0.0,0.0
2025-01-27,18.209999084472656,18.350000381469727,18.170000076293945,18.270000457763672,14.96956729888916,8566500,0.0,0.0,0.0
2025-01-28,18.309999465942383,18.450000762939453,18.219999313354492,18.450000762939453,15.117049217224121,8369800,0.0,0.0,0.0
2025-01-29,18.440000534057617,18.450000762939453,18.329999923706055,18.40999984741211,15.084277153015137,4818900,0.0,0.0,0.0
2025-01-30,18.440000534057617,18.520000457763672,18.385000228881836,18.469999313354492,15.13343620300293,6160400,0.0,0.0,0.0
2025-01-31,18.520000457763672,18.59000015258789,18.440000534057617,18.469999313354492,15.13343620300293,4906100,0.0,0.0,0.0
2025-02-03,18.290000915527344,18.440000534057617,18.23200035095215,18.399999618530273,15.076078414916992,7374400,0.0,0.0,0.0
2025-02-04,18.43000030517578,18.540000915527344,18.40999984741211,18.540000915527344,15.190789222717285,4120600,0.0,0.0,0.0
2025-02-05,18.510000228881836,18.579999923706055,18.469999313354492,18.579999923706055,15.223566055297852,4864300,0.0,0.0,0.0
2025-02-06,18.59000015258789,18.639999389648438,18.579999923706055,18.639999389648438,15.272727012634277,3694700,0.0,0.0,0.0
2025-02-07,18.65999984741211,18.687999725341797,18.549999237060547,18.56999969482422,15.215371131896973,6790700,0.0,0.0,0.0
2025-02-10,18.610000610351562,18.68000030517578,18.610000610351562,18.670000076293945,15.297304153442383,3313500,0.0,0.0,0.0
2025-02-11,18.639999389648438,18.690000534057617,18.639999389648438,18.68000030517578,15.305502891540527,3206800,0.0,0.0,0.0
2025-02-12,18.614999771118164,18.700000762939453,18.600000381469727,18.690000534057617,15.313695907592773,4535700,0.0,0.0,0.0
2025-02-13,18.709999084472656,18.760000228881836,18.700000762939453,18.75,15.362854957580566,4636500,0.0,0.0,0.0
2025-02-14,18.760000228881836,18.790000915527344,18.760000228881836,18.790000915527344,15.395627975463867,3389900,0.0,0.0,0.0
2025-02-18,18.799999237060547,18.799999237060547,18.780000686645508,18.799999237060547,15.403822898864746,5335900,0.0,0.0,0.0
2025-02-19,18.799999237060547,18.809999465942383,18.790000915527344,18.809999465942383,15.41201400756836,4413900,0.0,0.0,0.0
2025-02-20,18.80500030517578,18.850000381469727,18.790000915527344,18.850000381469727,15.444790840148926,3421000,0.0,0.0,0.0
2025-02-21,18.8799991607666,18.889999389648438,18.520000457763672,18.530000686645508,15.182598114013672,10258400,0.0,0.0,0.0
2025-02-24,18.420000076293945,18.43000030517578,18.219999313354492,18.229999542236328,15.070992469787598,10355500,0.165,0.0,0.0
2025-02-25,18.200000762939453,18.209999084472656,17.940000534057617,18.059999465942383,14.930450439453125,13372900,0.0,0.0,0.0
2025-02-26,18.1299991607666,18.239999771118164,18.003999710083008,18.110000610351562,14.971787452697754,6626900,0.0,0.0,0.0
2025-02-27,18.190000534057617,18.229999542236328,17.649999618530273,17.65999984741211,14.599761962890625,9825100,0.0,0.0,0.0
2025-02-28,17.655000686645508,17.940000534057617,17.549999237060547,17.940000534057617,14.8312406539917,8880100,0.0,0.0,0.0
2025-03-03,18.040000915527344,18.079999923706055,17.450000762939453,17.56999969482422,14.525358200073242,9891600,0.0,0.0,0.0
2025-03-04,17.459999084472656,17.78499984741211,17.229999542236328,17.510000228881836,14.47575569152832,18137700,0.0,0.0,0.0
2025-03-05,17.53499984741211,17.790000915527344,17.360000610351562,17.729999542236328,14.65762996673584,12118600,0.0,0.0,0.0
2025-03-06,17.450000762939453,17.610000610351562,17.18000030517578,17.260000228881836,14.269078254699707,14179700,0.0,0.0,0.0
2025-03-07,17.229999542236328,17.440000534057617,16.989999771118164,17.399999618530273,14.384819984436035,12868200,0.0,0.0,0.0
2025-03-10,17.100000381469727,17.110000610351562,16.56999969482422,16.739999771118164,13.83918571472168,15437800,0.0,0.0,0.0
2025-03-11,16.700000762939453,16.93000030517578,16.514999389648438,16.68000030517578,13.789584159851074,19676100,0.0,0.0,0.0
2025-03-12,16.940000534057617,17.010000228881836,16.690000534057617,16.8799991607666,13.954924583435059,10462000,0.0,0.0,0.0
2025-03-13,16.84000015258789,16.850000381469727,16.489999771118164,16.56999969482422,13.698641777038574,6546800,0.0,0.0,0.0
2025-03-14,16.760000228881836,16.989999771118164,16.735000610351562,16.969999313354492,14.02933120727539,7301400,0.0,0.0,0.0
2025-03-17,16.959999084472656,17.18000030517578,16.899999618530273,17.079999923706055,14.120270729064941,6525800,0.0,0.0,0.0
2025-03-18,16.954999923706055,16.959999084472656,16.704999923706055,16.790000915527344,13.880523681640625,6617800,0.0,0.0,0.0
2025-03-19,16.860000610351562,17.150999069213867,16.790000915527344,17.0,14.054130554199219,7080000,0.0,0.0,0.0
2025-03-20,16.8700008392334,17.139999389648438,16.840999603271484,16.950000762939453,14.012798309326172,9349700,0.0,0.0,0.0
2025-03-21,16.760000228881836,16.959999084472656,16.725000381469727,16.959999084472656,14.021060943603516,5515100,0.0,0.0,0.0
2025-03-24,16.899999618530273,16.940000534057617,16.8700008392334,16.93000030517578,14.137975692749023,5460800,0.17,0.0,0.0
2025-03-25,16.934999465942383,16.969999313354492,16.920000076293945,16.969999313354492,14.171378135681152,5422100,0.0,0.0,0.0
2025-03-26,16.959999084472656,16.969999313354492,16.829999923706055,16.860000610351562,14.079519271850586,5017300,0.0,0.0,0.0
2025-03-27,16.84000015258789,16.905000686645508,16.799999237060547,16.84000015258789,14.062817573547363,5644800,0.0,0.0,0.0
2025-03-28,16.809999465942383,16.829999923706055,16.59000015258789,16.6200008392334,13.87910270690918,7041200,0.0,0.0,0.0
2025-03-31,16.450000762939453,16.649999618530273,16.31999969482422,16.6299991607666,13.88744831085205,10577200,0.0,0.0,0.0
2025-04-01,16.594999313354492,16.735000610351562,16.524999618530273,16.719999313354492,13.96260929107666,6276200,0.0,0.0,0.0
2025-04-02,16.579999923706055,16.847999572753906,16.559999465942383,16.790000915527344,14.021064758300781,8946900,0.0,0.0,0.0
2025-04-03,16.299999237060547,16.420000076293945,16.1299991607666,16.149999618530273,13.486610412597656,17636400,0.0,0.0,0.0
2025-04-04,15.739999771118164,15.8149995803833,15.199999809265137,15.210000038146973,12.701630592346191,28066500,0.0,0.0,0.0
2025-04-07,14.6899995803833,15.880000114440918,14.475000381469727,15.25,12.735034942626953,21924900,0.0,0.0,0.0
2025-04-08,15.744999885559082,15.90999984741211,14.741000175476074,14.970000267028809,12.501212120056152,13954400,0.0,0.0,0.0
2025-04-09,14.9399995803833,16.6299991607666,14.90999984741211,16.579999923706055,13.845696449279785,22918000,0.0,0.0,0.0
2025-04-10,16.239999771118164,16.30500030517578,15.539999961853027,16.0,13.361346244812012,16037300,0.0,0.0,0.0
2025-04-11,15.989999771118164,16.34000015258789,15.859999656677246,16.299999237060547,13.611872673034668,8242000,0.0,0.0,0.0
2025-04-14,16.639999389648438,16.665000915527344,16.274999618530273,16.450000762939453,13.737135887145996,10646000,0.0,0.0,0.0
2025-04-15,16.489999771118164,16.62700080871582,16.410999298095703,16.479999542236328,13.762186050415039,5259800,0.0,0.0,0.0
2025-04-16,16.15999984741211,16.280000686645508,15.75,15.989999771118164,13.352995872497559,7933300,0.0,0.0,0.0
2025-04-17,16.059999465942383,16.09000015258789,15.885000228881836,16.010000228881836,13.369699478149414,6518800,0.0,0.0,0.0
2025-04-21,15.75,15.770000457763672,15.489999771118164,15.640000343322754,13.192560195922852,7593500,0.16,0.0,0.0
2025-04-22,15.760000228881836,15.914999961853027,15.739999771118164,15.869999885559082,13.386567115783691,9455300,0.0,0.0,0.0
2025-04-23,16.094999313354492,16.139999389648438,16.0,16.049999237060547,13.538400650024414,14817600,0.0,0.0,0.0
2025-04-24,16.06999969482422,16.18600082397461,16.065000534057617,16.18000030517578,13.64805793762207,9215600,0.0,0.0,0.0
2025-04-25,16.190000534057617,16.260000228881836,16.170000076293945,16.239999771118164,13.6986665725708,8190200,0.0,0.0,0.0
2025-04-28,16.260000228881836,16.280000686645508,16.200000762939453,16.260000228881836,13.715540885925293,7906800,0.0,0.0,0.0
2025-04-29,16.25,16.299999237060547,16.2450008392334,16.299999237060547,13.749279022216797,6826400,0.0,0.0,0.0
2025-04-30,16.235000610351562,16.309999465942383,16.18000030517578,16.299999237060547,13.749279022216797,7934600,0.0,0.0,0.0
2025-05-01,16.329999923706055,16.350000381469727,16.31999969482422,16.329999923706055,13.774584770202637,6267500,0.0,0.0,0.0
2025-05-02,16.3700008392334,16.375,16.350000381469727,16.3700008392334,13.808324813842773,5461800,0.0,0.0,0.0
2025-05-05,16.360000610351562,16.389999389648438,16.350000381469727,16.3700008392334,13.808324813842773,3757800,0.0,0.0,0.0
2025-05-06,16.354999542236328,16.385000228881836,16.350000381469727,16.3799991607666,13.816761016845703,3088700,0.0,0.0,0.0
2025-05-07,16.3799991607666,16.399999618530273,16.350000381469727,16.389999389648438,13.8251953125,6022500,0.0,0.0,0.0
2025-05-08,16.420000076293945,16.420000076293945,16.375,16.389999389648438,13.8251953125,3936900,0.0,0.0,0.0
2025-05-09,16.389999389648438,16.40999984741211,16.389999389648438,16.40999984741211,13.842066764831543,5147600,0.0,0.0,0.0
2025-05-12,16.40999984741211,16.440000534057617,16.399999618530273,16.420000076293945,13.850502014160156,4460600,0.0,0.0,0.0
2025-05-13,16.420000076293945,16.43000030517578,16.40999984741211,16.420000076293945,13.850502014160156,5290700,0.0,0.0,0.0
2025-05-14,16.420000076293945,16.43000030517578,16.40999984741211,16.40999984741211,13.842066764831543,3460100,0.0,0.0,0.0
2025-05-15,16.420000076293945,16.43000030517578,16.350000381469727,16.43000030517578,13.85893726348877,4309200,0.0,0.0,0.0
2025-05-16,16.469999313354492,16.479000091552734,16.364999771118164,16.469999313354492,13.892674446105957,6031300,0.0,0.0,0.0
2025-05-19,16.190000534057617,16.309999465942383,16.18000030517578,16.309999465942383,13.896936416625977,5314500,0.165,0.0,0.0
2025-05-20,16.270000457763672,16.299999237060547,16.229999542236328,16.290000915527344,13.879895210266113,4044700,0.0,0.0,0.0
2025-05-21,16.229999542236328,16.329999923706055,16.1200008392334,16.170000076293945,13.777649879455566,4833800,0.0,0.0,0.0
2025-05-22,16.170000076293945,16.25,16.149999618530273,16.200000762939453,13.803215026855469,5206100,0.0,0.0,0.0
2025-05-23,16.030000686645508,16.15999984741211,16.020000457763672,16.110000610351562,13.726526260375977,6208500,0.0,0.0,0.0
2025-05-27,16.25,16.360000610351562,16.229999542236328,16.360000610351562,13.93954086303711,5448100,0.0,0.0,0.0
2025-05-28,16.360000610351562,16.389999389648438,16.315000534057617,16.329999923706055,13.913978576660156,3608200,0.0,0.0,0.0
2025-05-29,16.43000030517578,16.43000030517578,16.299999237060547,16.360000610351562,13.93954086303711,3558700,0.0,0.0,0.0
2025-05-30,16.34000015258789,16.3799991607666,16.219999313354492,16.3700008392334,13.94805908203125,5384700,0.0,0.0,0.0
2025-06-02,16.31999969482422,16.440000534057617,16.31999969482422,16.440000534057617,14.007704734802246,3300000,0.0,0.0,0.0
2025-06-03,16.440000534057617,16.5,16.43000030517578,16.5,14.058828353881836,3122500,0.0,0.0,0.0
2025-06-04,16.510000228881836,16.530000686645508,16.479999542236328,16.530000686645508,14.08438777923584,3079700,0.0,0.0,0.0
2025-06-05,16.540000915527344,16.56999969482422,16.45199966430664,16.479999542236328,14.041783332824707,5879100,0.0,0.0,0.0
2025-06-06,16.549999237060547,16.579999923706055,16.540000915527344,16.56999969482422,14.118468284606934,3985900,0.0,0.0,0.0
2025-06-09,16.56999969482422,16.600000381469727,16.56999969482422,16.600000381469727,14.144031524658203,2760300,0.0,0.0,0.0
2025-06-10,16.604999542236328,16.6200008392334,16.584999084472656,16.6200008392334,14.161073684692383,2387000,0.0,0.0,0.0
2025-06-11,16.6299991607666,16.639999389648438,16.59000015258789,16.610000610351562,14.152551651000977,3512100,0.0,0.0,0.0
2025-06-12,16.600000381469727,16.6299991607666,16.59000015258789,16.6299991607666,14.169590950012207,2597900,0.0,0.0,0.0
2025-06-13,16.579999923706055,16.6299991607666,16.56999969482422,16.59000015258789,14.13551139831543,4748200,0.0,0.0,0.0
2025-06-16,16.6200008392334,16.65999984741211,16.6200008392334,16.65999984741211,14.195152282714844,2897800,0.0,0.0,0.0
2025-06-17,16.649999618530273,16.670000076293945,16.6200008392334,16.639999389648438,14.178112983703613,3622600,0.0,0.0,0.0
2025-06-18,16.649999618530273,16.68000030517578,16.6299991607666,16.639999389648438,14.178112983703613,4213600,0.0,0.0,0.0
2025-06-20,16.719999313354492,16.780000686645508,16.520000457763672,16.579999923706055,14.12699031829834,7041100,0.0,0.0,0.0
2025-06-23,16.43000030517578,16.520000457763672,16.385000228881836,16.520000457763672,14.218220710754395,5637500,0.166,0.0,0.0
2025-06-24,16.579999923706055,16.6200008392334,16.56999969482422,16.610000610351562,14.295683860778809,4876300,0.0,0.0,0.0
2025-06-25,16.6299991607666,16.639999389648438,16.610000610351562,16.639999389648438,14.321502685546875,3495800,0.0,0.0,0.0
2025-06-26,16.65999984741211,16.68000030517578,16.639999389648438,16.670000076293945,14.34732437133789,3926000,0.0,0.0,0.0
2025-06-27,16.68000030517578,16.700000762939453,16.65999984741211,16.700000762939453,14.373141288757324,3864300,0.0,0.0,0.0
2025-06-30,16.709999084472656,16.729999542236328,16.700000762939453,16.719999313354492,14.390355110168457,3728900,0.0,0.0,0.0
2025-07-01,16.700000762939453,16.719999313354492,16.68000030517578,16.709999084472656,14.381746292114258,4138100,0.0,0.0,0.0
2025-07-02,16.700000762939453,16.719999313354492,16.690000534057617,16.719999313354492,14.390355110168457,2405100,0.0,0.0,0.0
2025-07-03,16.739999771118164,16.75,16.729999542236328,16.75,14.416175842285156,1628400,0.0,0.0,0.0
2025-07-07,16.75,16.75,16.729999542236328,16.75,14.416175842285156,4055300,0.0,0.0,0.0
2025-07-08,16.760000228881836,16.770000457763672,16.75,16.770000457763672,14.433389663696289,3556200,0.0,0.0,0.0
2025-07-09,16.780000686645508,16.790000915527344,16.770000457763672,16.770000457763672,14.433389663696289,2660300,0.0,0.0,0.0
2025-07-10,16.780000686645508,16.790000915527344,16.770000457763672,16.770000457763672,14.433389663696289,2093200,0.0,0.0,0.0
2025-07-11,16.780000686645508,16.790000915527344,16.780000686645508,16.780000686645508,14.441996574401855,1776400,0.0,0.0,0.0
2025-07-14,16.790000915527344,16.799999237060547,16.790000915527344,16.790000915527344,14.450603485107422,2788800,0.0,0.0,0.0
2025-07-15,16.799999237060547,16.799999237060547,16.790000915527344,16.799999237060547,14.459208488464355,2771800,0.0,0.0,0.0
2025-07-16,16.799999237060547,16.799999237060547,16.790000915527344,16.799999237060547,14.459208488464355,2107000,0.0,0.0,0.0
2025-07-17,16.799999237060547,16.809999465942383,16.780000686645508,16.790000915527344,14.450603485107422,4092100,0.0,0.0,0.0
2025-07-18,16.799999237060547,16.829999923706055,16.75,16.770000457763672,14.433389663696289,4751900,0.0,0.0,0.0
2025-07-21,16.670000076293945,16.68000030517578,16.639999389648438,16.65999984741211,14.481193542480469,4746000,0.165,0.0,0.0
2025-07-22,16.65999984741211,16.666000366210938,16.579999923706055,16.639999389648438,14.463812828063965,5458700,0.0,0.0,0.0
2025-07-23,16.649999618530273,16.68000030517578,16.610000610351562,16.68000030517578,14.498579025268555,4381300,0.0,0.0,0.0
2025-07-24,16.709999084472656,16.719999313354492,16.68000030517578,16.709999084472656,14.524654388427734,4412700,0.0,0.0,0.0
2025-07-25,16.709999084472656,16.75,16.709999084472656,16.75,14.559426307678223,2949000,0.0,0.0,0.0
2025-07-28,16.770000457763672,16.780000686645508,16.760000228881836,16.770000457763672,14.57680892944336,5894000,0.0,0.0,0.0
2025-07-29,16.799999237060547,16.809999465942383,16.75,16.770000457763672,14.57680892944336,3841300,0.0,0.0,0.0
2025-07-30,16.770000457763672,16.79800033569336,16.729999542236328,16.780000686645508,14.585502624511719,4795600,0.0,0.0,0.0
2025-07-31,16.834999084472656,16.84000015258789,16.719999313354492,16.75,14.559426307678223,7219700,0.0,0.0,0.0
2025-08-01,16.665000915527344,16.670000076293945,16.510000228881836,16.579999923706055,14.41165828704834,9725900,0.0,0.0,0.0
2025-08-04,16.68000030517578,16.770000457763672,16.670000076293945,16.770000457763672,14.57680892944336,5301500,0.0,0.0,0.0
2025-08-05,16.780000686645508,16.799999237060547,16.709999084472656,16.729999542236328,14.542040824890137,5328100,0.0,0.0,0.0
2025-08-06,16.739999771118164,16.829999923706055,16.739999771118164,16.829999923706055,14.628960609436035,4658200,0.0,0.0,0.0
2025-08-07,16.860000610351562,16.8700008392334,16.799999237060547,16.84000015258789,14.637654304504395,5399800,0.0,0.0,0.0
2025-08-08,16.8700008392334,16.899999618530273,16.860000610351562,16.889999389648438,14.681116104125977,2870900,0.0,0.0,0.0
2025-08-11,16.899999618530273,16.920000076293945,16.889999389648438,16.899999618530273,14.689806938171387,3939500,0.0,0.0,0.0
2025-08-12,16.920000076293945,16.93000030517578,16.90999984741211,16.920000076293945,14.707194328308105,4282000,0.0,0.0,0.0
2025-08-13,16.940000534057617,16.940000534057617,16.920000076293945,16.93000030517578,14.715885162353516,2849600,0.0,0.0,0.0
2025-08-14,16.93000030517578,16.950000762939453,16.920000076293945,16.93000030517578,14.715885162353516,3408700,0.0,0.0,0.0
2025-08-15,16.93000030517578,16.934999465942383,16.799999237060547,16.84000015258789,14.637654304504395,7303500,0.0,0.0,0.0
2025-08-18,16.690000534057617,16.700000762939453,16.649999618530273,16.690000534057617,14.653457641601562,4945200,0.168,0.0,0.0
2025-08-19,16.68000030517578,16.690000534057617,16.549999237060547,16.56999969482422,14.548101425170898,6538500,0.0,0.0,0.0
2025-08-20,16.549999237060547,16.559999465942383,16.350000381469727,16.520000457763672,14.504201889038086,8881300,0.0,0.0,0.0
2025-08-21,16.469999313354492,16.514999389648438,16.399999618530273,16.459999084472656,14.451522827148438,5729200,0.0,0.0,0.0
2025-08-22,16.479999542236328,16.670000076293945,16.454999923706055,16.649999618530273,14.618337631225586,6261500,0.0,0.0,0.0
2025-08-25,16.639999389648438,16.670000076293945,16.600000381469727,16.6299991607666,14.600780487060547,5019200,0.0,0.0,0.0
2025-08-26,16.6200008392334,16.670000076293945,16.59000015258789,16.65999984741211,14.627118110656738,4687100,0.0,0.0,0.0
2025-08-27,16.65999984741211,16.690000534057617,16.625,16.690000534057617,14.653457641601562,5688900,0.0,0.0,0.0
2025-08-28,16.670000076293945,16.770000457763672,16.670000076293945,16.760000228881836,14.714916229248047,4868500,0.0,0.0,0.0
2025-08-29,16.739999771118164,16.739999771118164,16.610000610351562,16.639999389648438,14.6095609664917,5249900,0.0,0.0,0.0
2025-09-02,16.5049991607666,16.56999969482422,16.420000076293945,16.56999969482422,14.548101425170898,6409200,0.0,0.0,0.0
2025-09-03,16.6299991607666,16.690000534057617,16.594999313354492,16.65999984741211,14.627118110656738,5241800,0.0,0.0,0.0
2025-09-04,16.684999465942383,16.770000457763672,16.65399932861328,16.770000457763672,14.723697662353516,5175000,0.0,0.0,0.0
2025-09-05,16.829999923706055,16.850000381469727,16.700000762939453,16.790000915527344,14.741256713867188,7101100,0.0,0.0,0.0
2025-09-08,16.829999923706055,16.8700008392334,16.829999923706055,16.860000610351562,14.802717208862305,5416600,0.0,0.0,0.0
2025-09-09,16.8700008392334,16.8799991607666,16.823999404907227,16.8799991607666,14.820272445678711,3886100,0.0,0.0,0.0
2025-09-10,16.915000915527344,16.920000076293945,16.860000610351562,16.8799991607666,14.820272445678711,4154000,0.0,0.0,0.0
2025-09-11,16.90999984741211,16.950000762939453,16.90999984741211,16.950000762939453,14.881734848022461,3790000,0.0,0.0,0.0
2025-09-12,16.950000762939453,16.979999542236328,16.950000762939453,16.969999313354492,14.899291038513184,4264800,0.0,0.0,0.0
2025-09-15,16.979999542236328,16.989999771118164,16.979999542236328,16.979999542236328,14.90807056427002,4169600,0.0,0.0,0.0
2025-09-16,17.0,17.010000228881836,16.989999771118164,17.010000228881836,14.934412002563477,4770700,0.0,0.0,0.0
2025-09-17,17.0049991607666,17.020000457763672,16.969999313354492,17.020000457763672,14.943190574645996,7979300,0.0,0.0,0.0
2025-09-18,17.024999618530273,17.030000686645508,16.993999481201172,17.010000228881836,14.934412002563477,4635800,0.0,0.0,0.0
2025-09-19,17.049999237060547,17.100000381469727,17.01300048828125,17.100000381469727,15.013432502746582,6380300,0.0,0.0,0.0
2025-09-22,16.920000076293945,16.969999313354492,16.90999984741211,16.950000762939453,15.031167030334473,6376100,0.17,0.0,0.0
2025-09-23,16.96500015258789,16.969999313354492,16.889999389648438,16.899999618530273,14.986823081970215,5941200,0.0,0.0,0.0
2025-09-24,16.940000534057617,16.940000534057617,16.850000381469727,16.8799991607666,14.969088554382324,6643100,0.0,0.0,0.0
2025-09-25,16.84000015258789,16.889999389648438,16.780000686645508,16.860000610351562,14.951355934143066,6373200,0.0,0.0,0.0
2025-09-26,16.895000457763672,16.93000030517578,16.84000015258789,16.920000076293945,15.004563331604004,5315400,0.0,0.0,0.0
2025-09-29,16.979999542236328,17.010000228881836,16.959999084472656,16.989999771118164,15.066638946533203,5770000,0.0,0.0,0.0
2025-09-30,16.979999542236328,17.010000228881836,16.950000762939453,17.010000228881836,15.084375381469727,6773100,0.0,0.0,0.0
2025-10-01,16.969999313354492,17.049999237060547,16.959999084472656,17.049999237060547,15.119844436645508,4207400,0.0,0.0,0.0
2025-10-02,17.079999923706055,17.09000015258789,17.040000915527344,17.06999969482422,15.137579917907715,3401000,0.0,0.0,0.0
2025-10-03,17.079999923706055,17.100000381469727,17.042999267578125,17.06999969482422,15.137579917907715,5151900,0.0,0.0,0.0
2025-10-06,17.100000381469727,17.1299991607666,17.100000381469727,17.1200008392334,15.181921005249023,4813800,0.0,0.0,0.0
2025-10-07,17.1299991607666,17.139999389648438,17.06999969482422,17.100000381469727,15.164182662963867,5728900,0.0,0.0,0.0
2025-10-08,17.1200008392334,17.15999984741211,17.110000610351562,17.15999984741211,15.21739387512207,3762600,0.0,0.0,0.0
2025-10-09,17.15999984741211,17.170000076293945,17.139999389648438,17.149999618530273,15.208525657653809,5035000,0.0,0.0,0.0
2025-10-10,17.170000076293945,17.18000030517578,16.8799991607666,16.8799991607666,14.969088554382324,13728400,0.0,0.0,0.0
2025-10-13,17.06999969482422,17.139999389648438,17.040000915527344,17.1299991607666,15.190792083740234,7562200,0.0,0.0,0.0
2025-10-14,17.040000915527344,17.149999618530273,16.940000534057617,17.100000381469727,15.164182662963867,9377200,0.0,0.0,0.0
2025-10-15,17.170000076293945,17.190000534057617,17.06599998474121,17.15999984741211,15.21739387512207,5937400,0.0,0.0,0.0
2025-10-16,17.200000762939453,17.204999923706055,17.100000381469727,17.200000762939453,15.252866744995117,10773900,0.0,0.0,0.0
2025-10-17,17.149999618530273,17.309999465942383,17.097000122070312,17.280000686645508,15.323808670043945,14097100,0.0,0.0,0.0
2025-10-20,17.170000076293945,17.260000228881836,17.163999557495117,17.260000228881836,15.460861206054688,6780100,0.173,0.0,0.0
2025-10-21,17.25,17.280000686645508,17.229999542236328,17.270000457763672,15.469819068908691,6335300,0.0,0.0,0.0
2025-10-22,17.260000228881836,17.270000457763672,17.110000610351562,17.209999084472656,15.416069984436035,9528600,0.0,0.0,0.0
2025-10-23,17.209999084472656,17.290000915527344,17.200000762939453,17.290000915527344,15.487732887268066,6638100,0.0,0.0,0.0
2025-10-24,17.350000381469727,17.360000610351562,17.329999923706055,17.350000381469727,15.54147720336914,7353000,0.0,0.0,0.0
2025-10-27,17.405000686645508,17.420000076293945,17.399999618530273,17.420000076293945,15.604181289672852,7398300,0.0,0.0,0.0
2025-10-28,17.43000030517578,17.440000534057617,17.420000076293945,17.440000534057617,15.622095108032227,4022900,0.0,0.0,0.0
2025-10-29,17.440000534057617,17.450000762939453,17.40999984741211,17.440000534057617,15.622095108032227,8573900,0.0,0.0,0.0
2025-10-30,17.43000030517578,17.450000762939453,17.40999984741211,17.420000076293945,15.604181289672852,6954100,0.0,0.0,0.0
2025-10-31,17.459999084472656,17.469999313354492,17.399999618530273,17.43000030517578,15.613138198852539,8369400,0.0,0.0,0.0
2025-11-03,17.459999084472656,17.479999542236328,17.440000534057617,17.459999084472656,15.640007972717285,6089200,0.0,0.0,0.0
2025-11-04,17.40999984741211,17.450000762939453,17.389999389648438,17.399999618530273,15.586263656616211,7618400,0.0,0.0,0.0
2025-11-05,17.405000686645508,17.469999313354492,17.389999389648438,17.450000762939453,15.631056785583496,4692200,0.0,0.0,0.0
2025-11-06,17.450000762939453,17.450000762939453,17.34000015258789,17.350000381469727,15.54147720336914,9579300,0.0,0.0,0.0
2025-11-07,17.31999969482422,17.360000610351562,17.19499969482422,17.360000610351562,15.550435066223145,12068800,0.0,0.0,0.0
2025-11-10,17.420000076293945,17.5,17.420000076293945,17.5,15.675840377807617,7746400,0.0,0.0,0.0
2025-11-11,17.479999542236328,17.5,17.469999313354492,17.5,15.675840377807617,4523500,0.0,0.0,0.0
2025-11-12,17.510000228881836,17.516000747680664,17.469999313354492,17.5,15.675840377807617,5334700,0.0,0.0,0.0
2025-11-13,17.489999771118164,17.489999771118164,17.360000610351562,17.399999618530273,15.586263656616211,7258800,0.0,0.0,0.0
2025-11-14,17.280000686645508,17.469999313354492,17.239999771118164,17.43000030517578,15.613138198852539,7237600,0.0,0.0,0.0
2025-11-17,17.399999618530273,17.479999542236328,17.344999313354492,17.389999389648438,15.57730770111084,7872700,0.0,0.0,0.0
2025-11-18,17.34000015258789,17.39699935913086,17.209999084472656,17.31999969482422,15.514604568481445,9339800,0.0,0.0,0.0
2025-11-19,17.350000381469727,17.47599983215332,17.315000534057617,17.40999984741211,15.595224380493164,8171800,0.0,0.0,0.0
2025-11-20,17.549999237060547,17.56999969482422,17.139999389648438,17.139999389648438,15.353367805480957,12468200,0.0,0.0,0.0
2025-11-21,17.200000762939453,17.389999389648438,17.020000457763672,17.309999465942383,15.505647659301758,10438400,0.0,0.0,0.0
2025-11-24,17.209999084472656,17.334999084472656,17.200000762939453,17.329999923706055,15.680274963378906,8463200,0.173,0.0,0.0
2025-11-25,17.31999969482422,17.389999389648438,17.2549991607666,17.3799991607666,15.725513458251953,9176200,0.0,0.0,0.0
2025-11-26,17.40999984741211,17.440000534057617,17.399999618530273,17.420000076293945,15.76170825958252,6903000,0.0,0.0,0.0
2025-11-28,17.440000534057617,17.469999313354492,17.43000030517578,17.469999313354492,15.80694580078125,3076800,0.0,0.0,0.0
2025-12-01,17.440000534057617,17.479999542236328,17.43000030517578,17.469999313354492,15.80694580078125,3155000,0.0,0.0,0.0
2025-12-02,17.489999771118164,17.5,17.469999313354492,17.5,15.834089279174805,4498500,0.0,0.0,0.0
2025-12-03,17.485000610351562,17.510000228881836,17.479999542236328,17.510000228881836,15.843137741088867,3885300,0.0,0.0,0.0
2025-12-04,17.510000228881836,17.520000457763672,17.5,17.520000457763672,15.852188110351562,3425700,0.0,0.0,0.0
2025-12-05,17.520000457763672,17.540000915527344,17.520000457763672,17.540000915527344,15.870284080505371,2462000,0.0,0.0,0.0
2025-12-08,17.545000076293945,17.549999237060547,17.530000686645508,17.549999237060547,15.879332542419434,2972700,0.0,0.0,0.0
2025-12-09,17.540000915527344,17.549999237060547,17.530000686645508,17.540000915527344,15.870284080505371,2176000,0.0,0.0,0.0
2025-12-10,17.540000915527344,17.559999465942383,17.540000915527344,17.549999237060547,15.879332542419434,3911100,0.0,0.0,0.0
2025-12-11,17.559999465942383,17.56999969482422,17.549999237060547,17.56999969482422,15.89742660522461,3843900,0.0,0.0,0.0
2025-12-12,17.56999969482422,17.579999923706055,17.540000915527344,17.559999465942383,15.88837718963623,4040700,0.0,0.0,0.0
2025-12-15,17.559999465942383,17.56999969482422,17.559999465942383,17.559999465942383,15.88837718963623,3492600,0.0,0.0,0.0
2025-12-16,17.559999465942383,17.579999923706055,17.559999465942383,17.56999969482422,15.89742660522461,3211800,0.0,0.0,0.0
2025-12-17,17.56999969482422,17.579999923706055,17.559999465942383,17.56999969482422,15.89742660522461,3888600,0.0,0.0,0.0
2025-12-18,17.584999084472656,17.6200008392334,17.559999465942383,17.579999923706055,15.906475067138672,4286000,0.0,0.0,0.0
2025-12-19,17.6299991607666,17.799999237060547,17.6299991607666,17.760000228881836,16.0693416595459,9385700,0.0,0.0,0.0
2025-12-22,17.670000076293945,17.690000534057617,17.65999984741211,17.65999984741211,16.1406307220459,4614600,0.178,0.0,0.0
2025-12-23,17.65999984741211,17.719999313354492,17.65999984741211,17.719999313354492,16.19546890258789,4801700,0.0,0.0,0.0
2025-12-24,17.700000762939453,17.739999771118164,17.700000762939453,17.729999542236328,16.20461082458496,2527500,0.0,0.0,0.0
2025-12-26,17.739999771118164,17.760000228881836,17.729999542236328,17.75,16.22288703918457,3004400,0.0,0.0,0.0
2025-12-29,17.719999313354492,17.75,17.709999084472656,17.739999771118164,16.213748931884766,4555200,0.0,0.0,0.0
2025-12-30,17.729999542236328,17.760000228881836,17.725000381469727,17.729999542236328,16.20461082458496,4812700,0.0,0.0,0.0
2025-12-31,17.729999542236328,17.739999771118164,17.670000076293945,17.670000076293945,16.149770736694336,4961300,0.0,0.0,0.0
2026-01-02,17.75,17.780000686645508,17.6200008392334,17.68000030517578,16.15890884399414,10828500,0.0,0.0,0.0
2026-01-05,17.725000381469727,17.788999557495117,17.719999313354492,17.760000228881836,16.23202896118164,5838300,0.0,0.0,0.0
2026-01-06,17.770000457763672,17.829999923706055,17.770000457763672,17.829999923706055,16.296005249023438,6603700,0.0,0.0,0.0
2026-01-07,17.829999923706055,17.860000610351562,17.81999969482422,17.829999923706055,16.296005249023438,6273200,0.0,0.0,0.0
2026-01-08,17.829999923706055,17.829999923706055,17.780000686645508,17.799999237060547,16.268585205078125,7861100,0.0,0.0,0.0
2026-01-09,17.829999923706055,17.889999389648438,17.809999465942383,17.889999389648438,16.350841522216797,4719900,0.0,0.0,0.0
2026-01-12,17.860000610351562,17.899999618530273,17.850000381469727,17.899999618530273,16.359981536865234,4058800,0.0,0.0,0.0
2026-01-13,17.889999389648438,17.90999984741211,17.8799991607666,17.889999389648438,16.350841522216797,4897400,0.0,0.0,0.0
2026-01-14,17.8799991607666,17.889999389648438,17.81999969482422,17.889999389648438,16.350841522216797,6917600,0.0,0.0,0.0
2026-01-15,17.920000076293945,17.934999465942383,17.850000381469727,17.889999389648438,16.350841522216797,4217600,0.0,0.0,0.0
2026-01-16,17.969999313354492,18.0,17.799999237060547,17.8799991607666,16.341699600219727,7791200,0.0,0.0,0.0
2026-01-20,17.530000686645508,17.600000381469727,17.450000762939453,17.479999542236328,16.137676239013672,11131800,0.179,0.0,0.0
2026-01-21,17.510000228881836,17.704999923706055,17.479999542236328,17.649999618530273,16.294618606567383,10447800,0.0,0.0,0.0
2026-01-22,17.739999771118164,17.75,17.670000076293945,17.719999313354492,16.359243392944336,7961000,0.0,0.0,0.0
2026-01-23,17.719999313354492,17.799999237060547,17.700000762939453,17.770000457763672,16.40540313720703,6484900,0.0,0.0,0.0
2026-01-26,17.760000228881836,17.829999923706055,17.760000228881836,17.809999465942383,16.442331314086914,8489900,0.0,0.0,0.0
2026-01-27,17.84000015258789,17.8700008392334,17.829999923706055,17.850000381469727,16.479263305664062,4567600,0.0,0.0,0.0
2026-01-28,17.8799991607666,17.899999618530273,17.850000381469727,17.8799991607666,16.5069522857666,5349700,0.0,0.0,0.0
2026-01-29,17.8700008392334,17.8799991607666,17.68000030517578,17.850000381469727,16.479263305664062,8599400,0.0,0.0,0.0
2026-01-30,17.799999237060547,17.860000610351562,17.729999542236328,17.790000915527344,16.423870086669922,9738800,0.0,0.0,0.0
2026-02-02,17.739999771118164,17.899999618530273,17.729999542236328,17.8799991607666,16.5069522857666,6994300,0.0,0.0,0.0
2026-02-03,17.889999389648438,17.899999618530273,17.600000381469727,17.719999313354492,16.359243392944336,11068100,0.0,0.0,0.0
2026-02-04,17.719999313354492,17.719999313354492,17.389999389648438,17.510000228881836,16.165369033813477,14201000,0.0,0.0,0.0
2026-02-05,17.389999389648438,17.493999481201172,17.260000228881836,17.329999923706055,15.999195098876953,17542400,0.0,0.0,0.0
2026-02-06,17.399999618530273,17.690000534057617,17.3799991607666,17.670000076293945,16.313081741333008,9629700,0.0,0.0,0.0
2026-02-09,17.6200008392334,17.81999969482422,17.56999969482422,17.780000686645508,16.414636611938477,10952300,0.0,0.0,0.0
2026-02-10,17.809999465942383,17.84000015258789,17.729999542236328,17.739999771118164,16.377708435058594,7929900,0.0,0.0,0.0
2026-02-11,17.84000015258789,17.8700008392334,17.649999618530273,17.809999465942383,16.442331314086914,9908600,0.0,0.0,0.0
2026-02-12,17.809999465942383,17.850000381469727,17.459999084472656,17.510000228881836,16.165369033813477,11518100,0.0,0.0,0.0
2026-02-13,17.489999771118164,17.655000686645508,17.3700008392334,17.549999237060547,16.202299118041992,13759700,0.0,0.0,0.0
2026-02-17,17.434999465942383,17.600000381469727,17.290000915527344,17.530000686645508,16.183835983276367,16016800,0.0,0.0,0.0
2026-02-18,17.559999465942383,17.770000457763672,17.514999389648438,17.649999618530273,16.294618606567383,8926800,0.0,0.0,0.0
2026-02-19,17.579999923706055,17.65999984741211,17.510000228881836,17.59000015258789,16.239229202270508,9736800,0.0,0.0,0.0
2026-02-20,17.4950008392334,17.7810001373291,17.479999542236328,17.729999542236328,16.36847686767578,9238100,0.0,0.0,0.0
2026-02-23,17.520000457763672,17.549999237060547,17.3799991607666,17.43000030517578,16.25377655029297,8485500,0.177,0.0,0.0
2026-02-24,17.450000762939453,17.56999969482422,17.399999618530273,17.549999237060547,16.365678787231445,7222000,0.0,0.0,0.0
2026-02-25,17.579999923706055,17.690000534057617,17.579999923706055,17.68000030517578,16.48690414428711,7524000,0.0,0.0,0.0
2026-02-26,17.690000534057617,17.690000534057617,17.5049991607666,17.600000381469727,16.412302017211914,10258700,0.0,0.0,0.0
2026-02-27,17.5,17.600000381469727,17.479999542236328,17.59000015258789,16.40298080444336,13137000,0.0,0.0,0.0
2026-03-02,17.43000030517578,17.649999618530273,17.420000076293945,17.6200008392334,16.43095588684082,13702200,0.0,0.0,0.0
2026-03-03,17.3799991607666,17.549999237060547,17.280000686645508,17.5,16.31905174255371,16654100,0.0,0.0,0.0
2026-03-04,17.549999237060547,17.700000762939453,17.545000076293945,17.65999984741211,16.4682559967041,7953700,0.0,0.0,0.0
2026-03-05,17.6200008392334,17.700000762939453,17.510000228881836,17.639999389648438,16.44960594177246,9615800,0.0,0.0,0.0
2026-03-06,17.469999313354492,17.584999084472656,17.43000030517578,17.450000762939453,16.272430419921875,14598000,0.0,0.0,0.0
2026-03-09,17.34000015258789,17.670000076293945,17.309999465942383,17.639999389648438,16.44960594177246,15785900,0.0,0.0,0.0
2026-03-10,17.65999984741211,17.770000457763672,17.6299991607666,17.65999984741211,16.4682559967041,9333500,0.0,0.0,0.0
2026-03-11,17.690000534057617,17.7549991607666,17.639999389648438,17.700000762939453,16.50555419921875,9621900,0.0,0.0,0.0
2026-03-12,17.6200008392334,17.645999908447266,17.5,17.5,16.31905174255371,11700700,0.0,0.0,0.0
2026-03-13,17.56999969482422,17.66900062561035,17.420000076293945,17.450000762939453,16.272430419921875,20595600,0.0,0.0,0.0
2026-03-16,17.59000015258789,17.73900032043457,17.59000015258789,17.65999984741211,16.4682559967041,13165600,0.0,0.0,0.0
2026-03-17,17.719999313354492,17.790000915527344,17.709999084472656,17.75,16.55217933654785,10670000,0.0,0.0,0.0
2026-03-18,17.704999923706055,17.75,17.530000686645508,17.540000915527344,16.356353759765625,18696200,0.0,0.0,0.0
2026-03-19,17.40999984741211,17.565000534057617,17.309999465942383,17.489999771118164,16.309722900390625,17927500,0.0,0.0,0.0
2026-03-20,17.43000030517578,17.43000030517578,17.139999389648438,17.200000762939453,16.03929901123047,18513100,0.0,0.0,0.0
2026-03-23,17.209999084472656,17.290000915527344,17.135000228881836,17.200000762939453,16.201311111450195,12300800,0.172,0.0,0.0
2026-03-24,17.110000610351562,17.200000762939453,17.09000015258789,17.139999389648438,16.144794464111328,9636600,0.0,0.0,0.0
2026-03-25,17.219999313354492,17.260000228881836,17.170000076293945,17.209999084472656,16.210729598999023,10442300,0.0,0.0,0.0
2026-03-26,17.110000610351562,17.170000076293945,16.969999313354492,16.969999313354492,15.984664916992188,11275200,0.0,0.0,0.0
2026-03-27,16.930999755859375,16.940000534057617,16.729999542236328,16.770000457763672,15.796277046203613,13859700,0.0,0.0,0.0
2026-03-30,16.8700008392334,16.906999588012695,16.625,16.700000762939453,15.730340957641602,11359700,0.0,0.0,0.0
2026-03-31,16.84000015258789,17.15999984741211,16.829999923706055,17.149999618530273,16.154212951660156,14363400,0.0,0.0,0.0
2026-04-01,17.229999542236328,17.309999465942383,17.190000534057617,17.25,16.24840545654297,7555500,0.0,0.0,0.0
2026-04-02,17.079999923706055,17.299999237060547,17.030000686645508,17.290000915527344,16.28608512878418,8719300,0.0,0.0,0.0
2026-04-06,17.309999465942383,17.389999389648438,17.309999465942383,17.360000610351562,16.352018356323242,8088900,0.0,0.0,0.0
2026-04-07,17.31999969482422,17.350000381469727,17.190000534057617,17.350000381469727,16.342599868774414,12387500,0.0,0.0,0.0
2026-04-08,17.579999923706055,17.59000015258789,17.510000228881836,17.549999237060547,16.530990600585938,11040300,0.0,0.0,0.0
2026-04-09,17.549999237060547,17.600000381469727,17.540000915527344,17.59000015258789,16.568662643432617,10609200,0.0,0.0,0.0
2026-04-10,17.610000610351562,17.6200008392334,17.59000015258789,17.600000381469727,16.578083038330078,4392900,0.0,0.0,0.0
2026-04-13,17.600000381469727,17.6299991607666,17.59000015258789,17.6200008392334,16.596923828125,5178000,0.0,0.0,0.0
2026-04-14,17.6299991607666,17.639999389648438,17.6200008392334,17.6299991607666,16.606342315673828,5242600,0.0,0.0,0.0
2026-04-15,17.639999389648438,17.639999389648438,17.6299991607666,17.639999389648438,16.61576271057129,3145400,0.0,0.0,0.0
2026-04-16,17.6299991607666,17.674999237060547,17.6299991607666,17.65999984741211,16.634601593017578,4934700,0.0,0.0,0.0
2026-04-17,17.770000457763672,17.920000076293945,17.764999389648438,17.899999618530273,16.860666275024414,9495300,0.0,0.0,0.0
2026-04-20,17.729999542236328,17.729999542236328,17.6200008392334,17.690000534057617,16.8311710357666,7096600,0.179,0.0,0.0
2026-04-21,17.719999313354492,17.739999771118164,17.613000869750977,17.649999618530273,16.79311180114746,6372500,0.0,0.0,0.0
2026-04-22,17.729999542236328,17.799999237060547,17.725000381469727,17.790000915527344,16.92631721496582,3533600,0.0,0.0,0.0
2026-04-23,17.790000915527344,17.81999969482422,17.649999618530273,17.75,16.888254165649414,6744700,0.0,0.0,0.0
2026-04-24,17.81999969482422,17.889999389648438,17.809999465942383,17.889999389648438,17.021459579467773,5387300,0.0,0.0,0.0
2026-04-27,17.8700008392334,17.90999984741211,17.860000610351562,17.899999618530273,17.030975341796875,4080800,0.0,0.0,0.0
2026-04-28,17.850000381469727,17.8799991607666,17.809999465942383,17.850000381469727,16.983402252197266,4537300,0.0,0.0,0.0
2026-04-29,17.899999618530273,17.899999618530273,17.84000015258789,17.899999618530273,17.030975341796875,4819700,0.0,0.0,0.0
2026-04-30,17.93000030517578,17.989999771118164,17.8799991607666,17.979999542236328,17.107091903686523,4765300,0.0,0.0,0.0
2026-05-01,17.989999771118164,18.040000915527344,17.989999771118164,18.030000686645508,17.154666900634766,4628100,0.0,0.0,0.0
2026-05-04,18.030000686645508,18.049999237060547,17.989999771118164,18.020000457763672,17.14514923095703,3789000,0.0,0.0,0.0
2026-05-05,18.040000915527344,18.06999969482422,18.040000915527344,18.059999465942383,17.18320655822754,3003100,0.0,0.0,0.0
2026-05-06,18.084999084472656,18.100000381469727,18.079999923706055,18.100000381469727,17.221267700195312,3264800,0.0,0.0,0.0
2026-05-07,18.09000015258789,18.100000381469727,18.09000015258789,18.100000381469727,17.221267700195312,2667300,0.0,0.0,0.0
2026-05-08,18.100000381469727,18.1299991607666,18.100000381469727,18.1299991607666,17.249805450439453,2588300,0.0,0.0,0.0
2026-05-11,18.114999771118164,18.1200008392334,18.110000610351562,18.1200008392334,17.24029541015625,4170500,0.0,0.0,0.0
2026-05-12,18.125,18.1299991607666,18.110000610351562,18.110000610351562,17.23077964782715,3048300,0.0,0.0,0.0
2026-05-13,18.1200008392334,18.1299991607666,18.110000610351562,18.1299991607666,17.249805450439453,2171200,0.0,0.0,0.0
2026-05-14,18.1200008392334,18.149999618530273,18.1200008392334,18.1299991607666,17.249805450439453,4966000,0.0,0.0,0.0
2026-05-15,17.895000457763672,17.950000762939453,17.770000457763672,17.889999389648438,17.021459579467773,11998500,0.0,0.0,0.0
2026-05-18,17.760000228881836,17.760000228881836,17.600000381469727,17.709999084472656,17.02050018310547,15496300,0.179,0.0,0.0
2026-05-19,17.6200008392334,17.719999313354492,17.559999465942383,17.649999618530273,16.96283531188965,9787100,0.0,0.0,0.0
2026-05-20,17.709999084472656,17.809999465942383,17.684999465942383,17.799999237060547,17.106996536254883,5678000,0.0,0.0,0.0
2026-05-21,17.75,17.860000610351562,17.7450008392334,17.84000015258789,17.14543914794922,7332500,0.0,0.0,0.0
2026-05-22,17.889999389648438,17.93000030517578,17.8700008392334,17.8799991607666,17.183879852294922,4821100,0.0,0.0,0.0
2026-05-26,17.989999771118164,18.0,17.959999084472656,17.989999771118164,17.28959846496582,6636700,0.0,0.0,0.0
2026-05-27,18.010000228881836,18.020000457763672,17.96500015258789,18.010000228881836,17.308818817138672,4709800,0.0,0.0,0.0
2026-05-28,18.0,18.06999969482422,18.0,18.049999237060547,17.347261428833008,3517900,0.0,0.0,0.0
2026-05-29,18.06999969482422,18.100000381469727,18.059999465942383,18.079999923706055,17.376094818115234,3612400,0.0,0.0,0.0
2026-06-01,18.075000762939453,18.1299991607666,18.06999969482422,18.1200008392334,17.414539337158203,3823900,0.0,0.0,0.0
2026-06-02,18.1200008392334,18.139999389648438,18.100000381469727,18.139999389648438,17.433757781982422,3386400,0.0,0.0,0.0
2026-06-03,18.139999389648438,18.149999618530273,18.1200008392334,18.1299991607666,17.42414665222168,4022800,0.0,0.0,0.0
2026-06-04,18.110000610351562,18.149999618530273,18.079999923706055,18.1299991607666,17.42414665222168,2863500,0.0,0.0,0.0
2026-06-05,18.079999923706055,18.100000381469727,17.770000457763672,17.799999237060547,17.106996536254883,9269300,0.0,0.0,0.0
2026-06-08,17.950000762939453,18.040000915527344,17.934999465942383,17.989999771118164,17.28959846496582,6937600,0.0,0.0,0.0
2026-06-09,18.030000686645508,18.079999923706055,17.469999313354492,17.850000381469727,17.155048370361328,12323000,0.0,0.0,0.0
2026-06-10,17.760000228881836,17.920000076293945,17.6299991607666,17.639999389648438,16.953224182128906,9153900,0.0,0.0,0.0
2026-06-11,17.75,18.0,17.670000076293945,17.989999771118164,17.28959846496582,13601000,0.0,0.0,0.0
2026-06-12,18.0,18.110000610351562,17.941999435424805,18.09000015258789,17.385705947875977,6224400,0.0,0.0,0.0
2026-06-15,18.18000030517578,18.229999542236328,18.18000030517578,18.209999084472656,17.50103187561035,3253500,0.0,0.0,0.0
2026-06-16,18.209999084472656,18.229999542236328,18.200000762939453,18.200000762939453,17.491424560546875,3025800,0.0,0.0,0.0
2026-06-17,18.219999313354492,18.285999298095703,18.049999237060547,18.079999923706055,17.376094818115234,10137700,0.0,0.0,0.0
2026-06-18,18.3700008392334,18.540000915527344,18.344999313354492,18.520000457763672,17.798965454101562,10628700,0.0,0.0,0.0
2026-06-22,18.360000610351562,18.40999984741211,18.280000686645508,18.309999465942383,17.774694442749023,4851800,0.185,0.0,0.0
2026-06-23,18.0,18.125,17.899999618530273,17.950000762939453,17.425220489501953,6452600,0.0,0.0,0.0
2026-06-24,17.989999771118164,18.075000762939453,17.790000915527344,17.90999984741211,17.386388778686523,7479100,0.0,0.0,0.0
2026-06-25,18.184999465942383,18.190000534057617,17.81999969482422,18.010000228881836,17.48346519470215,9303900,0.0,0.0,0.0
2026-06-26,17.860000610351562,18.030000686645508,17.780000686645508,17.860000610351562,17.337852478027344,4341400,0.0,0.0,0.0
2026-06-29,18.024999618530273,18.239999771118164,17.864999771118164,18.239999771118164,17.70673942565918,4708400,0.0,0.0,0.0
2026-06-30,18.219999313354492,18.44499969482422,18.219999313354492,18.43000030517578,17.89118766784668,4020300,0.0,0.0,0.0
2026-07-01,18.329999923706055,18.399999618530273,18.274999618530273,18.30500030517578,17.76984214782715,3764500,0.0,0.0,0.0
2026-07-02,18.309999465942383,18.40999984741211,17.975000381469727,18.09000015258789,17.561126708984375,3410500,0.0,0.0,0.0
2026-07-06,18.25,18.3799991607666,18.229999542236328,18.34000015258789,17.803817749023438,2940400,0.0,0.0,0.0
2026-07-07,18.15999984741211,18.209999084472656,17.958999633789062,18.06999969482422,17.541711807250977,3924600,0.0,0.0,0.0
2026-07-08,17.959999084472656,18.145000457763672,17.8700008392334,18.1299991607666,17.599956512451172,4493700,0.0,0.0,0.0
2026-07-09,18.290000915527344,18.399999618530273,18.209999084472656,18.389999389648438,17.85235595703125,3514200,0.0,0.0,0.0
2026-07-10,18.360000610351562,18.479999542236328,18.280000686645508,18.459999084472656,17.92030906677246,3057000,0.0,0.0,0.0
2026-07-13,18.299999237060547,18.325000762939453,18.1200008392334,18.149999618530273,17.619373321533203,4686200,0.0,0.0,0.0
2026-07-14,18.3700008392334,18.420000076293945,18.22599983215332,18.3700008392334,17.83294105529785,3045600,0.0,0.0,0.0
2026-07-15,18.459999084472656,18.479999542236328,18.125,18.299999237060547,17.764986038208008,3046300,0.0,0.0,0.0
2026-07-16,18.170000076293945,18.209999084472656,17.934999465942383,18.030000686645508,17.50288200378418,4034200,0.0,0.0,0.0
2026-07-17,17.670000076293945,17.8799991607666,17.524999618530273,17.809999465942383,17.2893123626709,9017800,0.0,0.0,0.0
2026-07-20,17.709999084472656,17.770000457763672,17.649999618530273,17.65999984741211,17.316768646240234,4332400,0.178,0.0,0.0
2026-07-21,17.78499984741211,17.81999969482422,17.739999771118164,17.81999969482422,17.47365951538086,4660300,0.0,0.0,0.0
2026-07-22,17.76099967956543,17.829999923706055,17.76099967956543,17.799999237060547,17.45404815673828,2313800,0.0,0.0,0.0
2026-07-23,17.670000076293945,17.729999542236328,17.565000534057617,17.639999389648438,17.297157287597656,6443400,0.0,0.0,0.0
2026-07-24,17.639999389648438,17.69499969482422,17.540000915527344,17.559999465942383,17.218711853027344,3808000,0.0,0.0,0.0
2026-07-27,17.690000534057617,17.704999923706055,17.44499969482422,17.549999237060547,17.208906173706055,5405800,0.0,0.0,0.0
2026-07-28,17.475000381469727,17.535999298095703,17.329999923706055,17.479999542236328,17.140268325805664,5218700,0.0,0.0,0.0
2026-07-29,17.479999542236328,17.56999969482422,17.209999084472656,17.219999313354492,16.885318756103516,6029300,0.0,0.0,0.0
2026-07-30,17.479999542236328,17.65999984741211,17.469999313354492,17.6200008392334,17.277545928955078,5002900,0.0,0.0,0.0
2026-07-31,17.760000228881836,17.809999465942383,17.56999969482422,17.735000610351562,17.39031219482422,4161500,0.0,0.0,0.0
2026-08-03,17.739999771118164,17.920000076293945,17.709999084472656,17.90999984741211,17.56191062927246,3489300,0.0,0.0,0.0
2026-08-04,18.0,18.09000015258789,17.9950008392334,18.079999923706055,17.728605270385742,3499500,0.0,0.0,0.0
2026-08-05,18.09000015258789,18.110000610351562,18.06999969482422,18.079999923706055,17.728605270385742,4347000,0.0,0.0,0.0
2026-08-06,18.024999618530273,18.100000381469727,18.010000228881836,18.079999923706055,17.728605270385742,2975900,0.0,0.0,0.0
2026-08-07,18.11199951171875,18.149999618530273,18.100000381469727,18.139999389648438,17.787439346313477,3515800,0.0,0.0,0.0
2026-08-10,18.139999389648438,18.15999984741211,18.1299991607666,18.149999618530273,17.797245025634766,3157300,0.0,0.0,0.0
2026-08-11,18.170000076293945,18.170000076293945,18.139999389648438,18.15999984741211,17.807050704956055,1856800,0.0,0.0,0.0
2026-08-12,18.190000534057617,18.190000534057617,18.170000076293945,18.18000030517578,17.826662063598633,2497600,0.0,0.0,0.0
2026-08-13,18.19499969482422,18.200000762939453,18.18000030517578,18.190000534057617,17.836467742919922,1715600,0.0,0.0,0.0
2026-08-14,18.209999084472656,18.209999084472656,18.190000534057617,18.209999084472656,17.856077194213867,3303700,0.0,0.0,0.0
2026-08-17,18.21500015258789,18.229999542236328,18.200000762939453,18.200000762939453,17.846275329589844,2841700,0.0,0.0,0.0
2026-08-18,18.18000030517578,18.209999084472656,18.18000030517578,18.200000762939453,17.846275329589844,2964600,0.0,0.0,0.0
2026-08-19,18.209999084472656,18.209999084472656,18.190000534057617,18.209999084472656,17.856077194213867,1664300,0.0,0.0,0.0
2026-08-20,18.218000411987305,18.239999771118164,18.200000762939453,18.229999542236328,17.875690460205078,3587200,0.0,0.0,0.0
2026-08-21,18.31999969482422,18.350000381469727,18.190000534057617,18.31999969482422,17.963939666748047,4723400,0.0,0.0,0.0
2026-08-24,18.079999923706055,18.110000610351562,18.0,18.059999465942383,17.887676239013672,3647700,0.183,0.0,0.0
2026-08-25,18.110000610351562,18.149999618530273,18.06999969482422,18.1299991607666,17.957006454467773,5149500,0.0,0.0,0.0
2026-08-26,18.09000015258789,18.170000076293945,18.09000015258789,18.149999618530273,17.976816177368164,4891500,0.0,0.0,0.0
2026-08-27,18.219999313354492,18.280000686645508,18.200000762939453,18.280000686645508,18.10557746887207,7592400,0.0,0.0,0.0
2026-08-28,18.260000228881836,18.31999969482422,18.229999542236328,18.260000228881836,18.08576774597168,5648600,0.0,0.0,0.0
2026-08-31,18.25,18.290000915527344,18.229999542236328,18.280000686645508,18.10557746887207,5942700,0.0,0.0,0.0
2026-09-01,18.200000762939453,18.239999771118164,18.110000610351562,18.170000076293945,17.996625900268555,5241500,0.0,0.0,0.0
2026-09-02,18.149999618530273,18.219999313354492,18.1299991607666,18.209999084472656,18.036243438720703,5642000,0.0,0.0,0.0
2026-09-03,18.219999313354492,18.329999923706055,18.209999084472656,18.329999923706055,18.155099868774414,3700400,0.0,0.0,0.0
2026-09-04,18.334999084472656,18.360000610351562,18.31999969482422,18.360000610351562,18.184814453125,3760700,0.0,0.0,0.0
2026-09-08,18.375,18.3799991607666,18.31999969482422,18.3700008392334,18.194719314575195,3454000,0.0,0.0,0.0
2026-09-09,18.329999923706055,18.3700008392334,18.309999465942383,18.34000015258789,18.16500473022461,2551700,0.0,0.0,0.0
2026-09-10,18.219999313354492,18.299999237060547,18.209999084472656,18.239999771118164,18.06595802307129,2540000,0.0,0.0,0.0
2026-09-11,18.329999923706055,18.399999618530273,18.329999923706055,18.3700008392334,18.194719314575195,2336600,0.0,0.0,0.0
2026-09-14,18.200000762939453,18.3799991607666,18.198999404907227,18.31999969482422,18.14519500732422,3158100,0.0,0.0,0.0
2026-09-15,18.329999923706055,18.350000381469727,18.239999771118164,18.25,18.075862884521484,2766000,0.0,0.0,0.0
2026-09-16,18.34000015258789,18.399999618530273,18.18000030517578,18.299999237060547,18.125385284423828,3848400,0.0,0.0,0.0
2026-09-17,18.440000534057617,18.540000915527344,18.440000534057617,18.520000457763672,18.343286514282227,5370700,0.0,0.0,0.0
2026-09-18,18.56999969482422,18.579999923706055,18.469999313354492,18.549999237060547,18.37299919128418,3832900,0.0,0.0,0.0
2026-09-21,18.469999313354492,18.530000686645508,18.459999084472656,18.530000686645508,18.530000686645508,6522700,0.177,0.0,0.0
2026-09-22,18.514999389648438,18.559999465942383,18.510000228881836,18.549999237060547,18.549999237060547,3436800,0.0,0.0,0.0
2026-09-23,18.549999237060547,18.559999465942383,18.5,18.510000228881836,18.510000228881836,3005400,0.0,0.0,0.0
2026-09-24,18.472000122070312,18.540000915527344,18.472000122070312,18.530000686645508,18.530000686645508,4733600,0.0,0.0,0.0
2026-09-25,18.530000686645508,18.56999969482422,18.520000457763672,18.549999237060547,18.549999237060547,3714900,0.0,0.0,0.0
2026-09-28,18.540000915527344,18.549999237060547,18.489999771118164,18.520000457763672,18.520000457763672,2669400,0.0,0.0,0.0
2026-09-29,18.549999237060547,18.559999465942383,18.520000457763672,18.549999237060547,18.549999237060547,3315900,0.0,0.0,0.0
