Date,Open,High,Low,Close,Adj Close,Volume,Dividends,Stock Splits,Capital Gains
2022-08-30,49.900001525878906,49.900001525878906,48.97999954223633,49.125999450683594,30.292753219604492,5500,0.0,0.0,0.0
2022-08-31,49.11000061035156,49.11000061035156,48.874000549316406,48.874000549316406,30.13736915588379,200,0.0,0.0,0.0
2022-09-01,48.72999954223633,48.88800048828125,48.72999954223633,48.88800048828125,30.146007537841797,1000,0.0,0.0,0.0
2022-09-02,48.619998931884766,48.66999816894531,48.60200119018555,48.60200119018555,29.969646453857422,3100,0.0,0.0,0.0
2022-09-06,48.459999084472656,48.470001220703125,48.439998626708984,48.439998626708984,29.869747161865234,2300,0.0,0.0,0.0
2022-09-07,49.33000183105469,49.33000183105469,49.150001525878906,49.150001525878906,30.307559967041016,1100,0.0,0.0,0.0
2022-09-08,49.25899887084961,49.25899887084961,49.25899887084961,49.25899887084961,30.37477684020996,200,0.0,0.0,0.0
2022-09-09,49.935001373291016,49.935001373291016,49.935001373291016,49.935001373291016,30.791608810424805,100,0.0,0.0,0.0
2022-09-12,50.18199920654297,50.18199920654297,50.18199920654297,50.18199920654297,30.943910598754883,100,0.0,0.0,0.0
2022-09-13,48.78900146484375,48.78900146484375,48.78900146484375,48.78900146484375,30.08494758605957,100,0.0,0.0,0.0
2022-09-14,48.970001220703125,48.970001220703125,48.90299987792969,48.90299987792969,30.155250549316406,300,0.0,0.0,0.0
2022-09-15,48.54600143432617,48.54600143432617,48.54600143432617,48.54600143432617,29.935115814208984,100,0.0,0.0,0.0
2022-09-16,48.270999908447266,48.270999908447266,48.270999908447266,48.270999908447266,29.765525817871094,0,0.0,0.0,0.0
2022-09-19,48.52299880981445,48.52299880981445,48.52299880981445,48.52299880981445,29.92093276977539,100,0.0,0.0,0.0
2022-09-20,48.08700180053711,48.08700180053711,48.08700180053711,48.08700180053711,29.652076721191406,100,0.0,0.0,0.0
2022-09-21,48.27000045776367,48.290000915527344,47.02000045776367,47.02000045776367,29.289539337158203,21200,0.485,0.0,0.0
2022-09-22,46.709999084472656,46.709999084472656,46.560001373291016,46.667999267578125,29.07027244567871,10700,0.0,0.0,0.0
2022-09-23,45.959999084472656,45.959999084472656,45.784000396728516,45.784000396728516,28.519601821899414,300,0.0,0.0,0.0
2022-09-26,45.400001525878906,45.48400115966797,45.400001525878906,45.48400115966797,28.332738876342773,400,0.0,0.0,0.0
2022-09-27,45.314998626708984,45.400001525878906,45.314998626708984,45.314998626708984,28.227460861206055,2000,0.0,0.0,0.0
2022-09-28,46.31999969482422,46.400001525878906,46.233001708984375,46.233001708984375,28.799312591552734,4000,0.0,0.0,0.0
2022-09-29,45.25,45.25,45.25,45.25,28.18697166442871,100,0.0,0.0,0.0
2022-09-30,45.209999084472656,45.209999084472656,44.61399841308594,44.61399841308594,27.790802001953125,2300,0.0,0.0,0.0
2022-10-03,45.540000915527344,45.540000915527344,45.41999816894531,45.41999816894531,28.292871475219727,300,0.0,0.0,0.0
2022-10-04,46.22700119018555,46.22700119018555,46.22700119018555,46.22700119018555,28.795568466186523,100,0.0,0.0,0.0
2022-10-05,46.207000732421875,46.207000732421875,46.207000732421875,46.207000732421875,28.783109664916992,300,0.0,0.0,0.0
2022-10-06,45.95500183105469,45.95500183105469,45.95500183105469,45.95500183105469,28.626136779785156,100,0.0,0.0,0.0
2022-10-07,45.38999938964844,45.38999938964844,45.17300033569336,45.17300033569336,28.139026641845703,200,0.0,0.0,0.0
2022-10-10,44.76499938964844,44.972999572753906,44.76499938964844,44.972999572753906,28.014421463012695,500,0.0,0.0,0.0
2022-10-11,44.7400016784668,44.7400016784668,44.73500061035156,44.73500061035156,27.86617660522461,100,0.0,0.0,0.0
2022-10-12,44.869998931884766,44.869998931884766,44.659000396728516,44.659000396728516,27.818838119506836,300,0.0,0.0,0.0
2022-10-13,45.457000732421875,45.457000732421875,45.457000732421875,45.457000732421875,28.315929412841797,300,0.0,0.0,0.0
2022-10-14,44.75600051879883,44.75600051879883,44.75600051879883,44.75600051879883,27.879257202148438,100,0.0,0.0,0.0
2022-10-17,45.099998474121094,45.57899856567383,45.099998474121094,45.57899856567383,28.39192008972168,200,0.0,0.0,0.0
2022-10-18,46.20000076293945,46.20000076293945,45.8390007019043,45.8390007019043,28.553869247436523,9100,0.0,0.0,0.0
2022-10-19,45.0,45.7599983215332,44.7400016784668,45.715999603271484,28.477258682250977,20600,0.0,0.0,0.0
2022-10-20,45.59600067138672,45.59600067138672,45.59600067138672,45.59600067138672,28.402498245239258,100,0.0,0.0,0.0
2022-10-21,45.849998474121094,46.5099983215332,45.83000183105469,46.5099983215332,28.971845626831055,10800,0.0,0.0,0.0
2022-10-24,46.43199920654297,46.43199920654297,46.400001525878906,46.40999984741211,28.9095516204834,2100,0.0,0.0,0.0
2022-10-25,46.90800094604492,46.90800094604492,46.90800094604492,46.90800094604492,29.219768524169922,100,0.0,0.0,0.0
2022-10-26,46.529998779296875,46.72999954223633,46.40599822998047,46.40599822998047,29.196487426757812,15800,0.465,0.0,0.0
2022-10-27,46.209999084472656,46.5099983215332,46.18000030517578,46.41999816894531,29.20529556274414,1000,0.0,0.0,0.0
2022-10-28,46.862998962402344,46.862998962402344,46.862998962402344,46.862998962402344,29.484020233154297,100,0.0,0.0,0.0
2022-10-31,46.72999954223633,46.849998474121094,46.72700119018555,46.72700119018555,29.398456573486328,15900,0.0,0.0,0.0
2022-11-01,46.63999938964844,46.63999938964844,46.595001220703125,46.595001220703125,29.31539535522461,11000,0.0,0.0,0.0
2022-11-02,45.652000427246094,45.652000427246094,45.652000427246094,45.652000427246094,28.72211456298828,100,0.0,0.0,0.0
2022-11-03,45.470001220703125,45.470001220703125,45.196998596191406,45.196998596191406,28.435861587524414,200,0.0,0.0,0.0
2022-11-04,45.599998474121094,45.70800018310547,45.518001556396484,45.70800018310547,28.757343292236328,800,0.0,0.0,0.0
2022-11-07,46.14400100708008,46.14400100708008,46.14400100708008,46.14400100708008,29.031661987304688,100,0.0,0.0,0.0
2022-11-08,46.38999938964844,46.391998291015625,46.38999938964844,46.391998291015625,29.18769645690918,100,0.0,0.0,0.0
2022-11-09,45.619998931884766,45.630001068115234,45.619998931884766,45.619998931884766,28.701976776123047,300,0.0,0.0,0.0
2022-11-10,47.29999923706055,47.790000915527344,47.29999923706055,47.69300079345703,30.006221771240234,400,0.0,0.0,0.0
2022-11-11,48.09400177001953,48.09400177001953,48.09400177001953,48.09400177001953,30.25850486755371,100,0.0,0.0,0.0
2022-11-14,47.869998931884766,47.869998931884766,47.83300018310547,47.83300018310547,30.094295501708984,100,0.0,0.0,0.0
2022-11-15,48.3650016784668,48.459999084472656,48.15700149536133,48.15700149536133,30.298145294189453,2300,0.0,0.0,0.0
2022-11-16,47.92100143432617,47.92100143432617,47.92100143432617,47.92100143432617,30.1496524810791,100,0.0,0.0,0.0
2022-11-17,47.72999954223633,47.73500061035156,47.72999954223633,47.73500061035156,30.032638549804688,200,0.0,0.0,0.0
2022-11-18,47.849998474121094,48.029998779296875,47.849998474121094,47.992000579833984,30.194326400756836,1200,0.0,0.0,0.0
2022-11-21,47.939998626708984,47.939998626708984,47.893001556396484,47.893001556396484,30.132043838500977,300,0.0,0.0,0.0
2022-11-22,48.39500045776367,48.39500045776367,48.39500045776367,48.39500045776367,30.447874069213867,100,0.0,0.0,0.0
2022-11-23,48.349998474121094,48.349998474121094,48.066001892089844,48.066001892089844,30.542551040649414,6300,0.478,0.0,0.0
2022-11-25,48.08000183105469,48.08000183105469,48.08000183105469,48.08000183105469,30.55145263671875,100,0.0,0.0,0.0
2022-11-28,47.529998779296875,47.542999267578125,47.380001068115234,47.542999267578125,30.210233688354492,2200,0.0,0.0,0.0
2022-11-29,47.49800109863281,47.49800109863281,47.49800109863281,47.49800109863281,30.18163299560547,100,0.0,0.0,0.0
2022-11-30,48.38999938964844,48.45899963378906,48.380001068115234,48.45899963378906,30.792278289794922,1900,0.0,0.0,0.0
2022-12-01,48.53499984741211,48.53499984741211,48.53499984741211,48.53499984741211,30.8405704498291,100,0.0,0.0,0.0
2022-12-02,48.11000061035156,48.5260009765625,48.099998474121094,48.5260009765625,30.834856033325195,500,0.0,0.0,0.0
2022-12-05,48.099998474121094,48.099998474121094,47.88199996948242,47.88199996948242,30.425636291503906,300,0.0,0.0,0.0
2022-12-06,47.27399826049805,47.27399826049805,47.27399826049805,47.27399826049805,30.039304733276367,100,0.0,0.0,0.0
2022-12-07,47.21699905395508,47.21699905395508,47.21699905395508,47.21699905395508,30.003074645996094,300,0.0,0.0,0.0
2022-12-08,47.66999816894531,47.66999816894531,47.518001556396484,47.518001556396484,30.194337844848633,100,0.0,0.0,0.0
2022-12-09,47.24599838256836,47.24599838256836,47.24599838256836,47.24599838256836,30.02150535583496,100,0.0,0.0,0.0
2022-12-12,47.744998931884766,47.744998931884766,47.744998931884766,47.744998931884766,30.338579177856445,100,0.0,0.0,0.0
2022-12-13,48.137001037597656,48.137001037597656,48.137001037597656,48.137001037597656,30.587663650512695,100,0.0,0.0,0.0
2022-12-14,48.00699996948242,48.00699996948242,48.00699996948242,48.00699996948242,30.50506591796875,100,0.0,0.0,0.0
2022-12-15,47.189998626708984,47.189998626708984,46.944000244140625,46.944000244140625,29.829605102539062,400,0.0,0.0,0.0
2022-12-16,46.54499816894531,46.54499816894531,46.54499816894531,46.54499816894531,29.57607078552246,100,0.0,0.0,0.0
2022-12-19,46.0,46.106998443603516,45.9900016784668,46.106998443603516,29.29775047302246,700,0.0,0.0,0.0
2022-12-20,46.18000030517578,46.18000030517578,46.1609992980957,46.1609992980957,29.332063674926758,100,0.0,0.0,0.0
2022-12-21,46.505001068115234,46.939998626708984,46.459999084472656,46.78099822998047,29.726024627685547,1600,0.0,0.0,0.0
2022-12-22,45.9900016784668,46.13800048828125,45.61000061035156,46.13800048828125,29.31745719909668,400,0.0,0.0,0.0
2022-12-23,46.0,46.0,45.84000015258789,45.987998962402344,29.517072677612305,8800,0.461,0.0,0.0
2022-12-27,45.81399917602539,45.81399917602539,45.81399917602539,45.81399917602539,29.40538787841797,100,0.0,0.0,0.0
2022-12-28,45.540000915527344,46.66299819946289,45.540000915527344,46.66299819946289,29.95030975341797,1900,0.0,0.0,0.0
2022-12-29,46.07899856567383,46.07899856567383,46.07899856567383,46.07899856567383,29.57546615600586,300,0.0,0.0,0.0
2022-12-30,46.029998779296875,46.04199981689453,46.029998779296875,46.04199981689453,29.55171775817871,200,0.0,0.0,0.0
2023-01-03,46.2599983215332,46.27000045776367,45.849998474121094,46.020999908447266,29.538246154785156,2300,0.0,0.0,0.0
2023-01-04,46.14500045776367,46.31999969482422,46.14500045776367,46.2140007019043,29.662120819091797,1000,0.0,0.0,0.0
2023-01-05,46.0,46.0359992980957,45.86000061035156,45.917999267578125,29.472129821777344,900,0.0,0.0,0.0
2023-01-06,46.34000015258789,46.637001037597656,46.34000015258789,46.637001037597656,29.933622360229492,100,0.0,0.0,0.0
2023-01-09,46.810001373291016,46.810001373291016,46.58599853515625,46.58599853515625,29.9008731842041,1700,0.0,0.0,0.0
2023-01-10,46.72999954223633,46.78300094604492,46.72999954223633,46.78300094604492,30.027328491210938,200,0.0,0.0,0.0
2023-01-11,46.92499923706055,47.08599853515625,46.92499923706055,47.08599853515625,30.221803665161133,600,0.0,0.0,0.0
2023-01-12,47.040000915527344,47.30500030517578,47.040000915527344,47.30500030517578,30.36237144470215,700,0.0,0.0,0.0
2023-01-13,47.27000045776367,47.46500015258789,47.27000045776367,47.46500015258789,30.465065002441406,2900,0.0,0.0,0.0
2023-01-17,47.34000015258789,47.4379997253418,47.34000015258789,47.43000030517578,30.44260025024414,300,0.0,0.0,0.0
2023-01-18,47.060001373291016,47.060001373291016,47.060001373291016,47.060001373291016,30.205123901367188,100,0.0,0.0,0.0
2023-01-19,46.87900161743164,46.87900161743164,46.87900161743164,46.87900161743164,30.088939666748047,100,0.0,0.0,0.0
2023-01-20,47.095001220703125,47.36800003051758,47.095001220703125,47.36800003051758,30.40281105041504,2400,0.0,0.0,0.0
2023-01-23,47.65999984741211,47.685001373291016,47.64400100708008,47.66999816894531,30.596633911132812,1400,0.0,0.0,0.0
2023-01-24,47.709999084472656,47.709999084472656,47.68000030517578,47.68000030517578,30.603069305419922,2200,0.0,0.0,0.0
2023-01-25,47.09000015258789,47.21200180053711,47.09000015258789,47.21200180053711,30.302688598632812,200,0.0,0.0,0.0
2023-01-26,46.709999084472656,47.43000030517578,46.709999084472656,47.42900085449219,30.441959381103516,500,0.0,0.0,0.0
2023-01-27,47.5359992980957,47.5359992980957,47.5359992980957,47.5359992980957,30.51064109802246,100,0.0,0.0,0.0
2023-01-30,47.375,47.375,47.28900146484375,47.28900146484375,30.352100372314453,800,0.0,0.0,0.0
2023-01-31,47.334999084472656,47.540000915527344,47.334999084472656,47.470001220703125,30.46828269958496,4000,0.0,0.0,0.0
2023-02-01,47.54999923706055,47.88999938964844,47.47999954223633,47.803001403808594,30.68202018737793,800,0.0,0.0,0.0
2023-02-02,48.45000076293945,48.53499984741211,48.41699981689453,48.41699981689453,31.076093673706055,13200,0.0,0.0,0.0
2023-02-03,48.349998474121094,48.4900016784668,48.15800094604492,48.15800094604492,30.90985679626465,900,0.0,0.0,0.0
2023-02-06,47.970001220703125,49.08000183105469,47.970001220703125,49.029998779296875,31.46955680847168,1900,0.0,0.0,0.0
2023-02-07,47.970001220703125,48.404998779296875,47.970001220703125,48.404998779296875,31.068401336669922,5400,0.0,0.0,0.0
2023-02-08,48.75,48.75,48.0,48.03200149536133,30.82899284362793,15000,0.0,0.0,0.0
2023-02-09,48.31800079345703,48.31800079345703,47.76100158691406,47.76100158691406,30.655046463012695,800,0.0,0.0,0.0
2023-02-10,47.834999084472656,47.834999084472656,47.834999084472656,47.834999084472656,30.70254898071289,100,0.0,0.0,0.0
2023-02-13,48.09000015258789,48.17599868774414,48.09000015258789,48.17599868774414,30.921422958374023,5400,0.0,0.0,0.0
2023-02-14,48.349998474121094,48.349998474121094,48.04999923706055,48.3380012512207,31.025381088256836,2200,0.0,0.0,0.0
2023-02-15,48.31999969482422,48.43000030517578,48.31999969482422,48.38800048828125,31.057477951049805,400,0.0,0.0,0.0
2023-02-16,48.35200119018555,48.779998779296875,48.04499816894531,48.04499816894531,30.837337493896484,800,0.0,0.0,0.0
2023-02-17,48.0,48.0,47.73899841308594,47.9640007019043,30.785348892211914,1900,0.0,0.0,0.0
2023-02-21,47.70000076293945,47.70000076293945,47.263999938964844,47.263999938964844,30.3360538482666,600,0.0,0.0,0.0
2023-02-22,47.41999816894531,49.380001068115234,47.130001068115234,47.15999984741211,30.269290924072266,8100,0.0,0.0,0.0
2023-02-23,46.959999084472656,46.98500061035156,46.689998626708984,46.98500061035156,30.46185302734375,1300,0.472,0.0,0.0
2023-02-24,46.547000885009766,46.547000885009766,46.547000885009766,46.547000885009766,30.17789077758789,100,0.0,0.0,0.0
2023-02-27,46.66999816894531,47.209999084472656,46.65999984741211,46.68000030517578,30.26410675048828,14300,0.0,0.0,0.0
2023-02-28,46.65999984741211,46.880001068115234,46.61899948120117,46.61899948120117,30.224571228027344,700,0.0,0.0,0.0
2023-03-01,46.9900016784668,46.9900016784668,46.27000045776367,46.32699966430664,30.035249710083008,2400,0.0,0.0,0.0
2023-03-02,46.290000915527344,46.66899871826172,46.27000045776367,46.66899871826172,30.256982803344727,2100,0.0,0.0,0.0
2023-03-03,46.88999938964844,47.150001525878906,46.88999938964844,47.150001525878906,30.568828582763672,700,0.0,0.0,0.0
2023-03-06,49.5099983215332,49.5099983215332,47.27299880981445,47.27299880981445,30.648571014404297,1700,0.0,0.0,0.0
2023-03-07,47.02000045776367,47.02000045776367,46.81999969482422,46.81999969482422,30.354881286621094,1000,0.0,0.0,0.0
2023-03-08,46.970001220703125,46.970001220703125,46.790000915527344,46.858001708984375,30.37952423095703,13000,0.0,0.0,0.0
2023-03-09,46.189998626708984,46.189998626708984,46.18899917602539,46.18899917602539,29.945781707763672,200,0.0,0.0,0.0
2023-03-10,46.0,46.040000915527344,45.52000045776367,45.61600112915039,29.574295043945312,3200,0.0,0.0,0.0
2023-03-13,45.56999969482422,46.31999969482422,45.56999969482422,45.65999984741211,29.602821350097656,13900,0.0,0.0,0.0
2023-03-14,46.23099899291992,46.23099899291992,46.21500015258789,46.21500015258789,29.9626407623291,400,0.0,0.0,0.0
2023-03-15,45.93199920654297,45.93199920654297,45.93199920654297,45.93199920654297,29.779155731201172,100,0.0,0.0,0.0
2023-03-16,46.09000015258789,46.722999572753906,46.09000015258789,46.722999572753906,30.291994094848633,400,0.0,0.0,0.0
2023-03-17,46.220001220703125,46.310001373291016,46.220001220703125,46.28300094604492,30.006732940673828,2400,0.0,0.0,0.0
2023-03-20,46.599998474121094,46.650001525878906,46.540000915527344,46.62900161743164,30.231061935424805,17200,0.0,0.0,0.0
2023-03-21,47.01499938964844,47.14899826049805,46.935001373291016,47.05699920654297,30.50853157043457,4100,0.0,0.0,0.0
2023-03-22,46.63999938964844,46.720001220703125,46.183998107910156,46.183998107910156,30.242021560668945,2800,0.466,0.0,0.0
2023-03-23,46.28099822998047,46.28099822998047,46.28099822998047,46.28099822998047,30.305532455444336,400,0.0,0.0,0.0
2023-03-24,46.08000183105469,46.375999450683594,46.08000183105469,46.375999450683594,30.367748260498047,1500,0.0,0.0,0.0
2023-03-27,45.90999984741211,46.69499969482422,45.90999984741211,46.5,30.448957443237305,2500,0.0,0.0,0.0
2023-03-28,46.45500183105469,46.47999954223633,46.45500183105469,46.46500015258789,30.426023483276367,700,0.0,0.0,0.0
2023-03-29,46.93000030517578,46.98500061035156,46.64500045776367,46.98500061035156,30.766529083251953,2700,0.0,0.0,0.0
2023-03-30,47.22999954223633,47.22999954223633,47.21099853515625,47.21500015258789,30.91715431213379,700,0.0,0.0,0.0
2023-03-31,47.439998626708984,47.597999572753906,47.439998626708984,47.597999572753906,31.167926788330078,700,0.0,0.0,0.0
2023-04-03,48.0,48.0,47.630001068115234,47.8120002746582,31.30806541442871,800,0.0,0.0,0.0
2023-04-04,47.65999984741211,47.65999984741211,47.599998474121094,47.604000091552734,31.171873092651367,11800,0.0,0.0,0.0
2023-04-05,47.56100082397461,47.56100082397461,47.56100082397461,47.56100082397461,31.14371681213379,100,0.0,0.0,0.0
2023-04-06,47.422000885009766,47.729000091552734,47.422000885009766,47.729000091552734,31.253721237182617,500,0.0,0.0,0.0
2023-04-10,47.630001068115234,47.79999923706055,47.619998931884766,47.76300048828125,31.275976181030273,2300,0.0,0.0,0.0
2023-04-11,47.79999923706055,47.93000030517578,47.779998779296875,47.78499984741211,31.29039192199707,5600,0.0,0.0,0.0
2023-04-12,47.75,47.75,47.66299819946289,47.66299819946289,31.21050262451172,2700,0.0,0.0,0.0
2023-04-13,47.869998931884766,48.14099884033203,47.869998931884766,48.14099884033203,31.52349853515625,700,0.0,0.0,0.0
2023-04-14,48.290000915527344,48.290000915527344,48.0,48.11600112915039,31.50712776184082,11900,0.0,0.0,0.0
2023-04-17,48.215999603271484,48.262001037597656,48.215999603271484,48.262001037597656,31.602737426757812,600,0.0,0.0,0.0
2023-04-18,48.290000915527344,48.38999938964844,48.290000915527344,48.38999938964844,31.68654441833496,29000,0.0,0.0,0.0
2023-04-19,48.400001525878906,48.400001525878906,48.183998107910156,48.27000045776367,31.607969284057617,11600,0.0,0.0,0.0
2023-04-20,48.099998474121094,48.209999084472656,48.060001373291016,48.08000183105469,31.48356056213379,15700,0.0,0.0,0.0
2023-04-21,48.0099983215332,48.23500061035156,48.0099983215332,48.23500061035156,31.585050582885742,15600,0.0,0.0,0.0
2023-04-24,48.66999816894531,48.66999816894531,48.150001525878906,48.268001556396484,31.606664657592773,3600,0.0,0.0,0.0
2023-04-25,48.7400016784668,48.7400016784668,47.709999084472656,47.709999084472656,31.24127769470215,4700,0.0,0.0,0.0
2023-04-26,46.689998626708984,47.38999938964844,46.689998626708984,47.10499954223633,31.15989875793457,86700,0.482,0.0,0.0
2023-04-27,47.310001373291016,47.91999816894531,47.310001373291016,47.845001220703125,31.649425506591797,7900,0.0,0.0,0.0
2023-04-28,47.83000183105469,48.18000030517578,47.83000183105469,48.18000030517578,31.87102508544922,5300,0.0,0.0,0.0
2023-05-01,48.650001525878906,48.650001525878906,48.21900177001953,48.21900177001953,31.896827697753906,4300,0.0,0.0,0.0
2023-05-02,48.099998474121094,48.099998474121094,47.60200119018555,47.86899948120117,31.665300369262695,15300,0.0,0.0,0.0
2023-05-03,47.91999816894531,47.94499969482422,47.558998107910156,47.558998107910156,31.46023941040039,3700,0.0,0.0,0.0
2023-05-04,47.28900146484375,47.369998931884766,47.209999084472656,47.349998474121094,31.32197380065918,7000,0.0,0.0,0.0
2023-05-05,47.83000183105469,48.33000183105469,47.83000183105469,48.0,31.7519588470459,6800,0.0,0.0,0.0
2023-05-08,48.0,48.09000015258789,48.0,48.06800079345703,31.796932220458984,1200,0.0,0.0,0.0
2023-05-09,48.060001373291016,48.380001068115234,47.900001525878906,47.900001525878906,31.68580436706543,5200,0.0,0.0,0.0
2023-05-10,48.00299835205078,48.11600112915039,47.720001220703125,48.11600112915039,31.828685760498047,15400,0.0,0.0,0.0
2023-05-11,47.97999954223633,48.02899932861328,47.86000061035156,48.02899932861328,31.771141052246094,800,0.0,0.0,0.0
2023-05-12,48.09000015258789,48.11000061035156,47.84700012207031,47.99700164794922,31.74996566772461,1500,0.0,0.0,0.0
2023-05-15,48.099998474121094,48.220001220703125,48.04100036621094,48.119998931884766,31.83133316040039,4500,0.0,0.0,0.0
2023-05-16,48.029998779296875,48.060001373291016,47.959999084472656,47.959999084472656,31.725492477416992,2700,0.0,0.0,0.0
2023-05-17,48.130001068115234,48.37099838256836,48.08000183105469,48.37099838256836,31.99737548828125,900,0.0,0.0,0.0
2023-05-18,48.380001068115234,48.71500015258789,48.380001068115234,48.71500015258789,32.22492980957031,9400,0.0,0.0,0.0
2023-05-19,49.040000915527344,49.040000915527344,48.6150016784668,48.6619987487793,32.18986511230469,13500,0.0,0.0,0.0
2023-05-22,48.650001525878906,48.80099868774414,48.61000061035156,48.66999816894531,32.19515609741211,6300,0.0,0.0,0.0
2023-05-23,49.13999938964844,49.13999938964844,48.34000015258789,48.369998931884766,31.99671173095703,14100,0.0,0.0,0.0
2023-05-24,48.060001373291016,48.060001373291016,47.400001525878906,47.53300094604492,31.762828826904297,11300,0.487,0.0,0.0
2023-05-25,48.33000183105469,48.33000183105469,47.73500061035156,47.95000076293945,32.04148483276367,64300,0.0,0.0,0.0
2023-05-26,48.290000915527344,48.45500183105469,48.04999923706055,48.39899826049805,32.341514587402344,119800,0.0,0.0,0.0
2023-05-30,49.0099983215332,49.0099983215332,48.349998474121094,48.470001220703125,32.38896942138672,36400,0.0,0.0,0.0
2023-05-31,48.59000015258789,48.59000015258789,48.150001525878906,48.31999969482422,32.288726806640625,47000,0.0,0.0,0.0
2023-06-01,48.709999084472656,48.720001220703125,48.26499938964844,48.619998931884766,32.48918914794922,51200,0.0,0.0,0.0
2023-06-02,48.7400016784668,49.08000183105469,48.7400016784668,49.029998779296875,32.76316833496094,94600,0.0,0.0,0.0
2023-06-05,49.43000030517578,50.09000015258789,48.939998626708984,48.9900016784668,32.73644256591797,126200,0.0,0.0,0.0
2023-06-06,49.15999984741211,49.15999984741211,48.95000076293945,49.099998474121094,32.8099479675293,121600,0.0,0.0,0.0
2023-06-07,49.36000061035156,49.36000061035156,49.0,49.02000045776367,32.75648498535156,124300,0.0,0.0,0.0
2023-06-08,49.349998474121094,49.349998474121094,49.02000045776367,49.22999954223633,32.89680862426758,161900,0.0,0.0,0.0
2023-06-09,49.470001220703125,49.5,49.20000076293945,49.2599983215332,32.9168586730957,116300,0.0,0.0,0.0
2023-06-12,49.43000030517578,49.5,49.27000045776367,49.459999084472656,33.05051040649414,217600,0.0,0.0,0.0
2023-06-13,49.790000915527344,49.790000915527344,49.47999954223633,49.56999969482422,33.12400436401367,229000,0.0,0.0,0.0
2023-06-14,49.650001525878906,49.67399978637695,49.459999084472656,49.560001373291016,33.117340087890625,146800,0.0,0.0,0.0
2023-06-15,49.70000076293945,49.869998931884766,49.61000061035156,49.810001373291016,33.28437805175781,148400,0.0,0.0,0.0
2023-06-16,49.869998931884766,49.880001068115234,49.75,49.790000915527344,33.27101516723633,161700,0.0,0.0,0.0
2023-06-20,49.83000183105469,49.869998931884766,49.599998474121094,49.75,33.244285583496094,205300,0.0,0.0,0.0
2023-06-21,49.75,49.79999923706055,49.599998474121094,49.68000030517578,33.19750213623047,175300,0.0,0.0,0.0
2023-06-22,49.16999816894531,49.27899932861328,49.099998474121094,49.2599983215332,33.24948501586914,112100,0.497,0.0,0.0
2023-06-23,49.13999938964844,49.198001861572266,49.060001373291016,49.13999938964844,33.16850280761719,106600,0.0,0.0,0.0
2023-06-26,49.13999938964844,49.189998626708984,49.02000045776367,49.04999923706055,33.10773468017578,130200,0.0,0.0,0.0
2023-06-27,49.220001220703125,49.29999923706055,49.064998626708984,49.279998779296875,33.26298141479492,203800,0.0,0.0,0.0
2023-06-28,49.310001373291016,49.369998931884766,49.20600128173828,49.33000183105469,33.296730041503906,104900,0.0,0.0,0.0
2023-06-29,49.33000183105469,49.39899826049805,49.279998779296875,49.369998931884766,33.3237190246582,166500,0.0,0.0,0.0
2023-06-30,49.380001068115234,49.68000030517578,49.380001068115234,49.63999938964844,33.5059700012207,137700,0.0,0.0,0.0
2023-07-03,49.77000045776367,49.77000045776367,49.56999969482422,49.63999938964844,33.5059700012207,136700,0.0,0.0,0.0
2023-07-05,49.63999938964844,49.650001525878906,49.5099983215332,49.595001220703125,33.475608825683594,108600,0.0,0.0,0.0
2023-07-06,49.599998474121094,49.599998474121094,49.029998779296875,49.290000915527344,33.26974105834961,220800,0.0,0.0,0.0
2023-07-07,49.380001068115234,49.54999923706055,49.150001525878906,49.20000076293945,33.208988189697266,117800,0.0,0.0,0.0
2023-07-10,49.310001373291016,49.33000183105469,49.099998474121094,49.310001373291016,33.28322982788086,181400,0.0,0.0,0.0
2023-07-11,49.40999984741211,49.54999923706055,49.25,49.54999923706055,33.445220947265625,122500,0.0,0.0,0.0
2023-07-12,49.869998931884766,49.95000076293945,49.7599983215332,49.84000015258789,33.64097213745117,194700,0.0,0.0,0.0
2023-07-13,50.040000915527344,50.17100143432617,49.9900016784668,50.13999938964844,33.84346008300781,209800,0.0,0.0,0.0
2023-07-14,50.13999938964844,50.2599983215332,50.029998779296875,50.11000061035156,33.823211669921875,162000,0.0,0.0,0.0
2023-07-17,50.15999984741211,50.29999923706055,50.04999923706055,50.189998626708984,33.87721252441406,239000,0.0,0.0,0.0
2023-07-18,50.27000045776367,50.45500183105469,50.159000396728516,50.40999984741211,34.02571487426758,210100,0.0,0.0,0.0
2023-07-19,50.5,50.58000183105469,50.43000030517578,50.470001220703125,34.06621551513672,194200,0.0,0.0,0.0
2023-07-20,50.45000076293945,50.527000427246094,50.27000045776367,50.349998474121094,33.9852180480957,115500,0.0,0.0,0.0
2023-07-21,50.529998779296875,50.529998779296875,50.34000015258789,50.369998931884766,33.99871063232422,92000,0.0,0.0,0.0
2023-07-24,50.459999084472656,50.54999923706055,50.400001525878906,50.4900016784668,34.079708099365234,168800,0.0,0.0,0.0
2023-07-25,50.4900016784668,50.619998931884766,50.45500183105469,50.540000915527344,34.113468170166016,115500,0.0,0.0,0.0
2023-07-26,50.09000015258789,50.137001037597656,49.9900016784668,50.0099983215332,34.09641647338867,195100,0.505,0.0,0.0
2023-07-27,50.31999969482422,50.349998474121094,49.88999938964844,49.959999084472656,34.06232452392578,161400,0.0,0.0,0.0
2023-07-28,50.099998474121094,50.27000045776367,50.04999923706055,50.25,34.26005172729492,191700,0.0,0.0,0.0
2023-07-31,50.279998779296875,50.31999969482422,50.20000076293945,50.220001220703125,34.23958206176758,168600,0.0,0.0,0.0
2023-08-01,50.20000076293945,50.27000045776367,50.11000061035156,50.25,34.26005172729492,105500,0.0,0.0,0.0
2023-08-02,49.97999954223633,50.03499984741211,49.60900115966797,49.689998626708984,33.87825012207031,233100,0.0,0.0,0.0
2023-08-03,49.720001220703125,49.77000045776367,49.40999984741211,49.61000061035156,33.823699951171875,95800,0.0,0.0,0.0
2023-08-04,49.810001373291016,49.981998443603516,49.34000015258789,49.38999938964844,33.6737174987793,120500,0.0,0.0,0.0
2023-08-07,49.599998474121094,49.790000915527344,49.5,49.790000915527344,33.94641876220703,286000,0.0,0.0,0.0
2023-08-08,49.599998474121094,49.630001068115234,49.20000076293945,49.619998931884766,33.83051681518555,193600,0.0,0.0,0.0
2023-08-09,49.70000076293945,49.70000076293945,49.20000076293945,49.31999969482422,33.62598419189453,173700,0.0,0.0,0.0
2023-08-10,49.58000183105469,49.8849983215332,49.22200012207031,49.33000183105469,33.6328010559082,162000,0.0,0.0,0.0
2023-08-11,49.220001220703125,49.40999984741211,49.12300109863281,49.310001373291016,33.6191520690918,148300,0.0,0.0,0.0
2023-08-14,49.290000915527344,49.58000183105469,49.207000732421875,49.58000183105469,33.80323791503906,210600,0.0,0.0,0.0
2023-08-15,49.439998626708984,49.5,48.99599838256836,49.02000045776367,33.42143630981445,212900,0.0,0.0,0.0
2023-08-16,49.099998474121094,49.18899917602539,48.689998626708984,48.709999084472656,33.210086822509766,216100,0.0,0.0,0.0
2023-08-17,48.77000045776367,48.948001861572266,48.290000915527344,48.349998474121094,32.964637756347656,231900,0.0,0.0,0.0
2023-08-18,48.0,48.45000076293945,48.0,48.34000015258789,32.95781707763672,207400,0.0,0.0,0.0
2023-08-21,48.560001373291016,48.77000045776367,48.25,48.709999084472656,33.210086822509766,250900,0.0,0.0,0.0
2023-08-22,48.81999969482422,48.849998474121094,48.4900016784668,48.56999969482422,33.11464309692383,249500,0.0,0.0,0.0
2023-08-23,48.16999816894531,48.630001068115234,48.15999984741211,48.58000183105469,33.45623016357422,156500,0.486,0.0,0.0
2023-08-24,48.86000061035156,48.86000061035156,47.939998626708984,47.970001220703125,33.036128997802734,137700,0.0,0.0,0.0
2023-08-25,48.25,48.38999938964844,47.709999084472656,48.27000045776367,33.24272918701172,172800,0.0,0.0,0.0
2023-08-28,48.41999816894531,48.599998474121094,48.31999969482422,48.560001373291016,33.44244384765625,261100,0.0,0.0,0.0
2023-08-29,48.58000183105469,49.25,48.560001373291016,49.25,33.917633056640625,235300,0.0,0.0,0.0
2023-08-30,49.310001373291016,49.494998931884766,49.231998443603516,49.439998626708984,34.04849624633789,233300,0.0,0.0,0.0
2023-08-31,49.439998626708984,49.59000015258789,49.36000061035156,49.3849983215332,34.010616302490234,195100,0.0,0.0,0.0
2023-09-01,49.7599983215332,49.7599983215332,49.33000183105469,49.47999954223633,34.0760383605957,153600,0.0,0.0,0.0
2023-09-05,49.665000915527344,49.665000915527344,49.310001373291016,49.38999938964844,34.01404571533203,301700,0.0,0.0,0.0
2023-09-06,49.36000061035156,49.400001525878906,48.880001068115234,49.099998474121094,33.8143424987793,153500,0.0,0.0,0.0
2023-09-07,48.95000076293945,49.04499816894531,48.75,49.0,33.74546432495117,187600,0.0,0.0,0.0
2023-09-08,49.220001220703125,49.220001220703125,48.9900016784668,49.099998474121094,33.8143424987793,146000,0.0,0.0,0.0
2023-09-11,49.47999954223633,49.599998474121094,49.18000030517578,49.349998474121094,33.98650360107422,212200,0.0,0.0,0.0
2023-09-12,49.40999984741211,49.630001068115234,49.099998474121094,49.20000076293945,33.883209228515625,162200,0.0,0.0,0.0
2023-09-13,49.25,49.33000183105469,49.06999969482422,49.22999954223633,33.903865814208984,164500,0.0,0.0,0.0
2023-09-14,49.529998779296875,49.64899826049805,49.34000015258789,49.61000061035156,34.165557861328125,199300,0.0,0.0,0.0
2023-09-15,49.68000030517578,49.68000030517578,49.040000915527344,49.130001068115234,33.83499526977539,183800,0.0,0.0,0.0
2023-09-18,49.220001220703125,49.24800109863281,49.04999923706055,49.15999984741211,33.85566329956055,210300,0.0,0.0,0.0
2023-09-19,49.130001068115234,49.13999938964844,48.77000045776367,49.040000915527344,33.77301788330078,228400,0.0,0.0,0.0
2023-09-20,48.7599983215332,48.790000915527344,48.06999969482422,48.06999969482422,33.43911361694336,179300,0.49,0.0,0.0
2023-09-21,47.779998779296875,47.880001068115234,47.29999923706055,47.380001068115234,32.95912551879883,242800,0.0,0.0,0.0
2023-09-22,47.529998779296875,47.650001525878906,47.20000076293945,47.279998779296875,32.889556884765625,179800,0.0,0.0,0.0
2023-09-25,47.220001220703125,47.43000030517578,47.02000045776367,47.43000030517578,32.99390411376953,204000,0.0,0.0,0.0
2023-09-26,47.13999938964844,47.25,46.652000427246094,46.75,32.520870208740234,168500,0.0,0.0,0.0
2023-09-27,46.959999084472656,46.979000091552734,46.380001068115234,46.77000045776367,32.53478240966797,131600,0.0,0.0,0.0
2023-09-28,46.5,47.220001220703125,46.5,47.040000915527344,32.72260284423828,97300,0.0,0.0,0.0
2023-09-29,47.52000045776367,47.52000045776367,46.77000045776367,46.95000076293945,32.65999984741211,136900,0.0,0.0,0.0
2023-10-02,46.779998779296875,47.0,46.641998291015625,46.939998626708984,32.65304946899414,134200,0.0,0.0,0.0
2023-10-03,46.65999984741211,46.869998931884766,46.290000915527344,46.37300109863281,32.25861740112305,123100,0.0,0.0,0.0
2023-10-04,46.630001068115234,46.779998779296875,46.34000015258789,46.7400016784668,32.51392364501953,94000,0.0,0.0,0.0
2023-10-05,46.79999923706055,46.79999923706055,46.435001373291016,46.779998779296875,32.54174041748047,83600,0.0,0.0,0.0
2023-10-06,46.494998931884766,47.27000045776367,46.380001068115234,47.16999816894531,32.813045501708984,127600,0.0,0.0,0.0
2023-10-09,47.11000061035156,47.40999984741211,46.91999816894531,47.31999969482422,32.91738510131836,78400,0.0,0.0,0.0
2023-10-10,47.540000915527344,47.720001220703125,47.35599899291992,47.56999969482422,33.09128952026367,130000,0.0,0.0,0.0
2023-10-11,47.77000045776367,47.77000045776367,47.459999084472656,47.709999084472656,33.18867874145508,115400,0.0,0.0,0.0
2023-10-12,47.810001373291016,47.819000244140625,47.349998474121094,47.560001373291016,33.0843391418457,145300,0.0,0.0,0.0
2023-10-13,47.779998779296875,47.779998779296875,47.209999084472656,47.38999938964844,32.96607971191406,163800,0.0,0.0,0.0
2023-10-16,47.630001068115234,47.79999923706055,47.5,47.7599983215332,33.22346496582031,127800,0.0,0.0,0.0
2023-10-17,47.630001068115234,47.88999938964844,47.470001220703125,47.75,33.21650695800781,215700,0.0,0.0,0.0
2023-10-18,47.72999954223633,47.72999954223633,47.209999084472656,47.310001373291016,32.910438537597656,133000,0.0,0.0,0.0
2023-10-19,47.52000045776367,47.560001373291016,46.939998626708984,47.04999923706055,32.729557037353516,181200,0.0,0.0,0.0
2023-10-20,46.880001068115234,47.04999923706055,46.529998779296875,46.61000061035156,32.42348098754883,127400,0.0,0.0,0.0
2023-10-23,46.439998626708984,46.880001068115234,46.22999954223633,46.540000915527344,32.374786376953125,160900,0.0,0.0,0.0
2023-10-24,46.869998931884766,46.95000076293945,46.558998107910156,46.849998474121094,32.5904426574707,203000,0.0,0.0,0.0
2023-10-25,46.34000015258789,46.34000015258789,45.709999084472656,45.79999923706055,32.179420471191406,205100,0.465,0.0,0.0
2023-10-26,45.79999923706055,45.79999923706055,45.16999816894531,45.290000915527344,31.821083068847656,256100,0.0,0.0,0.0
2023-10-27,45.27000045776367,45.45000076293945,44.900001525878906,45.08000183105469,31.673532485961914,317000,0.0,0.0,0.0
2023-10-30,45.47999954223633,45.689998626708984,45.25,45.599998474121094,32.03889465332031,185700,0.0,0.0,0.0
2023-10-31,45.5,45.90399932861328,45.45000076293945,45.880001068115234,32.23562240600586,127700,0.0,0.0,0.0
2023-11-01,46.029998779296875,46.29899978637695,45.91999816894531,46.2599983215332,32.50260543823242,379100,0.0,0.0,0.0
2023-11-02,46.5099983215332,46.79999923706055,46.5099983215332,46.79999923706055,32.882022857666016,234800,0.0,0.0,0.0
2023-11-03,46.880001068115234,47.060001373291016,46.880001068115234,47.02000045776367,33.036582946777344,173800,0.0,0.0,0.0
2023-11-06,47.13999938964844,47.13999938964844,46.95000076293945,47.08000183105469,33.07874298095703,152400,0.0,0.0,0.0
2023-11-07,47.04999923706055,47.16999816894531,47.000999450683594,47.130001068115234,33.11388397216797,141200,0.0,0.0,0.0
2023-11-08,47.2400016784668,47.27000045776367,47.04999923706055,47.189998626708984,33.15603256225586,217700,0.0,0.0,0.0
2023-11-09,47.22999954223633,47.25,46.965999603271484,47.02000045776367,33.036582946777344,186600,0.0,0.0,0.0
2023-11-10,47.10499954223633,47.349998474121094,47.02299880981445,47.34000015258789,33.26142883300781,206500,0.0,0.0,0.0
2023-11-13,47.369998931884766,47.400001525878906,47.209999084472656,47.349998474121094,33.26845169067383,193800,0.0,0.0,0.0
2023-11-14,47.689998626708984,47.689998626708984,47.54999923706055,47.66999816894531,33.4932861328125,261800,0.0,0.0,0.0
2023-11-15,47.709999084472656,47.75,47.63999938964844,47.70000076293945,33.51436233520508,267000,0.0,0.0,0.0
2023-11-16,47.72999954223633,47.75,47.63999938964844,47.7400016784668,33.54247283935547,216200,0.0,0.0,0.0
2023-11-17,47.86000061035156,47.86000061035156,47.68899917602539,47.790000915527344,33.57760238647461,198100,0.0,0.0,0.0
2023-11-20,47.880001068115234,47.900001525878906,47.7599983215332,47.84000015258789,33.61273193359375,423400,0.0,0.0,0.0
2023-11-21,47.86000061035156,47.900001525878906,47.78799819946289,47.86000061035156,33.62678527832031,248300,0.0,0.0,0.0
2023-11-22,47.540000915527344,47.56999969482422,47.349998474121094,47.470001220703125,33.689247131347656,406700,0.478,0.0,0.0
2023-11-24,47.470001220703125,47.4900016784668,47.400001525878906,47.459999084472656,33.68213653564453,162300,0.0,0.0,0.0
2023-11-27,47.470001220703125,47.4900016784668,47.38999938964844,47.45000076293945,33.67504119873047,295100,0.0,0.0,0.0
2023-11-28,47.45000076293945,47.4900016784668,47.349998474121094,47.4900016784668,33.70343017578125,267600,0.0,0.0,0.0
2023-11-29,47.52000045776367,47.560001373291016,47.45199966430664,47.4900016784668,33.70343017578125,162100,0.0,0.0,0.0
2023-11-30,47.54999923706055,47.56999969482422,47.43000030517578,47.56999969482422,33.76020812988281,185800,0.0,0.0,0.0
2023-12-01,47.52000045776367,47.709999084472656,47.459999084472656,47.709999084472656,33.85956573486328,237000,0.0,0.0,0.0
2023-12-04,47.5,47.560001373291016,47.36000061035156,47.540000915527344,33.73891067504883,238800,0.0,0.0,0.0
2023-12-05,47.47999954223633,47.59000015258789,47.40999984741211,47.560001373291016,33.75311279296875,118200,0.0,0.0,0.0
2023-12-06,47.689998626708984,47.70000076293945,47.38999938964844,47.439998626708984,33.66795349121094,176800,0.0,0.0,0.0
2023-12-07,47.56999969482422,47.709999084472656,47.52000045776367,47.66999816894531,33.83116912841797,134500,0.0,0.0,0.0
2023-12-08,47.63999938964844,47.84000015258789,47.61399841308594,47.81999969482422,33.9376106262207,168900,0.0,0.0,0.0
2023-12-11,47.81999969482422,47.939998626708984,47.77000045776367,47.939998626708984,34.02278518676758,199600,0.0,0.0,0.0
2023-12-12,47.95000076293945,48.06999969482422,47.862998962402344,48.06999969482422,34.115055084228516,198400,0.0,0.0,0.0
2023-12-13,48.130001068115234,48.349998474121094,48.060001373291016,48.349998474121094,34.31376266479492,277500,0.0,0.0,0.0
2023-12-14,48.459999084472656,48.47999954223633,48.31999969482422,48.41999816894531,34.363441467285156,327300,0.0,0.0,0.0
2023-12-15,48.459999084472656,48.470001220703125,48.34000015258789,48.43000030517578,34.370540618896484,285000,0.0,0.0,0.0
2023-12-18,48.52000045776367,48.56999969482422,48.470001220703125,48.5099983215332,34.42731475830078,392200,0.0,0.0,0.0
2023-12-19,48.54999923706055,48.599998474121094,48.52000045776367,48.599998474121094,34.4911994934082,460700,0.0,0.0,0.0
2023-12-20,48.130001068115234,48.16999816894531,47.86000061035156,47.88999938964844,34.329898834228516,325800,0.485,0.0,0.0
2023-12-21,48.04999923706055,48.08000183105469,47.904998779296875,48.06999969482422,34.458927154541016,296900,0.0,0.0,0.0
2023-12-22,48.099998474121094,48.130001068115234,48.0099983215332,48.08000183105469,34.466094970703125,335600,0.0,0.0,0.0
2023-12-26,48.13999938964844,48.189998626708984,48.06999969482422,48.16999816894531,34.53062057495117,311200,0.0,0.0,0.0
2023-12-27,48.20000076293945,48.209999084472656,48.119998931884766,48.20000076293945,34.55213165283203,222800,0.0,0.0,0.0
2023-12-28,48.25,48.279998779296875,48.209999084472656,48.23500061035156,34.57722091674805,215000,0.0,0.0,0.0
2023-12-29,48.290000915527344,48.290000915527344,48.16999816894531,48.20000076293945,34.55213165283203,236000,0.0,0.0,0.0
2024-01-02,48.119998931884766,48.119998931884766,47.900001525878906,48.02000045776367,34.423095703125,376100,0.0,0.0,0.0
2024-01-03,47.86000061035156,47.95899963378906,47.720001220703125,47.779998779296875,34.25104904174805,273800,0.0,0.0,0.0
2024-01-04,47.790000915527344,47.95000076293945,47.630001068115234,47.67499923706055,34.17577362060547,353500,0.0,0.0,0.0
2024-01-05,47.689998626708984,47.93000030517578,47.60900115966797,47.75,34.22954559326172,278700,0.0,0.0,0.0
2024-01-08,47.779998779296875,48.279998779296875,47.7599983215332,48.27000045776367,34.602298736572266,347600,0.0,0.0,0.0
2024-01-09,48.16999816894531,48.29999923706055,48.02799987792969,48.25,34.58796691894531,235400,0.0,0.0,0.0
2024-01-10,48.29999923706055,48.47999954223633,48.209999084472656,48.439998626708984,34.72417068481445,256900,0.0,0.0,0.0
2024-01-11,48.38999938964844,48.54999923706055,48.130001068115234,48.45000076293945,34.731346130371094,296100,0.0,0.0,0.0
2024-01-12,48.52000045776367,48.599998474121094,48.369998931884766,48.4900016784668,34.76001739501953,225000,0.0,0.0,0.0
2024-01-16,48.5,48.5,48.209999084472656,48.36000061035156,34.66682434082031,337900,0.0,0.0,0.0
2024-01-17,48.22999954223633,48.22999954223633,47.91999816894531,48.11000061035156,34.48760986328125,355400,0.0,0.0,0.0
2024-01-18,48.36000061035156,48.5,48.16999816894531,48.4900016784668,34.76001739501953,275200,0.0,0.0,0.0
2024-01-19,48.68000030517578,48.900001525878906,48.5099983215332,48.900001525878906,35.05390930175781,323000,0.0,0.0,0.0
2024-01-22,49.08000183105469,49.08000183105469,48.922000885009766,48.97999954223633,35.11126708984375,333000,0.0,0.0,0.0
2024-01-23,49.11000061035156,49.11000061035156,48.952999114990234,49.09000015258789,35.19012451171875,346000,0.0,0.0,0.0
2024-01-24,48.88999938964844,48.88999938964844,48.599998474121094,48.599998474121094,35.19013214111328,330000,0.49,0.0,0.0
2024-01-25,48.720001220703125,48.779998779296875,48.619998931884766,48.7400016784668,35.29149627685547,199200,0.0,0.0,0.0
2024-01-26,48.72999954223633,48.79999923706055,48.680999755859375,48.7599983215332,35.305965423583984,335500,0.0,0.0,0.0
2024-01-29,48.869998931884766,48.91999816894531,48.720001220703125,48.91999816894531,35.42182159423828,344900,0.0,0.0,0.0
2024-01-30,48.970001220703125,48.970001220703125,48.849998474121094,48.93000030517578,35.4290657043457,181900,0.0,0.0,0.0
2024-01-31,48.880001068115234,48.89799880981445,48.529998779296875,48.560001373291016,35.161155700683594,223100,0.0,0.0,0.0
2024-02-01,48.810001373291016,49.0,48.61000061035156,49.0,35.47975158691406,262800,0.0,0.0,0.0
2024-02-02,49.15999984741211,49.369998931884766,49.0,49.25,35.66077423095703,381300,0.0,0.0,0.0
2024-02-05,49.310001373291016,49.31999969482422,49.08000183105469,49.25,35.66077423095703,315300,0.0,0.0,0.0
2024-02-06,49.369998931884766,49.369998931884766,49.20600128173828,49.310001373291016,35.7042121887207,402400,0.0,0.0,0.0
2024-02-07,49.349998474121094,49.56999969482422,49.31999969482422,49.56999969482422,35.89248275756836,254200,0.0,0.0,0.0
2024-02-08,49.61000061035156,49.619998931884766,49.5099983215332,49.54999923706055,35.87799835205078,280400,0.0,0.0,0.0
2024-02-09,49.7400016784668,49.75,49.599998474121094,49.72999954223633,36.00832748413086,307300,0.0,0.0,0.0
2024-02-12,49.86000061035156,49.86000061035156,49.65999984741211,49.70000076293945,35.98659896850586,324300,0.0,0.0,0.0
2024-02-13,49.4900016784668,49.52000045776367,49.13399887084961,49.400001525878906,35.769378662109375,393500,0.0,0.0,0.0
2024-02-14,49.650001525878906,49.650001525878906,49.400001525878906,49.650001525878906,35.95039749145508,366900,0.0,0.0,0.0
2024-02-15,49.7599983215332,49.78099822998047,49.61000061035156,49.7400016784668,36.01556396484375,253600,0.0,0.0,0.0
2024-02-16,49.83000183105469,49.84000015258789,49.619998931884766,49.790000915527344,36.0517692565918,350600,0.0,0.0,0.0
2024-02-20,49.75,49.75,49.43000030517578,49.58000183105469,35.899723052978516,608300,0.0,0.0,0.0
2024-02-21,49.0099983215332,49.119998931884766,48.81999969482422,48.81999969482422,35.70734786987305,557200,0.497,0.0,0.0
2024-02-22,49.47999954223633,49.56999969482422,49.380001068115234,49.560001373291016,36.24859619140625,638100,0.0,0.0,0.0
2024-02-23,49.619998931884766,49.650001525878906,49.560001373291016,49.560001373291016,36.24859619140625,469600,0.0,0.0,0.0
2024-02-26,49.63999938964844,49.650001525878906,49.529998779296875,49.54999923706055,36.24128723144531,398600,0.0,0.0,0.0
2024-02-27,49.599998474121094,49.619998931884766,49.08000183105469,49.619998931884766,36.292476654052734,306700,0.0,0.0,0.0
2024-02-28,49.619998931884766,49.619998931884766,49.5099983215332,49.540000915527344,36.23395919799805,339900,0.0,0.0,0.0
2024-02-29,49.70000076293945,49.709999084472656,49.56999969482422,49.709999084472656,36.358306884765625,370000,0.0,0.0,0.0
2024-03-01,49.83000183105469,49.95000076293945,49.66400146484375,49.95000076293945,36.533843994140625,392200,0.0,0.0,0.0
2024-03-04,49.97999954223633,50.0,49.869998931884766,49.900001525878906,36.49728012084961,415800,0.0,0.0,0.0
2024-03-05,49.90999984741211,49.90999984741211,49.380001068115234,49.58000183105469,36.26323318481445,426700,0.0,0.0,0.0
2024-03-06,49.880001068115234,49.880001068115234,49.6349983215332,49.7400016784668,36.380245208740234,366400,0.0,0.0,0.0
2024-03-07,49.97999954223633,50.09000015258789,49.880001068115234,50.060001373291016,36.61430358886719,343700,0.0,0.0,0.0
2024-03-08,50.220001220703125,50.22999954223633,49.77000045776367,49.9900016784668,36.56309127807617,426200,0.0,0.0,0.0
2024-03-11,49.939998626708984,50.0099983215332,49.61000061035156,49.849998474121094,36.4607048034668,665700,0.0,0.0,0.0
2024-03-12,50.08000183105469,50.25,49.849998474121094,50.22999954223633,36.7386360168457,341500,0.0,0.0,0.0
2024-03-13,50.349998474121094,50.349998474121094,50.08000183105469,50.20000076293945,36.71669006347656,386500,0.0,0.0,0.0
2024-03-14,50.290000915527344,50.310001373291016,49.970001220703125,50.15999984741211,36.687442779541016,446600,0.0,0.0,0.0
2024-03-15,50.13999938964844,50.13999938964844,49.80699920654297,49.93000030517578,36.51921844482422,364200,0.0,0.0,0.0
2024-03-18,50.33000183105469,50.380001068115234,50.125,50.150001525878906,36.68013381958008,576600,0.0,0.0,0.0
2024-03-19,50.15999984741211,50.349998474121094,50.01100158691406,50.34000015258789,36.819095611572266,473100,0.0,0.0,0.0
2024-03-20,49.900001525878906,50.11000061035156,49.79999923706055,50.11000061035156,37.0192985534668,547100,0.501,0.0,0.0
2024-03-21,50.20000076293945,50.28900146484375,50.180999755859375,50.20000076293945,37.085777282714844,502100,0.0,0.0,0.0
2024-03-22,50.209999084472656,50.25,50.15999984741211,50.220001220703125,37.100563049316406,730300,0.0,0.0,0.0
2024-03-25,50.119998931884766,50.20899963378906,50.11000061035156,50.15999984741211,37.05624008178711,472200,0.0,0.0,0.0
2024-03-26,50.25,50.25,50.099998474121094,50.150001525878906,37.04884338378906,571300,0.0,0.0,0.0
2024-03-27,50.25,50.34000015258789,50.16999816894531,50.34000015258789,37.18921661376953,416200,0.0,0.0,0.0
2024-03-28,50.349998474121094,50.38999938964844,50.310001373291016,50.36000061035156,37.203975677490234,413800,0.0,0.0,0.0
2024-04-01,50.45000076293945,50.470001220703125,50.17499923706055,50.29999923706055,37.15966796875,523500,0.0,0.0,0.0
2024-04-02,50.130001068115234,50.18199920654297,49.81999969482422,50.0099983215332,36.945430755615234,568100,0.0,0.0,0.0
2024-04-03,50.0,50.20000076293945,49.974998474121094,50.09000015258789,37.00453186035156,407100,0.0,0.0,0.0
2024-04-04,50.380001068115234,50.439998626708984,49.540000915527344,49.560001373291016,36.61298370361328,579800,0.0,0.0,0.0
2024-04-05,49.83000183105469,50.13999938964844,49.65999984741211,50.02000045776367,36.952816009521484,385000,0.0,0.0,0.0
2024-04-08,50.130001068115234,50.150001525878906,49.98099899291992,50.060001373291016,36.982364654541016,373800,0.0,0.0,0.0
2024-04-09,50.150001525878906,50.19599914550781,49.68000030517578,50.099998474121094,37.01190948486328,616400,0.0,0.0,0.0
2024-04-10,49.7599983215332,49.86800003051758,49.540000915527344,49.7400016784668,36.74595260620117,507100,0.0,0.0,0.0
2024-04-11,49.95000076293945,50.150001525878906,49.540000915527344,50.08000183105469,36.997135162353516,380000,0.0,0.0,0.0
2024-04-12,49.849998474121094,49.882999420166016,49.29999923706055,49.45000076293945,36.53171157836914,626200,0.0,0.0,0.0
2024-04-15,49.75,49.82899856567383,48.79999923706055,48.880001068115234,36.11062240600586,657400,0.0,0.0,0.0
2024-04-16,48.900001525878906,49.04999923706055,48.689998626708984,48.81999969482422,36.0662956237793,383500,0.0,0.0,0.0
2024-04-17,49.06999969482422,49.06999969482422,48.38999938964844,48.54999923706055,35.86682891845703,455500,0.0,0.0,0.0
2024-04-18,48.61000061035156,48.86000061035156,48.35499954223633,48.439998626708984,35.78557205200195,505600,0.0,0.0,0.0
2024-04-19,48.43000030517578,48.5,47.88999938964844,48.02000045776367,35.47529220581055,705300,0.0,0.0,0.0
2024-04-22,48.29999923706055,48.70000076293945,48.04999923706055,48.40999984741211,35.763404846191406,540300,0.0,0.0,0.0
2024-04-23,48.65999984741211,49.040000915527344,48.61000061035156,49.0,36.19928741455078,456100,0.0,0.0,0.0
2024-04-24,48.689998626708984,48.70000076293945,48.2869987487793,48.540000915527344,36.220924377441406,397500,0.489,0.0,0.0
2024-04-25,47.93000030517578,48.36000061035156,47.75,48.29999923706055,36.041839599609375,539300,0.0,0.0,0.0
2024-04-26,48.650001525878906,48.90999984741211,48.5099983215332,48.79999923706055,36.4149169921875,439700,0.0,0.0,0.0
2024-04-29,48.869998931884766,48.97999954223633,48.66999816894531,48.939998626708984,36.51939392089844,398100,0.0,0.0,0.0
2024-04-30,48.880001068115234,48.88800048828125,48.18000030517578,48.18000030517578,35.9522819519043,433800,0.0,0.0,0.0
2024-05-01,48.06999969482422,48.63800048828125,48.040000915527344,48.11000061035156,35.90004348754883,480000,0.0,0.0,0.0
2024-05-02,48.540000915527344,48.540000915527344,48.04999923706055,48.470001220703125,36.16868209838867,403700,0.0,0.0,0.0
2024-05-03,48.97999954223633,48.9900016784668,48.70000076293945,48.880001068115234,36.474632263183594,322300,0.0,0.0,0.0
2024-05-06,49.11000061035156,49.2400016784668,49.0099983215332,49.2400016784668,36.74325942993164,414500,0.0,0.0,0.0
2024-05-07,49.34000015258789,49.34000015258789,49.23500061035156,49.290000915527344,36.78056716918945,310600,0.0,0.0,0.0
2024-05-08,49.27000045776367,49.31999969482422,49.15999984741211,49.31999969482422,36.802955627441406,318400,0.0,0.0,0.0
2024-05-09,49.380001068115234,49.470001220703125,49.279998779296875,49.470001220703125,36.914886474609375,289500,0.0,0.0,0.0
2024-05-10,49.5,49.5890007019043,49.40999984741211,49.4900016784668,36.92981719970703,382500,0.0,0.0,0.0
2024-05-13,49.61000061035156,49.619998931884766,49.465999603271484,49.529998779296875,36.959659576416016,374300,0.0,0.0,0.0
2024-05-14,49.599998474121094,49.689998626708984,49.5,49.689998626708984,37.07905578613281,363300,0.0,0.0,0.0
2024-05-15,49.84000015258789,49.99800109863281,49.70000076293945,49.939998626708984,37.265602111816406,681400,0.0,0.0,0.0
2024-05-16,50.0,50.040000915527344,49.91999816894531,49.970001220703125,37.287994384765625,528700,0.0,0.0,0.0
2024-05-17,50.060001373291016,50.060001373291016,49.900001525878906,49.97999954223633,37.29545974731445,459900,0.0,0.0,0.0
2024-05-20,50.040000915527344,50.06999969482422,49.96500015258789,50.02000045776367,37.3253059387207,773900,0.0,0.0,0.0
2024-05-21,50.02000045776367,50.06999969482422,49.970001220703125,50.060001373291016,37.35514450073242,579000,0.0,0.0,0.0
2024-05-22,49.599998474121094,49.599998474121094,49.426998138427734,49.52000045776367,37.32500076293945,740000,0.5,0.0,0.0
2024-05-23,49.65999984741211,49.65999984741211,49.349998474121094,49.40999984741211,37.24209213256836,511600,0.0,0.0,0.0
2024-05-24,49.560001373291016,49.59000015258789,49.459999084472656,49.54999923706055,37.34761428833008,469200,0.0,0.0,0.0
2024-05-28,49.66999816894531,49.66999816894531,49.470001220703125,49.58000183105469,37.37023162841797,463200,0.0,0.0,0.0
2024-05-29,49.45000076293945,49.5,49.3849983215332,49.439998626708984,37.26469802856445,350200,0.0,0.0,0.0
2024-05-30,49.41999816894531,49.43000030517578,49.21500015258789,49.310001373291016,37.166717529296875,504700,0.0,0.0,0.0
2024-05-31,49.43000030517578,49.58000183105469,49.099998474121094,49.58000183105469,37.37023162841797,393300,0.0,0.0,0.0
2024-06-03,49.599998474121094,49.689998626708984,49.25,49.560001373291016,37.35514450073242,548900,0.0,0.0,0.0
2024-06-04,49.5099983215332,49.66899871826172,49.41999816894531,49.63999938964844,37.41545104980469,292400,0.0,0.0,0.0
2024-06-05,49.720001220703125,49.9379997253418,49.66999816894531,49.91999816894531,37.626495361328125,417400,0.0,0.0,0.0
2024-06-06,49.970001220703125,50.0,49.900001525878906,49.970001220703125,37.664180755615234,417800,0.0,0.0,0.0
2024-06-07,49.970001220703125,50.099998474121094,49.900001525878906,50.0,37.686790466308594,342900,0.0,0.0,0.0
2024-06-10,50.06999969482422,50.06999969482422,49.93000030517578,50.060001373291016,37.732017517089844,434600,0.0,0.0,0.0
2024-06-11,50.040000915527344,50.130001068115234,49.880001068115234,50.130001068115234,37.784793853759766,342600,0.0,0.0,0.0
2024-06-12,50.31999969482422,50.40999984741211,50.27000045776367,50.33000183105469,37.935523986816406,559100,0.0,0.0,0.0
2024-06-13,50.439998626708984,50.459999084472656,50.275001525878906,50.43000030517578,38.010894775390625,793100,0.0,0.0,0.0
2024-06-14,50.40999984741211,50.41999816894531,50.29999923706055,50.41999816894531,38.00335693359375,538700,0.0,0.0,0.0
2024-06-17,50.43000030517578,50.5890007019043,50.38199996948242,50.58000183105469,38.12397384643555,562000,0.0,0.0,0.0
2024-06-18,50.709999084472656,50.709999084472656,50.540000915527344,50.56999969482422,38.116424560546875,564600,0.0,0.0,0.0
2024-06-20,50.68000030517578,50.68000030517578,50.5,50.58000183105469,38.12397384643555,516500,0.0,0.0,0.0
2024-06-21,50.61000061035156,50.61000061035156,50.505001068115234,50.56999969482422,38.116424560546875,532400,0.0,0.0,0.0
2024-06-24,50.66999816894531,50.66999816894531,50.5099983215332,50.52000045776367,38.0787353515625,580200,0.0,0.0,0.0
2024-06-25,50.61000061035156,50.630001068115234,50.529998779296875,50.630001068115234,38.161651611328125,622000,0.0,0.0,0.0
2024-06-26,50.189998626708984,50.209999084472656,50.07500076293945,50.15999984741211,38.18829345703125,570800,0.505,0.0,0.0
2024-06-27,50.220001220703125,50.220001220703125,50.099998474121094,50.189998626708984,38.21113204956055,582100,0.0,0.0,0.0
2024-06-28,50.2599983215332,50.310001373291016,50.125,50.150001525878906,38.180686950683594,634100,0.0,0.0,0.0
2024-07-01,50.220001220703125,50.290000915527344,50.064998626708984,50.279998779296875,38.27964782714844,508800,0.0,0.0,0.0
2024-07-02,50.279998779296875,50.5099983215332,50.209999084472656,50.5099983215332,38.45476150512695,536300,0.0,0.0,0.0
2024-07-03,50.540000915527344,50.68000030517578,50.5099983215332,50.650001525878906,38.561344146728516,354400,0.0,0.0,0.0
2024-07-05,50.720001220703125,50.84000015258789,50.650001525878906,50.83000183105469,38.698402404785156,611800,0.0,0.0,0.0
2024-07-08,50.970001220703125,50.970001220703125,50.82899856567383,50.880001068115234,38.736454010009766,623100,0.0,0.0,0.0
2024-07-09,50.970001220703125,51.03799819946289,50.900001525878906,50.91999816894531,38.76690673828125,693000,0.0,0.0,0.0
2024-07-10,50.97999954223633,51.150001525878906,50.959999084472656,51.150001525878906,38.942012786865234,667300,0.0,0.0,0.0
2024-07-11,51.209999084472656,51.220001220703125,50.875,50.939998626708984,38.782135009765625,724400,0.0,0.0,0.0
2024-07-12,51.0,51.2400016784668,50.970001220703125,51.060001373291016,38.87348937988281,1908100,0.0,0.0,0.0
2024-07-15,51.220001220703125,51.279998779296875,51.07500076293945,51.150001525878906,38.942012786865234,820700,0.0,0.0,0.0
2024-07-16,51.2599983215332,51.279998779296875,51.16999816894531,51.279998779296875,39.040992736816406,520600,0.0,0.0,0.0
2024-07-17,51.13999938964844,51.150001525878906,50.935001373291016,50.970001220703125,38.80497360229492,739600,0.0,0.0,0.0
2024-07-18,51.15999984741211,51.15999984741211,50.624000549316406,50.75,38.637481689453125,581800,0.0,0.0,0.0
2024-07-19,50.849998474121094,50.849998474121094,50.45800018310547,50.630001068115234,38.546119689941406,454900,0.0,0.0,0.0
2024-07-22,50.91999816894531,50.93000030517578,50.689998626708984,50.90999984741211,38.75929260253906,905300,0.0,0.0,0.0
2024-07-23,50.939998626708984,51.0099983215332,50.834999084472656,50.86000061035156,38.72122573852539,706800,0.0,0.0,0.0
2024-07-24,50.13999938964844,50.15999984741211,49.470001220703125,49.56999969482422,38.1206169128418,949300,0.509,0.0,0.0
2024-07-25,49.59000015258789,49.94499969482422,49.220001220703125,49.29999923706055,37.91297149658203,852400,0.0,0.0,0.0
2024-07-26,49.65999984741211,49.944000244140625,49.5099983215332,49.779998779296875,38.282108306884766,446500,0.0,0.0,0.0
2024-07-29,49.97999954223633,49.97999954223633,49.654998779296875,49.810001373291016,38.305179595947266,479600,0.0,0.0,0.0
2024-07-30,49.81999969482422,49.97100067138672,49.31100082397461,49.56999969482422,38.1206169128418,488000,0.0,0.0,0.0
2024-07-31,49.9900016784668,50.36000061035156,49.97999954223633,50.220001220703125,38.62049102783203,463900,0.0,0.0,0.0
2024-08-01,50.439998626708984,50.4900016784668,49.35499954223633,49.650001525878906,38.182151794433594,514100,0.0,0.0,0.0
2024-08-02,49.119998931884766,49.16600036621094,48.40999984741211,48.83000183105469,37.551544189453125,1399900,0.0,0.0,0.0
2024-08-05,46.4900016784668,48.02000045776367,46.380001068115234,47.40999984741211,36.45951843261719,1656800,0.0,0.0,0.0
2024-08-06,47.7599983215332,48.56999969482422,47.52000045776367,47.939998626708984,36.86710739135742,882100,0.0,0.0,0.0
2024-08-07,48.599998474121094,48.755001068115234,47.56999969482422,47.599998474121094,36.60563659667969,698100,0.0,0.0,0.0
2024-08-08,48.18000030517578,48.720001220703125,47.92499923706055,48.66999816894531,37.42848587036133,525900,0.0,0.0,0.0
2024-08-09,48.689998626708984,49.005001068115234,48.5099983215332,48.90999984741211,37.61305236816406,365400,0.0,0.0,0.0
2024-08-12,49.07500076293945,49.150001525878906,48.75,48.939998626708984,37.63613510131836,500400,0.0,0.0,0.0
2024-08-13,49.18000030517578,49.70500183105469,49.18000030517578,49.70000076293945,38.2205810546875,483000,0.0,0.0,0.0
2024-08-14,49.849998474121094,49.939998626708984,49.55400085449219,49.869998931884766,38.351314544677734,449800,0.0,0.0,0.0
2024-08-15,50.33000183105469,50.58000183105469,50.27799987792969,50.560001373291016,38.881954193115234,461600,0.0,0.0,0.0
2024-08-16,50.47999954223633,50.720001220703125,50.45500183105469,50.689998626708984,38.98191833496094,391300,0.0,0.0,0.0
2024-08-19,50.7599983215332,51.04999923706055,50.65999984741211,51.04999923706055,39.25876235961914,665600,0.0,0.0,0.0
2024-08-20,51.08000183105469,51.119998931884766,50.888999938964844,50.970001220703125,39.19725799560547,601700,0.0,0.0,0.0
2024-08-21,50.540000915527344,50.61000061035156,50.349998474121094,50.540000915527344,39.29521179199219,409200,0.556,0.0,0.0
2024-08-22,50.720001220703125,50.720001220703125,50.150001525878906,50.22999954223633,39.05419158935547,531500,0.0,0.0,0.0
2024-08-23,50.470001220703125,50.70000076293945,50.34000015258789,50.66999816894531,39.39629364013672,538600,0.0,0.0,0.0
2024-08-26,50.66999816894531,50.75,50.470001220703125,50.59000015258789,39.33409118652344,558900,0.0,0.0,0.0
2024-08-27,50.5,50.689998626708984,50.45199966430664,50.66999816894531,39.39629364013672,438200,0.0,0.0,0.0
2024-08-28,50.68000030517578,50.68000030517578,50.20000076293945,50.400001525878906,39.186363220214844,386700,0.0,0.0,0.0
2024-08-29,50.63999938964844,50.790000915527344,50.400001525878906,50.4900016784668,39.25633239746094,421000,0.0,0.0,0.0
2024-08-30,50.720001220703125,50.88999938964844,50.43000030517578,50.88999938964844,39.56734848022461,434900,0.0,0.0,0.0
2024-09-03,50.66999816894531,50.66999816894531,49.84000015258789,50.040000915527344,38.90645980834961,619200,0.0,0.0,0.0
2024-09-04,49.849998474121094,50.2400016784668,49.849998474121094,49.970001220703125,38.8520393371582,444900,0.0,0.0,0.0
2024-09-05,49.970001220703125,50.185001373291016,49.689998626708984,49.91999816894531,38.813167572021484,448500,0.0,0.0,0.0
2024-09-06,49.86000061035156,50.060001373291016,49.06700134277344,49.11000061035156,38.18337631225586,647600,0.0,0.0,0.0
2024-09-09,49.52000045776367,49.75,49.34000015258789,49.65999984741211,38.61101150512695,440600,0.0,0.0,0.0
2024-09-10,49.79999923706055,49.86000061035156,49.404998779296875,49.849998474121094,38.75874328613281,339200,0.0,0.0,0.0
2024-09-11,49.81999969482422,50.349998474121094,49.130001068115234,50.29999923706055,39.10861587524414,457700,0.0,0.0,0.0
2024-09-12,50.29999923706055,50.630001068115234,50.1609992980957,50.599998474121094,39.34186935424805,485100,0.0,0.0,0.0
2024-09-13,50.650001525878906,50.869998931884766,50.650001525878906,50.810001373291016,39.50514602661133,365900,0.0,0.0,0.0
2024-09-16,50.779998779296875,50.880001068115234,50.66400146484375,50.880001068115234,39.5595703125,442100,0.0,0.0,0.0
2024-09-17,51.0,51.08000183105469,50.75,50.88999938964844,39.56734848022461,464700,0.0,0.0,0.0
2024-09-18,50.88999938964844,51.150001525878906,50.7599983215332,50.79999923706055,39.49735641479492,606600,0.0,0.0,0.0
2024-09-19,51.29999923706055,51.459999084472656,51.20000076293945,51.369998931884766,39.9405517578125,830900,0.0,0.0,0.0
2024-09-20,51.33000183105469,51.439998626708984,51.20199966430664,51.36000061035156,39.932769775390625,525800,0.0,0.0,0.0
2024-09-23,51.45000076293945,51.5,51.400001525878906,51.47999954223633,40.026084899902344,747800,0.0,0.0,0.0
2024-09-24,51.68000030517578,51.68000030517578,51.369998931884766,51.59000015258789,40.111602783203125,690000,0.0,0.0,0.0
2024-09-25,51.15999984741211,51.15999984741211,50.939998626708984,51.02000045776367,40.06840515136719,532800,0.515,0.0,0.0
2024-09-26,51.310001373291016,51.34000015258789,50.994998931884766,51.099998474121094,40.1312370300293,691200,0.0,0.0,0.0
2024-09-27,51.20000076293945,51.209999084472656,51.02000045776367,51.08000183105469,40.115516662597656,433500,0.0,0.0,0.0
2024-09-30,51.0099983215332,51.22999954223633,50.900001525878906,51.22999954223633,40.23332977294922,496400,0.0,0.0,0.0
2024-10-01,51.20000076293945,51.20000076293945,50.67499923706055,50.88999938964844,39.96630096435547,520800,0.0,0.0,0.0
2024-10-02,50.83000183105469,50.95800018310547,50.630001068115234,50.900001525878906,39.97415542602539,378800,0.0,0.0,0.0
2024-10-03,50.84000015258789,50.96799850463867,50.67499923706055,50.83000183105469,39.919189453125,428900,0.0,0.0,0.0
2024-10-04,51.029998779296875,51.20000076293945,50.87699890136719,51.20000076293945,40.20975875854492,562700,0.0,0.0,0.0
2024-10-07,51.16999816894531,51.16999816894531,50.7599983215332,50.810001373291016,39.90347671508789,644100,0.0,0.0,0.0
2024-10-08,50.959999084472656,51.2400016784668,50.959999084472656,51.209999084472656,40.217628479003906,464800,0.0,0.0,0.0
2024-10-09,51.189998626708984,51.470001220703125,51.18000030517578,51.459999084472656,40.41395568847656,380200,0.0,0.0,0.0
2024-10-10,51.470001220703125,51.4900016784668,51.310001373291016,51.41999816894531,40.382545471191406,400800,0.0,0.0,0.0
2024-10-11,51.41999816894531,51.65999984741211,51.33000183105469,51.630001068115234,40.54746627807617,503500,0.0,0.0,0.0
2024-10-14,51.689998626708984,51.93000030517578,51.689998626708984,51.880001068115234,40.743812561035156,622800,0.0,0.0,0.0
2024-10-15,51.959999084472656,51.959999084472656,51.57500076293945,51.650001525878906,40.56318283081055,590000,0.0,0.0,0.0
2024-10-16,51.779998779296875,51.845001220703125,51.612998962402344,51.83000183105469,40.70452880859375,529200,0.0,0.0,0.0
2024-10-17,52.0,52.0099983215332,51.834999084472656,51.86000061035156,40.72809600830078,497400,0.0,0.0,0.0
2024-10-18,52.0,52.04999923706055,51.904998779296875,52.02000045776367,40.85374450683594,640400,0.0,0.0,0.0
2024-10-21,52.0099983215332,52.029998779296875,51.80400085449219,51.970001220703125,40.81448745727539,785300,0.0,0.0,0.0
2024-10-22,51.900001525878906,52.029998779296875,51.79999923706055,51.97999954223633,40.822330474853516,706800,0.0,0.0,0.0
2024-10-23,51.439998626708984,51.439998626708984,50.935001373291016,51.16999816894531,40.59228515625,666000,0.52,0.0,0.0
2024-10-24,51.40999984741211,51.40999984741211,51.06999969482422,51.25,40.6557502746582,605200,0.0,0.0,0.0
2024-10-25,51.400001525878906,51.540000915527344,51.18000030517578,51.22999954223633,40.639888763427734,489800,0.0,0.0,0.0
2024-10-28,51.38999938964844,51.459999084472656,51.31999969482422,51.33000183105469,40.71921157836914,387600,0.0,0.0,0.0
2024-10-29,51.38999938964844,51.470001220703125,51.2130012512207,51.400001525878906,40.774742126464844,364900,0.0,0.0,0.0
2024-10-30,51.43000030517578,51.4900016784668,51.2599983215332,51.29999923706055,40.69540786743164,431800,0.0,0.0,0.0
2024-10-31,51.099998474121094,51.099998474121094,50.58000183105469,50.59000015258789,40.13218307495117,645300,0.0,0.0,0.0
2024-11-01,50.86000061035156,51.04999923706055,50.72999954223633,50.77000045776367,40.27496337890625,457000,0.0,0.0,0.0
2024-11-04,50.83000183105469,50.86000061035156,50.56100082397461,50.689998626708984,40.21151351928711,402300,0.0,0.0,0.0
2024-11-05,50.790000915527344,51.18000030517578,50.77399826049805,51.18000030517578,40.60021209716797,391100,0.0,0.0,0.0
2024-11-06,51.849998474121094,52.064998626708984,51.72999954223633,52.02000045776367,41.266578674316406,1139700,0.0,0.0,0.0
2024-11-07,52.099998474121094,52.310001373291016,52.08000183105469,52.27000045776367,41.46489334106445,707300,0.0,0.0,0.0
2024-11-08,52.45000076293945,52.45000076293945,52.31999969482422,52.40999984741211,41.575958251953125,699600,0.0,0.0,0.0
2024-11-11,52.540000915527344,52.540000915527344,52.36000061035156,52.439998626708984,41.599754333496094,607200,0.0,0.0,0.0
2024-11-12,52.47999954223633,52.47999954223633,52.26499938964844,52.369998931884766,41.54422378540039,602600,0.0,0.0,0.0
2024-11-13,52.459999084472656,52.5,52.30500030517578,52.41999816894531,41.583885192871094,638200,0.0,0.0,0.0
2024-11-14,52.47999954223633,52.4900016784668,52.27000045776367,52.29999923706055,41.48869323730469,774200,0.0,0.0,0.0
2024-11-15,52.25,52.25,51.79999923706055,51.90999984741211,41.17931365966797,950700,0.0,0.0,0.0
2024-11-18,51.9900016784668,52.13999938964844,51.91999816894531,52.06999969482422,41.306243896484375,1147300,0.0,0.0,0.0
2024-11-19,51.939998626708984,52.220001220703125,51.85499954223633,52.189998626708984,41.40143966674805,774800,0.0,0.0,0.0
2024-11-20,51.790000915527344,51.790000915527344,51.34000015258789,51.650001525878906,41.386207580566406,971300,0.521,0.0,0.0
2024-11-21,51.79999923706055,51.869998931884766,51.4900016784668,51.77000045776367,41.48236083984375,858800,0.0,0.0,0.0
2024-11-22,51.86000061035156,51.959999084472656,51.79999923706055,51.959999084472656,41.63460922241211,676200,0.0,0.0,0.0
2024-11-25,52.099998474121094,52.20000076293945,51.95000076293945,52.040000915527344,41.69871520996094,866600,0.0,0.0,0.0
2024-11-26,52.150001525878906,52.22999954223633,52.09000015258789,52.209999084472656,41.834930419921875,661600,0.0,0.0,0.0
2024-11-27,52.22999954223633,52.25,52.0890007019043,52.150001525878906,41.78685760498047,499000,0.0,0.0,0.0
2024-11-29,52.29999923706055,52.31999969482422,52.17399978637695,52.279998779296875,41.891014099121094,294500,0.0,0.0,0.0
2024-12-02,52.349998474121094,52.400001525878906,52.290000915527344,52.369998931884766,41.963130950927734,630300,0.0,0.0,0.0
2024-12-03,52.36000061035156,52.40999984741211,52.290000915527344,52.400001525878906,41.987178802490234,504200,0.0,0.0,0.0
2024-12-04,52.599998474121094,52.611000061035156,52.459999084472656,52.599998474121094,42.14742660522461,908500,0.0,0.0,0.0
2024-12-05,52.65999984741211,52.65999984741211,52.54999923706055,52.58000183105469,42.131404876708984,769200,0.0,0.0,0.0
2024-12-06,52.77000045776367,52.77000045776367,52.60499954223633,52.68000030517578,42.21152877807617,616000,0.0,0.0,0.0
2024-12-09,52.779998779296875,52.779998779296875,52.41999816894531,52.470001220703125,42.04326248168945,675300,0.0,0.0,0.0
2024-12-10,52.54999923706055,52.54999923706055,52.31999969482422,52.380001068115234,41.97114181518555,514100,0.0,0.0,0.0
2024-12-11,52.61000061035156,52.720001220703125,52.560001373291016,52.66999816894531,42.203514099121094,707900,0.0,0.0,0.0
2024-12-12,52.650001525878906,52.66899871826172,52.47999954223633,52.4900016784668,42.05928421020508,565600,0.0,0.0,0.0
2024-12-13,52.75,52.75,52.400001525878906,52.529998779296875,42.091339111328125,540000,0.0,0.0,0.0
2024-12-16,52.709999084472656,52.709999084472656,52.560001373291016,52.63999938964844,42.17948532104492,746500,0.0,0.0,0.0
2024-12-17,52.58000183105469,52.58000183105469,52.38999938964844,52.5,42.067298889160156,551700,0.0,0.0,0.0
2024-12-18,52.59000015258789,52.6349983215332,51.099998474121094,51.13999938964844,40.9775505065918,1291100,0.0,0.0,0.0
2024-12-19,51.66999816894531,51.66999816894531,51.11000061035156,51.150001525878906,40.985572814941406,1192100,0.0,0.0,0.0
2024-12-20,50.9900016784668,52.040000915527344,50.81999969482422,51.68000030517578,41.410247802734375,995100,0.0,0.0,0.0
2024-12-23,51.70000076293945,52.04999923706055,51.439998626708984,52.029998779296875,41.69070053100586,991900,0.0,0.0,0.0
2024-12-24,51.619998931884766,52.040000915527344,51.55500030517578,52.040000915527344,42.11639404296875,347900,0.516,0.0,0.0
2024-12-26,51.900001525878906,52.099998474121094,51.79600143432617,52.029998779296875,42.10830307006836,798100,0.0,0.0,0.0
2024-12-27,51.900001525878906,51.900001525878906,51.209999084472656,51.54999923706055,41.71983337402344,758300,0.0,0.0,0.0
2024-12-30,51.06999969482422,51.279998779296875,50.68000030517578,51.0099983215332,41.282806396484375,954300,0.0,0.0,0.0
2024-12-31,51.150001525878906,51.20000076293945,50.70000076293945,50.81999969482422,41.12903594970703,747400,0.0,0.0,0.0
2025-01-02,51.09000015258789,51.119998931884766,50.45500183105469,50.7599983215332,41.080474853515625,1022300,0.0,0.0,0.0
2025-01-03,50.970001220703125,51.25,50.869998931884766,51.22999954223633,41.460853576660156,765600,0.0,0.0,0.0
2025-01-06,51.439998626708984,51.650001525878906,51.31999969482422,51.41999816894531,41.61461639404297,1089600,0.0,0.0,0.0
2025-01-07,51.599998474121094,51.61000061035156,50.90999984741211,51.040000915527344,41.307090759277344,790100,0.0,0.0,0.0
2025-01-08,51.04999923706055,51.150001525878906,50.79199981689453,51.099998474121094,41.35563659667969,698500,0.0,0.0,0.0
2025-01-10,50.959999084472656,50.96500015258789,50.380001068115234,50.540000915527344,40.90243148803711,1266300,0.0,0.0,0.0
2025-01-13,50.220001220703125,50.61000061035156,50.13999938964844,50.61000061035156,40.959083557128906,785200,0.0,0.0,0.0
2025-01-14,50.7599983215332,50.849998474121094,50.369998931884766,50.650001525878906,40.991458892822266,794100,0.0,0.0,0.0
2025-01-15,51.11000061035156,51.459999084472656,51.11000061035156,51.400001525878906,41.59844207763672,723200,0.0,0.0,0.0
2025-01-16,51.470001220703125,51.494998931884766,51.279998779296875,51.369998931884766,41.574161529541016,1019700,0.0,0.0,0.0
2025-01-17,51.599998474121094,51.77000045776367,51.57899856567383,51.68000030517578,41.82504653930664,777400,0.0,0.0,0.0
2025-01-21,51.88999938964844,52.0,51.7599983215332,52.0,42.08401870727539,1277700,0.0,0.0,0.0
2025-01-22,51.68000030517578,51.71799850463867,51.599998474121094,51.650001525878906,42.22052764892578,844900,0.517,0.0,0.0
2025-01-23,51.58000183105469,51.79999923706055,51.58000183105469,51.79999923706055,42.343143463134766,673600,0.0,0.0,0.0
2025-01-24,51.790000915527344,51.83700180053711,51.678001403808594,51.75,42.302284240722656,786500,0.0,0.0,0.0
2025-01-27,50.97999954223633,51.33000183105469,50.900001525878906,51.31999969482422,41.95078659057617,1209800,0.0,0.0,0.0
2025-01-28,51.349998474121094,51.630001068115234,51.21900177001953,51.61000061035156,42.18783187866211,654000,0.0,0.0,0.0
2025-01-29,51.540000915527344,51.595001220703125,51.34000015258789,51.5099983215332,42.10609817504883,586000,0.0,0.0,0.0
2025-01-30,51.52000045776367,51.73699951171875,51.45000076293945,51.66999816894531,42.236881256103516,834600,0.0,0.0,0.0
2025-01-31,51.779998779296875,51.880001068115234,51.45000076293945,51.52000045776367,42.11426544189453,972400,0.0,0.0,0.0
2025-02-03,50.83000183105469,51.38999938964844,50.70000076293945,51.220001220703125,41.86903381347656,1071300,0.0,0.0,0.0
2025-02-04,51.27000045776367,51.54999923706055,51.21200180053711,51.5099983215332,42.10609817504883,834800,0.0,0.0,0.0
2025-02-05,51.540000915527344,51.720001220703125,51.33000183105469,51.720001220703125,42.27776336669922,589500,0.0,0.0,0.0
2025-02-06,51.86000061035156,51.880001068115234,51.63999938964844,51.880001068115234,42.40854263305664,767300,0.0,0.0,0.0
2025-02-07,51.880001068115234,51.970001220703125,51.474998474121094,51.529998779296875,42.12244415283203,896600,0.0,0.0,0.0
2025-02-10,51.7599983215332,51.85599899291992,51.65999984741211,51.81999969482422,42.3594970703125,739800,0.0,0.0,0.0
2025-02-11,51.709999084472656,51.89899826049805,51.70000076293945,51.869998931884766,42.40037155151367,860600,0.0,0.0,0.0
2025-02-12,51.540000915527344,51.834999084472656,51.439998626708984,51.77000045776367,42.318626403808594,960200,0.0,0.0,0.0
2025-02-13,51.849998474121094,52.18000030517578,51.77000045776367,52.16999816894531,42.64559555053711,917900,0.0,0.0,0.0
2025-02-14,52.27000045776367,52.279998779296875,52.1609992980957,52.209999084472656,42.67829513549805,749300,0.0,0.0,0.0
2025-02-18,52.33000183105469,52.404998779296875,52.150001525878906,52.33000183105469,42.77639389038086,1334300,0.0,0.0,0.0
2025-02-19,52.36000061035156,52.45000076293945,52.22999954223633,52.439998626708984,42.866310119628906,906800,0.0,0.0,0.0
2025-02-20,52.40999984741211,52.40999984741211,52.08000183105469,52.33000183105469,42.77639389038086,954500,0.0,0.0,0.0
2025-02-21,52.400001525878906,52.40800094604492,51.6150016784668,51.650001525878906,42.22052764892578,1659600,0.0,0.0,0.0
2025-02-24,51.86000061035156,51.88999938964844,51.369998931884766,51.45000076293945,42.05705261230469,1314100,0.0,0.0,0.0
2025-02-25,51.470001220703125,51.52000045776367,50.845001220703125,51.220001220703125,41.86903381347656,1410900,0.0,0.0,0.0
2025-02-26,50.90999984741211,51.09199905395508,50.5,50.689998626708984,41.85582733154297,1126300,0.514,0.0,0.0
2025-02-27,50.88999938964844,50.99100112915039,49.915000915527344,49.95000076293945,41.244789123535156,1091300,0.0,0.0,0.0
2025-02-28,50.02000045776367,50.72999954223633,49.75299835205078,50.720001220703125,41.88059997558594,1281400,0.0,0.0,0.0
2025-03-03,50.810001373291016,50.83000183105469,49.709999084472656,49.9900016784668,41.2778205871582,1838100,0.0,0.0,0.0
2025-03-04,49.630001068115234,50.117000579833984,49.15999984741211,49.5099983215332,40.881465911865234,1534800,0.0,0.0,0.0
2025-03-05,49.560001373291016,50.09000015258789,49.25,49.97999954223633,41.269561767578125,1047200,0.0,0.0,0.0
2025-03-06,49.5,49.7400016784668,49.01499938964844,49.220001220703125,40.64201736450195,1333700,0.0,0.0,0.0
2025-03-07,49.099998474121094,49.584999084472656,48.689998626708984,49.5099983215332,40.881465911865234,1267300,0.0,0.0,0.0
2025-03-10,48.845001220703125,48.9900016784668,47.900001525878906,48.29999923706055,39.882347106933594,1983000,0.0,0.0,0.0
2025-03-11,48.20000076293945,48.47999954223633,47.619998931884766,47.970001220703125,39.609867095947266,1454900,0.0,0.0,0.0
2025-03-12,48.38999938964844,48.558998107910156,47.79999923706055,48.220001220703125,39.81629180908203,847000,0.0,0.0,0.0
2025-03-13,48.25,48.25,47.45500183105469,47.58000183105469,39.2878303527832,1082400,0.0,0.0,0.0
2025-03-14,47.9900016784668,48.61600112915039,47.900001525878906,48.56999969482422,40.10529708862305,921000,0.0,0.0,0.0
2025-03-17,48.56999969482422,49.11000061035156,48.520999908447266,48.880001068115234,40.361270904541016,1022800,0.0,0.0,0.0
2025-03-18,48.68000030517578,48.779998779296875,48.2599983215332,48.40999984741211,39.97317886352539,734400,0.0,0.0,0.0
2025-03-19,48.59000015258789,49.209999084472656,48.45000076293945,48.900001525878906,40.37778091430664,842500,0.0,0.0,0.0
2025-03-20,48.65999984741211,49.20000076293945,48.53099822998047,48.81999969482422,40.31172180175781,1669800,0.0,0.0,0.0
2025-03-21,48.47999954223633,48.880001068115234,48.32500076293945,48.849998474121094,40.33649826049805,997200,0.0,0.0,0.0
2025-03-24,49.459999084472656,49.709999084472656,49.32899856567383,49.650001525878906,40.99707794189453,1319200,0.0,0.0,0.0
2025-03-25,49.81999969482422,49.81999969482422,49.619998931884766,49.7400016784668,41.07139205932617,1204500,0.0,0.0,0.0
2025-03-26,49.22999954223633,49.290000915527344,48.56999969482422,48.709999084472656,40.63426208496094,1144300,0.506,0.0,0.0
2025-03-27,48.599998474121094,48.8650016784668,48.37900161743164,48.54999923706055,40.50078582763672,760900,0.0,0.0,0.0
2025-03-28,48.470001220703125,48.4900016784668,47.540000915527344,47.61000061035156,39.71663284301758,1270500,0.0,0.0,0.0
2025-03-31,47.08000183105469,47.9900016784668,46.83000183105469,47.88999938964844,39.95021438598633,1637700,0.0,0.0,0.0
2025-04-01,47.77000045776367,48.11000061035156,47.505001068115234,47.9900016784668,40.033634185791016,895900,0.0,0.0,0.0
2025-04-02,47.56999969482422,48.400001525878906,47.54999923706055,48.23500061035156,40.238014221191406,959500,0.0,0.0,0.0
2025-04-03,46.88999938964844,47.099998474121094,46.224998474121094,46.34000015258789,38.65719223022461,2312600,0.0,0.0,0.0
2025-04-04,45.09000015258789,45.36000061035156,43.56999969482422,43.59000015258789,36.363121032714844,3139600,0.0,0.0,0.0
2025-04-07,42.099998474121094,45.09000015258789,41.599998474121094,43.4900016784668,36.279701232910156,2745400,0.0,0.0,0.0
2025-04-08,44.9900016784668,45.220001220703125,42.29999923706055,42.91999816894531,35.80419158935547,2165000,0.0,0.0,0.0
2025-04-09,42.52000045776367,46.90999984741211,42.52000045776367,46.70000076293945,38.9575080871582,2115900,0.0,0.0,0.0
2025-04-10,45.970001220703125,45.970001220703125,43.95000076293945,45.15999984741211,37.672828674316406,1406500,0.0,0.0,0.0
2025-04-11,45.15999984741211,46.064998626708984,44.79999923706055,45.939998626708984,38.323509216308594,988100,0.0,0.0,0.0
2025-04-14,46.849998474121094,46.86199951171875,45.972999572753906,46.400001525878906,38.70724105834961,1214100,0.0,0.0,0.0
2025-04-15,46.52000045776367,46.7400016784668,46.25,46.33000183105469,38.64885711669922,996200,0.0,0.0,0.0
2025-04-16,45.88999938964844,46.09000015258789,44.88999938964844,45.33000183105469,37.814640045166016,908200,0.0,0.0,0.0
2025-04-17,45.54999923706055,45.790000915527344,45.20000076293945,45.439998626708984,37.906410217285156,968700,0.0,0.0,0.0
2025-04-21,44.9900016784668,45.029998779296875,43.909000396728516,44.369998931884766,37.01380157470703,1873100,0.0,0.0,0.0
2025-04-22,44.88999938964844,45.619998931884766,44.810001373291016,45.470001220703125,37.931427001953125,1405100,0.0,0.0,0.0
2025-04-23,46.04999923706055,46.45000076293945,45.54100036621094,45.689998626708984,38.50619888305664,1328900,0.462,0.0,0.0
2025-04-24,45.83000183105469,46.630001068115234,45.70000076293945,46.56999969482422,39.24784469604492,1201800,0.0,0.0,0.0
2025-04-25,46.56999969482422,46.95000076293945,46.36600112915039,46.91999816894531,39.542808532714844,933500,0.0,0.0,0.0
2025-04-28,46.97999954223633,47.14899826049805,46.4900016784668,46.970001220703125,39.58494567871094,916900,0.0,0.0,0.0
2025-04-29,46.900001525878906,47.310001373291016,46.79999923706055,47.22999954223633,39.8040657043457,769800,0.0,0.0,0.0
2025-04-30,46.68000030517578,47.380001068115234,46.220001220703125,47.220001220703125,39.79564666748047,1405700,0.0,0.0,0.0
2025-05-01,47.59000015258789,47.849998474121094,47.459999084472656,47.5,40.031620025634766,890400,0.0,0.0,0.0
2025-05-02,47.880001068115234,48.125,47.7599983215332,48.040000915527344,40.48670959472656,903000,0.0,0.0,0.0
2025-05-05,47.810001373291016,48.040000915527344,47.72999954223633,47.86000061035156,40.33501052856445,784300,0.0,0.0,0.0
2025-05-06,47.52000045776367,47.83000183105469,47.45000076293945,47.58000183105469,40.09904479980469,679400,0.0,0.0,0.0
2025-05-07,47.709999084472656,47.88999938964844,47.400001525878906,47.7400016784668,40.233882904052734,1014500,0.0,0.0,0.0
2025-05-08,48.13999938964844,48.279998779296875,47.77000045776367,47.97999954223633,40.4361457824707,956900,0.0,0.0,0.0
2025-05-09,48.18000030517578,48.18000030517578,47.85200119018555,47.95000076293945,40.41086196899414,837000,0.0,0.0,0.0
2025-05-12,48.9900016784668,49.060001373291016,48.72200012207031,49.040000915527344,41.32948684692383,1330600,0.0,0.0,0.0
2025-05-13,49.119998931884766,49.36000061035156,49.07500076293945,49.2599983215332,41.514892578125,1228800,0.0,0.0,0.0
2025-05-14,49.29999923706055,49.349998474121094,49.16999816894531,49.290000915527344,41.54017639160156,1421400,0.0,0.0,0.0
2025-05-15,49.209999084472656,49.44900131225586,49.150001525878906,49.41999816894531,41.64973831176758,1202600,0.0,0.0,0.0
2025-05-16,49.4900016784668,49.61000061035156,49.369998931884766,49.61000061035156,41.80986404418945,1087100,0.0,0.0,0.0
2025-05-19,49.31999969482422,49.650001525878906,49.20000076293945,49.63999938964844,41.83515167236328,1472600,0.0,0.0,0.0
2025-05-20,49.58000183105469,49.619998931884766,49.40999984741211,49.560001373291016,41.767723083496094,1680900,0.0,0.0,0.0
2025-05-21,48.849998474121094,49.05500030517578,48.513999938964844,48.59000015258789,41.37263870239258,1775200,0.506,0.0,0.0
2025-05-22,48.59000015258789,48.775001525878906,48.5,48.61000061035156,41.389678955078125,1274400,0.0,0.0,0.0
2025-05-23,48.310001373291016,48.540000915527344,48.03099822998047,48.400001525878906,41.21086883544922,1516600,0.0,0.0,0.0
2025-05-27,48.79999923706055,49.04999923706055,48.70000076293945,49.040000915527344,41.75579833984375,1279600,0.0,0.0,0.0
2025-05-28,49.08000183105469,49.130001068115234,48.874000549316406,48.91999816894531,41.653629302978516,961200,0.0,0.0,0.0
2025-05-29,49.15999984741211,49.16999816894531,48.84000015258789,49.02000045776367,41.738773345947266,1128400,0.0,0.0,0.0
2025-05-30,48.970001220703125,49.099998474121094,48.72999954223633,49.02000045776367,41.738773345947266,1707600,0.0,0.0,0.0
2025-06-02,49.02000045776367,49.2400016784668,48.7599983215332,49.22999954223633,41.91758346557617,1574800,0.0,0.0,0.0
2025-06-03,49.25,49.4900016784668,49.20000076293945,49.45000076293945,42.10490798950195,1485500,0.0,0.0,0.0
2025-06-04,49.540000915527344,49.54999923706055,49.400001525878906,49.439998626708984,42.096397399902344,1515700,0.0,0.0,0.0
2025-06-05,49.54999923706055,49.62799835205078,49.15999984741211,49.2599983215332,41.9431266784668,2109600,0.0,0.0,0.0
2025-06-06,49.630001068115234,49.7400016784668,49.53499984741211,49.66999816894531,42.2922248840332,1245700,0.0,0.0,0.0
2025-06-09,49.7400016784668,49.810001373291016,49.63399887084961,49.720001220703125,42.334800720214844,1494500,0.0,0.0,0.0
2025-06-10,49.77000045776367,49.939998626708984,49.69499969482422,49.93000030517578,42.513614654541016,1456700,0.0,0.0,0.0
2025-06-11,50.0,50.029998779296875,49.720001220703125,49.84000015258789,42.43697738647461,1623200,0.0,0.0,0.0
2025-06-12,49.77000045776367,49.970001220703125,49.72999954223633,49.970001220703125,42.54766845703125,1100000,0.0,0.0,0.0
2025-06-13,49.63999938964844,49.867000579833984,49.47999954223633,49.58000183105469,42.21559524536133,2326900,0.0,0.0,0.0
2025-06-16,49.869998931884766,50.02799987792969,49.79999923706055,49.95000076293945,42.5306396484375,1552800,0.0,0.0,0.0
2025-06-17,49.810001373291016,49.88999938964844,49.56999969482422,49.619998931884766,42.249656677246094,1721500,0.0,0.0,0.0
2025-06-18,49.72999954223633,49.869998931884766,49.58000183105469,49.66999816894531,42.2922248840332,1720900,0.0,0.0,0.0
2025-06-20,49.880001068115234,49.900001525878906,49.5,49.61000061035156,42.24113845825195,2077400,0.0,0.0,0.0
2025-06-23,49.689998626708984,49.98500061035156,49.45500183105469,49.970001220703125,42.54766845703125,2303900,0.0,0.0,0.0
2025-06-24,50.220001220703125,50.38999938964844,50.165000915527344,50.34000015258789,42.862709045410156,1805500,0.0,0.0,0.0
2025-06-25,49.91999816894531,49.939998626708984,49.75,49.869998931884766,42.8928108215332,1384800,0.505,0.0,0.0
2025-06-26,49.970001220703125,50.10499954223633,49.933998107910156,50.09000015258789,43.082027435302734,1440900,0.0,0.0,0.0
2025-06-27,50.13999938964844,50.279998779296875,50.04999923706055,50.22999954223633,43.20243835449219,1988200,0.0,0.0,0.0
2025-06-30,50.349998474121094,50.400001525878906,50.23500061035156,50.31999969482422,43.27984619140625,1668200,0.0,0.0,0.0
2025-07-01,50.2400016784668,50.375,50.16999816894531,50.310001373291016,43.27124786376953,1555500,0.0,0.0,0.0
2025-07-02,50.279998779296875,50.4900016784668,50.25,50.4900016784668,43.42607116699219,1314700,0.0,0.0,0.0
2025-07-03,50.630001068115234,50.790000915527344,50.61000061035156,50.75,43.64969253540039,1123100,0.0,0.0,0.0
2025-07-07,50.650001525878906,50.68899917602539,50.31999969482422,50.5099983215332,43.44327163696289,1893400,0.0,0.0,0.0
2025-07-08,50.58000183105469,50.630001068115234,50.47999954223633,50.529998779296875,43.46046829223633,1308400,0.0,0.0,0.0
2025-07-09,50.66999816894531,50.78499984741211,50.573001861572266,50.7599983215332,43.65828323364258,1454600,0.0,0.0,0.0
2025-07-10,50.779998779296875,50.93000030517578,50.709999084472656,50.88999938964844,43.77010726928711,1399200,0.0,0.0,0.0
2025-07-11,50.72999954223633,50.84000015258789,50.619998931884766,50.779998779296875,43.67549514770508,1283800,0.0,0.0,0.0
2025-07-14,50.7400016784668,50.86000061035156,50.66999816894531,50.84000015258789,43.72710037231445,1592900,0.0,0.0,0.0
2025-07-15,51.0,51.02000045776367,50.689998626708984,50.709999084472656,43.615291595458984,1642700,0.0,0.0,0.0
2025-07-16,50.790000915527344,50.86000061035156,50.43000030517578,50.84000015258789,43.72710037231445,1907000,0.0,0.0,0.0
2025-07-17,50.849998474121094,51.06999969482422,50.834999084472656,51.060001373291016,43.91632843017578,1387400,0.0,0.0,0.0
2025-07-18,51.130001068115234,51.130001068115234,50.97999954223633,51.04999923706055,43.907718658447266,1577400,0.0,0.0,0.0
2025-07-21,51.15999984741211,51.279998779296875,51.1150016784668,51.150001525878906,43.99373245239258,2123100,0.0,0.0,0.0
2025-07-22,51.20000076293945,51.21900177001953,50.9900016784668,51.15999984741211,44.00233840942383,2953700,0.0,0.0,0.0
2025-07-23,50.81999969482422,50.939998626708984,50.709999084472656,50.939998626708984,44.255130767822266,1664600,0.511,0.0,0.0
2025-07-24,50.959999084472656,51.029998779296875,50.939998626708984,50.959999084472656,44.272518157958984,1487700,0.0,0.0,0.0
2025-07-25,51.040000915527344,51.099998474121094,50.9900016784668,51.08000183105469,44.37676239013672,1388100,0.0,0.0,0.0
2025-07-28,51.119998931884766,51.150001525878906,51.040000915527344,51.119998931884766,44.411521911621094,1808700,0.0,0.0,0.0
2025-07-29,51.150001525878906,51.189998626708984,51.0,51.040000915527344,44.342018127441406,1739100,0.0,0.0,0.0
2025-07-30,51.06999969482422,51.14500045776367,50.86000061035156,51.029998779296875,44.333335876464844,1641000,0.0,0.0,0.0
2025-07-31,51.22999954223633,51.26499938964844,50.84000015258789,50.91999816894531,44.237762451171875,2277300,0.0,0.0,0.0
2025-08-01,50.52000045776367,50.540000915527344,50.04999923706055,50.2400016784668,43.64699935913086,3155600,0.0,0.0,0.0
2025-08-04,50.5,50.8849983215332,50.494998931884766,50.880001068115234,44.2030143737793,2118300,0.0,0.0,0.0
2025-08-05,50.97999954223633,50.97999954223633,50.60900115966797,50.689998626708984,44.0379524230957,1754800,0.0,0.0,0.0
2025-08-06,50.77000045776367,51.05500030517578,50.70000076293945,51.0099983215332,44.315956115722656,1755500,0.0,0.0,0.0
2025-08-07,51.20000076293945,51.26499938964844,50.775001525878906,50.9900016784668,44.298583984375,1950400,0.0,0.0,0.0
2025-08-08,51.18000030517578,51.349998474121094,51.09000015258789,51.33000183105469,44.59396743774414,1341800,0.0,0.0,0.0
2025-08-11,51.349998474121094,51.439998626708984,51.16999816894531,51.25,44.52446365356445,1550300,0.0,0.0,0.0
2025-08-12,51.43000030517578,51.66999816894531,51.32500076293945,51.65999984741211,44.88065719604492,1589800,0.0,0.0,0.0
2025-08-13,51.790000915527344,51.84000015258789,51.65999984741211,51.790000915527344,44.993595123291016,1705700,0.0,0.0,0.0
2025-08-14,51.65999984741211,51.84000015258789,51.63999938964844,51.810001373291016,45.01097106933594,1458900,0.0,0.0,0.0
2025-08-15,51.8849983215332,51.93000030517578,51.689998626708984,51.75,44.95884704589844,1791100,0.0,0.0,0.0
2025-08-18,51.7599983215332,51.79499816894531,51.689998626708984,51.7599983215332,44.967529296875,2313600,0.0,0.0,0.0
2025-08-19,51.7599983215332,51.810001373291016,51.474998474121094,51.56999969482422,44.802467346191406,2404300,0.0,0.0,0.0
2025-08-20,51.02000045776367,51.040000915527344,50.619998931884766,50.959999084472656,44.72172927856445,2369600,0.518,0.0,0.0
2025-08-21,50.84000015258789,50.935001373291016,50.66999816894531,50.790000915527344,44.57253646850586,2091600,0.0,0.0,0.0
2025-08-22,50.970001220703125,51.439998626708984,50.900001525878906,51.38999938964844,45.099090576171875,2260400,0.0,0.0,0.0
2025-08-25,51.34000015258789,51.43000030517578,51.2599983215332,51.27000045776367,44.993770599365234,1425100,0.0,0.0,0.0
2025-08-26,51.25,51.435001373291016,51.209999084472656,51.41999816894531,45.12541961669922,1311100,0.0,0.0,0.0
2025-08-27,51.41999816894531,51.529998779296875,51.38999938964844,51.5,45.19562530517578,1147300,0.0,0.0,0.0
2025-08-28,51.56999969482422,51.65999984741211,51.439998626708984,51.63999938964844,45.3184814453125,1417300,0.0,0.0,0.0
2025-08-29,51.619998931884766,51.619998931884766,51.32500076293945,51.439998626708984,45.142967224121094,1506900,0.0,0.0,0.0
2025-09-02,50.970001220703125,51.18000030517578,50.79499816894531,51.15999984741211,44.897247314453125,2293900,0.0,0.0,0.0
2025-09-03,51.34000015258789,51.40999984741211,51.189998626708984,51.400001525878906,45.10786819458008,2004200,0.0,0.0,0.0
2025-09-04,51.45000076293945,51.709999084472656,51.39500045776367,51.709999084472656,45.379920959472656,1668700,0.0,0.0,0.0
2025-09-05,51.849998474121094,51.900001525878906,51.369998931884766,51.630001068115234,45.309715270996094,2209700,0.0,0.0,0.0
2025-09-08,51.689998626708984,51.779998779296875,51.63999938964844,51.720001220703125,45.38869857788086,1911200,0.0,0.0,0.0
2025-09-09,51.73500061035156,51.849998474121094,51.64500045776367,51.83000183105469,45.485225677490234,1668200,0.0,0.0,0.0
2025-09-10,52.0,52.05099868774414,51.861000061035156,51.959999084472656,45.59931182861328,2511000,0.0,0.0,0.0
2025-09-11,52.06999969482422,52.224998474121094,52.02000045776367,52.20000076293945,45.809932708740234,1816400,0.0,0.0,0.0
2025-09-12,52.220001220703125,52.290000915527344,52.189998626708984,52.21500015258789,45.823097229003906,1865800,0.0,0.0,0.0
2025-09-15,52.31999969482422,52.369998931884766,52.29199981689453,52.36000061035156,45.95035171508789,2361800,0.0,0.0,0.0
2025-09-16,52.400001525878906,52.400001525878906,52.279998779296875,52.31999969482422,45.915245056152344,1906600,0.0,0.0,0.0
2025-09-17,52.349998474121094,52.400001525878906,52.05799865722656,52.31999969482422,45.915245056152344,2772700,0.0,0.0,0.0
2025-09-18,52.459999084472656,52.540000915527344,52.36000061035156,52.45000076293945,46.02933120727539,2678500,0.0,0.0,0.0
2025-09-19,52.529998779296875,52.61000061035156,52.439998626708984,52.59000015258789,46.152198791503906,2141700,0.0,0.0,0.0
2025-09-22,52.650001525878906,52.724998474121094,52.540000915527344,52.709999084472656,46.257503509521484,2879400,0.0,0.0,0.0
2025-09-23,52.709999084472656,52.72999954223633,52.52000045776367,52.58000183105469,46.1434211730957,2991600,0.0,0.0,0.0
2025-09-24,52.119998931884766,52.130001068115234,51.90999984741211,52.0,46.096435546875,1954700,0.527,0.0,0.0
2025-09-25,51.869998931884766,51.95500183105469,51.70000076293945,51.880001068115234,45.99005889892578,3176100,0.0,0.0,0.0
2025-09-26,52.0099983215332,52.099998474121094,51.88999938964844,52.099998474121094,46.185081481933594,1887700,0.0,0.0,0.0
2025-09-29,52.20000076293945,52.2400016784668,52.119998931884766,52.189998626708984,46.26486587524414,1906800,0.0,0.0,0.0
2025-09-30,52.15999984741211,52.29999923706055,52.099998474121094,52.29999923706055,46.36236572265625,2039800,0.0,0.0,0.0
2025-10-01,52.099998474121094,52.439998626708984,52.09000015258789,52.400001525878906,46.45102310180664,1672200,0.0,0.0,0.0
2025-10-02,52.52000045776367,52.558998107910156,52.275001525878906,52.40999984741211,46.45988845825195,2270000,0.0,0.0,0.0
2025-10-03,52.45000076293945,52.59700012207031,52.36000061035156,52.43000030517578,46.47761535644531,2585400,0.0,0.0,0.0
2025-10-06,52.54999923706055,52.61000061035156,52.45000076293945,52.58000183105469,46.61058807373047,2974600,0.0,0.0,0.0
2025-10-07,52.63999938964844,52.650001525878906,52.349998474121094,52.45000076293945,46.4953498840332,2860300,0.0,0.0,0.0
2025-10-08,52.51499938964844,52.66999816894531,52.459999084472656,52.66999816894531,46.69036102294922,1962600,0.0,0.0,0.0
2025-10-09,52.70000076293945,52.720001220703125,52.459999084472656,52.59000015258789,46.619449615478516,3252600,0.0,0.0,0.0
2025-10-10,52.650001525878906,52.72999954223633,51.41999816894531,51.45000076293945,45.6088752746582,6456100,0.0,0.0,0.0
2025-10-13,51.970001220703125,52.207000732421875,51.88999938964844,52.150001525878906,46.229400634765625,3147300,0.0,0.0,0.0
2025-10-14,51.72999954223633,52.2859992980957,51.459999084472656,52.06999969482422,46.158485412597656,4736800,0.0,0.0,0.0
2025-10-15,52.36000061035156,52.540000915527344,51.849998474121094,52.25,46.31805419921875,2876600,0.0,0.0,0.0
2025-10-16,52.38999938964844,52.433998107910156,51.689998626708984,51.915000915527344,46.021080017089844,4268900,0.0,0.0,0.0
2025-10-17,51.849998474121094,52.279998779296875,51.7599983215332,52.209999084472656,46.2825927734375,3172400,0.0,0.0,0.0
2025-10-20,52.400001525878906,52.720001220703125,52.400001525878906,52.68000030517578,46.69923400878906,2413800,0.0,0.0,0.0
2025-10-21,52.720001220703125,52.790000915527344,52.61000061035156,52.709999084472656,46.725833892822266,2314300,0.0,0.0,0.0
2025-10-22,52.209999084472656,52.209999084472656,51.689998626708984,52.0,46.56196594238281,4179800,0.527,0.0,0.0
2025-10-23,52.02000045776367,52.29999923706055,52.01100158691406,52.2400016784668,46.7768669128418,2523400,0.0,0.0,0.0
2025-10-24,52.5099983215332,52.599998474121094,52.470001220703125,52.540000915527344,47.045494079589844,2330400,0.0,0.0,0.0
2025-10-27,52.81999969482422,52.93000030517578,52.790000915527344,52.90999984741211,47.376800537109375,2272800,0.0,0.0,0.0
2025-10-28,53.0,53.04999923706055,52.900001525878906,52.97999954223633,47.439476013183594,2002900,0.0,0.0,0.0
2025-10-29,53.04999923706055,53.08000183105469,52.790000915527344,52.9900016784668,47.44843292236328,4462800,0.0,0.0,0.0
2025-10-30,52.869998931884766,52.959999084472656,52.689998626708984,52.70000076293945,47.188758850097656,2780900,0.0,0.0,0.0
2025-10-31,52.97999954223633,52.97999954223633,52.650001525878906,52.810001373291016,47.287254333496094,2000200,0.0,0.0,0.0
2025-11-03,53.060001373291016,53.06999969482422,52.650001525878906,52.88999938964844,47.35888671875,1908000,0.0,0.0,0.0
2025-11-04,52.45000076293945,52.689998626708984,52.345001220703125,52.41999816894531,46.93803787231445,2874100,0.0,0.0,0.0
2025-11-05,52.38999938964844,52.79800033569336,52.345001220703125,52.59000015258789,47.090267181396484,1855100,0.0,0.0,0.0
2025-11-06,52.560001373291016,52.56999969482422,52.0,52.099998474121094,46.65150451660156,3200600,0.0,0.0,0.0
2025-11-07,51.939998626708984,52.17499923706055,51.470001220703125,52.16999816894531,46.71418762207031,2547200,0.0,0.0,0.0
2025-11-10,52.63999938964844,52.90999984741211,52.47999954223633,52.869998931884766,47.340972900390625,2822900,0.0,0.0,0.0
2025-11-11,52.79999923706055,53.01499938964844,52.722999572753906,52.97999954223633,47.439476013183594,1654200,0.0,0.0,0.0
2025-11-12,53.099998474121094,53.099998474121094,52.86000061035156,53.02000045776367,47.47529983520508,2208800,0.0,0.0,0.0
2025-11-13,52.810001373291016,52.86399841308594,52.16999816894531,52.279998779296875,46.81268310546875,3530200,0.0,0.0,0.0
2025-11-14,51.84000015258789,52.540000915527344,51.665000915527344,52.290000915527344,46.821624755859375,3138300,0.0,0.0,0.0
2025-11-17,52.16999816894531,52.41999816894531,51.619998931884766,51.880001068115234,46.45451354980469,2566700,0.0,0.0,0.0
2025-11-18,51.61000061035156,51.83000183105469,51.150001525878906,51.47999954223633,46.096343994140625,3680500,0.0,0.0,0.0
2025-11-19,51.52000045776367,52.01599884033203,51.380001068115234,51.665000915527344,46.26199722290039,3170800,0.0,0.0,0.0
2025-11-20,52.43000030517578,52.595001220703125,50.875,50.91999816894531,45.59490203857422,5899000,0.0,0.0,0.0
2025-11-21,51.099998474121094,51.79999923706055,50.78499984741211,51.41999816894531,46.0426139831543,3757300,0.0,0.0,0.0
2025-11-24,51.709999084472656,52.2400016784668,51.606998443603516,52.150001525878906,46.6962776184082,2428200,0.0,0.0,0.0
2025-11-25,52.13999938964844,52.66600036621094,51.83000183105469,52.59000015258789,47.090267181396484,2330600,0.0,0.0,0.0
2025-11-26,52.2599983215332,52.529998779296875,52.20000076293945,52.400001525878906,47.39052963256836,2006100,0.522,0.0,0.0
2025-11-28,52.4900016784668,52.68000030517578,52.459999084472656,52.66999816894531,47.63471603393555,1468500,0.0,0.0,0.0
2025-12-01,52.38999938964844,52.65999984741211,52.369998931884766,52.48500061035156,47.4673957824707,2315200,0.0,0.0,0.0
2025-12-02,52.599998474121094,52.715999603271484,52.43600082397461,52.58000183105469,47.55331802368164,1965300,0.0,0.0,0.0
2025-12-03,52.540000915527344,52.79999923706055,52.470001220703125,52.7400016784668,47.698020935058594,2151700,0.0,0.0,0.0
2025-12-04,52.84000015258789,52.84000015258789,52.599998474121094,52.79999923706055,47.75228500366211,1895100,0.0,0.0,0.0
2025-12-05,52.869998931884766,53.02000045776367,52.810001373291016,52.88999938964844,47.833683013916016,2289200,0.0,0.0,0.0
2025-12-08,52.959999084472656,52.959999084472656,52.6349983215332,52.77000045776367,47.72514724731445,2912200,0.0,0.0,0.0
2025-12-09,52.72999954223633,52.880001068115234,52.709999084472656,52.7400016784668,47.698020935058594,2152600,0.0,0.0,0.0
2025-12-10,52.709999084472656,53.119998931884766,52.62300109863281,53.040000915527344,47.96933364868164,2384400,0.0,0.0,0.0
2025-12-11,52.90999984741211,53.150001525878906,52.709999084472656,53.150001525878906,48.06882858276367,1826700,0.0,0.0,0.0
2025-12-12,53.15999984741211,53.15999984741211,52.52000045776367,52.72999954223633,47.6889762878418,2861700,0.0,0.0,0.0
2025-12-15,52.97999954223633,53.029998779296875,52.560001373291016,52.68000030517578,47.64375686645508,2074200,0.0,0.0,0.0
2025-12-16,52.630001068115234,52.69499969482422,52.279998779296875,52.56999969482422,47.54426574707031,2413400,0.0,0.0,0.0
2025-12-17,52.65999984741211,52.66999816894531,52.029998779296875,52.040000915527344,47.064937591552734,2707700,0.0,0.0,0.0
2025-12-18,52.5,52.70000076293945,52.290000915527344,52.41999816894531,47.408607482910156,1886300,0.0,0.0,0.0
2025-12-19,52.56999969482422,52.880001068115234,52.56999969482422,52.849998474121094,47.7974967956543,2622500,0.0,0.0,0.0
2025-12-22,53.06999969482422,53.18000030517578,53.0,53.15999984741211,48.07786560058594,2683900,0.0,0.0,0.0
2025-12-23,53.099998474121094,53.380001068115234,53.09000015258789,53.369998931884766,48.267791748046875,2744700,0.0,0.0,0.0
2025-12-24,52.849998474121094,53.0099983215332,52.810001373291016,52.97999954223633,48.39750671386719,1268100,0.532,0.0,0.0
2025-12-26,52.97999954223633,53.060001373291016,52.93299865722656,53.0,48.41577911376953,2694800,0.0,0.0,0.0
2025-12-29,52.849998474121094,52.93000030517578,52.7400016784668,52.869998931884766,48.29702377319336,1984800,0.0,0.0,0.0
2025-12-30,52.81999969482422,52.91999816894531,52.78799819946289,52.81999969482422,48.2513427734375,1520500,0.0,0.0,0.0
2025-12-31,52.86000061035156,52.86000061035156,52.474998474121094,52.529998779296875,47.98642349243164,2106400,0.0,0.0,0.0
2026-01-02,52.7400016784668,52.78499984741211,52.39500045776367,52.59000015258789,48.04124069213867,3096300,0.0,0.0,0.0
2026-01-05,52.790000915527344,52.91999816894531,52.7599983215332,52.834999084472656,48.265045166015625,3620300,0.0,0.0,0.0
2026-01-06,52.88999938964844,53.060001373291016,52.849998474121094,53.040000915527344,48.45231246948242,3452800,0.0,0.0,0.0
2026-01-07,53.06999969482422,53.150001525878906,52.90999984741211,52.93000030517578,48.35183334350586,2483000,0.0,0.0,0.0
2026-01-08,52.88999938964844,53.0,52.810001373291016,52.939998626708984,48.36096954345703,2604900,0.0,0.0,0.0
2026-01-09,53.02000045776367,53.25,52.939998626708984,53.189998626708984,48.58934783935547,2859900,0.0,0.0,0.0
2026-01-12,53.0,53.290000915527344,53.0,53.25,48.644161224365234,3020700,0.0,0.0,0.0
2026-01-13,53.27000045776367,53.290000915527344,53.04999923706055,53.16999816894531,48.57107162475586,3563500,0.0,0.0,0.0
2026-01-14,53.0,53.04999923706055,52.7400016784668,53.0099983215332,48.42490768432617,4449400,0.0,0.0,0.0
2026-01-15,53.29999923706055,53.29999923706055,53.064998626708984,53.119998931884766,48.525394439697266,2946500,0.0,0.0,0.0
2026-01-16,53.22999954223633,53.263999938964844,53.0099983215332,53.099998474121094,48.50712966918945,4054600,0.0,0.0,0.0
2026-01-20,52.5,52.70500183105469,52.18000030517578,52.2599983215332,47.73978042602539,7114200,0.0,0.0,0.0
2026-01-21,51.91999816894531,52.41999816894531,51.77000045776367,52.2400016784668,48.21138000488281,5332300,0.531,0.0,0.0
2026-01-22,52.52000045776367,52.584999084472656,52.34000015258789,52.474998474121094,48.428253173828125,4204300,0.0,0.0,0.0
2026-01-23,52.439998626708984,52.61000061035156,52.38199996948242,52.52000045776367,48.46978759765625,4245100,0.0,0.0,0.0
2026-01-26,52.58000183105469,52.79999923706055,52.560001373291016,52.709999084472656,48.6451301574707,3653500,0.0,0.0,0.0
2026-01-27,52.79999923706055,52.93000030517578,52.77000045776367,52.869998931884766,48.79279327392578,2655900,0.0,0.0,0.0
2026-01-28,52.939998626708984,52.97999954223633,52.78499984741211,52.86000061035156,48.783565521240234,3316500,0.0,0.0,0.0
2026-01-29,52.900001525878906,52.930999755859375,52.25,52.81999969482422,48.74665069580078,4246200,0.0,0.0,0.0
2026-01-30,52.77000045776367,52.85499954223633,52.439998626708984,52.709999084472656,48.6451301574707,4577500,0.0,0.0,0.0
2026-02-02,52.599998474121094,53.04999923706055,52.584999084472656,52.970001220703125,48.88508987426758,4969300,0.0,0.0,0.0
2026-02-03,53.04999923706055,53.05500030517578,52.2599983215332,52.619998931884766,48.562076568603516,5621800,0.0,0.0,0.0
2026-02-04,52.689998626708984,52.73899841308594,52.11000061035156,52.400001525878906,48.359039306640625,5938900,0.0,0.0,0.0
2026-02-05,52.119998931884766,52.22999954223633,51.70000076293945,51.83000183105469,47.8329963684082,6496100,0.0,0.0,0.0
2026-02-06,52.099998474121094,52.810001373291016,52.08000183105469,52.709999084472656,48.6451301574707,3689600,0.0,0.0,0.0
2026-02-09,52.63999938964844,53.040000915527344,52.56999969482422,52.93000030517578,48.848167419433594,3156600,0.0,0.0,0.0
2026-02-10,53.02000045776367,53.08000183105469,52.80099868774414,52.83000183105469,48.75588607788086,2598700,0.0,0.0,0.0
2026-02-11,53.099998474121094,53.130001068115234,52.650001525878906,52.83000183105469,48.75588607788086,3899200,0.0,0.0,0.0
2026-02-12,52.9900016784668,53.04999923706055,52.09000015258789,52.15999984741211,48.13754653930664,3767500,0.0,0.0,0.0
2026-02-13,52.25,52.5,51.880001068115234,52.189998626708984,48.16523361206055,4859200,0.0,0.0,0.0
2026-02-17,52.084999084472656,52.43000030517578,51.779998779296875,52.290000915527344,48.25751876831055,5506100,0.0,0.0,0.0
2026-02-18,51.84000015258789,52.189998626708984,51.77000045776367,52.0,48.47379684448242,3723800,0.522,0.0,0.0
2026-02-19,51.84000015258789,51.9900016784668,51.685001373291016,51.90999984741211,48.389892578125,4998600,0.0,0.0,0.0
2026-02-20,51.790000915527344,52.2599983215332,51.71500015258789,52.22999954223633,48.688194274902344,9007000,0.0,0.0,0.0
2026-02-23,52.13999938964844,52.26499938964844,51.61000061035156,51.77000045776367,48.25938415527344,5577800,0.0,0.0,0.0
2026-02-24,51.72999954223633,52.185001373291016,51.60499954223633,52.130001068115234,48.594970703125,3678000,0.0,0.0,0.0
2026-02-25,52.290000915527344,52.540000915527344,52.290000915527344,52.5099983215332,48.94919967651367,3464000,0.0,0.0,0.0
2026-02-26,52.54999923706055,52.54999923706055,51.939998626708984,52.290000915527344,48.74412155151367,3557100,0.0,0.0,0.0
2026-02-27,51.880001068115234,52.119998931884766,51.75,52.09000015258789,48.55768585205078,3420600,0.0,0.0,0.0
2026-03-02,51.599998474121094,52.20500183105469,51.560001373291016,52.06999969482422,48.539039611816406,8085700,0.0,0.0,0.0
2026-03-03,51.40999984741211,51.849998474121094,50.970001220703125,51.689998626708984,48.184814453125,10743800,0.0,0.0,0.0
2026-03-04,51.779998779296875,52.130001068115234,51.654998779296875,52.02000045776367,48.492427825927734,3898300,0.0,0.0,0.0
2026-03-05,51.81999969482422,52.040000915527344,51.3849983215332,51.779998779296875,48.268707275390625,5812400,0.0,0.0,0.0
2026-03-06,51.209999084472656,51.417999267578125,50.9900016784668,51.150001525878906,47.68143081665039,5198100,0.0,0.0,0.0
2026-03-09,50.79999923706055,51.689998626708984,50.5,51.599998474121094,48.10090637207031,9026100,0.0,0.0,0.0
2026-03-10,51.54999923706055,51.939998626708984,51.369998931884766,51.5099983215332,48.01700973510742,5950900,0.0,0.0,0.0
2026-03-11,51.529998779296875,51.72999954223633,51.279998779296875,51.47999954223633,47.98904800415039,4677800,0.0,0.0,0.0
2026-03-12,51.13999938964844,51.15999984741211,50.77000045776367,50.790000915527344,47.34584426879883,4837500,0.0,0.0,0.0
2026-03-13,51.0,51.22999954223633,50.470001220703125,50.529998779296875,47.10347366333008,7282400,0.0,0.0,0.0
2026-03-16,51.0,51.25,50.90999984741211,51.04999923706055,47.58820724487305,4421000,0.0,0.0,0.0
2026-03-17,51.279998779296875,51.43000030517578,51.1349983215332,51.20000076293945,47.7280387878418,3515100,0.0,0.0,0.0
2026-03-18,50.529998779296875,50.60499954223633,50.0,50.029998779296875,47.106605529785156,4810500,0.51,0.0,0.0
2026-03-19,49.709999084472656,50.130001068115234,49.529998779296875,49.904998779296875,46.98891067504883,6157100,0.0,0.0,0.0
2026-03-20,49.84000015258789,49.84000015258789,48.91999816894531,49.27000045776367,46.391014099121094,7429700,0.0,0.0,0.0
2026-03-23,49.83000183105469,50.22999954223633,49.599998474121094,49.709999084472656,46.805301666259766,7358700,0.0,0.0,0.0
2026-03-24,49.40999984741211,49.82699966430664,49.310001373291016,49.560001373291016,46.6640739440918,4808600,0.0,0.0,0.0
2026-03-25,49.95000076293945,50.119998931884766,49.63999938964844,49.814998626708984,46.9041633605957,4347300,0.0,0.0,0.0
2026-03-26,49.45000076293945,49.68000030517578,48.939998626708984,48.970001220703125,46.10853958129883,4528600,0.0,0.0,0.0
2026-03-27,48.7400016784668,48.76499938964844,48.05500030517578,48.13999938964844,45.3270378112793,6071700,0.0,0.0,0.0
2026-03-30,48.540000915527344,48.59000015258789,47.77000045776367,47.974998474121094,45.17167663574219,4209100,0.0,0.0,0.0
2026-03-31,48.5,49.43000030517578,48.435001373291016,49.369998931884766,46.48516845703125,5845800,0.0,0.0,0.0
2026-04-01,49.61000061035156,49.869998931884766,49.51499938964844,49.64500045776367,46.74409866333008,4313300,0.0,0.0,0.0
2026-04-02,49.09000015258789,49.814998626708984,49.005001068115234,49.720001220703125,46.81472396850586,5750100,0.0,0.0,0.0
2026-04-06,49.77000045776367,49.959999084472656,49.70500183105469,49.93000030517578,47.012447357177734,3650800,0.0,0.0,0.0
2026-04-07,49.83000183105469,49.93000030517578,49.40999984741211,49.93000030517578,47.012447357177734,5560800,0.0,0.0,0.0
2026-04-08,50.93000030517578,51.0099983215332,50.63999938964844,50.869998931884766,47.89752197265625,5814500,0.0,0.0,0.0
2026-04-09,50.81999969482422,51.18000030517578,50.78300094604492,51.125,48.13762283325195,4850800,0.0,0.0,0.0
2026-04-10,51.209999084472656,51.244998931884766,51.05500030517578,51.11000061035156,48.123497009277344,3736900,0.0,0.0,0.0
2026-04-13,51.0099983215332,51.47999954223633,50.970001220703125,51.470001220703125,48.46246337890625,5004600,0.0,0.0,0.0
2026-04-14,51.58000183105469,51.86000061035156,51.564998626708984,51.86000061035156,48.82966995239258,3690700,0.0,0.0,0.0
2026-04-15,51.939998626708984,52.119998931884766,51.86000061035156,52.099998474121094,49.05564498901367,5408800,0.0,0.0,0.0
2026-04-16,52.130001068115234,52.220001220703125,52.02199935913086,52.20000076293945,49.14979934692383,2964500,0.0,0.0,0.0
2026-04-17,52.36000061035156,52.63999938964844,52.36000061035156,52.54999923706055,49.47935104370117,3855500,0.0,0.0,0.0
2026-04-20,52.5,52.54999923706055,52.369998931884766,52.4900016784668,49.422855377197266,3160800,0.0,0.0,0.0
2026-04-21,52.61000061035156,52.619998931884766,52.209999084472656,52.290000915527344,49.23454284667969,4104200,0.0,0.0,0.0
2026-04-22,52.0,52.099998474121094,51.95000076293945,52.08000183105469,49.534149169921875,2491400,0.525,0.0,0.0
2026-04-23,52.0,52.130001068115234,51.66999816894531,51.970001220703125,49.429527282714844,4114700,0.0,0.0,0.0
2026-04-24,52.099998474121094,52.224998474121094,51.9900016784668,52.20000076293945,49.64828109741211,3006300,0.0,0.0,0.0
2026-04-27,52.18000030517578,52.290000915527344,52.150001525878906,52.275001525878906,49.71961975097656,2783300,0.0,0.0,0.0
2026-04-28,52.130001068115234,52.18000030517578,52.029998779296875,52.150001525878906,49.60072708129883,2137800,0.0,0.0,0.0
2026-04-29,52.150001525878906,52.16899871826172,52.005001068115234,52.13999938964844,49.591209411621094,2584000,0.0,0.0,0.0
2026-04-30,52.27000045776367,52.459999084472656,52.099998474121094,52.400001525878906,49.83850860595703,2225100,0.0,0.0,0.0
2026-05-01,52.560001373291016,52.7599983215332,52.51499938964844,52.51499938964844,49.94788360595703,2213400,0.0,0.0,0.0
2026-05-04,52.5,52.630001068115234,52.209999084472656,52.400001525878906,49.83850860595703,2841600,0.0,0.0,0.0
2026-05-05,52.619998931884766,52.779998779296875,52.61000061035156,52.70000076293945,50.12384033203125,2660800,0.0,0.0,0.0
2026-05-06,52.939998626708984,53.25,52.939998626708984,53.20000076293945,50.59939956665039,2747400,0.0,0.0,0.0
2026-05-07,53.279998779296875,53.33000183105469,53.01499938964844,53.130001068115234,50.53282165527344,2597000,0.0,0.0,0.0
2026-05-08,53.29999923706055,53.41999816894531,53.27000045776367,53.40999984741211,50.79913330078125,2878800,0.0,0.0,0.0
2026-05-11,53.349998474121094,53.560001373291016,53.349998474121094,53.4900016784668,50.87522506713867,3030400,0.0,0.0,0.0
2026-05-12,53.380001068115234,53.4900016784668,53.12300109863281,53.459999084472656,50.84668731689453,2445100,0.0,0.0,0.0
2026-05-13,53.47999954223633,53.709999084472656,53.31999969482422,53.64500045776367,51.022647857666016,2018000,0.0,0.0,0.0
2026-05-14,53.689998626708984,53.959999084472656,53.689998626708984,53.91999816894531,51.284202575683594,2263700,0.0,0.0,0.0
2026-05-15,53.630001068115234,53.729000091552734,53.470001220703125,53.529998779296875,50.91326904296875,3144900,0.0,0.0,0.0
2026-05-18,53.56999969482422,53.65999984741211,53.279998779296875,53.540000915527344,50.92277908325195,4023400,0.0,0.0,0.0
2026-05-19,53.380001068115234,53.5,53.20500183105469,53.33000183105469,50.723045349121094,3226200,0.0,0.0,0.0
2026-05-20,52.900001525878906,53.15999984741211,52.79499816894531,53.15999984741211,51.0737190246582,2619100,0.535,0.0,0.0
2026-05-21,53.0099983215332,53.33000183105469,52.97999954223633,53.2599983215332,51.169795989990234,3126100,0.0,0.0,0.0
2026-05-22,53.380001068115234,53.529998779296875,53.334999084472656,53.380001068115234,51.28508377075195,3424400,0.0,0.0,0.0
2026-05-26,53.61000061035156,53.68000030517578,53.52199935913086,53.61000061035156,51.50606155395508,2716300,0.0,0.0,0.0
2026-05-27,53.619998931884766,53.65999984741211,53.540000915527344,53.64500045776367,51.5396842956543,2756500,0.0,0.0,0.0
2026-05-28,53.63999938964844,53.84000015258789,53.595001220703125,53.81999969482422,51.707820892333984,2748100,0.0,0.0,0.0
2026-05-29,53.880001068115234,53.959999084472656,53.834999084472656,53.88999938964844,51.77506637573242,2122900,0.0,0.0,0.0
2026-06-01,53.900001525878906,54.09000015258789,53.79499816894531,53.994998931884766,51.87594223022461,3943200,0.0,0.0,0.0
2026-06-02,53.95000076293945,54.11000061035156,53.91999816894531,54.06999969482422,51.94800567626953,2115800,0.0,0.0,0.0
2026-06-03,54.04999923706055,54.04999923706055,53.7599983215332,53.79999923706055,51.688602447509766,2582900,0.0,0.0,0.0
2026-06-04,53.689998626708984,54.040000915527344,53.63999938964844,53.97999954223633,51.861534118652344,2741900,0.0,0.0,0.0
2026-06-05,53.7599983215332,53.7599983215332,52.654998779296875,52.77000045776367,50.69902801513672,4783200,0.0,0.0,0.0
2026-06-08,53.13999938964844,53.29499816894531,52.86000061035156,52.93000030517578,50.85274887084961,2894800,0.0,0.0,0.0
2026-06-09,53.20000076293945,53.400001525878906,51.790000915527344,52.77000045776367,50.69902801513672,4828700,0.0,0.0,0.0
2026-06-10,52.5099983215332,52.845001220703125,51.970001220703125,52.0,49.95924758911133,3054800,0.0,0.0,0.0
2026-06-11,52.20000076293945,52.939998626708984,51.91999816894531,52.81999969482422,50.74706268310547,3820300,0.0,0.0,0.0
2026-06-12,52.93000030517578,53.237998962402344,52.63999938964844,53.099998474121094,51.016075134277344,3563900,0.0,0.0,0.0
2026-06-15,53.75,54.02000045776367,53.7400016784668,53.90999984741211,51.79428482055664,4289700,0.0,0.0,0.0
2026-06-16,53.400001525878906,53.43000030517578,53.11000061035156,53.130001068115234,51.552677154541016,2587000,0.531,0.0,0.0
2026-06-17,53.220001220703125,53.2599983215332,52.42499923706055,52.54999923706055,50.98989486694336,3357800,0.0,0.0,0.0
2026-06-18,53.13999938964844,53.16999816894531,52.862998962402344,53.04999923706055,51.47505187988281,2915800,0.0,0.0,0.0
2026-06-22,53.099998474121094,53.279998779296875,52.834999084472656,52.88999938964844,51.319801330566406,2718100,0.0,0.0,0.0
2026-06-23,52.2599983215332,52.595001220703125,52.099998474121094,52.20500183105469,50.6551399230957,2583000,0.0,0.0,0.0
2026-06-24,52.30500030517578,52.63999938964844,52.029998779296875,52.16999816894531,50.62117385864258,2513200,0.0,0.0,0.0
2026-06-25,52.560001373291016,52.95000076293945,51.93000030517578,52.18000030517578,50.63087844848633,2656500,0.0,0.0,0.0
2026-06-26,51.900001525878906,52.415000915527344,51.75,51.9900016784668,50.4465217590332,2238000,0.0,0.0,0.0
2026-06-29,52.459999084472656,52.76499938964844,52.1349983215332,52.720001220703125,51.154850006103516,2155500,0.0,0.0,0.0
2026-06-30,52.7400016784668,53.20500183105469,52.72999954223633,53.09000015258789,51.51386260986328,1859000,0.0,0.0,0.0
2026-07-01,53.0,53.290000915527344,52.869998931884766,53.09000015258789,51.51386260986328,1880100,0.0,0.0,0.0
2026-07-02,53.209999084472656,53.415000915527344,52.775001525878906,53.060001373291016,51.48475646972656,2049500,0.0,0.0,0.0
2026-07-06,53.290000915527344,53.51499938964844,53.22999954223633,53.45000076293945,51.86317825317383,2408700,0.0,0.0,0.0
2026-07-07,53.39500045776367,53.439998626708984,53.1150016784668,53.279998779296875,51.69822311401367,2350500,0.0,0.0,0.0
2026-07-08,53.0,53.189998626708984,52.779998779296875,53.150001525878906,51.572086334228516,2161500,0.0,0.0,0.0
2026-07-09,53.279998779296875,53.5099983215332,53.14500045776367,53.5099983215332,51.92139434814453,1610200,0.0,0.0,0.0
2026-07-10,53.5099983215332,53.724998474121094,53.29999923706055,53.70000076293945,52.10575485229492,2603000,0.0,0.0,0.0
2026-07-13,53.55500030517578,53.63999938964844,53.30500030517578,53.369998931884766,51.78554916381836,2562600,0.0,0.0,0.0
2026-07-14,53.5,53.6349983215332,53.36399841308594,53.560001373291016,51.969913482666016,1981800,0.0,0.0,0.0
2026-07-15,53.68000030517578,53.77000045776367,53.474998474121094,53.7400016784668,52.144569396972656,2245200,0.0,0.0,0.0
2026-07-16,53.68000030517578,53.72999954223633,53.349998474121094,53.525001525878906,51.935951232910156,1953000,0.0,0.0,0.0
2026-07-17,53.02000045776367,53.310001373291016,52.900001525878906,53.06999969482422,51.49445724487305,3014300,0.0,0.0,0.0
2026-07-20,53.34000015258789,53.41999816894531,52.98500061035156,53.0099983215332,51.43623733520508,3012200,0.0,0.0,0.0
2026-07-21,53.290000915527344,53.45000076293945,53.15599822998047,53.43000030517578,51.84376907348633,3021900,0.0,0.0,0.0
2026-07-22,52.81999969482422,52.9900016784668,52.775001525878906,52.84000015258789,51.784969329833984,2286400,0.53,0.0,0.0
2026-07-23,52.349998474121094,52.53499984741211,52.04499816894531,52.2599983215332,51.216548919677734,3498400,0.0,0.0,0.0
2026-07-24,52.279998779296875,52.619998931884766,52.20000076293945,52.29999923706055,51.2557487487793,3366900,0.0,0.0,0.0
2026-07-27,52.70000076293945,52.7400016784668,52.119998931884766,52.31999969482422,51.27534866333008,2959200,0.0,0.0,0.0
2026-07-28,52.34000015258789,52.58000183105469,52.13999938964844,52.459999084472656,51.41255569458008,2696800,0.0,0.0,0.0
2026-07-29,52.39500045776367,52.59000015258789,51.685001373291016,51.689998626708984,50.65792465209961,3235100,0.0,0.0,0.0
2026-07-30,52.18000030517578,52.58000183105469,52.05500030517578,52.52000045776367,51.47135543823242,2927300,0.0,0.0,0.0
2026-07-31,52.709999084472656,53.0099983215332,52.26499938964844,52.86000061035156,51.804569244384766,2633400,0.0,0.0,0.0
2026-08-03,53.06999969482422,53.5,53.025001525878906,53.459999084472656,52.3925895690918,3080700,0.0,0.0,0.0
2026-08-04,53.59000015258789,54.119998931884766,53.59000015258789,54.040000915527344,52.96100997924805,3875100,0.0,0.0,0.0
2026-08-05,54.20000076293945,54.25,53.97999954223633,54.0,52.92180633544922,2835300,0.0,0.0,0.0
2026-08-06,54.02000045776367,54.09000015258789,53.915000915527344,53.970001220703125,52.89240646362305,1978400,0.0,0.0,0.0
2026-08-07,54.11000061035156,54.209999084472656,54.029998779296875,54.18000030517578,53.09821319580078,2426300,0.0,0.0,0.0
2026-08-10,54.16999816894531,54.279998779296875,54.150001525878906,54.189998626708984,53.108009338378906,2701100,0.0,0.0,0.0
2026-08-11,54.25,54.25,54.03499984741211,54.09000015258789,53.010009765625,1767100,0.0,0.0,0.0
2026-08-12,54.279998779296875,54.290000915527344,54.14500045776367,54.20000076293945,53.11781311035156,2411300,0.0,0.0,0.0
2026-08-13,54.310001373291016,54.470001220703125,54.279998779296875,54.40999984741211,53.3236198425293,2344900,0.0,0.0,0.0
2026-08-14,54.470001220703125,54.470001220703125,54.349998474121094,54.38999938964844,53.304019927978516,2688500,0.0,0.0,0.0
2026-08-17,54.41999816894531,54.43000030517578,54.25,54.2599983215332,53.176612854003906,3544700,0.0,0.0,0.0
2026-08-18,54.099998474121094,54.119998931884766,54.0099983215332,54.040000915527344,52.96100997924805,2894000,0.0,0.0,0.0
2026-08-19,53.654998779296875,53.724998474121094,53.529998779296875,53.599998474121094,53.061981201171875,2670300,0.542,0.0,0.0
2026-08-20,53.45000076293945,53.54999923706055,53.27000045776367,53.310001373291016,52.774898529052734,2927300,0.0,0.0,0.0
2026-08-21,53.45000076293945,53.560001373291016,53.39500045776367,53.459999084472656,52.92338943481445,2208900,0.0,0.0,0.0
2026-08-24,53.45000076293945,53.459999084472656,53.310001373291016,53.38999938964844,52.85409164428711,2944600,0.0,0.0,0.0
2026-08-25,53.47999954223633,53.54999923706055,53.369998931884766,53.529998779296875,52.9926872253418,2327600,0.0,0.0,0.0
2026-08-26,53.459999084472656,53.584999084472656,53.41999816894531,53.529998779296875,52.9926872253418,1739900,0.0,0.0,0.0
2026-08-27,53.689998626708984,53.83000183105469,53.59000015258789,53.779998779296875,53.240177154541016,2091000,0.0,0.0,0.0
2026-08-28,53.779998779296875,53.959999084472656,53.67499923706055,53.72999954223633,53.190677642822266,1904600,0.0,0.0,0.0
2026-08-31,53.650001525878906,53.685001373291016,53.540000915527344,53.650001525878906,53.11148452758789,2088000,0.0,0.0,0.0
2026-09-01,53.369998931884766,53.529998779296875,53.220001220703125,53.36000061035156,52.82439422607422,2313200,0.0,0.0,0.0
2026-09-02,53.40999984741211,53.61899948120117,53.36000061035156,53.56999969482422,53.032283782958984,2134900,0.0,0.0,0.0
2026-09-03,53.70000076293945,54.02000045776367,53.689998626708984,53.9900016784668,53.44807052612305,2820900,0.0,0.0,0.0
2026-09-04,53.95000076293945,53.987998962402344,53.80400085449219,53.86000061035156,53.319374084472656,2836800,0.0,0.0,0.0
2026-09-08,53.79999923706055,53.83000183105469,53.599998474121094,53.650001525878906,53.11148452758789,3010700,0.0,0.0,0.0
2026-09-09,53.53499984741211,53.564998626708984,53.3650016784668,53.439998626708984,52.903587341308594,2990600,0.0,0.0,0.0
2026-09-10,53.20000076293945,53.29999923706055,53.10499954223633,53.18000030517578,52.646202087402344,3556800,0.0,0.0,0.0
2026-09-11,53.61000061035156,53.69499969482422,53.529998779296875,53.57500076293945,53.037235260009766,2493000,0.0,0.0,0.0
2026-09-14,53.290000915527344,53.54499816894531,53.220001220703125,53.40999984741211,52.8738899230957,4138400,0.0,0.0,0.0
2026-09-15,53.35499954223633,53.38999938964844,53.119998931884766,53.20000076293945,52.66600036621094,3049300,0.0,0.0,0.0
2026-09-16,52.790000915527344,52.90999984741211,52.17499923706055,52.47999954223633,52.47999954223633,3199300,0.534,0.0,0.0
2026-09-17,53.04999923706055,53.060001373291016,52.8390007019043,53.0,53.0,2429600,0.0,0.0,0.0
2026-09-18,53.09000015258789,53.099998474121094,52.86000061035156,53.09000015258789,53.09000015258789,2995700,0.0,0.0,0.0
2026-09-21,53.369998931884766,53.77000045776367,53.34000015258789,53.720001220703125,53.720001220703125,3909900,0.0,0.0,0.0
2026-09-22,53.75,53.79999923706055,53.68000030517578,53.720001220703125,53.720001220703125,2515300,0.0,0.0,0.0
2026-09-23,53.66999816894531,53.709999084472656,53.36000061035156,53.439998626708984,53.439998626708984,2541400,0.0,0.0,0.0
2026-09-24,53.20000076293945,53.4900016784668,53.17100143432617,53.41999816894531,53.41999816894531,1959900,0.0,0.0,0.0
2026-09-25,53.529998779296875,53.69499969482422,53.369998931884766,53.650001525878906,53.650001525878906,2410700,0.0,0.0,0.0
2026-09-28,53.5099983215332,53.54999923706055,53.220001220703125,53.34000015258789,53.34000015258789,2760200,0.0,0.0,0.0
2026-09-29,53.41999816894531,53.43000030517578,53.150001525878906,53.27000045776367,53.27000045776367,2864100,0.0,0.0,0.0
