DATE,BXM
03/22/2002,584.3
03/25/2002,578.48
03/26/2002,581.43
03/27/2002,583.95
03/28/2002,585.55
04/01/2002,585.14
04/02/2002,581.45
04/03/2002,576.8
04/04/2002,577.42
04/05/2002,576.16
04/08/2002,577.55
04/09/2002,574.07
04/10/2002,580.43
04/11/2002,566.95
04/12/2002,570.76
04/15/2002,566.56
04/16/2002,579.69
04/17/2002,578.58
04/18/2002,577.87
04/19/2002,578.15
04/22/2002,572.77
04/23/2002,570.64
04/24/2002,567.89
04/25/2002,567.5
04/26/2002,560.93
04/29/2002,555.98
04/30/2002,561.91
05/01/2002,566.69
05/02/2002,566.12
05/03/2002,560.97
05/06/2002,550.65
05/07/2002,548.94
05/08/2002,568.74
05/09/2002,561.36
05/10/2002,552.16
05/13/2002,562.44
05/14/2002,574.01
05/15/2002,571.08
05/16/2002,575.11
05/17/2002,577.35
05/20/2002,573.6
05/21/2002,569.65
05/22/2002,572.33
05/23/2002,576.48
05/24/2002,572.42
05/28/2002,569.37
05/29/2002,566.92
05/30/2002,566.18
05/31/2002,567.63
06/03/2002,555.42
06/04/2002,555.39
06/05/2002,560.38
06/06/2002,549.92
06/07/2002,549.24
06/10/2002,550.96
06/11/2002,541.95
06/12/2002,545.65
06/13/2002,539.99
06/14/2002,538.78
06/17/2002,554.27
06/18/2002,554.8
06/19/2002,545.7
06/20/2002,538.38
06/21/2002,532.06
06/24/2002,533.98
06/25/2002,528.75
06/26/2002,528.52
06/27/2002,534.94
06/28/2002,535.6
07/01/2002,528.11
07/02/2002,518.9
07/03/2002,521.8
07/05/2002,537.58
07/08/2002,533.21
07/09/2002,522.48
07/10/2002,505.47
07/11/2002,509.25
07/12/2002,506.28
07/15/2002,504.32
07/16/2002,495.08
07/17/2002,498.07
07/18/2002,484.63
07/19/2002,469.68
07/22/2002,457.94
07/23/2002,447.95
07/24/2002,468.67
07/25/2002,467.48
07/26/2002,473.97
07/29/2002,488.51
07/30/2002,488.59
07/31/2002,490.95
08/01/2002,485.1
08/02/2002,478.34
08/05/2002,467.9
08/06/2002,478.32
08/07/2002,485.38
08/08/2002,491.74
08/09/2002,493.14
08/12/2002,493.6
08/13/2002,492.45
08/14/2002,496.29
08/15/2002,496.7
08/16/2002,497.42
08/19/2002,502.51
08/20/2002,499.29
08/21/2002,502.89
08/22/2002,504.93
08/23/2002,501.26
08/26/2002,503.44
08/27/2002,501.19
08/28/2002,496.06
08/29/2002,496.4
08/30/2002,496.7
09/03/2002,482.02
09/04/2002,489.46
09/05/2002,483.75
09/06/2002,491.13
09/09/2002,495.43
09/10/2002,498.33
09/11/2002,498.95
09/12/2002,490.08
09/13/2002,492.36
09/16/2002,493.54
09/17/2002,484.43
09/18/2002,482.41
09/19/2002,467.93
09/20/2002,469.06
09/23/2002,466.31
09/24/2002,461.87
09/25/2002,469.83
09/26/2002,475.18
09/27/2002,467.29
09/30/2002,463.11
10/01/2002,475.37
10/02/2002,468.37
10/03/2002,465.35
10/04/2002,457.62
10/07/2002,450.28
10/08/2002,457.61
10/09/2002,446.5
10/10/2002,461.34
10/11/2002,476.13
10/14/2002,479.54
10/15/2002,488.54
10/16/2002,485.59
10/17/2002,490.02
10/18/2002,494.92
10/21/2002,499.5
10/22/2002,496.88
10/23/2002,499.6
10/24/2002,495.51
10/25/2002,502.31
10/28/2002,500.28
10/29/2002,497.88
10/30/2002,501.32
10/31/2002,500.88
11/01/2002,506.15
11/04/2002,508.45
11/05/2002,509.95
11/06/2002,511.8
11/07/2002,508.95
11/08/2002,507.86
11/11/2002,501.22
11/12/2002,505.5
11/13/2002,506.18
11/14/2002,515.98
11/15/2002,519.93
11/18/2002,517.86
11/19/2002,517.35
11/20/2002,522.7
11/21/2002,526.83
11/22/2002,526.74
11/25/2002,527.84
11/26/2002,523.99
11/27/2002,527.87
11/29/2002,528.26
12/02/2002,528.89
12/03/2002,526.42
12/04/2002,525.45
12/05/2002,523.27
12/06/2002,525.95
12/09/2002,520.72
12/10/2002,525.93
12/11/2002,526.54
12/12/2002,527.16
12/13/2002,523.53
12/16/2002,530.98
12/17/2002,529.91
12/18/2002,527.0
12/19/2002,519.75
12/20/2002,531.52
12/23/2002,532.98
12/24/2002,531.43
12/26/2002,531.3
12/27/2002,525.72
12/30/2002,528.31
12/31/2002,529.18
01/02/2003,540.19
01/03/2003,540.78
01/06/2003,544.25
01/07/2003,543.83
01/08/2003,542.52
01/09/2003,545.64
01/10/2003,546.1
01/13/2003,546.2
01/14/2003,547.17
01/15/2003,546.84
01/16/2003,547.11
01/17/2003,544.81
01/21/2003,540.48
01/22/2003,536.99
01/23/2003,541.01
01/24/2003,529.6
01/27/2003,522.4
01/28/2003,529.05
01/29/2003,532.18
01/30/2003,523.19
01/31/2003,529.09
02/03/2003,531.97
02/04/2003,525.52
02/05/2003,523.35
02/06/2003,520.66
02/07/2003,516.08
02/10/2003,520.13
02/11/2003,516.24
02/12/2003,510.63
02/13/2003,509.38
02/14/2003,520.37
02/18/2003,530.58
02/19/2003,526.94
02/20/2003,522.02
02/21/2003,524.81
02/24/2003,520.58
02/25/2003,522.86
02/26/2003,519.6
02/27/2003,524.09
02/28/2003,525.85
03/03/2003,524.61
03/04/2003,519.69
03/05/2003,523.76
03/06/2003,520.85
03/07/2003,524.07
03/10/2003,506.47
03/11/2003,503.32
03/12/2003,505.52
03/13/2003,518.84
03/14/2003,520.35
03/17/2003,527.81
03/18/2003,529.53
03/19/2003,530.84
03/20/2003,531.28
03/21/2003,531.6
03/24/2003,521.69
03/25/2003,526.7
03/26/2003,525.56
03/27/2003,525.35
03/28/2003,523.74
03/31/2003,517.2
04/01/2003,522.64
04/02/2003,531.65
04/03/2003,530.65
04/04/2003,531.02
04/07/2003,533.05
04/08/2003,533.8
04/09/2003,529.07
04/10/2003,532.53
04/11/2003,531.95
04/14/2003,540.35
04/15/2003,543.33
04/16/2003,540.33
04/17/2003,545.75
04/21/2003,545.67
04/22/2003,550.46
04/23/2003,552.26
04/24/2003,551.39
04/25/2003,549.07
04/28/2003,552.42
04/29/2003,553.39
04/30/2003,554.32
05/01/2003,553.77
05/02/2003,555.64
05/05/2003,555.83
05/06/2003,556.23
05/07/2003,556.4
05/08/2003,556.13
05/09/2003,557.23
05/12/2003,557.43
05/13/2003,557.57
05/14/2003,557.91
05/15/2003,557.79
05/16/2003,557.48
05/19/2003,548.89
05/20/2003,548.33
05/21/2003,550.09
05/22/2003,554.1
05/23/2003,555.34
05/27/2003,560.8
05/28/2003,561.36
05/29/2003,560.87
05/30/2003,563.76
06/02/2003,564.81
06/03/2003,565.45
06/04/2003,567.54
06/05/2003,568.0
06/06/2003,568.23
06/09/2003,567.5
06/10/2003,568.66
06/11/2003,569.43
06/12/2003,569.35
06/13/2003,569.6
06/16/2003,570.13
06/17/2003,570.39
06/18/2003,570.44
06/19/2003,570.51
06/20/2003,567.79
06/23/2003,562.6
06/24/2003,563.12
06/25/2003,559.95
06/26/2003,565.26
06/27/2003,561.81
06/30/2003,561.31
07/01/2003,565.23
07/02/2003,569.73
07/03/2003,566.72
07/07/2003,574.11
07/08/2003,575.72
07/09/2003,574.61
07/10/2003,569.95
07/11/2003,574.6
07/14/2003,577.05
07/15/2003,576.51
07/16/2003,574.56
07/17/2003,568.45
07/18/2003,573.25
07/21/2003,569.0
07/22/2003,572.3
07/23/2003,573.19
07/24/2003,570.98
07/25/2003,576.45
07/28/2003,576.0
07/29/2003,574.53
07/30/2003,574.27
07/31/2003,575.15
08/01/2003,571.56
08/04/2003,573.32
08/05/2003,566.33
08/06/2003,568.0
08/07/2003,571.85
08/08/2003,573.93
08/11/2003,575.72
08/12/2003,579.95
08/13/2003,578.86
08/14/2003,582.48
08/15/2003,584.29
08/18/2003,587.33
08/19/2003,588.08
08/20/2003,587.96
08/21/2003,588.69
08/22/2003,586.14
08/25/2003,586.71
08/26/2003,587.69
08/27/2003,588.34
08/28/2003,590.33
08/29/2003,591.63
09/02/2003,594.11
09/03/2003,594.93
09/04/2003,595.7
09/05/2003,596.01
09/08/2003,596.76
09/09/2003,596.0
09/10/2003,594.89
09/11/2003,596.27
09/12/2003,596.92
09/15/2003,597.04
09/16/2003,598.25
09/17/2003,598.15
09/18/2003,597.89
09/19/2003,595.47
09/22/2003,590.96
09/23/2003,593.33
09/24/2003,585.64
09/25/2003,582.94
09/26/2003,580.38
09/29/2003,585.7
09/30/2003,580.58
10/01/2003,591.22
10/02/2003,592.18
10/03/2003,596.37
10/06/2003,598.71
10/07/2003,600.29
10/08/2003,599.1
10/09/2003,601.24
10/10/2003,601.51
10/13/2003,603.93
10/14/2003,605.06
10/15/2003,605.64
10/16/2003,606.3
10/17/2003,600.01
10/20/2003,602.69
10/21/2003,603.48
10/22/2003,598.1
10/23/2003,599.82
10/24/2003,598.2
10/27/2003,599.62
10/28/2003,605.12
10/29/2003,605.86
10/30/2003,605.95
10/31/2003,607.46
11/03/2003,609.23
11/04/2003,608.23
11/05/2003,607.88
11/06/2003,609.72
11/07/2003,609.01
11/10/2003,608.32
11/11/2003,608.62
11/12/2003,612.0
11/13/2003,612.18
11/14/2003,608.11
11/17/2003,609.81
11/18/2003,606.01
11/19/2003,611.06
11/20/2003,607.76
11/21/2003,608.09
11/24/2003,613.57
11/25/2003,613.88
11/26/2003,615.46
11/28/2003,614.81
12/01/2003,617.03
12/02/2003,616.92
12/03/2003,616.57
12/04/2003,617.2
12/05/2003,616.48
12/08/2003,618.52
12/09/2003,617.7
12/10/2003,617.98
12/11/2003,618.57
12/12/2003,619.07
12/15/2003,618.97
12/16/2003,619.39
12/17/2003,619.73
12/18/2003,619.77
12/19/2003,617.83
12/22/2003,619.2
12/23/2003,620.66
12/24/2003,619.84
12/26/2003,620.36
12/29/2003,624.29
12/30/2003,624.17
12/31/2003,625.38
01/02/2004,624.31
01/05/2004,627.33
01/06/2004,627.79
01/07/2004,628.39
01/08/2004,629.56
01/09/2004,627.92
01/12/2004,628.67
01/13/2004,628.69
01/14/2004,629.63
01/15/2004,629.37
01/16/2004,628.27
01/20/2004,628.3
01/21/2004,631.1
01/22/2004,630.17
01/23/2004,630.16
01/26/2004,633.22
01/27/2004,631.05
01/28/2004,625.98
01/29/2004,628.43
01/30/2004,628.13
02/02/2004,629.59
02/03/2004,630.05
02/04/2004,627.2
02/05/2004,628.24
02/06/2004,633.28
02/09/2004,633.43
02/10/2004,635.06
02/11/2004,636.81
02/12/2004,636.37
02/13/2004,635.63
02/17/2004,637.68
02/18/2004,637.73
02/19/2004,637.76
02/20/2004,633.57
02/23/2004,633.46
02/24/2004,633.21
02/25/2004,635.17
02/26/2004,635.97
02/27/2004,636.5
03/01/2004,639.41
03/02/2004,638.0
03/03/2004,638.78
03/04/2004,639.75
03/05/2004,640.31
03/08/2004,638.86
03/09/2004,636.72
03/10/2004,629.93
03/11/2004,621.56
03/12/2004,629.84
03/15/2004,621.23
03/16/2004,624.84
03/17/2004,632.38
03/18/2004,631.62
03/19/2004,625.46
03/22/2004,621.01
03/23/2004,621.07
03/24/2004,620.4
03/25/2004,628.92
03/26/2004,628.75
03/29/2004,634.25
03/30/2004,635.8
03/31/2004,635.58
04/01/2004,637.02
04/02/2004,639.99
04/05/2004,641.61
04/06/2004,641.66
04/07/2004,640.17
04/08/2004,640.75
04/12/2004,642.01
04/13/2004,639.87
04/14/2004,641.37
04/15/2004,642.58
04/16/2004,642.43
04/19/2004,643.56
04/20/2004,637.04
04/21/2004,639.8
04/22/2004,645.31
04/23/2004,646.32
04/26/2004,644.9
04/27/2004,645.46
04/28/2004,640.21
04/29/2004,636.81
04/30/2004,634.0
05/03/2004,639.21
05/04/2004,640.25
05/05/2004,641.59
05/06/2004,638.01
05/07/2004,630.6
05/10/2004,624.43
05/11/2004,629.36
05/12/2004,630.57
05/13/2004,630.27
05/14/2004,629.95
05/17/2004,623.44
05/18/2004,627.8
05/19/2004,626.28
05/20/2004,626.6
05/21/2004,629.63
05/24/2004,631.31
05/25/2004,636.51
05/26/2004,637.07
05/27/2004,638.9
05/28/2004,638.81
06/01/2004,639.17
06/02/2004,639.82
06/03/2004,638.92
06/04/2004,640.21
06/07/2004,642.5
06/08/2004,642.69
06/09/2004,642.43
06/10/2004,642.91
06/14/2004,642.67
06/15/2004,642.71
06/16/2004,643.46
06/17/2004,644.01
06/18/2004,647.39
06/21/2004,646.3
06/22/2004,648.05
06/23/2004,651.05
06/24/2004,650.03
06/25/2004,647.3
06/28/2004,648.12
06/29/2004,649.45
06/30/2004,651.89
07/01/2004,648.12
07/02/2004,647.13
07/06/2004,643.25
07/07/2004,644.84
07/08/2004,640.13
07/09/2004,642.36
07/12/2004,643.4
07/13/2004,643.87
07/14/2004,641.86
07/15/2004,639.19
07/16/2004,637.57
07/19/2004,637.96
07/20/2004,641.11
07/21/2004,635.34
07/22/2004,637.32
07/23/2004,633.08
07/26/2004,632.33
07/27/2004,637.26
07/28/2004,637.78
07/29/2004,640.2
07/30/2004,641.08
08/02/2004,643.22
08/03/2004,640.89
08/04/2004,640.76
08/05/2004,632.48
08/06/2004,623.74
08/09/2004,624.65
08/10/2004,632.68
08/11/2004,631.16
08/12/2004,623.95
08/13/2004,624.96
08/16/2004,633.56
08/17/2004,635.02
08/18/2004,642.88
08/19/2004,640.85
08/20/2004,643.65
08/23/2004,643.49
08/24/2004,644.52
08/25/2004,646.95
08/26/2004,646.88
08/27/2004,647.72
08/30/2004,643.6
08/31/2004,647.43
09/01/2004,648.63
09/02/2004,650.66
09/03/2004,650.44
09/07/2004,651.88
09/08/2004,651.8
09/09/2004,652.53
09/10/2004,653.04
09/13/2004,652.99
09/14/2004,653.06
09/15/2004,653.01
09/16/2004,654.09
09/17/2004,654.81
09/20/2004,652.96
09/21/2004,655.64
09/22/2004,650.23
09/23/2004,648.31
09/24/2004,649.48
09/27/2004,646.68
09/28/2004,650.35
09/29/2004,652.9
09/30/2004,652.69
10/01/2004,658.81
10/04/2004,659.81
10/05/2004,659.76
10/06/2004,661.84
10/07/2004,659.35
10/08/2004,657.45
10/11/2004,659.1
10/12/2004,658.38
10/13/2004,654.53
10/14/2004,648.59
10/15/2004,637.18
10/18/2004,653.53
10/19/2004,650.34
10/20/2004,650.88
10/21/2004,652.28
10/22/2004,648.49
10/25/2004,647.99
10/26/2004,653.72
10/27/2004,657.12
10/28/2004,658.13
10/29/2004,658.65
11/01/2004,658.54
11/02/2004,658.76
11/03/2004,661.81
11/04/2004,663.02
11/05/2004,662.91
11/08/2004,662.99
11/09/2004,663.08
11/10/2004,663.17
11/11/2004,663.33
11/12/2004,664.05
11/15/2004,663.91
11/16/2004,664.16
11/17/2004,664.52
11/18/2004,664.12
11/19/2004,657.23
11/22/2004,659.94
11/23/2004,660.19
11/24/2004,661.55
11/26/2004,662.36
11/29/2004,661.8
11/30/2004,660.36
12/01/2004,664.72
12/02/2004,664.68
12/03/2004,665.3
12/06/2004,665.62
12/07/2004,662.92
12/08/2004,665.0
12/09/2004,666.27
12/10/2004,666.82
12/13/2004,667.84
12/14/2004,667.67
12/15/2004,668.35
12/16/2004,668.69
12/17/2004,670.21
12/20/2004,671.46
12/21/2004,674.93
12/22/2004,675.68
12/23/2004,676.23
12/27/2004,675.14
12/28/2004,677.66
12/29/2004,677.41
12/30/2004,677.62
12/31/2004,677.26
01/03/2005,675.36
01/04/2005,671.29
01/05/2005,670.07
01/06/2005,672.27
01/07/2005,671.99
01/10/2005,674.14
01/11/2005,671.39
01/12/2005,673.95
01/13/2005,669.43
01/14/2005,673.33
01/18/2005,678.82
01/19/2005,673.98
01/20/2005,668.92
01/21/2005,666.61
01/24/2005,665.45
01/25/2005,667.79
01/26/2005,670.35
01/27/2005,671.12
01/28/2005,670.02
01/31/2005,673.89
02/01/2005,676.28
02/02/2005,676.93
02/03/2005,676.85
02/04/2005,679.07
02/07/2005,678.97
02/08/2005,679.36
02/09/2005,678.97
02/10/2005,679.25
02/11/2005,679.74
02/14/2005,680.24
02/15/2005,680.52
02/16/2005,680.96
02/17/2005,680.66
02/18/2005,680.28
02/22/2005,673.51
02/23/2005,676.75
02/24/2005,680.86
02/25/2005,683.61
02/28/2005,681.95
03/01/2005,683.74
03/02/2005,683.76
03/03/2005,684.16
03/04/2005,686.74
03/07/2005,687.36
03/08/2005,687.22
03/09/2005,684.82
03/10/2005,686.3
03/11/2005,683.76
03/14/2005,686.7
03/15/2005,683.9
03/16/2005,679.7
03/17/2005,681.03
03/18/2005,680.37
03/21/2005,678.71
03/22/2005,674.69
03/23/2005,675.67
03/24/2005,675.29
03/28/2005,676.98
03/29/2005,673.19
03/30/2005,680.43
03/31/2005,679.93
04/01/2005,677.25
04/04/2005,679.04
04/05/2005,681.84
04/06/2005,683.17
04/07/2005,685.89
04/08/2005,682.91
04/11/2005,683.49
04/12/2005,686.73
04/13/2005,680.48
04/14/2005,673.86
04/15/2005,664.29
04/18/2005,666.44
04/19/2005,669.96
04/20/2005,663.1
04/21/2005,673.6
04/22/2005,670.18
04/25/2005,674.83
04/26/2005,670.9
04/27/2005,673.1
04/28/2005,667.22
04/29/2005,673.75
05/02/2005,675.98
05/03/2005,675.84
05/04/2005,681.24
05/05/2005,680.49
05/06/2005,680.75
05/09/2005,683.16
05/10/2005,679.53
05/11/2005,682.14
05/12/2005,677.81
05/13/2005,676.21
05/16/2005,681.83
05/17/2005,685.04
05/18/2005,686.82
05/19/2005,687.54
05/20/2005,684.89
05/23/2005,686.84
05/24/2005,687.23
05/25/2005,686.5
05/26/2005,688.48
05/27/2005,689.24
05/31/2005,687.39
06/01/2005,690.54
06/02/2005,691.4
06/03/2005,689.85
06/06/2005,690.75
06/07/2005,690.53
06/08/2005,690.42
06/09/2005,692.2
06/10/2005,692.96
06/13/2005,693.35
06/14/2005,693.47
06/15/2005,694.54
06/16/2005,694.91
06/17/2005,690.79
06/20/2005,690.87
06/21/2005,690.6
06/22/2005,690.77
06/23/2005,685.9
06/24/2005,682.02
06/27/2005,681.74
06/28/2005,687.42
06/29/2005,686.88
06/30/2005,682.81
07/01/2005,684.68
07/05/2005,690.07
07/06/2005,685.13
07/07/2005,686.87
07/08/2005,693.82
07/11/2005,696.9
07/12/2005,697.92
07/13/2005,699.11
07/14/2005,699.83
07/15/2005,700.09
07/18/2005,698.33
07/19/2005,701.03
07/20/2005,702.95
07/21/2005,700.75
07/22/2005,702.68
07/25/2005,701.72
07/26/2005,702.32
07/27/2005,704.31
07/28/2005,705.37
07/29/2005,703.28
08/01/2005,704.31
08/02/2005,712.74
08/03/2005,706.13
08/04/2005,704.94
08/05/2005,703.03
08/08/2005,702.65
08/09/2005,705.37
08/10/2005,705.24
08/11/2005,707.43
08/12/2005,706.53
08/15/2005,707.77
08/16/2005,704.23
08/17/2005,705.55
08/18/2005,705.65
08/19/2005,707.12
08/22/2005,708.6
08/23/2005,707.47
08/24/2005,704.79
08/25/2005,706.34
08/26/2005,703.76
08/29/2005,707.24
08/30/2005,705.99
08/31/2005,710.87
09/01/2005,711.14
09/02/2005,710.21
09/06/2005,715.06
09/07/2005,716.57
09/08/2005,715.83
09/09/2005,717.6
09/12/2005,718.03
09/13/2005,717.31
09/14/2005,717.36
09/15/2005,718.17
09/16/2005,720.4
09/19/2005,718.69
09/20/2005,715.58
09/21/2005,711.26
09/22/2005,713.38
09/23/2005,714.1
09/26/2005,714.83
09/27/2005,715.12
09/28/2005,715.77
09/29/2005,719.99
09/30/2005,720.96
10/03/2005,720.28
10/04/2005,715.58
10/05/2005,706.75
10/06/2005,704.08
10/07/2005,706.76
10/10/2005,701.96
10/11/2005,700.61
10/12/2005,696.53
10/13/2005,696.05
10/14/2005,701.82
10/17/2005,703.94
10/18/2005,696.89
10/19/2005,707.36
10/20/2005,696.79
10/21/2005,697.39
10/24/2005,703.29
10/25/2005,702.67
10/26/2005,701.74
10/27/2005,698.07
10/28/2005,704.51
10/31/2005,706.25
11/01/2005,704.9
11/02/2005,707.31
11/03/2005,707.76
11/04/2005,708.3
11/07/2005,708.67
11/08/2005,708.95
11/09/2005,709.38
11/10/2005,709.46
11/11/2005,709.86
11/14/2005,709.57
11/15/2005,709.86
11/16/2005,709.95
11/17/2005,710.62
11/18/2005,705.33
11/21/2005,707.04
11/22/2005,708.58
11/23/2005,708.64
11/25/2005,709.56
11/28/2005,707.63
11/29/2005,708.34
11/30/2005,707.28
12/01/2005,709.89
12/02/2005,710.58
12/05/2005,710.33
12/06/2005,711.15
12/07/2005,710.36
12/08/2005,710.35
12/09/2005,711.41
12/12/2005,712.04
12/13/2005,712.84
12/14/2005,713.06
12/15/2005,713.37
12/16/2005,710.39
12/19/2005,708.38
12/20/2005,708.63
12/21/2005,709.99
12/22/2005,712.44
12/23/2005,712.82
12/27/2005,708.59
12/28/2005,709.8
12/29/2005,708.58
12/30/2005,706.04
01/03/2006,714.52
01/04/2006,715.92
01/05/2006,716.33
01/06/2006,719.66
01/09/2006,720.28
01/10/2006,720.88
01/11/2006,721.61
01/12/2006,720.84
01/13/2006,721.7
01/17/2006,721.31
01/18/2006,721.19
01/19/2006,723.07
01/20/2006,711.84
01/23/2006,713.6
01/24/2006,715.17
01/25/2006,714.86
01/26/2006,718.38
01/27/2006,721.32
01/30/2006,721.82
01/31/2006,720.52
02/01/2006,721.97
02/02/2006,718.48
02/03/2006,716.71
02/06/2006,717.68
02/07/2006,713.07
02/08/2006,718.91
02/09/2006,718.28
02/10/2006,720.12
02/13/2006,718.49
02/14/2006,724.41
02/15/2006,726.85
02/16/2006,728.81
02/17/2006,727.87
02/21/2006,727.07
02/22/2006,730.19
02/23/2006,728.91
02/24/2006,729.98
02/27/2006,731.67
02/28/2006,727.87
03/01/2006,731.66
03/02/2006,731.13
03/03/2006,730.97
03/06/2006,728.01
03/07/2006,727.46
03/08/2006,729.32
03/09/2006,726.59
03/10/2006,731.08
03/13/2006,732.93
03/14/2006,736.68
03/15/2006,737.55
03/16/2006,738.03
03/17/2006,736.72
03/20/2006,736.2
03/21/2006,734.64
03/22/2006,737.26
03/23/2006,736.68
03/24/2006,737.27
03/27/2006,736.93
03/28/2006,734.29
03/29/2006,738.28
03/30/2006,737.33
03/31/2006,735.49
04/03/2006,737.23
04/04/2006,740.37
04/05/2006,742.06
04/06/2006,741.57
04/07/2006,737.18
04/10/2006,738.21
04/11/2006,734.06
04/12/2006,735.18
04/13/2006,736.04
04/17/2006,734.23
04/18/2006,744.79
04/19/2006,746.28
04/20/2006,747.64
04/21/2006,744.39
04/24/2006,743.76
04/25/2006,741.94
04/26/2006,743.84
04/27/2006,745.23
04/28/2006,745.76
05/01/2006,744.17
05/02/2006,747.22
05/03/2006,745.83
05/04/2006,747.52
05/05/2006,747.6
05/08/2006,750.99
05/09/2006,751.65
05/10/2006,751.67
05/11/2006,748.32
05/12/2006,740.81
05/15/2006,743.05
05/16/2006,742.06
05/17/2006,729.93
05/18/2006,725.14
05/19/2006,726.7
05/22/2006,725.73
05/23/2006,724.64
05/24/2006,725.89
05/25/2006,732.7
05/26/2006,732.72
05/30/2006,726.32
05/31/2006,730.72
06/01/2006,735.03
06/02/2006,735.88
06/05/2006,730.55
06/06/2006,730.85
06/07/2006,729.33
06/08/2006,730.5
06/09/2006,729.02
06/12/2006,721.74
06/13/2006,715.22
06/14/2006,719.21
06/15/2006,734.12
06/16/2006,731.85
06/19/2006,728.96
06/20/2006,729.83
06/21/2006,733.93
06/22/2006,732.43
06/23/2006,731.78
06/26/2006,734.86
06/27/2006,730.74
06/28/2006,733.57
06/29/2006,741.32
06/30/2006,740.51
07/03/2006,742.71
07/05/2006,741.71
07/06/2006,742.66
07/07/2006,741.67
07/10/2006,742.64
07/11/2006,743.75
07/12/2006,741.41
07/13/2006,736.04
07/14/2006,735.51
07/17/2006,735.59
07/18/2006,736.87
07/19/2006,745.49
07/20/2006,744.91
07/21/2006,740.54
07/24/2006,748.17
07/25/2006,749.64
07/26/2006,750.02
07/27/2006,749.35
07/28/2006,752.62
07/31/2006,752.51
08/01/2006,751.82
08/02/2006,753.83
08/03/2006,754.14
08/04/2006,754.17
08/07/2006,754.12
08/08/2006,754.06
08/09/2006,754.31
08/10/2006,755.64
08/11/2006,755.76
08/14/2006,756.17
08/15/2006,757.92
08/16/2006,758.55
08/17/2006,758.13
08/18/2006,758.14
08/21/2006,756.68
08/22/2006,757.51
08/23/2006,756.47
08/24/2006,757.68
08/25/2006,757.43
08/28/2006,759.99
08/29/2006,760.79
08/30/2006,761.66
08/31/2006,761.58
09/01/2006,763.53
09/05/2006,764.15
09/06/2006,761.86
09/07/2006,760.75
09/08/2006,763.14
09/11/2006,763.99
09/12/2006,766.85
09/13/2006,767.38
09/14/2006,767.72
09/15/2006,766.43
09/18/2006,767.27
09/19/2006,766.65
09/20/2006,769.03
09/21/2006,766.82
09/22/2006,765.91
09/25/2006,769.93
09/26/2006,772.61
09/27/2006,772.38
09/28/2006,773.61
09/29/2006,772.94
10/02/2006,772.53
10/03/2006,773.2
10/04/2006,776.44
10/05/2006,776.6
10/06/2006,776.58
10/09/2006,777.33
10/10/2006,777.66
10/11/2006,778.2
10/12/2006,778.88
10/13/2006,779.41
10/16/2006,779.09
10/17/2006,779.05
10/18/2006,780.07
10/19/2006,780.12
10/20/2006,778.38
10/23/2006,779.93
10/24/2006,780.22
10/25/2006,781.46
10/26/2006,782.71
10/27/2006,780.55
10/30/2006,781.5
10/31/2006,782.2
11/01/2006,779.98
11/02/2006,780.99
11/03/2006,780.45
11/06/2006,784.12
11/07/2006,784.58
11/08/2006,785.52
11/09/2006,784.77
11/10/2006,785.85
11/13/2006,786.63
11/14/2006,786.9
11/15/2006,787.34
11/16/2006,787.7
11/17/2006,790.49
11/20/2006,790.96
11/21/2006,792.15
11/22/2006,793.06
11/24/2006,791.92
11/27/2006,785.72
11/28/2006,788.3
11/29/2006,792.94
11/30/2006,793.48
12/01/2006,792.49
12/04/2006,795.85
12/05/2006,796.84
12/06/2006,796.84
12/07/2006,796.08
12/08/2006,797.58
12/11/2006,798.4
12/12/2006,798.75
12/13/2006,799.46
12/14/2006,800.43
12/15/2006,799.79
12/18/2006,798.89
12/19/2006,800.41
12/20/2006,800.14
12/21/2006,798.61
12/22/2006,795.72
12/26/2006,798.78
12/27/2006,802.57
12/28/2006,802.49
12/29/2006,800.16
01/03/2007,800.2
01/04/2007,801.36
01/05/2007,797.55
01/08/2007,799.64
01/09/2007,799.47
01/10/2007,801.23
01/11/2007,805.64
01/12/2007,808.77
01/16/2007,809.58
01/17/2007,809.61
01/18/2007,808.58
01/19/2007,811.17
01/22/2007,809.1
01/23/2007,810.95
01/24/2007,814.71
01/25/2007,809.61
01/26/2007,809.43
01/29/2007,809.37
01/30/2007,812.65
01/31/2007,815.39
02/01/2007,817.31
02/02/2007,818.32
02/05/2007,818.17
02/06/2007,818.93
02/07/2007,819.91
02/08/2007,819.86
02/09/2007,818.09
02/12/2007,817.56
02/13/2007,820.85
02/14/2007,822.05
02/15/2007,822.26
02/16/2007,824.15
02/20/2007,825.41
02/21/2007,825.49
02/22/2007,825.45
02/23/2007,824.23
02/26/2007,823.83
02/27/2007,799.85
02/28/2007,805.1
03/01/2007,803.45
03/02/2007,794.48
03/05/2007,787.18
03/06/2007,799.47
03/07/2007,797.78
03/08/2007,803.5
03/09/2007,804.05
03/12/2007,806.27
03/13/2007,790.08
03/14/2007,795.45
03/15/2007,798.42
03/16/2007,795.9
03/19/2007,801.13
03/20/2007,803.84
03/21/2007,807.94
03/22/2007,807.07
03/23/2007,807.23
03/26/2007,808.16
03/27/2007,807.24
03/28/2007,805.56
03/29/2007,806.59
03/30/2007,807.02
04/02/2007,808.19
04/03/2007,810.7
04/04/2007,811.35
04/05/2007,811.65
04/09/2007,811.74
04/10/2007,812.39
04/11/2007,812.3
04/12/2007,813.09
04/13/2007,813.3
04/16/2007,814.08
04/17/2007,813.97
04/18/2007,814.25
04/19/2007,814.37
04/20/2007,812.38
04/23/2007,811.39
04/24/2007,811.41
04/25/2007,815.23
04/26/2007,815.38
04/27/2007,815.95
04/30/2007,812.77
05/01/2007,814.73
05/02/2007,817.19
05/03/2007,818.72
05/04/2007,819.31
05/07/2007,820.52
05/08/2007,820.23
05/09/2007,821.6
05/10/2007,818.9
05/11/2007,821.53
05/14/2007,821.58
05/15/2007,822.07
05/16/2007,823.95
05/17/2007,824.34
05/18/2007,826.19
05/21/2007,826.71
05/22/2007,827.11
05/23/2007,826.77
05/24/2007,822.92
05/25/2007,826.16
05/29/2007,827.37
05/30/2007,830.94
05/31/2007,831.12
06/01/2007,832.54
06/04/2007,833.28
06/05/2007,832.03
06/06/2007,829.15
06/07/2007,819.4
06/08/2007,827.72
06/11/2007,828.98
06/12/2007,821.85
06/13/2007,832.33
06/14/2007,835.98
06/15/2007,837.1
06/18/2007,837.46
06/19/2007,838.86
06/20/2007,831.67
06/21/2007,835.54
06/22/2007,827.24
06/25/2007,825.98
06/26/2007,823.68
06/27/2007,831.13
06/28/2007,831.18
06/29/2007,830.27
07/02/2007,837.58
07/03/2007,840.38
07/05/2007,840.82
07/06/2007,843.3
07/09/2007,844.2
07/10/2007,835.48
07/11/2007,839.76
07/12/2007,848.72
07/13/2007,850.34
07/16/2007,850.82
07/17/2007,851.43
07/18/2007,851.63
07/19/2007,853.71
07/20/2007,845.37
07/23/2007,848.36
07/24/2007,837.59
07/25/2007,841.15
07/26/2007,825.38
07/27/2007,813.9
07/30/2007,822.81
07/31/2007,812.71
08/01/2007,818.6
08/02/2007,822.55
08/03/2007,801.1
08/06/2007,820.29
08/07/2007,825.42
08/08/2007,836.5
08/09/2007,812.42
08/10/2007,812.86
08/13/2007,812.83
08/14/2007,798.17
08/15/2007,787.32
08/16/2007,789.9
08/17/2007,806.6
08/20/2007,809.69
08/21/2007,811.01
08/22/2007,816.67
08/23/2007,816.47
08/24/2007,820.96
08/27/2007,818.88
08/28/2007,810.3
08/29/2007,819.24
08/30/2007,817.24
08/31/2007,821.76
09/04/2007,824.64
09/05/2007,822.69
09/06/2007,824.68
09/07/2007,820.66
09/10/2007,821.42
09/11/2007,826.01
09/12/2007,826.99
09/13/2007,828.61
09/14/2007,829.31
09/17/2007,829.37
09/18/2007,832.48
09/19/2007,832.54
09/20/2007,832.11
09/21/2007,829.51
09/24/2007,827.62
09/25/2007,828.29
09/26/2007,831.83
09/27/2007,834.08
09/28/2007,833.07
10/01/2007,837.68
10/02/2007,838.2
10/03/2007,837.41
10/04/2007,838.62
10/05/2007,841.99
10/08/2007,841.65
10/09/2007,844.02
10/10/2007,844.83
10/11/2007,843.07
10/12/2007,845.17
10/15/2007,843.97
10/16/2007,843.37
10/17/2007,845.39
10/18/2007,847.18
10/19/2007,834.39
10/22/2007,838.2
10/23/2007,842.84
10/24/2007,842.0
10/25/2007,841.26
10/26/2007,847.61
10/29/2007,849.43
10/30/2007,847.04
10/31/2007,853.26
11/01/2007,841.48
11/02/2007,843.39
11/05/2007,842.08
11/06/2007,849.5
11/07/2007,831.67
11/08/2007,832.95
11/09/2007,822.61
11/12/2007,814.67
11/13/2007,838.06
11/14/2007,832.27
11/15/2007,822.04
11/16/2007,825.8
11/19/2007,819.86
11/20/2007,823.17
11/21/2007,815.09
11/23/2007,824.01
11/26/2007,811.6
11/27/2007,820.76
11/28/2007,832.65
11/29/2007,834.0
11/30/2007,837.41
12/03/2007,836.67
12/04/2007,835.37
12/05/2007,840.94
12/06/2007,844.73
12/07/2007,845.28
12/10/2007,846.37
12/11/2007,842.21
12/12/2007,844.98
12/13/2007,845.96
12/14/2007,843.97
12/17/2007,839.91
12/18/2007,845.01
12/19/2007,846.52
12/20/2007,849.45
12/21/2007,854.47
12/24/2007,858.68
12/26/2007,859.35
12/27/2007,854.35
12/28/2007,855.5
12/31/2007,852.88
01/02/2008,845.66
01/03/2008,846.4
01/04/2008,829.83
01/07/2008,832.96
01/08/2008,819.1
01/09/2008,830.03
01/10/2008,836.47
01/11/2008,825.68
01/14/2008,834.69
01/15/2008,814.04
01/16/2008,809.53
01/17/2008,786.08
01/18/2008,781.19
01/22/2008,776.06
01/23/2008,786.93
01/24/2008,791.83
01/25/2008,784.92
01/28/2008,793.18
01/29/2008,795.84
01/30/2008,795.41
01/31/2008,802.38
02/01/2008,804.57
02/04/2008,803.38
02/05/2008,793.25
02/06/2008,791.46
02/07/2008,796.53
02/08/2008,796.16
02/11/2008,800.98
02/12/2008,804.87
02/13/2008,810.3
02/14/2008,809.24
02/15/2008,809.86
02/19/2008,810.48
02/20/2008,814.93
02/21/2008,810.35
02/22/2008,814.45
02/25/2008,820.97
02/26/2008,823.7
02/27/2008,823.92
02/28/2008,821.45
02/29/2008,809.97
03/03/2008,811.55
03/04/2008,811.25
03/05/2008,815.01
03/06/2008,802.75
03/07/2008,798.78
03/10/2008,788.45
03/11/2008,813.66
03/12/2008,808.88
03/13/2008,812.52
03/14/2008,796.5
03/17/2008,792.0
03/18/2008,823.06
03/19/2008,806.23
03/20/2008,819.35
03/24/2008,825.49
03/25/2008,826.78
03/26/2008,824.99
03/27/2008,821.8
03/28/2008,819.64
03/31/2008,823.41
04/01/2008,833.56
04/02/2008,833.83
04/03/2008,834.4
04/04/2008,835.36
04/07/2008,836.74
04/08/2008,836.72
04/09/2008,836.12
04/10/2008,838.12
04/11/2008,834.08
04/14/2008,834.85
04/15/2008,836.46
04/16/2008,841.34
04/17/2008,840.69
04/18/2008,839.81
04/21/2008,839.89
04/22/2008,836.08
04/23/2008,838.56
04/24/2008,841.89
04/25/2008,844.72
04/28/2008,845.39
04/29/2008,843.88
04/30/2008,843.24
05/01/2008,850.56
05/02/2008,852.88
05/05/2008,851.9
05/06/2008,854.17
05/07/2008,849.44
05/08/2008,851.86
05/09/2008,850.28
05/12/2008,855.55
05/13/2008,856.22
05/14/2008,857.81
05/15/2008,859.15
05/16/2008,857.09
05/19/2008,857.5
05/20/2008,853.46
05/21/2008,845.82
05/22/2008,848.31
05/23/2008,840.05
05/27/2008,845.17
05/28/2008,847.88
05/29/2008,851.98
05/30/2008,853.76
06/02/2008,847.2
06/03/2008,843.63
06/04/2008,843.65
06/05/2008,856.88
06/06/2008,835.13
06/09/2008,836.41
06/10/2008,834.84
06/11/2008,821.24
06/12/2008,824.1
06/13/2008,836.51
06/16/2008,836.64
06/17/2008,831.03
06/18/2008,823.0
06/19/2008,826.31
06/20/2008,814.21
06/23/2008,815.48
06/24/2008,814.7
06/25/2008,818.38
06/26/2008,802.34
06/27/2008,800.69
06/30/2008,802.62
07/01/2008,805.39
07/02/2008,792.66
07/03/2008,794.05
07/07/2008,788.35
07/08/2008,801.8
07/09/2008,784.17
07/10/2008,789.76
07/11/2008,781.01
07/14/2008,774.11
07/15/2008,765.78
07/16/2008,785.09
07/17/2008,794.58
07/18/2008,794.65
07/21/2008,796.1
07/22/2008,802.39
07/23/2008,803.64
07/24/2008,794.45
07/25/2008,797.64
07/28/2008,789.21
07/29/2008,801.61
07/30/2008,807.0
07/31/2008,802.95
08/01/2008,801.97
08/04/2008,798.46
08/05/2008,810.13
08/06/2008,811.74
08/07/2008,807.34
08/08/2008,813.84
08/11/2008,814.82
08/12/2008,813.55
08/13/2008,814.33
08/14/2008,815.69
08/15/2008,818.24
08/18/2008,811.15
08/19/2008,806.68
08/20/2008,811.05
08/21/2008,813.47
08/22/2008,819.83
08/25/2008,809.11
08/26/2008,811.99
08/27/2008,817.44
08/28/2008,824.93
08/29/2008,818.05
09/02/2008,815.99
09/03/2008,816.08
09/04/2008,795.24
09/05/2008,799.02
09/08/2008,813.14
09/09/2008,788.32
09/10/2008,793.37
09/11/2008,803.99
09/12/2008,805.05
09/15/2008,768.72
09/16/2008,782.19
09/17/2008,745.44
09/18/2008,777.91
09/19/2008,808.6
09/22/2008,791.39
09/23/2008,783.06
09/24/2008,785.31
09/25/2008,792.08
09/26/2008,792.79
09/29/2008,735.09
09/30/2008,770.79
10/01/2008,769.92
10/02/2008,742.14
10/03/2008,734.37
10/06/2008,706.62
10/07/2008,666.78
10/08/2008,659.41
10/09/2008,609.41
10/10/2008,602.34
10/13/2008,672.2
10/14/2008,668.58
10/15/2008,608.29
10/16/2008,634.19
10/17/2008,632.96
10/20/2008,656.55
10/21/2008,648.4
10/22/2008,618.74
10/23/2008,625.13
10/24/2008,608.3
10/27/2008,598.24
10/28/2008,641.62
10/29/2008,636.65
10/30/2008,647.64
10/31/2008,655.08
11/03/2008,661.01
11/04/2008,672.74
11/05/2008,658.42
11/06/2008,636.55
11/07/2008,652.54
11/10/2008,649.32
11/11/2008,639.99
11/12/2008,612.56
11/13/2008,648.03
11/14/2008,627.21
11/17/2008,613.61
11/18/2008,620.55
11/19/2008,583.37
11/20/2008,544.39
11/21/2008,560.39
11/24/2008,578.7
11/25/2008,578.64
11/26/2008,584.55
11/28/2008,585.21
12/01/2008,571.52
12/02/2008,578.74
12/03/2008,584.53
12/04/2008,581.11
12/05/2008,586.37
12/08/2008,590.73
12/09/2008,588.88
12/10/2008,591.69
12/11/2008,590.11
12/12/2008,590.66
12/15/2008,590.25
12/16/2008,591.65
12/17/2008,592.19
12/18/2008,591.41
12/19/2008,592.39
12/22/2008,587.61
12/23/2008,584.23
12/24/2008,585.41
12/26/2008,591.51
12/29/2008,591.34
12/30/2008,601.39
12/31/2008,608.49
01/02/2009,617.08
01/05/2009,616.03
01/06/2009,619.0
01/07/2009,611.17
01/08/2009,614.02
01/09/2009,608.64
01/12/2009,599.48
01/13/2009,601.93
01/14/2009,582.89
01/15/2009,583.84
01/16/2009,586.8
01/20/2009,565.35
01/21/2009,585.8
01/22/2009,581.62
01/23/2009,584.23
01/26/2009,588.02
01/27/2009,592.91
01/28/2009,602.72
01/29/2009,593.05
01/30/2009,585.07
02/02/2009,586.53
02/03/2009,593.99
02/04/2009,592.1
02/05/2009,597.52
02/06/2009,604.78
02/09/2009,606.65
02/10/2009,591.29
02/11/2009,597.1
02/12/2009,599.92
02/13/2009,596.39
02/17/2009,572.72
02/18/2009,572.8
02/19/2009,566.55
02/20/2009,557.93
02/23/2009,546.37
02/24/2009,562.81
02/25/2009,560.26
02/26/2009,556.45
02/27/2009,547.99
03/02/2009,528.16
03/03/2009,526.8
03/04/2009,538.37
03/05/2009,517.57
03/06/2009,518.69
03/09/2009,514.37
03/10/2009,545.21
03/11/2009,546.81
03/12/2009,565.6
03/13/2009,569.05
03/16/2009,568.6
03/17/2009,580.79
03/18/2009,584.6
03/19/2009,585.66
03/20/2009,575.1
03/23/2009,597.31
03/24/2009,590.85
03/25/2009,593.66
03/26/2009,599.48
03/27/2009,595.94
03/30/2009,587.16
03/31/2009,592.75
04/01/2009,598.05
04/02/2009,602.99
04/03/2009,605.49
04/06/2009,606.09
04/07/2009,603.85
04/08/2009,606.74
04/09/2009,609.49
04/13/2009,610.72
04/14/2009,609.94
04/15/2009,610.7
04/16/2009,611.26
04/17/2009,609.11
04/20/2009,592.68
04/21/2009,602.34
04/22/2009,599.58
04/23/2009,603.71
04/24/2009,609.97
04/27/2009,607.05
04/28/2009,607.26
04/29/2009,614.88
04/30/2009,615.12
05/01/2009,617.57
05/04/2009,624.13
05/05/2009,625.35
05/06/2009,627.35
05/07/2009,626.85
05/08/2009,628.92
05/11/2009,627.57
05/12/2009,628.85
05/13/2009,627.1
05/14/2009,630.45
05/15/2009,624.88
05/18/2009,636.7
05/19/2009,637.42
05/20/2009,636.55
05/21/2009,630.33
05/22/2009,630.03
05/26/2009,639.79
05/27/2009,634.14
05/28/2009,639.41
05/29/2009,642.67
06/01/2009,647.35
06/02/2009,648.97
06/03/2009,647.04
06/04/2009,649.84
06/05/2009,649.14
06/08/2009,650.89
06/09/2009,652.05
06/10/2009,651.84
06/11/2009,652.92
06/12/2009,652.85
06/15/2009,651.25
06/16/2009,650.52
06/17/2009,651.51
06/18/2009,654.35
06/19/2009,651.78
06/22/2009,639.14
06/23/2009,639.88
06/24/2009,643.61
06/25/2009,653.7
06/26/2009,654.45
06/29/2009,658.4
06/30/2009,655.38
07/01/2009,657.7
07/02/2009,644.91
07/06/2009,646.49
07/07/2009,635.33
07/08/2009,634.83
07/09/2009,637.58
07/10/2009,635.45
07/13/2009,650.66
07/14/2009,654.23
07/15/2009,668.64
07/16/2009,671.64
07/17/2009,671.67
07/20/2009,676.48
07/21/2009,677.52
07/22/2009,678.12
07/23/2009,683.68
07/24/2009,684.32
07/27/2009,684.85
07/28/2009,684.66
07/29/2009,683.75
07/30/2009,686.48
07/31/2009,686.54
08/03/2009,688.42
08/04/2009,689.33
08/05/2009,689.34
08/06/2009,688.9
08/07/2009,690.27
08/10/2009,690.01
08/11/2009,689.89
08/12/2009,690.9
08/13/2009,690.89
08/14/2009,690.87
08/17/2009,690.21
08/18/2009,691.62
08/19/2009,690.97
08/20/2009,691.83
08/21/2009,694.48
08/24/2009,695.17
08/25/2009,696.1
08/26/2009,696.88
08/27/2009,698.39
08/28/2009,698.11
08/31/2009,695.88
09/01/2009,685.35
09/02/2009,684.87
09/03/2009,690.05
09/04/2009,697.45
09/08/2009,701.96
09/09/2009,705.2
09/10/2009,708.52
09/11/2009,708.28
09/14/2009,710.07
09/15/2009,710.38
09/16/2009,711.39
09/17/2009,710.51
09/18/2009,708.98
09/21/2009,708.58
09/22/2009,711.92
09/23/2009,708.2
09/24/2009,704.16
09/25/2009,701.41
09/28/2009,710.12
09/29/2009,709.96
09/30/2009,708.99
10/01/2009,695.14
10/02/2009,692.94
10/05/2009,702.83
10/06/2009,710.28
10/07/2009,712.56
10/08/2009,716.47
10/09/2009,720.03
10/12/2009,721.73
10/13/2009,721.1
10/14/2009,724.99
10/15/2009,727.05
10/16/2009,725.94
10/19/2009,729.93
10/20/2009,728.37
10/21/2009,725.26
10/22/2009,730.41
10/23/2009,725.0
10/26/2009,719.87
10/27/2009,718.68
10/28/2009,708.09
10/29/2009,721.34
10/30/2009,704.97
11/02/2009,709.59
11/03/2009,711.63
11/04/2009,712.59
11/05/2009,723.81
11/06/2009,726.18
11/09/2009,735.46
11/10/2009,736.49
11/11/2009,738.61
11/12/2009,735.65
11/13/2009,738.56
11/16/2009,742.19
11/17/2009,743.05
11/18/2009,743.43
11/19/2009,743.06
11/20/2009,743.45
11/23/2009,749.41
11/24/2009,749.85
11/25/2009,751.47
11/27/2009,743.02
11/30/2009,746.92
12/01/2009,752.1
12/02/2009,752.82
12/03/2009,750.5
12/04/2009,753.16
12/07/2009,753.2
12/08/2009,750.05
12/09/2009,752.54
12/10/2009,754.91
12/11/2009,756.2
12/14/2009,758.67
12/15/2009,757.85
12/16/2009,757.93
12/17/2009,757.86
12/18/2009,757.48
12/21/2009,762.45
12/22/2009,764.37
12/23/2009,765.19
12/24/2009,766.66
12/28/2009,767.57
12/29/2009,767.75
12/30/2009,768.61
12/31/2009,766.18
01/04/2010,770.46
01/05/2010,771.29
01/06/2010,771.69
01/07/2010,771.91
01/08/2010,772.57
01/11/2010,772.82
01/12/2010,772.46
01/13/2010,772.55
01/14/2010,772.45
01/15/2010,765.55
01/19/2010,771.27
01/20/2010,767.42
01/21/2010,757.6
01/22/2010,743.53
01/25/2010,747.94
01/26/2010,745.36
01/27/2010,748.87
01/28/2010,741.44
01/29/2010,734.77
02/01/2010,745.27
02/02/2010,754.27
02/03/2010,750.81
02/04/2010,728.35
02/05/2010,730.62
02/08/2010,724.45
02/09/2010,733.94
02/10/2010,732.58
02/11/2010,739.73
02/12/2010,737.92
02/16/2010,751.26
02/17/2010,754.63
02/18/2010,759.69
02/19/2010,761.92
02/22/2010,762.17
02/23/2010,756.37
02/24/2010,761.93
02/25/2010,761.25
02/26/2010,762.78
03/01/2010,767.66
03/02/2010,768.57
03/03/2010,769.02
03/04/2010,770.56
03/05/2010,774.0
03/08/2010,774.63
03/09/2010,775.23
03/10/2010,775.72
03/11/2010,776.43
03/12/2010,776.68
03/15/2010,776.74
03/16/2010,776.89
03/17/2010,776.83
03/18/2010,777.1
03/19/2010,768.34
03/22/2010,771.38
03/23/2010,774.1
03/24/2010,771.66
03/25/2010,770.56
03/26/2010,772.01
03/29/2010,774.92
03/30/2010,775.41
03/31/2010,774.49
04/01/2010,777.29
04/05/2010,779.8
04/06/2010,780.37
04/07/2010,779.69
04/08/2010,780.85
04/09/2010,781.88
04/12/2010,782.0
04/13/2010,782.24
04/14/2010,782.79
04/15/2010,782.47
04/16/2010,773.41
04/19/2010,776.77
04/20/2010,780.69
04/21/2010,780.61
04/22/2010,780.87
04/23/2010,783.21
04/26/2010,781.68
04/27/2010,769.97
04/28/2010,774.82
04/29/2010,781.11
04/30/2010,772.73
05/03/2010,780.02
05/04/2010,767.64
05/05/2010,764.19
05/06/2010,741.62
05/07/2010,730.62
05/10/2010,761.88
05/11/2010,759.7
05/12/2010,769.73
05/13/2010,761.99
05/14/2010,748.19
05/17/2010,749.39
05/18/2010,738.91
05/19/2010,735.23
05/20/2010,706.7
05/21/2010,717.22
05/24/2010,715.62
05/25/2010,717.47
05/26/2010,716.7
05/27/2010,728.37
05/28/2010,725.23
06/01/2010,718.79
06/02/2010,729.8
06/03/2010,731.66
06/04/2010,719.18
06/07/2010,714.8
06/08/2010,722.13
06/09/2010,719.79
06/10/2010,732.1
06/11/2010,735.41
06/14/2010,736.0
06/15/2010,740.59
06/16/2010,740.87
06/17/2010,741.48
06/18/2010,740.43
06/21/2010,738.68
06/22/2010,731.1
06/23/2010,730.3
06/24/2010,720.45
06/25/2010,722.72
06/28/2010,722.29
06/29/2010,701.65
06/30/2010,695.03
07/01/2010,692.9
07/02/2010,689.91
07/06/2010,693.69
07/07/2010,715.52
07/08/2010,722.3
07/09/2010,727.45
07/12/2010,728.02
07/13/2010,738.98
07/14/2010,739.35
07/15/2010,740.4
07/16/2010,723.14
07/19/2010,727.12
07/20/2010,732.57
07/21/2010,727.03
07/22/2010,735.57
07/23/2010,738.69
07/26/2010,742.48
07/27/2010,742.05
07/28/2010,740.67
07/29/2010,740.62
07/30/2010,741.15
08/02/2010,746.44
08/03/2010,746.03
08/04/2010,746.98
08/05/2010,747.13
08/06/2010,747.59
08/09/2010,748.54
08/10/2010,747.88
08/11/2010,742.33
08/12/2010,741.87
08/13/2010,740.74
08/16/2010,743.48
08/17/2010,748.36
08/18/2010,749.04
08/19/2010,746.39
08/20/2010,743.88
08/23/2010,743.77
08/24/2010,737.28
08/25/2010,739.22
08/26/2010,735.99
08/27/2010,745.14
08/30/2010,738.8
08/31/2010,739.55
09/01/2010,752.45
09/02/2010,755.44
09/03/2010,759.32
09/07/2010,757.68
09/08/2010,759.37
09/09/2010,760.59
09/10/2010,761.23
09/13/2010,762.4
09/14/2010,762.4
09/15/2010,762.15
09/16/2010,762.2
09/17/2010,758.99
09/20/2010,764.79
09/21/2010,763.41
09/22/2010,762.78
09/23/2010,759.49
09/24/2010,767.65
09/27/2010,765.93
09/28/2010,767.85
09/29/2010,767.69
09/30/2010,767.23
10/01/2010,769.27
10/04/2010,767.87
10/05/2010,773.41
10/06/2010,774.17
10/07/2010,774.06
10/08/2010,775.5
10/11/2010,775.36
10/12/2010,775.9
10/13/2010,776.35
10/14/2010,776.36
10/15/2010,772.1
10/18/2010,775.78
10/19/2010,769.23
10/20/2010,774.16
10/21/2010,775.74
10/22/2010,776.89
10/25/2010,777.19
10/26/2010,777.34
10/27/2010,776.75
10/28/2010,777.23
10/29/2010,776.79
11/01/2010,778.35
11/02/2010,780.73
11/03/2010,783.22
11/04/2010,787.09
11/05/2010,788.11
11/08/2010,788.69
11/09/2010,787.51
11/10/2010,788.92
11/11/2010,788.37
11/12/2010,786.51
11/15/2010,787.63
11/16/2010,784.18
11/17/2010,786.26
11/18/2010,789.46
11/19/2010,791.32
11/22/2010,791.23
11/23/2010,784.41
11/24/2010,791.11
11/26/2010,788.58
11/29/2010,787.94
11/30/2010,784.58
12/01/2010,794.19
12/02/2010,798.65
12/03/2010,800.36
12/06/2010,801.0
12/07/2010,801.37
12/08/2010,802.47
12/09/2010,803.03
12/10/2010,803.64
12/13/2010,803.61
12/14/2010,803.81
12/15/2010,803.48
12/16/2010,804.07
12/17/2010,804.77
12/20/2010,806.74
12/21/2010,808.78
12/22/2010,810.7
12/23/2010,809.79
12/27/2010,810.3
12/28/2010,810.65
12/29/2010,811.57
12/30/2010,811.46
12/31/2010,811.07
01/03/2011,815.66
01/04/2011,815.37
01/05/2011,816.57
01/06/2011,816.42
01/07/2011,816.78
01/10/2011,817.08
01/11/2011,818.29
01/12/2011,819.23
01/13/2011,819.43
01/14/2011,820.03
01/18/2011,819.77
01/19/2011,819.69
01/20/2011,819.92
01/21/2011,816.64
01/24/2011,820.02
01/25/2011,820.62
01/26/2011,822.49
01/27/2011,824.31
01/28/2011,815.02
01/31/2011,819.71
02/01/2011,826.56
02/02/2011,825.97
02/03/2011,827.43
02/04/2011,828.78
02/07/2011,830.33
02/08/2011,831.25
02/09/2011,830.78
02/10/2011,831.37
02/11/2011,831.7
02/14/2011,832.53
02/15/2011,832.5
02/16/2011,832.95
02/17/2011,832.9
02/18/2011,833.93
02/22/2011,821.18
02/23/2011,817.39
02/24/2011,817.52
02/25/2011,825.27
02/28/2011,829.13
03/01/2011,818.83
03/02/2011,820.42
03/03/2011,831.82
03/04/2011,827.97
03/07/2011,822.2
03/08/2011,828.83
03/09/2011,828.39
03/10/2011,814.09
03/11/2011,820.31
03/14/2011,815.67
03/15/2011,806.58
03/16/2011,790.91
03/17/2011,801.54
03/18/2011,805.99
03/21/2011,814.6
03/22/2011,813.54
03/23/2011,815.81
03/24/2011,819.32
03/25/2011,819.99
03/28/2011,819.53
03/29/2011,822.4
03/30/2011,824.05
03/31/2011,823.1
04/01/2011,825.63
04/04/2011,825.81
04/05/2011,826.6
04/06/2011,826.8
04/07/2011,827.1
04/08/2011,826.72
04/11/2011,827.15
04/12/2011,826.58
04/13/2011,827.66
04/14/2011,827.55
04/15/2011,828.77
04/18/2011,824.48
04/19/2011,828.13
04/20/2011,833.35
04/21/2011,835.65
04/25/2011,835.22
04/26/2011,837.48
04/27/2011,839.01
04/28/2011,840.46
04/29/2011,840.74
05/02/2011,840.46
05/03/2011,840.11
05/04/2011,839.05
05/05/2011,836.17
05/06/2011,837.48
05/09/2011,840.0
05/10/2011,841.82
05/11/2011,840.13
05/12/2011,841.84
05/13/2011,840.41
05/16/2011,839.32
05/17/2011,840.6
05/18/2011,843.21
05/19/2011,843.93
05/20/2011,838.62
05/23/2011,833.08
05/24/2011,833.19
05/25/2011,835.44
05/26/2011,838.3
05/27/2011,840.52
05/31/2011,845.96
06/01/2011,834.31
06/02/2011,833.94
06/03/2011,828.28
06/06/2011,820.4
06/07/2011,819.89
06/08/2011,816.8
06/09/2011,822.83
06/10/2011,811.53
06/13/2011,812.38
06/14/2011,822.67
06/15/2011,808.44
06/16/2011,810.0
06/17/2011,812.95
06/20/2011,816.83
06/21/2011,822.16
06/22/2011,820.78
06/23/2011,819.39
06/24/2011,814.45
06/27/2011,819.13
06/28/2011,824.69
06/29/2011,827.95
06/30/2011,830.71
07/01/2011,831.72
07/05/2011,831.98
07/06/2011,832.2
07/07/2011,832.77
07/08/2011,832.95
07/11/2011,831.92
07/12/2011,831.57
07/13/2011,832.61
07/14/2011,832.98
07/15/2011,832.62
07/18/2011,829.77
07/19/2011,836.53
07/20/2011,836.53
07/21/2011,840.75
07/22/2011,841.69
07/25/2011,839.5
07/26/2011,838.21
07/27/2011,829.9
07/28/2011,828.58
07/29/2011,824.64
08/01/2011,825.0
08/02/2011,809.34
08/03/2011,814.09
08/04/2011,776.64
08/05/2011,776.7
08/08/2011,725.17
08/09/2011,759.6
08/10/2011,726.38
08/11/2011,760.06
08/12/2011,764.14
08/15/2011,780.9
08/16/2011,773.48
08/17/2011,774.43
08/18/2011,739.95
08/19/2011,733.13
08/22/2011,735.0
08/23/2011,751.33
08/24/2011,755.03
08/25/2011,747.04
08/26/2011,755.23
08/29/2011,763.91
08/30/2011,764.87
08/31/2011,765.89
09/01/2011,764.84
09/02/2011,760.21
09/06/2011,758.66
09/07/2011,767.7
09/08/2011,765.73
09/09/2011,757.13
09/12/2011,763.69
09/13/2011,768.57
09/14/2011,771.74
09/15/2011,772.91
09/16/2011,771.8
09/19/2011,767.68
09/20/2011,767.34
09/21/2011,754.45
09/22/2011,735.47
09/23/2011,739.5
09/26/2011,753.14
09/27/2011,758.63
09/28/2011,747.75
09/29/2011,753.41
09/30/2011,738.32
10/03/2011,720.82
10/04/2011,736.6
10/05/2011,748.5
10/06/2011,760.05
10/07/2011,756.37
10/10/2011,776.71
10/11/2011,778.27
10/12/2011,784.06
10/13/2011,784.14
10/14/2011,790.94
10/17/2011,784.53
10/18/2011,792.78
10/19/2011,790.2
10/20/2011,795.44
10/21/2011,803.53
10/24/2011,810.17
10/25/2011,801.21
10/26/2011,807.15
10/27/2011,818.86
10/28/2011,820.18
10/31/2011,812.26
11/01/2011,798.74
11/02/2011,807.23
11/03/2011,815.57
11/04/2011,814.4
11/07/2011,818.43
11/08/2011,822.94
11/09/2011,807.49
11/10/2011,814.38
11/11/2011,822.39
11/14/2011,821.45
11/15/2011,823.86
11/16/2011,820.36
11/17/2011,812.54
11/18/2011,812.67
11/21/2011,805.1
11/22/2011,804.35
11/23/2011,791.57
11/25/2011,789.79
11/28/2011,809.6
11/29/2011,811.57
11/30/2011,831.02
12/01/2011,830.37
12/02/2011,830.58
12/05/2011,834.26
12/06/2011,835.44
12/07/2011,835.92
12/08/2011,830.15
12/09/2011,838.33
12/12/2011,836.57
12/13/2011,835.57
12/14/2011,831.08
12/15/2011,835.46
12/16/2011,839.71
12/19/2011,835.28
12/20/2011,849.25
12/21/2011,851.4
12/22/2011,854.03
12/23/2011,857.44
12/27/2011,857.95
12/28/2011,854.25
12/29/2011,858.45
12/30/2011,857.46
01/03/2012,862.46
01/04/2012,863.14
01/05/2012,864.35
01/06/2012,864.62
01/09/2012,865.97
01/10/2012,866.6
01/11/2012,867.08
01/12/2012,867.08
01/13/2012,866.86
01/17/2012,867.2
01/18/2012,867.75
01/19/2012,867.89
01/20/2012,868.26
01/23/2012,868.55
01/24/2012,868.73
01/25/2012,871.98
01/26/2012,870.0
01/27/2012,869.59
01/30/2012,869.55
01/31/2012,869.31
02/01/2012,874.08
02/02/2012,875.13
02/03/2012,879.51
02/06/2012,880.22
02/07/2012,880.69
02/08/2012,881.02
02/09/2012,881.43
02/10/2012,880.33
02/13/2012,882.5
02/14/2012,882.73
02/15/2012,882.35
02/16/2012,883.36
02/17/2012,881.01
02/21/2012,882.37
02/22/2012,881.65
02/23/2012,884.35
02/24/2012,885.47
02/27/2012,885.92
02/28/2012,887.67
02/29/2012,886.4
03/01/2012,889.56
03/02/2012,889.13
03/05/2012,888.52
03/06/2012,879.95
03/07/2012,884.87
03/08/2012,889.39
03/09/2012,891.77
03/12/2012,893.29
03/13/2012,895.27
03/14/2012,895.31
03/15/2012,896.0
03/16/2012,895.43
03/19/2012,897.17
03/20/2012,896.26
03/21/2012,895.79
03/22/2012,892.4
03/23/2012,894.65
03/26/2012,901.07
03/27/2012,899.65
03/28/2012,898.68
03/29/2012,898.53
03/30/2012,900.28
04/02/2012,903.46
04/03/2012,902.84
04/04/2012,898.36
04/05/2012,898.82
04/09/2012,892.47
04/10/2012,879.22
04/11/2012,885.85
04/12/2012,896.75
04/13/2012,887.18
04/16/2012,887.09
04/17/2012,899.53
04/18/2012,897.37
04/19/2012,892.36
04/20/2012,895.38
04/23/2012,890.87
04/24/2012,893.5
04/25/2012,901.3
04/26/2012,904.79
04/27/2012,905.91
04/30/2012,904.91
05/01/2012,907.58
05/02/2012,906.82
05/03/2012,904.09
05/04/2012,895.42
05/07/2012,896.44
05/08/2012,894.43
05/09/2012,889.02
05/10/2012,891.91
05/11/2012,889.48
05/14/2012,880.43
05/15/2012,875.69
05/16/2012,872.2
05/17/2012,859.19
05/18/2012,854.99
05/21/2012,864.97
05/22/2012,864.98
05/23/2012,866.54
05/24/2012,868.07
05/25/2012,867.46
05/29/2012,872.9
05/30/2012,867.16
05/31/2012,866.76
06/01/2012,852.55
06/04/2012,854.45
06/05/2012,858.58
06/06/2012,873.03
06/07/2012,873.62
06/08/2012,877.07
06/11/2012,872.9
06/12/2012,879.59
06/13/2012,877.4
06/14/2012,881.69
06/15/2012,885.97
06/18/2012,889.22
06/19/2012,892.78
06/20/2012,893.5
06/21/2012,883.29
06/22/2012,887.96
06/25/2012,879.63
06/26/2012,882.79
06/27/2012,887.63
06/28/2012,887.3
06/29/2012,898.44
07/02/2012,900.22
07/03/2012,901.66
07/05/2012,900.93
07/06/2012,900.55
07/09/2012,899.57
07/10/2012,897.25
07/11/2012,898.12
07/12/2012,896.17
07/13/2012,904.18
07/16/2012,903.75
07/17/2012,905.53
07/18/2012,905.98
07/19/2012,906.81
07/20/2012,902.76
07/23/2012,897.66
07/24/2012,891.52
07/25/2012,892.26
07/26/2012,902.76
07/27/2012,911.13
07/30/2012,910.51
07/31/2012,908.92
08/01/2012,908.2
08/02/2012,906.89
08/03/2012,915.24
08/06/2012,916.33
08/07/2012,917.97
08/08/2012,918.51
08/09/2012,919.18
08/10/2012,920.09
08/13/2012,919.79
08/14/2012,920.04
08/15/2012,920.65
08/16/2012,920.3
08/17/2012,919.39
08/20/2012,920.54
08/21/2012,918.2
08/22/2012,918.27
08/23/2012,913.84
08/24/2012,918.28
08/27/2012,918.0
08/28/2012,917.57
08/29/2012,918.31
08/30/2012,913.86
08/31/2012,917.53
09/04/2012,917.39
09/05/2012,917.1
09/06/2012,928.23
09/07/2012,930.81
09/10/2012,927.91
09/11/2012,929.32
09/12/2012,930.36
09/13/2012,933.47
09/14/2012,934.18
09/17/2012,934.5
09/18/2012,934.31
09/19/2012,935.0
09/20/2012,934.69
09/21/2012,932.18
09/24/2012,931.11
09/25/2012,924.42
09/26/2012,920.34
09/27/2012,928.12
09/28/2012,925.17
10/01/2012,927.3
10/02/2012,928.3
10/03/2012,930.99
10/04/2012,935.04
10/05/2012,936.19
10/08/2012,934.54
10/09/2012,927.95
10/10/2012,923.47
10/11/2012,924.19
10/12/2012,921.72
10/15/2012,929.14
10/16/2012,937.69
10/17/2012,941.17
10/18/2012,940.61
10/19/2012,927.14
10/22/2012,927.73
10/23/2012,917.42
10/24/2012,915.56
10/25/2012,918.1
10/26/2012,918.02
10/31/2012,918.43
11/01/2012,927.26
11/02/2012,920.27
11/05/2012,922.16
11/06/2012,928.31
11/07/2012,910.46
11/08/2012,899.73
11/09/2012,901.4
11/12/2012,901.53
11/13/2012,898.28
11/14/2012,886.16
11/15/2012,884.8
11/16/2012,888.07
11/19/2012,895.92
11/20/2012,896.21
11/21/2012,896.84
11/23/2012,900.56
11/26/2012,899.64
11/27/2012,898.53
11/28/2012,900.38
11/29/2012,901.05
11/30/2012,900.9
12/03/2012,900.77
12/04/2012,900.61
12/05/2012,901.52
12/06/2012,902.24
12/07/2012,902.9
12/10/2012,903.18
12/11/2012,903.17
12/12/2012,903.34
12/13/2012,902.97
12/14/2012,902.82
12/17/2012,903.56
12/18/2012,903.93
12/19/2012,903.84
12/20/2012,904.13
12/21/2012,901.26
12/24/2012,900.87
12/26/2012,898.2
12/27/2012,897.99
12/28/2012,890.7
12/31/2012,902.09
01/02/2013,913.24
01/03/2013,913.62
01/04/2013,915.45
01/07/2013,915.34
01/08/2013,915.51
01/09/2013,915.83
01/10/2013,916.66
01/11/2013,916.46
01/14/2013,916.54
01/15/2013,917.42
01/16/2013,917.69
01/17/2013,917.0
01/18/2013,917.87
01/22/2013,920.12
01/23/2013,920.71
01/24/2013,920.8
01/25/2013,922.2
01/28/2013,921.8
01/29/2013,923.01
01/30/2013,922.45
01/31/2013,921.91
02/01/2013,925.44
02/04/2013,922.39
02/05/2013,925.4
02/06/2013,925.97
02/07/2013,926.24
02/08/2013,927.17
02/11/2013,927.05
02/12/2013,927.52
02/13/2013,927.49
02/14/2013,927.42
02/15/2013,926.01
02/19/2013,929.91
02/20/2013,922.37
02/21/2013,918.48
02/22/2013,924.56
02/25/2013,910.46
02/26/2013,916.83
02/27/2013,925.66
02/28/2013,925.63
03/01/2013,927.44
03/04/2013,931.17
03/05/2013,934.64
03/06/2013,935.51
03/07/2013,936.31
03/08/2013,937.8
03/11/2013,937.92
03/12/2013,937.87
03/13/2013,938.46
03/14/2013,939.38
03/15/2013,941.15
03/18/2013,937.25
03/19/2013,935.7
03/20/2013,940.36
03/21/2013,935.55
03/22/2013,939.3
03/25/2013,938.26
03/26/2013,943.08
03/27/2013,942.85
03/28/2013,945.6
04/01/2013,943.81
04/02/2013,946.55
04/03/2013,941.32
04/04/2013,943.54
04/05/2013,942.17
04/08/2013,946.23
04/09/2013,948.15
04/10/2013,951.34
04/11/2013,952.52
04/12/2013,952.25
04/15/2013,943.21
04/16/2013,951.37
04/17/2013,945.93
04/18/2013,941.76
04/19/2013,936.22
04/22/2013,952.26
04/23/2013,955.87
04/24/2013,956.0
04/25/2013,956.88
04/26/2013,956.85
04/29/2013,959.14
04/30/2013,959.99
05/01/2013,957.57
05/02/2013,960.25
05/03/2013,960.85
05/06/2013,961.89
05/07/2013,962.26
05/08/2013,962.53
05/09/2013,961.99
05/10/2013,963.04
05/13/2013,962.63
05/14/2013,962.49
05/15/2013,962.83
05/16/2013,962.87
05/17/2013,966.18
05/20/2013,966.6
05/21/2013,966.99
05/22/2013,963.3
05/23/2013,961.94
05/24/2013,962.13
05/28/2013,965.69
05/29/2013,962.25
05/30/2013,964.95
05/31/2013,955.98
06/03/2013,960.81
06/04/2013,957.14
06/05/2013,946.75
06/06/2013,954.08
06/07/2013,964.42
06/10/2013,964.7
06/11/2013,956.79
06/12/2013,950.03
06/13/2013,962.95
06/14/2013,958.59
06/17/2013,965.18
06/18/2013,970.74
06/19/2013,960.55
06/20/2013,936.97
06/21/2013,937.8
06/24/2013,931.96
06/25/2013,938.07
06/26/2013,943.56
06/27/2013,946.54
06/28/2013,946.0
07/01/2013,948.92
07/02/2013,949.44
07/03/2013,949.52
07/05/2013,953.98
07/08/2013,955.03
07/09/2013,956.16
07/10/2013,956.11
07/11/2013,956.81
07/12/2013,958.53
07/15/2013,956.98
07/16/2013,957.02
07/17/2013,957.58
07/18/2013,957.19
07/19/2013,958.08
07/22/2013,960.1
07/23/2013,959.07
07/24/2013,957.45
07/25/2013,959.16
07/26/2013,960.2
07/29/2013,958.55
07/30/2013,958.54
07/31/2013,958.33
08/01/2013,964.7
08/02/2013,966.72
08/05/2013,967.2
08/06/2013,965.1
08/07/2013,963.94
08/08/2013,966.27
08/09/2013,965.07
08/12/2013,965.65
08/13/2013,967.75
08/14/2013,966.04
08/15/2013,953.83
08/16/2013,951.58
08/19/2013,948.84
08/20/2013,951.14
08/21/2013,948.04
08/22/2013,953.5
08/23/2013,956.49
08/26/2013,954.51
08/27/2013,944.35
08/28/2013,946.7
08/29/2013,948.04
08/30/2013,946.29
09/03/2013,950.16
09/04/2013,955.89
09/05/2013,957.11
09/06/2013,957.52
09/09/2013,963.07
09/10/2013,966.71
09/11/2013,969.37
09/12/2013,967.63
09/13/2013,968.76
09/16/2013,969.5
09/17/2013,970.05
09/18/2013,970.56
09/19/2013,970.73
09/20/2013,964.46
09/23/2013,961.66
09/24/2013,960.17
09/25/2013,958.61
09/26/2013,961.67
09/27/2013,958.42
09/30/2013,953.72
10/01/2013,960.61
10/02/2013,960.21
10/03/2013,953.0
10/04/2013,959.21
10/07/2013,951.86
10/08/2013,941.31
10/09/2013,942.0
10/10/2013,961.85
10/11/2013,967.47
10/14/2013,970.45
10/15/2013,964.87
10/16/2013,977.3
10/17/2013,981.14
10/18/2013,983.43
10/21/2013,983.99
10/22/2013,985.79
10/23/2013,984.41
10/24/2013,985.99
10/25/2013,987.76
10/28/2013,988.36
10/29/2013,989.86
10/30/2013,988.75
10/31/2013,987.9
11/01/2013,989.58
11/04/2013,991.41
11/05/2013,991.14
11/06/2013,992.45
11/07/2013,988.69
11/08/2013,992.94
11/11/2013,993.73
11/12/2013,993.32
11/13/2013,994.42
11/14/2013,993.45
11/15/2013,996.79
11/18/2013,995.21
11/19/2013,994.24
11/20/2013,992.63
11/21/2013,997.29
11/22/2013,1000.41
11/25/2013,1000.02
11/26/2013,1000.22
11/27/2013,1001.77
11/29/2013,1001.12
12/02/2013,1000.54
12/03/2013,999.56
12/04/2013,998.87
12/05/2013,996.58
12/06/2013,1003.19
12/09/2013,1004.18
12/10/2013,1003.23
12/11/2013,997.32
12/12/2013,995.22
12/13/2013,995.31
12/16/2013,1000.26
12/17/2013,998.87
12/18/2013,1008.71
12/19/2013,1009.13
12/20/2013,1013.39
12/23/2013,1017.06
12/24/2013,1018.24
12/26/2013,1020.58
12/27/2013,1020.79
12/30/2013,1020.77
12/31/2013,1021.68
01/02/2014,1019.7
01/03/2014,1021.02
01/06/2014,1021.15
01/07/2014,1023.85
01/08/2014,1023.91
01/09/2014,1024.27
01/10/2014,1025.34
01/13/2014,1021.8
01/14/2014,1026.39
01/15/2014,1026.87
01/16/2014,1027.04
01/17/2014,1024.55
01/21/2014,1026.65
01/22/2014,1027.12
01/23/2014,1021.73
01/24/2014,1004.74
01/27/2014,1000.75
01/28/2014,1006.63
01/29/2014,997.25
01/30/2014,1007.64
01/31/2014,1001.59
02/03/2014,979.99
02/04/2014,987.51
02/05/2014,985.82
02/06/2014,998.41
02/07/2014,1011.35
02/10/2014,1013.21
02/11/2014,1023.55
02/12/2014,1023.94
02/13/2014,1029.44
02/14/2014,1033.45
02/18/2014,1035.18
02/19/2014,1030.6
02/20/2014,1036.89
02/21/2014,1037.64
02/24/2014,1041.3
02/25/2014,1040.73
02/26/2014,1041.21
02/27/2014,1042.75
02/28/2014,1043.94
03/03/2014,1041.19
03/04/2014,1048.3
03/05/2014,1048.88
03/06/2014,1049.0
03/07/2014,1050.25
03/10/2014,1050.62
03/11/2014,1049.47
03/12/2014,1050.3
03/13/2014,1044.37
03/14/2014,1042.94
03/17/2014,1050.54
03/18/2014,1053.12
03/19/2014,1052.36
03/20/2014,1053.69
03/21/2014,1041.61
03/24/2014,1038.57
03/25/2014,1042.43
03/26/2014,1037.09
03/27/2014,1036.19
03/28/2014,1040.3
03/31/2014,1046.66
04/01/2014,1051.33
04/02/2014,1052.83
04/03/2014,1052.35
04/04/2014,1045.08
04/07/2014,1036.29
04/08/2014,1040.62
04/09/2014,1050.36
04/10/2014,1031.04
04/11/2014,1021.52
04/14/2014,1030.0
04/15/2014,1036.96
04/16/2014,1047.82
04/17/2014,1048.91
04/21/2014,1052.02
04/22/2014,1053.82
04/23/2014,1053.04
04/24/2014,1054.02
04/25/2014,1050.11
04/28/2014,1052.53
04/29/2014,1055.17
04/30/2014,1057.22
05/01/2014,1057.33
05/02/2014,1057.93
05/05/2014,1059.33
05/06/2014,1055.32
05/07/2014,1058.39
05/08/2014,1059.1
05/09/2014,1060.49
05/12/2014,1062.93
05/13/2014,1063.31
05/14/2014,1063.45
05/15/2014,1061.84
05/16/2014,1065.9
05/19/2014,1068.24
05/20/2014,1065.37
05/21/2014,1069.76
05/22/2014,1070.41
05/23/2014,1072.96
05/27/2014,1075.21
05/28/2014,1074.91
05/29/2014,1076.55
05/30/2014,1077.18
06/02/2014,1077.54
06/03/2014,1077.61
06/04/2014,1077.78
06/05/2014,1078.74
06/06/2014,1079.32
06/09/2014,1079.33
06/10/2014,1079.75
06/11/2014,1079.04
06/12/2014,1079.08
06/13/2014,1079.51
06/16/2014,1079.67
06/17/2014,1078.95
06/18/2014,1079.68
06/19/2014,1080.04
06/20/2014,1078.55
06/23/2014,1078.74
06/24/2014,1074.06
06/25/2014,1077.71
06/26/2014,1077.42
06/27/2014,1079.13
06/30/2014,1079.55
07/01/2014,1083.2
07/02/2014,1084.09
07/03/2014,1086.43
07/07/2014,1085.34
07/08/2014,1081.59
07/09/2014,1085.07
07/10/2014,1083.02
07/11/2014,1084.7
07/14/2014,1087.19
07/15/2014,1086.68
07/16/2014,1089.02
07/17/2014,1084.58
07/18/2014,1094.31
07/21/2014,1093.09
07/22/2014,1096.11
07/23/2014,1097.09
07/24/2014,1097.62
07/25/2014,1095.05
07/28/2014,1096.4
07/29/2014,1093.48
07/30/2014,1093.87
07/31/2014,1077.25
08/01/2014,1075.2
08/04/2014,1083.13
08/05/2014,1073.3
08/06/2014,1073.78
08/07/2014,1068.24
08/08/2014,1080.47
08/11/2014,1083.79
08/12/2014,1082.13
08/13/2014,1089.69
08/14/2014,1094.47
08/15/2014,1093.15
08/18/2014,1098.73
08/19/2014,1100.66
08/20/2014,1101.62
08/21/2014,1102.68
08/22/2014,1102.47
08/25/2014,1103.89
08/26/2014,1104.78
08/27/2014,1105.44
08/28/2014,1104.72
08/29/2014,1105.74
09/02/2014,1106.5
09/03/2014,1106.11
09/04/2014,1106.08
09/05/2014,1107.61
09/08/2014,1107.26
09/09/2014,1105.77
09/10/2014,1106.68
09/11/2014,1107.54
09/12/2014,1106.37
09/15/2014,1106.57
09/16/2014,1108.23
09/17/2014,1108.68
09/18/2014,1108.94
09/19/2014,1102.92
09/22/2014,1096.95
09/23/2014,1092.05
09/24/2014,1099.13
09/25/2014,1084.26
09/26/2014,1092.98
09/29/2014,1090.89
09/30/2014,1088.24
10/01/2014,1075.08
10/02/2014,1075.44
10/03/2014,1087.11
10/06/2014,1085.77
10/07/2014,1069.55
10/08/2014,1088.29
10/09/2014,1066.21
10/10/2014,1054.19
10/13/2014,1036.86
10/14/2014,1038.53
10/15/2014,1030.2
10/16/2014,1030.4
10/17/2014,1044.51
10/20/2014,1051.44
10/21/2014,1060.54
10/22/2014,1056.2
10/23/2014,1061.76
10/24/2014,1063.41
10/27/2014,1063.98
10/28/2014,1067.74
10/29/2014,1067.29
10/30/2014,1068.07
10/31/2014,1069.6
11/03/2014,1069.5
11/04/2014,1069.42
11/05/2014,1070.25
11/06/2014,1070.34
11/07/2014,1070.53
11/10/2014,1070.79
11/11/2014,1070.41
11/12/2014,1070.58
11/13/2014,1070.58
11/14/2014,1070.54
11/17/2014,1070.83
11/18/2014,1070.4
11/19/2014,1070.79
11/20/2014,1070.94
11/21/2014,1065.61
11/24/2014,1067.77
11/25/2014,1067.09
11/26/2014,1069.37
11/28/2014,1067.06
12/01/2014,1062.93
12/02/2014,1068.07
12/03/2014,1070.48
12/04/2014,1070.71
12/05/2014,1072.18
12/08/2014,1067.95
12/09/2014,1068.02
12/10/2014,1053.97
12/11/2014,1058.43
12/12/2014,1043.54
12/15/2014,1037.55
12/16/2014,1028.75
12/17/2014,1049.79
12/18/2014,1074.22
12/19/2014,1077.89
12/22/2014,1082.08
12/23/2014,1083.29
12/24/2014,1083.69
12/26/2014,1085.7
12/29/2014,1086.94
12/30/2014,1085.37
12/31/2014,1079.29
01/02/2015,1081.21
01/05/2015,1067.33
01/06/2015,1058.81
01/07/2015,1070.86
01/08/2015,1085.29
01/09/2015,1080.07
01/12/2015,1072.78
01/13/2015,1070.51
01/14/2015,1064.61
01/15/2015,1054.91
01/16/2015,1065.57
01/20/2015,1067.79
01/21/2015,1070.61
01/22/2015,1077.86
01/23/2015,1076.9
01/26/2015,1079.11
01/27/2015,1073.36
01/28/2015,1066.1
01/29/2015,1072.31
01/30/2015,1064.1
02/02/2015,1073.6
02/03/2015,1080.35
02/04/2015,1079.32
02/05/2015,1082.55
02/06/2015,1081.93
02/09/2015,1081.94
02/10/2015,1084.97
02/11/2015,1085.27
02/12/2015,1087.14
02/13/2015,1087.16
02/17/2015,1087.25
02/18/2015,1087.3
02/19/2015,1087.06
02/20/2015,1091.63
02/23/2015,1092.51
02/24/2015,1094.13
02/25/2015,1094.28
02/26/2015,1094.27
02/27/2015,1093.68
03/02/2015,1097.16
03/03/2015,1094.88
03/04/2015,1093.26
03/05/2015,1094.26
03/06/2015,1085.7
03/09/2015,1089.48
03/10/2015,1074.94
03/11/2015,1073.26
03/12/2015,1085.45
03/13/2015,1080.51
03/16/2015,1092.54
03/17/2015,1090.13
03/18/2015,1100.12
03/19/2015,1098.89
03/20/2015,1108.67
03/23/2015,1108.6
03/24/2015,1105.01
03/25/2015,1092.93
03/26/2015,1091.12
03/27/2015,1093.95
03/30/2015,1104.84
03/31/2015,1097.55
04/01/2015,1094.65
04/02/2015,1098.22
04/06/2015,1104.48
04/07/2015,1103.41
04/08/2015,1106.77
04/09/2015,1111.42
04/10/2015,1116.23
04/13/2015,1112.52
04/14/2015,1114.83
04/15/2015,1119.91
04/16/2015,1120.08
04/17/2015,1109.11
04/20/2015,1114.89
04/21/2015,1114.31
04/22/2015,1117.0
04/23/2015,1117.69
04/24/2015,1119.45
04/27/2015,1118.09
04/28/2015,1119.75
04/29/2015,1118.55
04/30/2015,1113.32
05/01/2015,1119.95
05/04/2015,1121.59
05/05/2015,1116.39
05/06/2015,1114.08
05/07/2015,1116.63
05/08/2015,1124.16
05/11/2015,1123.54
05/12/2015,1122.79
05/13/2015,1124.18
05/14/2015,1126.1
05/15/2015,1124.97
05/18/2015,1127.08
05/19/2015,1127.2
05/20/2015,1126.82
05/21/2015,1129.03
05/22/2015,1128.04
05/26/2015,1121.48
05/27/2015,1128.12
05/28/2015,1127.57
05/29/2015,1123.71
06/01/2015,1125.99
06/02/2015,1125.42
06/03/2015,1127.49
06/04/2015,1120.89
06/05/2015,1120.77
06/08/2015,1115.12
06/09/2015,1116.06
06/10/2015,1127.68
06/11/2015,1129.84
06/12/2015,1123.82
06/15/2015,1119.31
06/16/2015,1125.45
06/17/2015,1128.19
06/18/2015,1138.94
06/19/2015,1134.69
06/22/2015,1140.06
06/23/2015,1141.16
06/24/2015,1136.4
06/25/2015,1134.5
06/26/2015,1134.27
06/29/2015,1115.68
06/30/2015,1118.86
07/01/2015,1126.17
07/02/2015,1126.07
07/06/2015,1123.51
07/07/2015,1129.41
07/08/2015,1112.22
07/09/2015,1114.77
07/10/2015,1128.26
07/13/2015,1140.68
07/14/2015,1145.51
07/15/2015,1145.41
07/16/2015,1152.04
07/17/2015,1152.92
07/20/2015,1153.55
07/21/2015,1151.55
07/22/2015,1151.09
07/23/2015,1146.75
07/24/2015,1137.46
07/27/2015,1131.64
07/28/2015,1144.44
07/29/2015,1151.21
07/30/2015,1152.02
07/31/2015,1150.16
08/03/2015,1148.66
08/04/2015,1146.73
08/05/2015,1150.17
08/06/2015,1142.63
08/07/2015,1140.14
08/10/2015,1153.56
08/11/2015,1143.95
08/12/2015,1145.32
08/13/2015,1144.39
08/14/2015,1148.99
08/17/2015,1155.2
08/18/2015,1152.57
08/19/2015,1143.24
08/20/2015,1119.15
08/21/2015,1088.53
08/24/2015,1053.28
08/25/2015,1043.1
08/26/2015,1078.53
08/27/2015,1097.02
08/28/2015,1098.17
08/31/2015,1094.46
09/01/2015,1068.49
09/02/2015,1088.44
09/03/2015,1089.13
09/04/2015,1075.1
09/08/2015,1099.21
09/09/2015,1086.74
09/10/2015,1092.58
09/11/2015,1098.1
09/14/2015,1094.51
09/15/2015,1107.11
09/16/2015,1114.23
09/17/2015,1115.81
09/18/2015,1101.22
09/21/2015,1106.25
09/22/2015,1097.49
09/23/2015,1097.47
09/24/2015,1094.69
09/25/2015,1094.98
09/28/2015,1071.95
09/29/2015,1074.11
09/30/2015,1092.2
10/01/2015,1094.5
10/02/2015,1106.78
10/05/2015,1118.98
10/06/2015,1118.25
10/07/2015,1123.04
10/08/2015,1126.13
10/09/2015,1127.74
10/12/2015,1128.84
10/13/2015,1127.85
10/14/2015,1128.23
10/15/2015,1129.7
10/16/2015,1128.4
10/19/2015,1129.15
10/20/2015,1127.98
10/21/2015,1123.97
10/22/2015,1133.4
10/23/2015,1137.43
10/26/2015,1137.12
10/27/2015,1135.94
10/28/2015,1140.54
10/29/2015,1140.51
10/30/2015,1138.79
11/02/2015,1143.18
11/03/2015,1143.45
11/04/2015,1142.3
11/05/2015,1143.18
11/06/2015,1144.09
11/09/2015,1142.18
11/10/2015,1143.3
11/11/2015,1143.35
11/12/2015,1138.75
11/13/2015,1133.13
11/16/2015,1143.66
11/17/2015,1143.45
11/18/2015,1146.56
11/19/2015,1146.39
11/20/2015,1145.64
11/23/2015,1146.14
11/24/2015,1146.92
11/25/2015,1147.83
11/27/2015,1148.39
11/30/2015,1145.17
12/01/2015,1153.24
12/02/2015,1146.2
12/03/2015,1133.67
12/04/2015,1151.91
12/07/2015,1146.79
12/08/2015,1142.21
12/09/2015,1134.8
12/10/2015,1137.79
12/11/2015,1117.33
12/14/2015,1122.98
12/15/2015,1134.52
12/16/2015,1150.89
12/17/2015,1135.22
12/18/2015,1117.56
12/21/2015,1124.92
12/22/2015,1131.27
12/23/2015,1136.96
12/24/2015,1136.91
12/28/2015,1137.03
12/29/2015,1140.65
12/30/2015,1139.22
12/31/2015,1135.87
01/04/2016,1127.4
01/05/2016,1130.26
01/06/2016,1121.81
01/07/2016,1098.63
01/08/2016,1087.65
01/11/2016,1088.79
01/12/2016,1097.38
01/13/2016,1070.18
01/14/2016,1088.07
01/15/2016,1063.51
01/19/2016,1065.66
01/20/2016,1058.71
01/21/2016,1062.61
01/22/2016,1076.15
01/25/2016,1068.25
01/26/2016,1077.28
01/27/2016,1071.35
01/28/2016,1075.66
01/29/2016,1087.55
02/01/2016,1086.97
02/02/2016,1080.09
02/03/2016,1082.44
02/04/2016,1083.81
02/05/2016,1075.71
02/08/2016,1067.28
02/09/2016,1067.08
02/10/2016,1069.01
02/11/2016,1060.06
02/12/2016,1078.21
02/16/2016,1090.79
02/17/2016,1094.62
02/18/2016,1094.6
02/19/2016,1098.0
02/22/2016,1106.37
02/23/2016,1099.24
02/24/2016,1102.0
02/25/2016,1108.2
02/26/2016,1107.72
02/29/2016,1105.6
03/01/2016,1114.92
03/02/2016,1116.45
03/03/2016,1117.51
03/04/2016,1117.74
03/07/2016,1118.94
03/08/2016,1116.96
03/09/2016,1118.42
03/10/2016,1118.94
03/11/2016,1120.77
03/14/2016,1120.73
03/15/2016,1120.45
03/16/2016,1120.26
03/17/2016,1120.52
03/18/2016,1120.21
03/21/2016,1122.23
03/22/2016,1121.38
03/23/2016,1117.6
03/24/2016,1117.98
03/28/2016,1119.24
03/29/2016,1125.59
03/30/2016,1128.17
03/31/2016,1127.39
04/01/2016,1130.55
04/04/2016,1130.19
04/05/2016,1124.51
04/06/2016,1131.09
04/07/2016,1124.51
04/08/2016,1128.17
04/11/2016,1126.92
04/12/2016,1134.31
04/13/2016,1135.89
04/14/2016,1136.09
04/15/2016,1134.46
04/18/2016,1138.68
04/19/2016,1140.23
04/20/2016,1140.68
04/21/2016,1138.35
04/22/2016,1139.21
04/25/2016,1138.5
04/26/2016,1139.61
04/27/2016,1140.85
04/28/2016,1135.11
04/29/2016,1132.38
05/02/2016,1138.95
05/03/2016,1133.12
05/04/2016,1128.53
05/05/2016,1129.11
05/06/2016,1132.8
05/09/2016,1134.28
05/10/2016,1143.94
05/11/2016,1137.95
05/12/2016,1138.4
05/13/2016,1130.76
05/16/2016,1141.31
05/17/2016,1132.07
05/18/2016,1132.65
05/19/2016,1128.57
05/20/2016,1136.98
05/23/2016,1136.38
05/24/2016,1144.5
05/25/2016,1147.7
05/26/2016,1148.07
05/27/2016,1150.11
05/31/2016,1150.23
06/01/2016,1150.65
06/02/2016,1151.95
06/03/2016,1152.15
06/06/2016,1153.04
06/07/2016,1153.19
06/08/2016,1154.13
06/09/2016,1153.93
06/10/2016,1152.59
06/13/2016,1151.08
06/14/2016,1152.12
06/15/2016,1152.9
06/16/2016,1154.32
06/17/2016,1149.43
06/20/2016,1153.78
06/21/2016,1154.99
06/22/2016,1151.89
06/23/2016,1160.9
06/24/2016,1139.51
06/27/2016,1126.91
06/28/2016,1144.47
06/29/2016,1157.01
06/30/2016,1163.51
07/01/2016,1165.81
07/05/2016,1164.45
07/06/2016,1166.75
07/07/2016,1167.28
07/08/2016,1170.57
07/11/2016,1170.91
07/12/2016,1170.65
07/13/2016,1170.87
07/14/2016,1170.82
07/15/2016,1164.86
07/18/2016,1167.06
07/19/2016,1166.78
07/20/2016,1169.56
07/21/2016,1167.24
07/22/2016,1170.92
07/25/2016,1169.1
07/26/2016,1169.33
07/27/2016,1169.13
07/28/2016,1170.45
07/29/2016,1172.74
08/01/2016,1172.41
08/02/2016,1167.92
08/03/2016,1171.36
08/04/2016,1171.91
08/05/2016,1178.1
08/08/2016,1178.25
08/09/2016,1178.49
08/10/2016,1177.7
08/11/2016,1180.33
08/12/2016,1181.16
08/15/2016,1182.28
08/16/2016,1180.96
08/17/2016,1182.52
08/18/2016,1183.39
08/19/2016,1185.22
08/22/2016,1185.14
08/23/2016,1186.14
08/24/2016,1182.23
08/25/2016,1181.39
08/26/2016,1180.93
08/29/2016,1185.85
08/30/2016,1185.19
08/31/2016,1183.87
09/01/2016,1184.03
09/02/2016,1188.76
09/06/2016,1191.2
09/07/2016,1191.96
09/08/2016,1191.13
09/09/2016,1165.29
09/12/2016,1182.15
09/13/2016,1165.66
09/14/2016,1165.21
09/15/2016,1177.17
09/16/2016,1172.74
09/19/2016,1173.1
09/20/2016,1173.19
09/21/2016,1180.56
09/22/2016,1184.73
09/23/2016,1182.68
09/26/2016,1177.53
09/27/2016,1182.36
09/28/2016,1185.35
09/29/2016,1179.9
09/30/2016,1184.83
10/03/2016,1184.22
10/04/2016,1182.18
10/05/2016,1185.37
10/06/2016,1186.26
10/07/2016,1185.73
10/10/2016,1188.67
10/11/2016,1182.2
10/12/2016,1183.57
10/13/2016,1182.07
10/14/2016,1183.48
10/17/2016,1182.46
10/18/2016,1188.26
10/19/2016,1190.27
10/20/2016,1191.75
10/21/2016,1192.84
10/24/2016,1196.67
10/25/2016,1193.85
10/26/2016,1192.5
10/27/2016,1190.21
10/28/2016,1187.64
10/31/2016,1187.41
11/01/2016,1182.22
11/02/2016,1177.19
11/03/2016,1172.84
11/04/2016,1171.27
11/07/2016,1190.22
11/08/2016,1193.44
11/09/2016,1203.4
11/10/2016,1205.02
11/11/2016,1206.25
11/14/2016,1207.27
11/15/2016,1208.99
11/16/2016,1209.67
11/17/2016,1210.07
11/18/2016,1208.13
11/21/2016,1213.23
11/22/2016,1214.47
11/23/2016,1215.23
11/25/2016,1217.34
11/28/2016,1214.85
11/29/2016,1215.81
11/30/2016,1214.79
12/01/2016,1213.0
12/02/2016,1213.88
12/05/2016,1219.44
12/06/2016,1221.64
12/07/2016,1223.57
12/08/2016,1223.81
12/09/2016,1223.76
12/12/2016,1223.87
12/13/2016,1224.07
12/14/2016,1223.98
12/15/2016,1224.18
12/16/2016,1219.76
12/19/2016,1222.0
12/20/2016,1224.29
12/21/2016,1223.5
12/22/2016,1222.83
12/23/2016,1224.04
12/27/2016,1226.04
12/28/2016,1220.46
12/29/2016,1220.24
12/30/2016,1216.13
01/03/2017,1225.16
01/04/2017,1230.17
01/05/2017,1230.21
01/06/2017,1232.76
01/09/2017,1231.82
01/10/2017,1232.89
01/11/2017,1234.98
01/12/2017,1234.47
01/13/2017,1236.52
01/17/2017,1235.73
01/18/2017,1237.54
01/19/2017,1235.8
01/20/2017,1239.32
01/23/2017,1237.54
01/24/2017,1242.25
01/25/2017,1245.64
01/26/2017,1245.75
01/27/2017,1246.62
01/30/2017,1243.47
01/31/2017,1243.1
02/01/2017,1244.5
02/02/2017,1245.29
02/03/2017,1249.68
02/06/2017,1249.65
02/07/2017,1250.3
02/08/2017,1250.81
02/09/2017,1252.47
02/10/2017,1252.78
02/13/2017,1253.13
02/14/2017,1253.21
02/15/2017,1253.6
02/16/2017,1253.52
02/17/2017,1257.3
02/21/2017,1260.28
02/22/2017,1259.82
02/23/2017,1260.15
02/24/2017,1261.74
02/27/2017,1261.67
02/28/2017,1260.36
03/01/2017,1265.39
03/02/2017,1265.2
03/03/2017,1266.43
03/06/2017,1266.02
03/07/2017,1265.61
03/08/2017,1265.09
03/09/2017,1265.23
03/10/2017,1266.52
03/13/2017,1267.52
03/14/2017,1267.22
03/15/2017,1268.97
03/16/2017,1269.52
03/17/2017,1266.0
03/20/2017,1265.05
03/21/2017,1254.29
03/22/2017,1255.99
03/23/2017,1254.75
03/24/2017,1254.33
03/27/2017,1254.44
03/28/2017,1261.99
03/29/2017,1263.65
03/30/2017,1266.61
03/31/2017,1264.93
04/03/2017,1263.93
04/04/2017,1265.36
04/05/2017,1262.12
04/06/2017,1264.72
04/07/2017,1264.27
04/10/2017,1265.64
04/11/2017,1264.35
04/12/2017,1260.27
04/13/2017,1251.92
04/17/2017,1262.77
04/18/2017,1259.18
04/19/2017,1257.31
04/20/2017,1266.84
04/21/2017,1263.72
04/24/2017,1273.57
04/25/2017,1276.19
04/26/2017,1276.39
04/27/2017,1276.94
04/28/2017,1276.48
05/01/2017,1277.43
05/02/2017,1278.32
05/03/2017,1278.42
05/04/2017,1278.6
05/05/2017,1279.53
05/08/2017,1281.37
05/09/2017,1281.07
05/10/2017,1281.52
05/11/2017,1281.15
05/12/2017,1282.03
05/15/2017,1282.17
05/16/2017,1282.48
05/17/2017,1277.29
05/18/2017,1282.1
05/19/2017,1289.11
05/22/2017,1293.47
05/23/2017,1294.46
05/24/2017,1296.79
05/25/2017,1298.22
05/26/2017,1299.02
05/30/2017,1299.11
05/31/2017,1299.25
06/01/2017,1300.97
06/02/2017,1302.64
06/05/2017,1302.19
06/06/2017,1301.8
06/07/2017,1302.71
06/08/2017,1303.1
06/09/2017,1303.53
06/12/2017,1303.12
06/13/2017,1303.99
06/14/2017,1304.59
06/15/2017,1304.72
06/16/2017,1303.24
06/19/2017,1307.16
06/20/2017,1303.42
06/21/2017,1303.63
06/22/2017,1304.24
06/23/2017,1306.08
06/26/2017,1306.89
06/27/2017,1301.45
06/28/2017,1307.65
06/29/2017,1302.06
06/30/2017,1303.81
07/03/2017,1305.83
07/05/2017,1307.52
07/06/2017,1301.14
07/07/2017,1307.28
07/10/2017,1308.77
07/11/2017,1308.77
07/12/2017,1313.37
07/13/2017,1313.99
07/14/2017,1314.88
07/17/2017,1315.31
07/18/2017,1315.49
07/19/2017,1316.19
07/20/2017,1315.67
07/21/2017,1319.84
07/24/2017,1319.23
07/25/2017,1321.53
07/26/2017,1322.12
07/27/2017,1321.56
07/28/2017,1321.03
07/31/2017,1321.06
08/01/2017,1323.51
08/02/2017,1324.37
08/03/2017,1323.11
08/04/2017,1325.05
08/07/2017,1326.39
08/08/2017,1324.65
08/09/2017,1324.73
08/10/2017,1310.86
08/11/2017,1313.65
08/14/2017,1324.58
08/15/2017,1325.25
08/16/2017,1327.54
08/17/2017,1309.37
08/18/2017,1309.1
08/21/2017,1311.5
08/22/2017,1318.2
08/23/2017,1316.7
08/24/2017,1315.65
08/25/2017,1317.81
08/28/2017,1319.2
08/29/2017,1319.8
08/30/2017,1322.43
08/31/2017,1324.73
09/01/2017,1325.75
09/05/2017,1323.24
09/06/2017,1324.88
09/07/2017,1325.6
09/08/2017,1324.88
09/11/2017,1327.59
09/12/2017,1327.51
09/13/2017,1328.1
09/14/2017,1327.64
09/15/2017,1329.52
09/18/2017,1330.37
09/19/2017,1331.07
09/20/2017,1331.9
09/21/2017,1330.44
09/22/2017,1331.87
09/25/2017,1330.28
09/26/2017,1330.4
09/27/2017,1333.03
09/28/2017,1334.66
09/29/2017,1336.92
10/02/2017,1338.22
10/03/2017,1339.11
10/04/2017,1338.99
10/05/2017,1340.8
10/06/2017,1341.21
10/09/2017,1340.59
10/10/2017,1340.52
10/11/2017,1341.56
10/12/2017,1341.57
10/13/2017,1341.34
10/16/2017,1341.54
10/17/2017,1342.09
10/18/2017,1342.22
10/19/2017,1342.68
10/20/2017,1343.17
10/23/2017,1339.93
10/24/2017,1341.02
10/25/2017,1337.46
10/26/2017,1338.85
10/27/2017,1345.12
10/30/2017,1343.99
10/31/2017,1344.81
11/01/2017,1346.02
11/02/2017,1346.55
11/03/2017,1348.84
11/06/2017,1350.03
11/07/2017,1349.99
11/08/2017,1350.78
11/09/2017,1349.05
11/10/2017,1349.42
11/13/2017,1350.89
11/14/2017,1350.49
11/15/2017,1347.88
11/16/2017,1353.91
11/17/2017,1353.83
11/20/2017,1355.67
11/21/2017,1360.1
11/22/2017,1360.33
11/24/2017,1361.5
11/27/2017,1361.84
11/28/2017,1364.34
11/29/2017,1364.09
11/30/2017,1365.32
12/01/2017,1365.21
12/04/2017,1365.3
12/05/2017,1365.27
12/06/2017,1365.97
12/07/2017,1367.09
12/08/2017,1368.01
12/11/2017,1368.2
12/12/2017,1368.02
12/13/2017,1367.69
12/14/2017,1368.25
12/15/2017,1372.34
12/18/2017,1373.82
12/19/2017,1372.68
12/20/2017,1373.04
12/21/2017,1374.01
12/22/2017,1373.3
12/26/2017,1373.06
12/27/2017,1374.99
12/28/2017,1377.78
12/29/2017,1374.25
01/02/2018,1380.19
01/03/2018,1382.22
01/04/2018,1383.05
01/05/2018,1384.48
01/08/2018,1384.72
01/09/2018,1383.89
01/10/2018,1384.83
01/11/2018,1385.45
01/12/2018,1385.15
01/16/2018,1384.86
01/17/2018,1385.58
01/18/2018,1385.07
01/19/2018,1385.33
01/22/2018,1388.97
01/23/2018,1390.05
01/24/2018,1389.46
01/25/2018,1390.29
01/26/2018,1394.34
01/29/2018,1390.46
01/30/2018,1385.82
01/31/2018,1387.35
02/01/2018,1388.5
02/02/2018,1371.66
02/05/2018,1318.55
02/06/2018,1339.4
02/07/2018,1336.22
02/08/2018,1286.7
02/09/2018,1306.34
02/12/2018,1324.74
02/13/2018,1328.4
02/14/2018,1346.58
02/15/2018,1363.2
02/16/2018,1367.13
02/20/2018,1363.85
02/21/2018,1359.78
02/22/2018,1362.07
02/23/2018,1376.39
02/26/2018,1382.75
02/27/2018,1374.64
02/28/2018,1367.68
03/01/2018,1354.92
03/02/2018,1361.71
03/05/2018,1372.76
03/06/2018,1376.33
03/07/2018,1376.85
03/08/2018,1381.3
03/09/2018,1389.87
03/12/2018,1389.77
03/13/2018,1390.28
03/14/2018,1388.44
03/15/2018,1391.25
03/16/2018,1394.47
03/19/2018,1381.63
03/20/2018,1383.3
03/21/2018,1382.65
03/22/2018,1353.42
03/23/2018,1326.97
03/26/2018,1360.39
03/27/2018,1339.05
03/28/2018,1335.47
03/29/2018,1352.79
04/02/2018,1324.57
04/03/2018,1341.22
04/04/2018,1356.07
04/05/2018,1365.69
04/06/2018,1337.0
04/09/2018,1341.94
04/10/2018,1363.7
04/11/2018,1356.86
04/12/2018,1368.27
04/13/2018,1364.71
04/16/2018,1375.79
04/17/2018,1390.34
04/18/2018,1391.7
04/19/2018,1383.99
04/20/2018,1372.44
04/23/2018,1373.64
04/24/2018,1362.02
04/25/2018,1363.58
04/26/2018,1373.81
04/27/2018,1376.43
04/30/2018,1370.82
05/01/2018,1373.87
05/02/2018,1367.32
05/03/2018,1365.63
05/04/2018,1379.44
05/07/2018,1383.25
05/08/2018,1383.52
05/09/2018,1390.98
05/10/2018,1395.25
05/11/2018,1396.14
05/14/2018,1396.29
05/15/2018,1395.82
05/16/2018,1397.49
05/17/2018,1397.86
05/18/2018,1396.92
05/21/2018,1402.24
05/22/2018,1400.64
05/23/2018,1404.02
05/24/2018,1403.66
05/25/2018,1402.43
05/29/2018,1392.19
05/30/2018,1403.43
05/31/2018,1399.5
06/01/2018,1407.71
06/04/2018,1410.11
06/05/2018,1410.66
06/06/2018,1413.13
06/07/2018,1413.29
06/08/2018,1414.19
06/11/2018,1414.65
06/12/2018,1415.13
06/13/2018,1415.1
06/14/2018,1415.36
06/15/2018,1414.6
06/18/2018,1414.24
06/19/2018,1410.98
06/20/2018,1412.89
06/21/2018,1407.43
06/22/2018,1410.01
06/25/2018,1396.19
06/26/2018,1398.79
06/27/2018,1389.24
06/28/2018,1396.3
06/29/2018,1398.71
07/02/2018,1402.64
07/03/2018,1396.82
07/05/2018,1407.47
07/06/2018,1417.04
07/09/2018,1424.91
07/10/2018,1427.07
07/11/2018,1423.19
07/12/2018,1428.81
07/13/2018,1429.93
07/16/2018,1429.96
07/17/2018,1431.1
07/18/2018,1431.94
07/19/2018,1432.38
07/20/2018,1433.25
07/23/2018,1435.24
07/24/2018,1438.39
07/25/2018,1442.46
07/26/2018,1441.62
07/27/2018,1439.42
07/30/2018,1435.19
07/31/2018,1439.65
08/01/2018,1439.43
08/02/2018,1443.48
08/03/2018,1446.4
08/06/2018,1448.04
08/07/2018,1448.9
08/08/2018,1449.56
08/09/2018,1450.16
08/10/2018,1447.19
08/13/2018,1445.82
08/14/2018,1449.91
08/15/2018,1447.99
08/16/2018,1451.28
08/17/2018,1455.53
08/20/2018,1457.82
08/21/2018,1459.02
08/22/2018,1459.5
08/23/2018,1458.69
08/24/2018,1462.39
08/27/2018,1465.38
08/28/2018,1465.15
08/29/2018,1467.62
08/30/2018,1465.63
08/31/2018,1466.94
09/04/2018,1466.69
09/05/2018,1466.3
09/06/2018,1464.28
09/07/2018,1464.44
09/10/2018,1466.9
09/11/2018,1469.23
09/12/2018,1470.17
09/13/2018,1471.68
09/14/2018,1471.93
09/17/2018,1470.77
09/18/2018,1471.82
09/19/2018,1472.16
09/20/2018,1472.62
09/21/2018,1469.16
09/24/2018,1466.78
09/25/2018,1466.0
09/26/2018,1462.82
09/27/2018,1466.7
09/28/2018,1467.41
10/01/2018,1471.37
10/02/2018,1471.32
10/03/2018,1472.17
10/04/2018,1463.71
10/05/2018,1457.84
10/08/2018,1457.92
10/09/2018,1456.68
10/10/2018,1409.79
10/11/2018,1380.8
10/12/2018,1400.69
10/15/2018,1392.5
10/16/2018,1422.42
10/17/2018,1422.14
10/18/2018,1401.86
10/19/2018,1403.52
10/22/2018,1401.58
10/23/2018,1395.98
10/24/2018,1359.96
10/25/2018,1381.62
10/26/2018,1361.37
10/29/2018,1354.0
10/30/2018,1373.29
10/31/2018,1387.31
11/01/2018,1400.92
11/02/2018,1394.67
11/05/2018,1401.77
11/06/2018,1408.43
11/07/2018,1428.01
11/08/2018,1428.26
11/09/2018,1422.74
11/12/2018,1400.5
11/13/2018,1398.98
11/14/2018,1389.05
11/15/2018,1404.23
11/16/2018,1406.65
11/19/2018,1393.75
11/20/2018,1376.3
11/21/2018,1381.58
11/23/2018,1374.63
11/26/2018,1393.53
11/27/2018,1396.22
11/28/2018,1413.3101
11/29/2018,1411.98
11/30/2018,1418.4301
12/04/2018,1402.76
12/06/2018,1403.91
12/07/2018,1379.03
12/10/2018,1383.5
12/11/2018,1383.42
12/12/2018,1390.47
12/13/2018,1391.58
12/14/2018,1366.5
12/17/2018,1338.4399
12/18/2018,1338.6801
12/19/2018,1318.3101
12/20/2018,1297.5601
12/21/2018,1276.55
12/24/2018,1249.22
12/26/2018,1292.3
12/27/2018,1296.96
12/28/2018,1299.5699
12/31/2018,1308.76
01/02/2019,1315.62
01/03/2019,1299.04
01/04/2019,1322.29
01/07/2019,1326.1899
01/08/2019,1329.59
01/09/2019,1331.21
01/10/2019,1333.03
01/11/2019,1334.0601
01/14/2019,1334.9399
01/15/2019,1334.51
01/16/2019,1334.92
01/17/2019,1334.9301
01/18/2019,1341.2
01/22/2019,1329.76
01/23/2019,1332.47
01/24/2019,1336.03
01/25/2019,1342.86
01/28/2019,1337.08
01/29/2019,1336.15
01/30/2019,1347.85
01/31/2019,1353.66
02/01/2019,1355.8
02/04/2019,1359.3199
02/05/2019,1360.78
02/06/2019,1360.41
02/07/2019,1358.72
02/08/2019,1359.89
02/11/2019,1361.07
02/12/2019,1362.97
02/13/2019,1363.37
02/14/2019,1363.71
02/15/2019,1364.89
02/19/2019,1367.09
02/20/2019,1369.3
02/21/2019,1367.96
02/22/2019,1372.29
02/25/2019,1373.05
02/26/2019,1373.06
02/27/2019,1373.66
02/28/2019,1373.08
03/01/2019,1377.55
03/04/2019,1376.27
03/05/2019,1376.61
03/06/2019,1373.08
03/07/2019,1367.52
03/08/2019,1367.52
03/11/2019,1379.89
03/12/2019,1381.93
03/13/2019,1383.63
03/14/2019,1384.23
03/15/2019,1390.32
03/18/2019,1392.34
03/19/2019,1391.7
03/20/2019,1390.4
03/21/2019,1395.6
03/22/2019,1381.24
03/25/2019,1382.47
03/26/2019,1389.79
03/27/2019,1386.86
03/28/2019,1391.04
03/29/2019,1397.3
04/01/2019,1402.88
04/02/2019,1403.51
04/03/2019,1404.39
04/04/2019,1405.66
04/05/2019,1407.42
04/08/2019,1408.26
04/09/2019,1406.56
04/10/2019,1408.06
04/11/2019,1408.93
04/12/2019,1409.47
04/15/2019,1409.89
04/16/2019,1409.68
04/17/2019,1410.42
04/18/2019,1409.59
04/22/2019,1411.15
04/23/2019,1415.67
04/24/2019,1414.13
04/25/2019,1414.68
04/26/2019,1417.5
04/29/2019,1418.28
04/30/2019,1419.18
05/01/2019,1415.48
05/02/2019,1415.14
05/03/2019,1421.01
05/06/2019,1417.7
05/07/2019,1403.65
05/08/2019,1403.11
05/09/2019,1402.15
05/10/2019,1408.94
05/13/2019,1382.32
05/14/2019,1393.78
05/15/2019,1402.33
05/16/2019,1415.18
05/17/2019,1410.15
05/20/2019,1405.16
05/21/2019,1413.65
05/22/2019,1412.56
05/23/2019,1400.66
05/24/2019,1403.15
05/28/2019,1394.71
05/29/2019,1386.95
05/30/2019,1390.25
05/31/2019,1373.66
06/03/2019,1370.25
06/04/2019,1397.73
06/05/2019,1407.66
06/06/2019,1414.64
06/07/2019,1423.92
06/10/2019,1428.47
06/11/2019,1428.91
06/12/2019,1428.75
06/13/2019,1432.58
06/14/2019,1432.77
06/17/2019,1435.53
06/18/2019,1439.26
06/19/2019,1441.9
06/20/2019,1442.57
06/21/2019,1441.33
06/24/2019,1441.08
06/25/2019,1433.39
06/26/2019,1432.94
06/27/2019,1437.59
06/28/2019,1443.13
07/01/2019,1451.7
07/02/2019,1455.46
07/03/2019,1459.56
07/08/2019,1458.47
07/09/2019,1459.54
07/10/2019,1462.13
07/11/2019,1463.1
07/12/2019,1464.16
07/15/2019,1464.45
07/16/2019,1464.76
07/17/2019,1464.77
07/18/2019,1465.61
07/19/2019,1454.37
07/22/2019,1458.48
07/23/2019,1464.09
07/24/2019,1467.42
07/25/2019,1463.69
07/26/2019,1468.98
07/29/2019,1469.68
07/30/2019,1466.28
07/31/2019,1458.36
08/01/2019,1449.06
08/02/2019,1442.56
08/05/2019,1402.03
08/06/2019,1420.39
08/07/2019,1421.62
08/08/2019,1447.75
08/09/2019,1439.24
08/12/2019,1422.01
08/13/2019,1443.5
08/14/2019,1401.8
08/15/2019,1405.52
08/16/2019,1425.8
08/19/2019,1436.89
08/20/2019,1431.89
08/21/2019,1438.66
08/22/2019,1438.31
08/23/2019,1416.67
08/26/2019,1427.46
08/27/2019,1425.29
08/28/2019,1432.01
08/29/2019,1441.07
08/30/2019,1441.79
09/03/2019,1438.87
09/04/2019,1447.19
09/05/2019,1453.42
09/06/2019,1455.04
09/09/2019,1455.77
09/10/2019,1457.36
09/11/2019,1458.11
09/12/2019,1458.26
09/13/2019,1459.25
09/16/2019,1459.48
09/17/2019,1459.73
09/18/2019,1459.68
09/19/2019,1460.1
09/20/2019,1451.69
09/23/2019,1453.19
09/24/2019,1444.52
09/25/2019,1451.46
09/26/2019,1450.01
09/27/2019,1444.42
09/30/2019,1451.16
10/01/2019,1437.74
10/02/2019,1414.28
10/03/2019,1425.82
10/04/2019,1443.79
10/07/2019,1439.49
10/08/2019,1418.06
10/09/2019,1431.24
10/10/2019,1439.73
10/11/2019,1454.43
10/14/2019,1454.48
10/15/2019,1467.41
10/16/2019,1465.97
10/17/2019,1470.61
10/18/2019,1465.42
10/21/2019,1471.31
10/22/2019,1469.08
10/23/2019,1471.88
10/24/2019,1474.43
10/25/2019,1478.08
10/28/2019,1480.4
10/29/2019,1480.13
10/30/2019,1482.36
10/31/2019,1481.11
11/01/2019,1485.41
11/04/2019,1486.18
11/05/2019,1486.21
11/06/2019,1487.57
11/07/2019,1488.18
11/08/2019,1488.93
11/11/2019,1488.92
11/12/2019,1488.79
11/13/2019,1488.82
11/14/2019,1488.88
11/15/2019,1492.86
11/18/2019,1493.55
11/19/2019,1492.94
11/20/2019,1491.48
11/21/2019,1490.2
11/22/2019,1492.89
11/25/2019,1499.04
11/26/2019,1501.16
11/27/2019,1502.39
11/29/2019,1500.23
12/02/2019,1494.33
12/03/2019,1489.01
12/04/2019,1494.71
12/05/2019,1497.22
12/06/2019,1503.76
12/09/2019,1501.92
12/10/2019,1501.88
12/11/2019,1504.26
12/12/2019,1509.06
12/13/2019,1510.24
12/16/2019,1511.52
12/17/2019,1512.97
12/18/2019,1512.33
12/19/2019,1513.3
12/20/2019,1509.43
12/23/2019,1510.77
12/24/2019,1510.89
12/26/2019,1514.55
12/27/2019,1513.84
12/30/2019,1509.93
12/31/2019,1514.0
01/02/2020,1520.05
01/03/2020,1515.05
01/06/2020,1519.14
01/07/2020,1518.58
01/08/2020,1520.87
01/09/2020,1524.78
01/10/2020,1524.78
01/13/2020,1526.93
01/14/2020,1527.25
01/15/2020,1527.25
01/16/2020,1527.32
01/17/2020,1528.7
01/21/2020,1525.81
01/22/2020,1526.62
01/23/2020,1527.75
01/24/2020,1519.25
01/27/2020,1502.49
01/28/2020,1513.71
01/29/2020,1513.26
01/30/2020,1517.77
01/31/2020,1496.9
02/03/2020,1507.01
02/04/2020,1523.82
02/05/2020,1533.71
02/06/2020,1537.2
02/07/2020,1533.78
02/10/2020,1539.77
02/11/2020,1540.91
02/12/2020,1544.99
02/13/2020,1544.26
02/14/2020,1546.43
02/18/2020,1546.54
02/19/2020,1548.12
02/20/2020,1548.81
02/21/2020,1541.17
02/24/2020,1504.01
02/25/2020,1463.51
02/26/2020,1458.35
02/27/2020,1395.15
02/28/2020,1383.79
03/02/2020,1447.53
03/03/2020,1407.09
03/04/2020,1465.83
03/05/2020,1417.04
03/06/2020,1393.21
03/09/2020,1287.6
03/10/2020,1350.32
03/11/2020,1285.34
03/12/2020,1162.4
03/13/2020,1271.66
03/16/2020,1117.13
03/17/2020,1177.25
03/18/2020,1125.11
03/19/2020,1130.5
03/20/2020,1097.42
03/23/2020,1080.18
03/24/2020,1138.4
03/25/2020,1136.67
03/26/2020,1168.03
03/27/2020,1152.05
03/30/2020,1176.59
03/31/2020,1177.55
04/01/2020,1157.42
04/02/2020,1174.74
04/03/2020,1173.95
04/06/2020,1200.13
04/07/2020,1198.12
04/08/2020,1206.1
04/09/2020,1208.04
04/13/2020,1209.01
04/14/2020,1209.34
04/15/2020,1208.62
04/16/2020,1209.9
04/17/2020,1211.05
04/20/2020,1198.34
04/21/2020,1177.42
04/22/2020,1197.09
04/23/2020,1199.58
04/24/2020,1213.9
04/27/2020,1225.73
04/28/2020,1222.32
04/29/2020,1235.97
04/30/2020,1232.2
05/01/2020,1216.63
05/04/2020,1224.03
05/05/2020,1231.26
05/06/2020,1228.6
05/07/2020,1237.53
05/08/2020,1247.14
05/11/2020,1249.13
05/12/2020,1243.14
05/13/2020,1234.71
05/14/2020,1247.22
05/15/2020,1255.22
05/18/2020,1272.13
05/19/2020,1267.5
05/20/2020,1276.19
05/21/2020,1273.02
05/22/2020,1275.5
05/26/2020,1280.85
05/27/2020,1284.87
05/28/2020,1283.34
05/29/2020,1286.79
06/01/2020,1287.68
06/02/2020,1289.59
06/03/2020,1292.08
06/04/2020,1292.59
06/05/2020,1294.81
06/08/2020,1294.64
06/09/2020,1293.32
06/10/2020,1294.88
06/11/2020,1283.91
06/12/2020,1291.49
06/15/2020,1293.24
06/16/2020,1293.83
06/17/2020,1295.41
06/18/2020,1295.07
06/19/2020,1272.42
06/22/2020,1279.89
06/23/2020,1283.42
06/24/2020,1264.11
06/25/2020,1275.62
06/26/2020,1254.55
06/29/2020,1271.87
06/30/2020,1285.22
07/01/2020,1290.97
07/02/2020,1294.05
07/06/2020,1305.56
07/07/2020,1299.91
07/08/2020,1306.1
07/09/2020,1304.36
07/10/2020,1311.49
07/13/2020,1307.21
07/14/2020,1315.08
07/15/2020,1318.03
07/16/2020,1318.81
07/17/2020,1317.24
07/20/2020,1324.5
07/21/2020,1325.01
07/22/2020,1329.18
07/23/2020,1321.77
07/24/2020,1319.58
07/27/2020,1326.83
07/28/2020,1322.56
07/29/2020,1331.41
07/30/2020,1329.04
07/31/2020,1334.72
08/03/2020,1338.68
08/04/2020,1340.8
08/05/2020,1344.12
08/06/2020,1346.2
08/07/2020,1347.46
08/10/2020,1348.25
08/11/2020,1346.25
08/12/2020,1350.6
08/13/2020,1350.08
08/14/2020,1351.56
08/17/2020,1351.55
08/18/2020,1352.17
08/19/2020,1351.99
08/20/2020,1352.31
08/21/2020,1355.14
08/24/2020,1361.21
08/25/2020,1363.46
08/26/2020,1365.95
08/27/2020,1365.76
08/28/2020,1369.81
08/31/2020,1369.31
09/01/2020,1370.61
09/02/2020,1374.25
09/03/2020,1359.95
09/04/2020,1358.42
09/08/2020,1341.22
09/09/2020,1359.35
09/10/2020,1347.18
09/11/2020,1351.02
09/14/2020,1365.33
09/15/2020,1371.2
09/16/2020,1370.45
09/17/2020,1365.29
09/18/2020,1354.18
09/21/2020,1345.65
09/22/2020,1354.82
09/23/2020,1334.49
09/24/2020,1338.4
09/25/2020,1353.96
09/28/2020,1365.23
09/29/2020,1362.33
09/30/2020,1369.03
10/01/2020,1371.78
10/02/2020,1367.47
10/05/2020,1379.95
10/06/2020,1374.04
10/07/2020,1383.84
10/08/2020,1388.43
10/09/2020,1390.37
10/12/2020,1390.74
10/13/2020,1390.85
10/14/2020,1390.39
10/15/2020,1390.35
10/19/2020,1376.16
10/20/2020,1380.15
10/21/2020,1379.48
10/22/2020,1384.86
10/23/2020,1389.07
10/26/2020,1369.43
10/27/2020,1367.84
10/28/2020,1327.48
10/29/2020,1343.51
10/30/2020,1319.18
11/02/2020,1345.81
11/03/2020,1365.27
11/04/2020,1390.45
11/05/2020,1407.67
11/06/2020,1411.45
11/09/2020,1421.43
11/10/2020,1419.7
11/11/2020,1426.54
11/12/2020,1421.47
11/13/2020,1429.2
11/16/2020,1432.64
11/17/2020,1433.39
11/18/2020,1433.48
11/19/2020,1435.1
11/20/2020,1429.26
11/23/2020,1435.99
11/24/2020,1445.59
11/25/2020,1446.05
11/27/2020,1447.3
11/30/2020,1446.62
12/01/2020,1452.34
12/02/2020,1454.27
12/03/2020,1453.18
12/04/2020,1457.32
12/07/2020,1459.04
12/08/2020,1460.71
12/09/2020,1460.08
12/10/2020,1459.67
12/11/2020,1460.1
12/14/2020,1460.4
12/15/2020,1462.48
12/16/2020,1463.88
12/17/2020,1463.45
12/18/2020,1455.5
12/21/2020,1450.65
12/22/2020,1453.34
12/23/2020,1455.86
12/24/2020,1460.62
12/28/2020,1467.75
12/29/2020,1465.24
12/30/2020,1467.77
12/31/2020,1472.29
01/04/2021,1462.37
01/05/2021,1469.62
01/06/2021,1471.94
01/07/2021,1481.7
01/08/2021,1483.35
01/11/2021,1482.94
01/12/2021,1484.96
01/13/2021,1485.67
01/14/2021,1484.78
01/15/2021,1483.07
01/19/2021,1491.25
01/20/2021,1498.94
01/21/2021,1499.6
01/22/2021,1499.52
01/25/2021,1500.85
01/26/2021,1500.18
01/27/2021,1475.76
01/28/2021,1487.59
01/29/2021,1473.91
02/01/2021,1490.51
02/02/2021,1501.73
02/03/2021,1504.39
02/04/2021,1511.77
02/05/2021,1513.08
02/08/2021,1516.53
02/09/2021,1515.3
02/10/2021,1515.54
02/11/2021,1516.85
02/12/2021,1518.1
02/16/2021,1519.27
02/17/2021,1518.56
02/18/2021,1519.0
02/19/2021,1514.04
02/22/2021,1507.28
02/23/2021,1509.7
02/24/2021,1520.65
02/25/2021,1492.05
02/26/2021,1489.2
03/01/2021,1517.84
03/02/2021,1509.79
03/03/2021,1495.37
03/04/2021,1479.05
03/05/2021,1504.44
03/08/2021,1498.07
03/09/2021,1515.24
03/10/2021,1523.77
03/11/2021,1533.8
03/12/2021,1536.88
03/15/2021,1542.76
03/16/2021,1542.08
03/17/2021,1544.74
03/18/2021,1538.41
03/19/2021,1542.32
03/22/2021,1549.71
03/23/2021,1543.56
03/24/2021,1539.25
03/25/2021,1544.98
03/26/2021,1556.2
03/29/2021,1554.68
03/30/2021,1555.29
03/31/2021,1556.71
04/01/2021,1564.26
04/05/2021,1568.24
04/06/2021,1567.26
04/07/2021,1568.28
04/08/2021,1568.41
04/09/2021,1570.06
04/12/2021,1569.5
04/13/2021,1569.3
04/14/2021,1568.93
04/15/2021,1570.47
04/16/2021,1566.62
04/19/2021,1561.39
04/20/2021,1555.69
04/21/2021,1564.72
04/22/2021,1556.14
04/23/2021,1567.05
04/26/2021,1569.1
04/27/2021,1569.85
04/28/2021,1569.6
04/29/2021,1574.74
04/30/2021,1569.39
05/03/2021,1573.71
05/04/2021,1568.27
05/05/2021,1570.27
05/06/2021,1577.51
05/07/2021,1583.44
05/10/2021,1576.03
05/11/2021,1568.73
05/12/2021,1542.74
05/13/2021,1560.75
05/14/2021,1579.16
05/17/2021,1578.61
05/18/2021,1569.93
05/19/2021,1566.87
05/20/2021,1583.22
05/21/2021,1583.79
05/24/2021,1594.24
05/25/2021,1592.86
05/26/2021,1596.28
05/27/2021,1598.93
05/28/2021,1599.8
06/01/2021,1600.31
06/02/2021,1602.62
06/03/2021,1600.59
06/04/2021,1607.44
06/07/2021,1608.59
06/08/2021,1608.41
06/09/2021,1606.91
06/10/2021,1611.69
06/11/2021,1613.47
06/14/2021,1613.51
06/15/2021,1613.27
06/16/2021,1612.21
06/17/2021,1614.52
06/18/2021,1610.0
06/21/2021,1623.29
06/22/2021,1628.05
06/23/2021,1627.84
06/24/2021,1631.04
06/25/2021,1632.97
06/28/2021,1634.48
06/29/2021,1634.47
06/30/2021,1635.77
07/01/2021,1636.45
07/02/2021,1638.35
07/06/2021,1638.17
07/07/2021,1638.42
07/08/2021,1635.85
07/09/2021,1640.28
07/12/2021,1640.02
07/13/2021,1639.37
07/14/2021,1639.54
07/15/2021,1641.0
07/16/2021,1626.33
07/19/2021,1608.91
07/20/2021,1625.93
07/21/2021,1634.75
07/22/2021,1636.68
07/23/2021,1643.95
07/26/2021,1645.53
07/27/2021,1642.02
07/28/2021,1643.72
07/29/2021,1647.23
07/30/2021,1643.92
08/02/2021,1643.7
08/03/2021,1650.3
08/04/2021,1648.95
08/05/2021,1652.44
08/06/2021,1655.14
08/09/2021,1655.64
08/10/2021,1656.07
08/11/2021,1657.95
08/12/2021,1659.15
08/13/2021,1659.53
08/16/2021,1660.12
08/17/2021,1659.09
08/18/2021,1656.41
08/19/2021,1659.58
08/20/2021,1671.53
08/23/2021,1679.41
08/24/2021,1680.46
08/25/2021,1682.04
08/26/2021,1677.96
08/27/2021,1685.32
08/30/2021,1687.79
08/31/2021,1686.97
09/01/2021,1688.07
09/02/2021,1689.03
09/03/2021,1689.64
09/07/2021,1689.37
09/08/2021,1689.88
09/09/2021,1688.35
09/10/2021,1683.31
09/13/2021,1688.24
09/14/2021,1687.06
09/15/2021,1692.96
09/16/2021,1693.95
09/17/2021,1684.64
09/20/2021,1665.68
09/21/2021,1666.26
09/22/2021,1679.37
09/23/2021,1692.6
09/24/2021,1695.12
09/27/2021,1694.18
09/28/2021,1669.67
09/29/2021,1673.28
09/30/2021,1657.93
10/01/2021,1674.77
10/04/2021,1656.62
10/05/2021,1673.22
10/06/2021,1679.18
10/07/2021,1691.3
10/08/2021,1690.97
10/11/2021,1681.91
10/12/2021,1678.48
10/13/2021,1683.79
10/14/2021,1710.98
10/15/2021,1716.25
10/18/2021,1719.83
10/19/2021,1725.1
10/20/2021,1727.4
10/21/2021,1729.79
10/22/2021,1728.99
10/25/2021,1731.64
10/26/2021,1732.27
10/27/2021,1728.79
10/28/2021,1734.45
10/29/2021,1735.3
11/01/2021,1736.54
11/02/2021,1737.8
11/03/2021,1740.44
11/04/2021,1741.08
11/05/2021,1741.8
11/08/2021,1742.67
11/09/2021,1742.08
11/10/2021,1741.32
11/11/2021,1742.88
11/12/2021,1743.43
11/15/2021,1743.76
11/16/2021,1743.51
11/17/2021,1743.78
11/18/2021,1744.01
11/19/2021,1741.77
11/22/2021,1738.02
11/23/2021,1740.79
11/24/2021,1744.23
11/26/2021,1714.35
11/29/2021,1734.71
11/30/2021,1709.32
12/01/2021,1691.48
12/02/2021,1713.12
12/03/2021,1702.41
12/06/2021,1721.1
12/07/2021,1747.45
12/08/2021,1753.32
12/09/2021,1745.91
12/10/2021,1758.18
12/13/2021,1749.4
12/14/2021,1740.39
12/15/2021,1762.88
12/16/2021,1754.7
12/17/2021,1741.02
12/20/2021,1729.36
12/21/2021,1747.92
12/22/2021,1759.56
12/23/2021,1764.97
12/27/2021,1772.6
12/28/2021,1772.47
12/29/2021,1774.72
12/30/2021,1773.52
12/31/2021,1773.72
01/03/2022,1778.59
01/04/2022,1778.63
01/05/2022,1767.15
01/06/2022,1768.3
01/07/2022,1768.79
01/10/2022,1768.32
01/11/2022,1775.54
01/12/2022,1777.9
01/13/2022,1768.18
01/14/2022,1772.72
01/18/2022,1752.31
01/19/2022,1738.14
01/20/2022,1719.35
01/21/2022,1694.22
01/24/2022,1698.08
01/25/2022,1684.87
01/26/2022,1684.72
01/27/2022,1679.36
01/28/2022,1709.14
01/31/2022,1729.58
02/01/2022,1738.62
02/02/2022,1745.22
02/03/2022,1723.81
02/04/2022,1732.88
02/07/2022,1733.17
02/08/2022,1742.03
02/09/2022,1750.54
02/10/2022,1738.28
02/11/2022,1721.38
02/14/2022,1720.3
02/15/2022,1741.97
02/16/2022,1746.51
02/17/2022,1717.89
02/18/2022,1705.91
02/22/2022,1698.77
02/23/2022,1679.28
02/24/2022,1698.4
02/25/2022,1719.57
02/28/2022,1717.77
03/01/2022,1700.05
03/02/2022,1721.25
03/03/2022,1717.96
03/04/2022,1711.96
03/07/2022,1679.33
03/08/2022,1671.34
03/09/2022,1706.2
03/10/2022,1704.68
03/11/2022,1687.52
03/14/2022,1677.39
03/15/2022,1711.08
03/16/2022,1742.27
03/17/2022,1752.76
03/18/2022,1769.51
03/21/2022,1770.54
03/22/2022,1778.3
03/23/2022,1772.3
03/24/2022,1782.7
03/25/2022,1786.2
03/28/2022,1791.91
03/29/2022,1795.14
03/30/2022,1795.83
03/31/2022,1788.31
04/01/2022,1795.41
04/04/2022,1798.23
04/05/2022,1794.07
04/06/2022,1791.52
04/07/2022,1793.71
04/08/2022,1794.92
04/11/2022,1786.66
04/12/2022,1788.07
04/13/2022,1799.89
04/14/2022,1781.0
04/18/2022,1782.84
04/19/2022,1798.07
04/20/2022,1798.21
04/21/2022,1785.14
04/22/2022,1750.63
04/25/2022,1760.03
04/26/2022,1719.2
04/27/2022,1723.5
04/28/2022,1757.98
04/29/2022,1703.87
05/02/2022,1713.49
05/03/2022,1722.4
05/04/2022,1767.99
05/05/2022,1712.24
05/06/2022,1703.63
05/09/2022,1649.98
05/10/2022,1654.26
05/11/2022,1627.21
05/12/2022,1625.69
05/13/2022,1664.73
05/16/2022,1658.26
05/17/2022,1691.8
05/18/2022,1623.86
05/19/2022,1614.56
05/20/2022,1604.57
05/23/2022,1618.74
05/24/2022,1612.86
05/25/2022,1620.86
05/26/2022,1633.16
05/27/2022,1642.14
05/31/2022,1640.25
06/01/2022,1642.31
06/02/2022,1646.83
06/03/2022,1644.76
06/06/2022,1647.25
06/07/2022,1649.41
06/08/2022,1648.94
06/09/2022,1643.84
06/10/2022,1629.22
06/13/2022,1586.67
06/14/2022,1584.1
06/15/2022,1607.16
06/16/2022,1559.31
06/17/2022,1563.53
06/21/2022,1580.55
06/22/2022,1582.12
06/23/2022,1587.29
06/24/2022,1596.85
06/27/2022,1600.01
06/28/2022,1594.58
06/29/2022,1595.94
06/30/2022,1592.96
07/01/2022,1599.81
07/05/2022,1601.54
07/06/2022,1603.38
07/07/2022,1607.68
07/08/2022,1609.04
07/11/2022,1608.71
07/12/2022,1606.2
07/13/2022,1609.66
07/14/2022,1609.9
07/15/2022,1617.07
07/18/2022,1610.84
07/19/2022,1630.18
07/20/2022,1633.87
07/21/2022,1640.58
07/22/2022,1637.7
07/25/2022,1640.4
07/26/2022,1633.13
07/27/2022,1647.71
07/28/2022,1652.13
07/29/2022,1655.0
08/01/2022,1655.81
08/02/2022,1653.8
08/03/2022,1658.08
08/04/2022,1659.37
08/05/2022,1659.66
08/08/2022,1659.77
08/09/2022,1659.41
08/10/2022,1662.28
08/11/2022,1660.45
08/12/2022,1662.64
08/15/2022,1662.2
08/16/2022,1661.8
08/17/2022,1662.74
08/18/2022,1662.41
08/19/2022,1653.1
08/22/2022,1631.45
08/23/2022,1630.27
08/24/2022,1635.1
08/25/2022,1650.24
08/26/2022,1610.47
08/29/2022,1602.23
08/30/2022,1586.8
08/31/2022,1575.57
09/01/2022,1580.76
09/02/2022,1564.49
09/06/2022,1558.32
09/07/2022,1586.65
09/08/2022,1597.52
09/09/2022,1621.65
09/12/2022,1637.28
09/13/2022,1568.55
09/14/2022,1574.57
09/15/2022,1556.92
09/16/2022,1542.73
09/19/2022,1547.8
09/20/2022,1539.57
09/21/2022,1526.44
09/22/2022,1521.6
09/23/2022,1503.53
09/26/2022,1491.28
09/27/2022,1490.12
09/28/2022,1513.89
09/29/2022,1490.36
09/30/2022,1472.09
10/03/2022,1506.43
10/04/2022,1539.54
10/05/2022,1538.74
10/06/2022,1528.65
10/07/2022,1495.91
10/10/2022,1486.25
10/11/2022,1477.04
10/12/2022,1472.81
10/13/2022,1509.13
10/14/2022,1476.61
10/17/2022,1515.34
10/18/2022,1532.33
10/19/2022,1523.16
10/20/2022,1511.41
10/21/2022,1536.47
10/24/2022,1544.96
10/25/2022,1554.16
10/26/2022,1553.24
10/27/2022,1551.08
10/28/2022,1562.65
10/31/2022,1562.36
11/01/2022,1562.22
11/02/2022,1553.68
11/03/2022,1549.65
11/04/2022,1558.62
11/07/2022,1565.07
11/08/2022,1567.47
11/09/2022,1560.09
11/10/2022,1576.19
11/11/2022,1575.3
11/14/2022,1575.47
11/15/2022,1576.43
11/16/2022,1575.79
11/17/2022,1576.31
11/18/2022,1567.12
11/21/2022,1567.04
11/22/2022,1578.38
11/23/2022,1583.45
11/25/2022,1584.3
11/28/2022,1574.65
11/29/2022,1574.4
11/30/2022,1592.68
12/01/2022,1594.01
12/02/2022,1595.45
12/05/2022,1587.0
12/06/2022,1575.74
12/07/2022,1575.07
12/08/2022,1582.44
12/09/2022,1577.62
12/12/2022,1586.46
12/13/2022,1597.53
12/14/2022,1602.2
12/15/2022,1582.78
12/16/2022,1563.22
12/19/2022,1558.36
12/20/2022,1560.61
12/21/2022,1572.92
12/22/2022,1561.43
12/23/2022,1568.12
12/27/2022,1566.47
12/28/2022,1556.2
12/29/2022,1572.94
12/30/2022,1572.13
01/03/2023,1570.64
01/04/2023,1578.62
01/05/2023,1569.79
01/06/2023,1589.24
01/09/2023,1589.65
01/10/2023,1594.75
01/11/2023,1599.55
01/12/2023,1604.91
01/13/2023,1606.25
01/17/2023,1606.58
01/18/2023,1606.57
01/19/2023,1607.25
01/20/2023,1621.61
01/23/2023,1628.76
01/24/2023,1629.07
01/25/2023,1629.7
01/26/2023,1634.46
01/27/2023,1637.13
01/30/2023,1631.49
01/31/2023,1637.88
02/01/2023,1641.79
02/02/2023,1644.66
02/03/2023,1644.93
02/06/2023,1644.44
02/07/2023,1646.77
02/08/2023,1645.95
02/09/2023,1644.27
02/10/2023,1646.79
02/13/2023,1648.42
02/14/2023,1649.57
02/15/2023,1650.0
02/16/2023,1649.82
02/17/2023,1650.98
02/21/2023,1634.0
02/22/2023,1635.11
02/23/2023,1641.93
02/24/2023,1631.84
02/27/2023,1637.12
02/28/2023,1635.3
03/01/2023,1629.63
03/02/2023,1640.11
03/03/2023,1657.89
03/06/2023,1659.71
03/07/2023,1644.57
03/08/2023,1647.64
03/09/2023,1622.36
03/10/2023,1601.42
03/13/2023,1599.0
03/14/2023,1626.78
03/15/2023,1615.12
03/16/2023,1643.78
03/17/2023,1625.35
03/20/2023,1634.28
03/21/2023,1644.48
03/22/2023,1635.52
03/23/2023,1639.35
03/24/2023,1643.0
03/27/2023,1647.25
03/28/2023,1648.72
03/29/2023,1656.66
03/30/2023,1660.23
03/31/2023,1665.69
04/03/2023,1667.72
04/04/2023,1667.3
04/05/2023,1668.41
04/06/2023,1669.95
04/10/2023,1670.47
04/11/2023,1671.04
04/12/2023,1671.27
04/13/2023,1673.62
04/14/2023,1673.8
04/17/2023,1674.23
04/18/2023,1674.98
04/19/2023,1675.25
04/20/2023,1676.9
04/21/2023,1674.13
04/24/2023,1675.99
04/25/2023,1661.17
04/26/2023,1659.43
04/27/2023,1678.04
04/28/2023,1684.86
05/01/2023,1686.85
05/02/2023,1677.94
05/03/2023,1672.68
05/04/2023,1665.84
05/05/2023,1685.54
05/08/2023,1688.31
05/09/2023,1685.16
05/10/2023,1691.5
05/11/2023,1692.1
05/12/2023,1692.78
05/15/2023,1696.73
05/16/2023,1693.13
05/17/2023,1701.7
05/18/2023,1703.37
05/19/2023,1696.95
05/22/2023,1697.72
05/23/2023,1687.14
05/24/2023,1678.76
05/25/2023,1689.81
05/26/2023,1702.67
05/30/2023,1704.81
05/31/2023,1700.98
06/01/2023,1712.22
06/02/2023,1721.28
06/05/2023,1721.11
06/06/2023,1723.25
06/07/2023,1722.82
06/08/2023,1725.65
06/09/2023,1725.63
06/12/2023,1727.22
06/13/2023,1728.28
06/14/2023,1729.94
06/15/2023,1730.3
06/16/2023,1719.01
06/20/2023,1716.03
06/21/2023,1712.73
06/22/2023,1718.95
06/23/2023,1710.13
06/26/2023,1705.01
06/27/2023,1719.38
06/28/2023,1719.13
06/29/2023,1725.01
06/30/2023,1736.71
07/03/2023,1737.87
07/05/2023,1736.99
07/06/2023,1730.83
07/07/2023,1729.67
07/10/2023,1732.94
07/11/2023,1739.19
07/12/2023,1745.06
07/13/2023,1749.09
07/14/2023,1749.79
07/17/2023,1752.06
07/18/2023,1751.6
07/19/2023,1752.06
07/20/2023,1752.87
07/21/2023,1749.01
07/24/2023,1752.61
07/25/2023,1755.02
07/26/2023,1756.13
07/27/2023,1751.85
07/28/2023,1760.72
07/31/2023,1761.58
08/01/2023,1760.95
08/02/2023,1749.27
08/03/2023,1747.76
08/04/2023,1742.45
08/07/2023,1755.06
08/08/2023,1750.81
08/09/2023,1741.69
08/10/2023,1743.43
08/11/2023,1743.08
08/14/2023,1752.95
08/15/2023,1734.58
08/16/2023,1721.85
08/17/2023,1708.94
08/18/2023,1708.22
08/21/2023,1714.8
08/22/2023,1714.24
08/23/2023,1721.59
08/24/2023,1714.64
08/25/2023,1721.27
08/28/2023,1726.26
08/29/2023,1731.21
08/30/2023,1732.58
08/31/2023,1733.71
09/01/2023,1735.46
09/05/2023,1735.56
09/06/2023,1734.93
09/07/2023,1735.7
09/08/2023,1736.92
09/11/2023,1738.47
09/12/2023,1738.03
09/13/2023,1739.34
09/14/2023,1740.13
09/15/2023,1727.43
09/18/2023,1728.4
09/19/2023,1727.09
09/20/2023,1718.17
09/21/2023,1697.95
09/22/2023,1695.76
09/25/2023,1701.84
09/26/2023,1680.44
09/27/2023,1681.23
09/28/2023,1690.97
09/29/2023,1687.38
10/02/2023,1688.11
10/03/2023,1666.13
10/04/2023,1679.52
10/05/2023,1677.85
10/06/2023,1696.91
10/09/2023,1707.23
10/10/2023,1715.75
10/11/2023,1723.29
10/12/2023,1714.37
10/13/2023,1706.26
10/16/2023,1724.06
10/17/2023,1724.22
10/18/2023,1701.41
10/19/2023,1687.15
10/20/2023,1670.59
10/23/2023,1671.53
10/24/2023,1679.12
10/25/2023,1666.83
10/26/2023,1655.4
10/27/2023,1650.65
10/30/2023,1666.78
10/31/2023,1675.9
11/01/2023,1687.22
11/02/2023,1700.11
11/03/2023,1704.56
11/06/2023,1705.9
11/07/2023,1707.16
11/08/2023,1707.91
11/09/2023,1708.04
11/10/2023,1709.88
11/13/2023,1710.7
11/14/2023,1710.85
11/15/2023,1710.57
11/16/2023,1712.61
11/17/2023,1709.9
11/20/2023,1715.2
11/21/2023,1715.32
11/22/2023,1719.5
11/24/2023,1721.31
11/27/2023,1720.99
11/28/2023,1722.06
11/29/2023,1721.36
11/30/2023,1724.4
12/01/2023,1727.77
12/04/2023,1726.35
12/05/2023,1726.29
12/06/2023,1725.57
12/07/2023,1730.28
12/08/2023,1732.2
12/11/2023,1733.48
12/12/2023,1734.52
12/13/2023,1734.16
12/14/2023,1734.43
12/15/2023,1746.17
12/18/2023,1748.39
12/19/2023,1752.18
12/20/2023,1741.21
12/21/2023,1749.79
12/22/2023,1751.19
12/26/2023,1755.43
12/27/2023,1756.73
12/28/2023,1758.74
12/29/2023,1758.0
01/02/2024,1756.91
01/03/2024,1751.5
01/04/2024,1749.2
01/05/2024,1753.02
01/08/2024,1765.06
01/09/2024,1765.77
01/10/2024,1768.73
01/11/2024,1770.78
01/12/2024,1771.75
01/16/2024,1771.89
01/17/2024,1771.15
01/18/2024,1774.61
01/19/2024,1782.71
01/22/2024,1785.03
01/23/2024,1787.95
01/24/2024,1788.18
01/25/2024,1790.45
01/26/2024,1791.97
01/29/2024,1794.37
01/30/2024,1795.1
01/31/2024,1789.06
02/01/2024,1795.32
02/02/2024,1798.47
02/05/2024,1800.19
02/06/2024,1800.49
02/07/2024,1801.17
02/08/2024,1801.8
02/09/2024,1802.9
02/12/2024,1802.07
02/13/2024,1802.6
02/14/2024,1804.79
02/15/2024,1804.32
02/16/2024,1801.36
02/20/2024,1795.75
02/21/2024,1798.22
02/22/2024,1815.22
02/23/2024,1816.52
02/26/2024,1816.06
02/27/2024,1817.72
02/28/2024,1817.0
02/29/2024,1823.6
03/01/2024,1824.09
03/04/2024,1824.15
03/05/2024,1820.73
03/06/2024,1823.2
03/07/2024,1827.44
03/08/2024,1826.54
03/11/2024,1826.89
03/12/2024,1830.1
03/13/2024,1829.83
03/14/2024,1829.31
03/15/2024,1836.97
03/18/2024,1842.98
03/19/2024,1848.2
03/20/2024,1854.7
03/21/2024,1857.4
03/22/2024,1858.02
03/25/2024,1857.59
03/26/2024,1855.76
03/27/2024,1860.68
03/28/2024,1863.77
04/01/2024,1864.0
04/02/2024,1859.35
04/03/2024,1860.82
04/04/2024,1852.08
04/05/2024,1861.26
04/08/2024,1862.61
04/09/2024,1864.2
04/10/2024,1860.41
04/11/2024,1867.13
04/12/2024,1856.35
04/15/2024,1843.67
04/16/2024,1842.37
04/17/2024,1833.38
04/18/2024,1829.68
04/19/2024,1817.05
04/22/2024,1828.41
04/23/2024,1838.35
04/24/2024,1838.98
04/25/2024,1836.81
04/26/2024,1845.58
04/29/2024,1847.8
04/30/2024,1838.51
05/01/2024,1838.31
05/02/2024,1845.38
05/03/2024,1853.38
05/06/2024,1856.3
05/07/2024,1857.5
05/08/2024,1858.03
05/09/2024,1858.68
05/10/2024,1860.05
05/13/2024,1859.82
05/14/2024,1860.89
05/15/2024,1860.17
05/16/2024,1861.56
05/17/2024,1857.55
05/20/2024,1858.39
05/21/2024,1861.19
05/22/2024,1859.61
05/23/2024,1854.5
05/24/2024,1862.4
05/28/2024,1862.23
05/29/2024,1854.66
05/30/2024,1849.27
05/31/2024,1858.57
06/03/2024,1860.64
06/04/2024,1862.83
06/05/2024,1872.09
06/06/2024,1873.28
06/07/2024,1874.86
06/10/2024,1876.41
06/11/2024,1878.8
06/12/2024,1883.79
06/13/2024,1885.65
06/14/2024,1884.73
06/17/2024,1885.05
06/18/2024,1886.16
06/20/2024,1886.31
06/21/2024,1886.95
06/24/2024,1885.03
06/25/2024,1889.83
06/26/2024,1892.04
06/27/2024,1893.59
06/28/2024,1891.45
07/01/2024,1896.81
07/02/2024,1901.43
07/03/2024,1905.93
07/05/2024,1908.59
07/08/2024,1909.99
07/09/2024,1910.22
07/10/2024,1912.67
07/11/2024,1911.95
07/12/2024,1912.58
07/15/2024,1913.45
07/16/2024,1915.09
07/17/2024,1915.12
07/18/2024,1914.72
07/19/2024,1902.31
07/22/2024,1914.32
07/23/2024,1914.38
07/24/2024,1887.77
07/25/2024,1882.07
07/26/2024,1898.29
07/29/2024,1899.76
07/30/2024,1893.81
07/31/2024,1912.9
08/01/2024,1897.34
08/02/2024,1869.67
08/05/2024,1818.06
08/06/2024,1837.2
08/07/2024,1823.4
08/08/2024,1865.38
08/09/2024,1874.49
08/12/2024,1875.02
08/13/2024,1905.55
08/14/2024,1913.75
08/15/2024,1938.14
08/16/2024,1948.3
08/19/2024,1956.57
08/20/2024,1953.86
08/21/2024,1957.17
08/22/2024,1949.56
08/23/2024,1960.64
08/26/2024,1959.33
08/27/2024,1961.89
08/28/2024,1957.19
08/29/2024,1959.61
08/30/2024,1968.66
09/03/2024,1951.65
09/04/2024,1951.3
09/05/2024,1949.54
09/06/2024,1927.83
09/09/2024,1946.76
09/10/2024,1952.57
09/11/2024,1965.73
09/12/2024,1971.86
09/13/2024,1976.89
09/16/2024,1977.65
09/17/2024,1978.1
09/18/2024,1980.33
09/19/2024,1982.37
09/20/2024,1984.2
09/23/2024,1988.25
09/24/2024,1989.66
09/25/2024,1990.05
09/26/2024,1993.33
09/27/2024,1992.22
09/30/2024,1996.26
10/01/2024,1988.26
10/02/2024,1989.79
10/03/2024,1988.79
10/04/2024,1999.48
10/07/2024,1991.33
10/08/2024,2000.64
10/09/2024,2006.18
10/10/2024,2007.02
10/11/2024,2011.18
10/14/2024,2011.68
10/15/2024,2012.18
10/16/2024,2013.87
10/17/2024,2013.68
10/18/2024,2015.08
10/21/2024,2013.76
10/22/2024,2014.05
10/23/2024,2004.55
10/24/2024,2007.6
10/25/2024,2007.46
10/28/2024,2011.0
10/29/2024,2013.1
10/30/2024,2009.49
10/31/2024,1986.29
11/01/2024,1993.94
11/04/2024,1990.97
11/05/2024,2009.14
11/06/2024,2040.37
11/07/2024,2044.87
11/08/2024,2046.47
11/11/2024,2047.33
11/12/2024,2048.61
11/13/2024,2048.64
11/14/2024,2049.6
11/15/2024,2038.12
11/18/2024,2043.49
11/19/2024,2046.72
11/20/2024,2045.81
11/21/2024,2050.99
11/22/2024,2057.08
11/25/2024,2060.34
11/26/2024,2064.48
11/27/2024,2063.64
11/29/2024,2065.8
12/02/2024,2068.98
12/03/2024,2070.33
12/04/2024,2072.0
12/05/2024,2071.59
12/06/2024,2074.86
12/09/2024,2073.1
12/10/2024,2073.03
12/11/2024,2076.06
12/12/2024,2076.06
12/13/2024,2078.01
12/16/2024,2077.63
12/17/2024,2078.79
12/18/2024,2064.67
12/19/2024,2070.35
12/20/2024,2106.18
12/23/2024,2117.12
12/24/2024,2128.23
12/26/2024,2128.08
12/27/2024,2121.72
12/30/2024,2114.77
12/31/2024,2111.74
01/02/2025,2110.16
01/03/2025,2126.45
01/06/2025,2131.26
01/07/2025,2122.26
01/08/2025,2126.17
01/10/2025,2108.31
01/13/2025,2112.44
01/14/2025,2114.42
01/15/2025,2141.22
01/16/2025,2142.96
01/17/2025,2142.93
01/21/2025,2153.28
01/22/2025,2159.12
01/23/2025,2162.41
01/24/2025,2162.72
01/27/2025,2147.64
01/28/2025,2158.93
01/29/2025,2155.51
01/30/2025,2161.63
01/31/2025,2158.18
02/03/2025,2149.15
02/04/2025,2159.89
02/05/2025,2165.38
02/06/2025,2169.57
02/07/2025,2163.04
02/10/2025,2171.45
02/11/2025,2172.01
02/12/2025,2172.57
02/13/2025,2178.71
02/14/2025,2181.44
02/18/2025,2182.61
02/19/2025,2182.93
02/20/2025,2182.93
02/21/2025,2156.58
02/24/2025,2149.79
02/25/2025,2143.64
02/26/2025,2143.89
02/27/2025,2116.97
02/28/2025,2146.18
03/03/2025,2114.56
03/04/2025,2091.96
03/05/2025,2113.96
03/06/2025,2078.54
03/07/2025,2090.94
03/10/2025,2035.5
03/11/2025,2020.19
03/12/2025,2030.11
03/13/2025,2002.09
03/14/2025,2045.01
03/17/2025,2058.36
03/18/2025,2036.51
03/19/2025,2058.53
03/20/2025,2054.29
03/21/2025,2051.58
03/24/2025,2067.5
03/25/2025,2069.06
03/26/2025,2062.06
03/27/2025,2059.57
03/28/2025,2039.15
03/31/2025,2046.44
04/01/2025,2051.78
04/02/2025,2059.21
04/03/2025,1990.89
04/04/2025,1878.34
04/07/2025,1873.87
04/08/2025,1845.37
04/09/2025,2011.78
04/10/2025,1949.56
04/11/2025,1984.99
04/14/2025,2003.04
04/15/2025,2000.27
04/16/2025,1955.46
04/17/2025,1963.36
04/21/2025,1938.19
04/22/2025,1967.0
04/23/2025,1984.19
04/24/2025,1996.46
04/25/2025,2004.4
04/28/2025,2006.64
04/29/2025,2010.55
04/30/2025,2013.15
05/01/2025,2014.75
05/02/2025,2019.36
05/05/2025,2018.61
05/06/2025,2019.4
05/07/2025,2021.5
05/08/2025,2020.89
05/09/2025,2023.54
05/12/2025,2023.66
05/13/2025,2025.39
05/14/2025,2026.12
05/15/2025,2025.11
05/16/2025,2027.45
05/19/2025,2027.96
05/20/2025,2025.57
05/21/2025,2008.53
05/22/2025,2009.03
05/23/2025,2000.23
05/27/2025,2028.42
05/28/2025,2023.68
05/29/2025,2028.86
05/30/2025,2031.33
06/02/2025,2035.71
06/03/2025,2042.01
06/04/2025,2044.13
06/05/2025,2039.91
06/06/2025,2051.2
06/09/2025,2053.86
06/10/2025,2056.44
06/11/2025,2055.3
06/12/2025,2057.76
06/13/2025,2051.99
06/16/2025,2060.72
06/17/2025,2056.99
06/18/2025,2061.87
06/20/2025,2052.71
06/23/2025,2063.12
06/24/2025,2072.57
06/25/2025,2073.51
06/26/2025,2077.59
06/27/2025,2080.92
06/30/2025,2085.27
07/01/2025,2084.02
07/02/2025,2087.87
07/03/2025,2089.73
07/07/2025,2088.79
07/08/2025,2091.04
07/09/2025,2091.38
07/10/2025,2092.13
07/11/2025,2093.48
07/14/2025,2092.61
07/15/2025,2094.01
07/16/2025,2095.25
07/17/2025,2094.75
07/18/2025,2085.77
07/21/2025,2087.85
07/22/2025,2090.21
07/23/2025,2097.1
07/24/2025,2098.37
07/25/2025,2102.57
07/28/2025,2105.16
07/29/2025,2101.94
07/30/2025,2102.53
07/31/2025,2100.29
08/01/2025,2084.07
08/04/2025,2103.49
08/05/2025,2100.16
08/06/2025,2107.88
08/07/2025,2108.01
08/08/2025,2114.8
08/11/2025,2114.21
08/12/2025,2119.29
08/13/2025,2119.81
08/14/2025,2120.5
08/15/2025,2109.46
08/18/2025,2111.65
08/19/2025,2105.93
08/20/2025,2103.76
08/21/2025,2098.22
08/22/2025,2118.12
08/25/2025,2115.71
08/26/2025,2120.09
08/27/2025,2122.31
08/28/2025,2125.96
08/29/2025,2120.73
09/02/2025,2114.76
09/03/2025,2122.11
09/04/2025,2130.93
09/05/2025,2130.55
09/08/2025,2132.94
09/09/2025,2136.06
09/10/2025,2138.21
09/11/2025,2143.06
09/12/2025,2144.08
09/15/2025,2144.62
09/16/2025,2144.85
09/17/2025,2146.95
09/18/2025,2147.63
09/19/2025,2147.67
09/22/2025,2151.12
09/23/2025,2146.44
09/24/2025,2146.34
09/25/2025,2141.81
09/26/2025,2150.93
09/29/2025,2154.42
09/30/2025,2158.92
10/01/2025,2161.81
10/02/2025,2162.16
10/03/2025,2164.4
10/06/2025,2168.32
10/07/2025,2166.19
10/08/2025,2171.15
10/09/2025,2170.66
10/10/2025,2139.85
10/13/2025,2166.77
10/14/2025,2165.57
10/15/2025,2171.27
10/16/2025,2168.7
10/17/2025,2184.78
10/20/2025,2198.36
10/21/2025,2200.07
10/22/2025,2195.85
10/23/2025,2201.94
10/24/2025,2208.15
10/27/2025,2214.39
10/28/2025,2214.66
10/29/2025,2214.49
10/30/2025,2212.06
10/31/2025,2214.3
11/03/2025,2217.53
11/04/2025,2211.12
11/05/2025,2215.27
11/06/2025,2208.35
11/07/2025,2212.35
11/10/2025,2222.93
11/11/2025,2224.47
11/12/2025,2225.26
11/13/2025,2218.57
11/14/2025,2219.56
11/17/2025,2216.15
11/18/2025,2210.47
11/19/2025,2217.84
11/20/2025,2202.65
11/21/2025,2227.7
11/24/2025,2245.34
11/25/2025,2253.74
11/26/2025,2258.47
11/28/2025,2262.62
12/01/2025,2260.25
12/02/2025,2264.17
12/03/2025,2264.98
12/04/2025,2266.74
12/05/2025,2269.65
12/08/2025,2268.31
12/09/2025,2269.28
12/10/2025,2271.21
12/11/2025,2271.84
12/12/2025,2272.54
12/15/2025,2273.3
12/16/2025,2275.03
12/17/2025,2273.52
12/18/2025,2275.22
12/19/2025,2288.45
12/22/2025,2297.56
12/23/2025,2302.0
12/24/2025,2304.26
12/26/2025,2305.65
12/29/2025,2304.99
12/30/2025,2304.88
12/31/2025,2299.94
01/02/2026,2304.68
01/05/2026,2310.28
01/06/2026,2314.66
01/07/2026,2313.4
01/08/2026,2315.19
01/09/2026,2318.88
01/12/2026,2319.76
01/13/2026,2320.7
01/14/2026,2319.59
01/15/2026,2320.37
01/16/2026,2317.37
01/20/2026,2287.87
01/21/2026,2308.19
01/22/2026,2317.63
01/23/2026,2319.43
01/26/2026,2325.92
01/27/2026,2330.21
01/28/2026,2330.36
01/29/2026,2330.98
01/30/2026,2325.42
02/02/2026,2334.74
02/03/2026,2325.56
02/04/2026,2317.29
02/05/2026,2298.02
02/06/2026,2333.04
02/09/2026,2340.91
02/10/2026,2338.05
02/11/2026,2340.19
02/12/2026,2316.04
02/13/2026,2320.0
02/17/2026,2324.49
02/18/2026,2337.83
02/19/2026,2332.67
02/20/2026,2345.19
02/23/2026,2332.22
02/24/2026,2345.24
02/25/2026,2356.55
02/26/2026,2352.27
02/27/2026,2347.48
03/02/2026,2348.78
03/03/2026,2334.82
03/04/2026,2349.57
03/05/2026,2341.71
03/06/2026,2317.38
03/09/2026,2336.67
03/10/2026,2334.26
03/11/2026,2335.84
03/12/2026,2305.45
03/13/2026,2294.06
03/16/2026,2318.31
03/17/2026,2324.27
03/18/2026,2292.72
03/19/2026,2286.56
03/20/2026,2256.93
03/23/2026,2274.38
03/24/2026,2270.82
03/25/2026,2279.22
03/26/2026,2258.62
03/27/2026,2235.4
03/30/2026,2233.72
03/31/2026,2278.8
04/01/2026,2288.43
04/02/2026,2293.2
04/06/2026,2300.64
04/07/2026,2298.51
04/08/2026,2319.79
04/09/2026,2324.87
04/10/2026,2324.89
04/13/2026,2327.74
04/14/2026,2327.12
04/15/2026,2328.1
04/16/2026,2328.71
04/17/2026,2343.98
04/20/2026,2340.54
04/21/2026,2331.98
04/22/2026,2347.72
04/23/2026,2343.38
04/24/2026,2352.67
04/27/2026,2355.91
04/28/2026,2353.06
04/29/2026,2352.46
04/30/2026,2365.87
05/01/2026,2369.66
05/04/2026,2367.17
05/05/2026,2374.95
05/06/2026,2381.58
05/07/2026,2380.17
05/08/2026,2384.05
05/11/2026,2383.53
05/12/2026,2383.74
05/13/2026,2384.9
05/14/2026,2386.31
05/15/2026,2379.96
05/18/2026,2382.6
05/19/2026,2375.23
05/20/2026,2389.26
05/21/2026,2393.86
05/22/2026,2398.45
05/26/2026,2405.22
05/27/2026,2407.4
05/28/2026,2413.13
05/29/2026,2415.28
06/01/2026,2418.5
06/02/2026,2420.2
06/03/2026,2416.05
06/04/2026,2421.1
06/05/2026,2393.93
06/08/2026,2403.12
06/09/2026,2399.32
06/10/2026,2372.11
06/11/2026,2404.15
06/12/2026,2415.74
06/15/2026,2429.11
06/16/2026,2429.55
06/17/2026,2424.81
06/18/2026,2431.47
06/22/2026,2429.41
06/23/2026,2408.2
06/24/2026,2407.39
06/25/2026,2408.47
06/26/2026,2414.33
06/29/2026,2432.21
06/30/2026,2446.89
07/01/2026,2444.55
07/02/2026,2448.62
07/06/2026,2458.2
07/07/2026,2455.06
07/08/2026,2453.16
07/09/2026,2463.51
07/10/2026,2468.45
07/13/2026,2461.93
07/14/2026,2468.68
07/15/2026,2472.95
07/16/2026,2472.77
07/17/2026,2465.92
07/20/2026,2465.53
07/21/2026,2478.67
07/22/2026,2478.23
07/23/2026,2463.06
07/24/2026,2465.46
07/27/2026,2467.23
07/28/2026,2470.79
07/29/2026,2448.81
07/30/2026,2475.44
07/31/2026,2490.46
08/03/2026,2503.27
08/04/2026,2508.94
08/05/2026,2511.56
08/06/2026,2511.96
08/07/2026,2515.18
08/10/2026,2515.19
08/11/2026,2516.32
08/12/2026,2517.36
08/13/2026,2517.52
08/14/2026,2519.42
08/17/2026,2518.05
08/18/2026,2518.23
08/19/2026,2517.94
08/20/2026,2517.98
08/21/2026,2518.93
08/24/2026,2517.12
08/25/2026,2522.47
08/26/2026,2522.44
08/27/2026,2533.36
08/28/2026,2532.69
08/31/2026,2530.26
09/01/2026,2520.74
09/02/2026,2528.89
09/03/2026,2541.77
09/04/2026,2541.16
09/08/2026,2535.73
09/09/2026,2529.51
09/10/2026,2520.19
09/11/2026,2538.7
09/14/2026,2532.09
09/15/2026,2524.86
09/16/2026,2516.26
09/17/2026,2544.54
09/18/2026,2545.95
09/21/2026,2557.69
09/22/2026,2559.42
09/23/2026,2553.37
09/24/2026,2554.77
09/25/2026,2560.6
09/28/2026,2554.71
09/29/2026,2553.51
